patient_id,age,gender,wbc,rbc,hgb,mcv,platelets,alt,alt,ast,creatinine,creatinine,fasting_glucose,fasting_insulin,crp
IQ-LAB-93704,2.0,male,7.4,4.25,13.1,87.0,239.0,,,,,,,,0.29
IQ-LAB-93705,66.0,female,8.6,5.48,11.9,67.0,309.0,16.0,5.397605346934028e-79,20.0,0.92,81.33,,,2.72
IQ-LAB-93706,18.0,male,6.1,5.24,16.3,89.7,233.0,10.0,5.397605346934028e-79,14.0,0.81,71.6,,,0.74
IQ-LAB-93707,13.0,male,11.2,5.02,14.5,83.9,348.0,13.0,5.397605346934028e-79,24.0,0.64,56.58,,,0.32
IQ-LAB-93708,66.0,female,6.0,4.59,13.2,86.8,226.0,19.0,5.397605346934028e-79,21.0,0.58,51.27,122.0,9.72,1.83
IQ-LAB-93709,75.0,female,7.2,5.13,15.4,88.8,228.0,15.0,5.397605346934028e-79,17.0,1.32,116.69,,,6.94
IQ-LAB-93711,56.0,male,5.0,4.65,14.7,92.9,264.0,20.0,5.397605346934028e-79,23.0,1.13,99.89,107.0,5.28,0.82
IQ-LAB-93712,18.0,male,7.1,5.12,15.5,91.6,211.0,46.0,5.397605346934028e-79,35.0,0.77,68.07,,,0.37
IQ-LAB-93713,67.0,male,8.3,4.52,14.2,94.0,241.0,18.0,5.397605346934028e-79,18.0,1.13,99.89,,,1.66
IQ-LAB-93714,54.0,female,6.3,5.11,14.1,82.7,278.0,22.0,5.397605346934028e-79,16.0,0.45,39.78,,,5.71
IQ-LAB-93715,71.0,male,9.0,4.99,16.0,94.6,252.0,12.0,5.397605346934028e-79,15.0,0.94,83.1,,,6.1
IQ-LAB-93716,61.0,male,5.6,5.25,15.7,89.6,176.0,27.0,5.397605346934028e-79,20.0,1.13,99.89,,,1.75
IQ-LAB-93717,22.0,male,5.5,4.82,14.4,91.1,238.0,13.0,5.397605346934028e-79,17.0,0.81,71.6,91.0,3.94,0.8
IQ-LAB-93718,45.0,male,6.2,4.71,14.6,91.3,272.0,13.0,5.397605346934028e-79,17.0,0.86,76.02,89.0,4.89,0.69
IQ-LAB-93719,13.0,female,9.4,4.65,14.6,93.8,283.0,17.0,5.397605346934028e-79,14.0,0.83,73.37,86.0,10.94,0.48
IQ-LAB-93720,1.0,female,8.0,4.84,12.4,75.9,451.0,,,,,,,,4.54
IQ-LAB-93721,60.0,female,5.9,4.97,14.9,87.8,239.0,53.0,5.397605346934028e-79,36.0,0.67,59.23,104.0,57.6,3.04
IQ-LAB-93722,60.0,female,4.8,4.23,12.3,88.7,211.0,19.0,5.397605346934028e-79,28.0,0.84,74.26,101.0,7.04,0.41
IQ-LAB-93723,64.0,male,4.0,4.81,14.0,85.1,222.0,17.0,5.397605346934028e-79,20.0,1.03,91.05,,,1.02
IQ-LAB-93724,5.0,female,7.6,4.5,12.4,82.7,310.0,,,,,,,,0.25
IQ-LAB-93726,67.0,female,7.5,4.8,14.2,85.7,234.0,41.0,5.397605346934028e-79,42.0,0.58,51.27,,,2.42
IQ-LAB-93727,70.0,male,6.8,4.53,13.3,87.7,198.0,,,,,,,,
IQ-LAB-93728,53.0,male,9.9,4.11,12.0,90.6,246.0,12.0,5.397605346934028e-79,16.0,1.09,96.36,,,39.78
IQ-LAB-93729,42.0,male,11.6,4.79,14.6,90.3,232.0,14.0,5.397605346934028e-79,16.0,0.93,82.21,,,1.63
IQ-LAB-93730,57.0,male,6.0,4.86,15.3,92.3,294.0,29.0,5.397605346934028e-79,24.0,0.65,57.46,,,2.86
IQ-LAB-93731,20.0,male,8.8,5.58,17.3,88.3,261.0,22.0,5.397605346934028e-79,14.0,0.88,77.79,98.0,21.33,0.75
IQ-LAB-93733,11.0,female,8.6,4.59,13.4,87.9,254.0,,,,,,,,1.32
IQ-LAB-93735,52.0,male,6.3,3.79,11.9,94.7,120.0,9.0,5.397605346934028e-79,11.0,11.46,1013.06,83.0,5.14,1.59
IQ-LAB-93736,11.0,male,4.8,4.87,14.3,85.8,245.0,,,,,,,,1.99
IQ-LAB-93737,8.0,male,3.6,5.01,13.1,81.4,301.0,,,,,,,,0.23
IQ-LAB-93738,26.0,male,7.0,5.56,14.9,81.1,259.0,23.0,5.397605346934028e-79,26.0,1.03,91.05,102.0,5.57,5.26
IQ-LAB-93739,5.0,female,7.0,4.63,12.5,79.1,417.0,,,,,,,,0.55
IQ-LAB-93741,9.0,female,7.1,5.54,13.8,73.3,298.0,,,,,,,,1.62
IQ-LAB-93742,72.0,male,3.0,3.65,11.1,90.5,250.0,14.0,5.397605346934028e-79,15.0,1.35,119.34,106.0,25.83,2.03
IQ-LAB-93743,61.0,male,8.6,4.52,14.0,91.3,280.0,23.0,5.397605346934028e-79,25.0,1.05,92.82,,,0.5
IQ-LAB-93744,10.0,female,5.3,4.8,14.2,88.1,226.0,,,,,,,,0.43
IQ-LAB-93746,25.0,female,5.7,3.93,12.5,92.9,255.0,13.0,5.397605346934028e-79,16.0,0.68,60.11,,,4.44
IQ-LAB-93747,13.0,female,7.3,4.13,11.3,83.9,227.0,12.0,5.397605346934028e-79,20.0,0.47,41.55,,,2.75
IQ-LAB-93749,1.0,female,9.6,4.28,9.1,64.5,453.0,,,,,,,,
IQ-LAB-93751,7.0,female,7.3,4.71,12.9,82.1,272.0,,,,,,,,5.92
IQ-LAB-93752,73.0,female,7.2,4.73,14.7,90.7,323.0,9.0,5.397605346934028e-79,14.0,0.69,61.0,119.0,4.75,0.64
IQ-LAB-93754,72.0,male,7.2,5.27,16.5,91.6,209.0,25.0,5.397605346934028e-79,25.0,1.03,91.05,,,1.21
IQ-LAB-93755,26.0,female,8.3,4.55,13.0,86.3,315.0,14.0,5.397605346934028e-79,14.0,0.81,71.6,110.0,20.41,4.86
IQ-LAB-93756,64.0,female,6.3,4.27,13.0,87.7,294.0,13.0,5.397605346934028e-79,21.0,0.95,83.98,,,1.32
IQ-LAB-93757,63.0,male,6.9,4.6,15.6,100.0,166.0,68.0,5.397605346934028e-79,46.0,0.99,87.52,106.0,29.42,4.14
IQ-LAB-93758,55.0,female,6.0,4.25,12.9,90.6,212.0,14.0,5.397605346934028e-79,23.0,0.93,82.21,127.0,5.42,4.81
IQ-LAB-93759,60.0,male,11.8,4.86,15.3,90.9,189.0,14.0,5.397605346934028e-79,16.0,0.77,68.07,73.0,6.98,4.45
IQ-LAB-93760,54.0,female,5.5,4.86,14.1,90.5,215.0,20.0,5.397605346934028e-79,21.0,0.56,49.5,114.0,19.98,6.75
IQ-LAB-93761,44.0,male,17.2,6.16,16.6,80.5,283.0,41.0,5.397605346934028e-79,16.0,0.77,68.07,,,1.64
IQ-LAB-93762,74.0,female,6.5,4.85,14.8,90.9,206.0,21.0,5.397605346934028e-79,22.0,0.87,76.91,113.0,15.81,0.52
IQ-LAB-93763,40.0,male,6.7,5.28,15.7,84.7,156.0,13.0,5.397605346934028e-79,22.0,1.09,96.36,106.0,10.78,2.69
IQ-LAB-93764,1.0,female,8.8,4.35,11.5,77.9,198.0,,,,,,,,
IQ-LAB-93765,19.0,male,5.4,5.63,16.4,87.0,328.0,15.0,5.397605346934028e-79,19.0,0.69,61.0,97.0,7.23,0.46
IQ-LAB-93766,36.0,female,5.4,4.44,12.8,87.8,235.0,10.0,5.397605346934028e-79,12.0,0.66,58.34,80.0,13.25,0.67
IQ-LAB-93767,61.0,male,8.7,4.37,13.1,90.4,284.0,24.0,5.397605346934028e-79,17.0,0.77,68.07,,,1.38
IQ-LAB-93768,80.0,male,5.9,4.64,14.2,92.4,266.0,14.0,5.397605346934028e-79,19.0,1.34,118.46,,,1.06
IQ-LAB-93769,6.0,male,9.1,4.74,13.6,83.2,238.0,,,,,,,,0.25
IQ-LAB-93770,55.0,male,6.7,4.76,14.1,86.9,157.0,17.0,5.397605346934028e-79,20.0,0.91,80.44,102.0,9.77,35.2
IQ-LAB-93772,55.0,female,4.3,4.06,9.9,75.3,178.0,25.0,5.397605346934028e-79,41.0,1.31,115.8,100.0,10.24,1.06
IQ-LAB-93773,69.0,male,6.8,4.91,15.8,92.5,242.0,22.0,5.397605346934028e-79,21.0,0.96,84.86,95.0,1.97,0.49
IQ-LAB-93774,41.0,female,7.4,4.76,13.9,85.2,304.0,14.0,5.397605346934028e-79,19.0,0.6,53.04,,,3.67
IQ-LAB-93775,47.0,female,9.4,4.67,12.9,84.1,271.0,14.0,5.397605346934028e-79,14.0,0.8,70.72,92.0,7.36,1.95
IQ-LAB-93776,32.0,female,6.7,4.78,14.5,89.3,254.0,20.0,5.397605346934028e-79,20.0,0.81,71.6,99.0,7.09,1.2
IQ-LAB-93778,19.0,female,5.9,4.19,13.0,89.6,240.0,7.0,5.397605346934028e-79,14.0,0.59,52.16,,,3.47
IQ-LAB-93779,10.0,female,5.5,4.85,13.8,84.9,365.0,,,,,,,,0.37
IQ-LAB-93780,46.0,female,7.9,4.83,14.9,90.3,351.0,26.0,5.397605346934028e-79,22.0,0.75,66.3,109.0,27.92,14.37
IQ-LAB-93781,32.0,male,9.1,4.45,13.5,85.4,213.0,30.0,5.397605346934028e-79,29.0,0.8,70.72,,,0.65
IQ-LAB-93782,25.0,female,4.7,4.83,14.0,85.9,271.0,17.0,5.397605346934028e-79,16.0,0.63,55.69,95.0,10.08,0.46
IQ-LAB-93783,21.0,female,7.8,4.53,13.2,87.1,247.0,10.0,5.397605346934028e-79,13.0,0.72,63.65,97.0,6.8,0.97
IQ-LAB-93785,80.0,female,6.9,4.12,12.4,91.4,206.0,16.0,5.397605346934028e-79,20.0,0.75,66.3,,,0.92
IQ-LAB-93788,66.0,female,11.8,4.29,12.5,89.8,336.0,17.0,5.397605346934028e-79,14.0,0.99,87.52,,,5.31
IQ-LAB-93789,34.0,female,6.3,4.56,14.6,95.1,219.0,15.0,5.397605346934028e-79,21.0,1.01,89.28,89.0,6.47,0.79
IQ-LAB-93790,5.0,female,6.2,4.37,12.8,83.0,314.0,,,,,,,,0.52
IQ-LAB-93791,20.0,male,9.7,4.82,14.8,91.2,278.0,52.0,5.397605346934028e-79,28.0,0.76,67.18,,,1.11
IQ-LAB-93793,12.0,male,10.1,4.93,14.3,85.3,286.0,,,,,,,,
IQ-LAB-93794,62.0,female,5.9,4.19,12.7,88.5,242.0,21.0,5.397605346934028e-79,24.0,0.82,72.49,107.0,12.38,1.96
IQ-LAB-93795,64.0,male,6.5,4.86,15.4,90.9,157.0,54.0,5.397605346934028e-79,49.0,0.91,80.44,100.0,6.64,0.17
IQ-LAB-93796,71.0,male,6.8,4.74,14.3,88.9,198.0,14.0,5.397605346934028e-79,24.0,1.12,99.01,,,4.0
IQ-LAB-93797,52.0,female,10.2,4.58,14.9,95.6,261.0,23.0,5.397605346934028e-79,25.0,0.73,64.53,,,1.49
IQ-LAB-93798,61.0,female,7.2,4.47,13.7,91.8,232.0,17.0,5.397605346934028e-79,19.0,0.67,59.23,,,1.94
IQ-LAB-93800,80.0,female,6.9,4.52,14.0,91.5,208.0,21.0,5.397605346934028e-79,26.0,0.66,58.34,117.0,5.76,0.79
IQ-LAB-93801,59.0,male,7.5,4.64,14.3,91.4,259.0,19.0,5.397605346934028e-79,22.0,1.0,88.4,133.0,17.09,3.67
IQ-LAB-93802,2.0,female,8.8,4.74,12.8,79.2,322.0,,,,,,,,
IQ-LAB-93803,12.0,male,7.0,4.78,13.7,85.1,258.0,26.0,5.397605346934028e-79,30.0,0.77,68.07,,,0.33
IQ-LAB-93805,64.0,female,4.5,4.43,13.1,88.4,220.0,22.0,5.397605346934028e-79,21.0,0.7,61.88,,,2.88
IQ-LAB-93806,44.0,male,12.9,5.44,16.5,90.1,239.0,36.0,5.397605346934028e-79,26.0,0.72,63.65,106.0,18.41,1.67
IQ-LAB-93807,13.0,female,5.5,4.47,12.3,84.5,372.0,7.0,5.397605346934028e-79,17.0,0.73,64.53,103.0,42.28,6.0
IQ-LAB-93808,14.0,male,8.9,5.4,14.4,79.9,223.0,22.0,5.397605346934028e-79,29.0,0.78,68.95,102.0,27.1,0.76
IQ-LAB-93809,1.0,male,7.8,4.52,11.7,74.8,343.0,,,,,,,,0.45
IQ-LAB-93810,13.0,male,7.7,4.09,12.7,95.0,231.0,32.0,5.397605346934028e-79,31.0,0.75,66.3,,,0.82
IQ-LAB-93811,24.0,male,10.0,4.91,15.0,87.9,310.0,9.0,5.397605346934028e-79,21.0,0.84,74.26,102.0,10.7,1.51
IQ-LAB-93812,67.0,male,7.0,4.93,15.1,90.4,191.0,31.0,5.397605346934028e-79,23.0,0.96,84.86,211.0,20.27,0.99
IQ-LAB-93813,42.0,female,6.1,4.5,13.3,88.6,329.0,10.0,5.397605346934028e-79,13.0,0.61,53.92,102.0,10.9,30.31
IQ-LAB-93814,41.0,female,6.9,5.34,10.1,58.7,241.0,8.0,5.397605346934028e-79,14.0,0.75,66.3,90.0,9.27,0.86
IQ-LAB-93815,32.0,female,8.3,4.54,12.9,88.5,264.0,15.0,5.397605346934028e-79,15.0,0.8,70.72,98.0,17.31,0.78
IQ-LAB-93817,55.0,male,7.7,4.72,14.8,93.2,260.0,24.0,5.397605346934028e-79,22.0,0.82,72.49,,,0.45
IQ-LAB-93818,14.0,male,6.2,4.86,14.7,87.9,214.0,10.0,5.397605346934028e-79,15.0,0.64,56.58,,,1.01
IQ-LAB-93819,63.0,female,8.8,4.42,12.0,81.2,229.0,17.0,5.397605346934028e-79,24.0,0.75,66.3,,,4.64
IQ-LAB-93820,11.0,female,4.1,4.77,12.9,84.3,209.0,,,,,,,,0.32
IQ-LAB-93821,16.0,female,8.6,4.93,14.6,88.6,303.0,9.0,5.397605346934028e-79,17.0,0.59,52.16,,,0.23
IQ-LAB-93822,6.0,female,9.7,4.26,12.4,84.4,381.0,,,,,,,,30.63
IQ-LAB-93823,58.0,female,6.3,5.12,14.2,82.8,302.0,40.0,5.397605346934028e-79,31.0,0.71,62.76,108.0,18.69,3.61
IQ-LAB-93824,52.0,female,6.5,4.86,13.1,81.3,286.0,13.0,5.397605346934028e-79,16.0,0.66,58.34,,,3.14
IQ-LAB-93825,74.0,male,4.7,4.47,14.7,96.7,227.0,14.0,5.397605346934028e-79,16.0,1.0,88.4,,,0.77
IQ-LAB-93827,68.0,female,5.1,4.42,13.5,91.6,266.0,20.0,5.397605346934028e-79,20.0,0.51,45.08,106.0,4.33,0.11
IQ-LAB-93828,2.0,female,7.6,4.58,12.1,76.2,198.0,,,,,,,,
IQ-LAB-93829,38.0,female,5.4,4.29,12.4,85.9,392.0,10.0,5.397605346934028e-79,14.0,0.81,71.6,,,7.87
IQ-LAB-93830,67.0,male,6.1,3.16,9.8,89.6,164.0,16.0,5.397605346934028e-79,16.0,6.34,560.46,93.0,7.77,5.62
IQ-LAB-93831,61.0,male,8.9,4.92,15.4,89.4,218.0,21.0,5.397605346934028e-79,19.0,0.88,77.79,,,8.18
IQ-LAB-93832,63.0,male,9.9,4.62,14.5,91.6,228.0,18.0,5.397605346934028e-79,20.0,1.01,89.28,,,0.47
IQ-LAB-93833,6.0,male,10.7,4.61,13.3,85.3,326.0,,,,,,,,
IQ-LAB-93834,48.0,female,9.5,4.74,14.0,89.2,273.0,18.0,5.397605346934028e-79,13.0,0.64,56.58,328.0,20.81,29.0
IQ-LAB-93837,35.0,female,7.8,3.96,12.6,93.3,266.0,14.0,5.397605346934028e-79,16.0,0.78,68.95,99.0,5.46,4.0
IQ-LAB-93838,5.0,male,7.6,4.66,12.9,80.3,309.0,,,,,,,,1.34
IQ-LAB-93839,50.0,female,9.5,5.13,14.2,81.5,352.0,20.0,5.397605346934028e-79,17.0,0.66,58.34,,,7.66
IQ-LAB-93840,47.0,male,5.1,5.31,16.0,90.4,216.0,23.0,5.397605346934028e-79,18.0,0.85,75.14,100.0,7.24,0.66
IQ-LAB-93841,48.0,female,7.0,4.72,14.3,90.9,235.0,19.0,5.397605346934028e-79,21.0,1.0,88.4,,,3.19
IQ-LAB-93842,2.0,male,4.7,4.38,11.6,78.5,281.0,,,,,,,,
IQ-LAB-93843,42.0,female,4.9,4.65,13.5,87.2,199.0,22.0,5.397605346934028e-79,24.0,0.91,80.44,98.0,3.86,0.55
IQ-LAB-93845,28.0,female,11.0,4.5,14.6,96.8,315.0,27.0,5.397605346934028e-79,27.0,0.51,45.08,,,1.24
IQ-LAB-93846,29.0,female,4.7,3.88,8.9,73.6,408.0,8.0,5.397605346934028e-79,17.0,0.98,86.63,,,0.27
IQ-LAB-93847,43.0,female,6.9,4.48,12.9,88.4,291.0,15.0,5.397605346934028e-79,15.0,0.78,68.95,115.0,11.84,3.44
IQ-LAB-93848,62.0,male,6.0,4.98,14.3,87.9,198.0,24.0,5.397605346934028e-79,22.0,1.12,99.01,,,0.47
IQ-LAB-93849,40.0,female,6.9,4.0,12.4,90.6,260.0,10.0,5.397605346934028e-79,16.0,0.76,67.18,,,8.89
IQ-LAB-93850,74.0,female,8.0,4.41,13.5,91.2,255.0,10.0,5.397605346934028e-79,16.0,0.8,70.72,,,3.44
IQ-LAB-93851,74.0,female,4.2,4.28,12.7,85.2,176.0,13.0,5.397605346934028e-79,16.0,1.07,94.59,,,0.93
IQ-LAB-93852,45.0,female,6.6,4.1,9.4,70.2,452.0,9.0,5.397605346934028e-79,13.0,0.74,65.42,,,3.74
IQ-LAB-93853,50.0,male,5.9,4.38,13.4,92.4,351.0,14.0,5.397605346934028e-79,17.0,0.98,86.63,109.0,10.97,10.24
IQ-LAB-93855,71.0,male,5.9,4.78,15.9,95.8,200.0,43.0,5.397605346934028e-79,28.0,0.91,80.44,,,2.35
IQ-LAB-93856,66.0,male,8.2,4.53,14.2,93.4,246.0,12.0,5.397605346934028e-79,15.0,0.96,84.86,,,1.21
IQ-LAB-93858,19.0,female,8.4,4.82,13.7,83.6,299.0,10.0,5.397605346934028e-79,15.0,0.77,68.07,,,0.57
IQ-LAB-93861,76.0,male,6.5,4.98,15.1,92.4,206.0,30.0,5.397605346934028e-79,24.0,0.99,87.52,,,0.5
IQ-LAB-93862,2.0,male,11.1,4.79,12.3,78.7,272.0,,,,,,,,
IQ-LAB-93863,50.0,male,5.0,4.6,14.1,91.5,162.0,38.0,5.397605346934028e-79,25.0,0.82,72.49,,,1.54
IQ-LAB-93864,12.0,female,6.3,4.98,13.4,78.9,292.0,23.0,5.397605346934028e-79,20.0,0.45,39.78,102.0,23.27,1.68
IQ-LAB-93866,26.0,male,9.4,4.97,14.3,83.1,261.0,24.0,5.397605346934028e-79,17.0,0.88,77.79,88.0,4.69,0.56
IQ-LAB-93867,2.0,female,9.9,4.69,13.6,82.4,360.0,,,,,,,,0.39
IQ-LAB-93868,68.0,male,7.9,4.43,14.9,98.0,297.0,14.0,5.397605346934028e-79,17.0,1.11,98.12,,,0.4
IQ-LAB-93869,80.0,male,6.7,4.1,12.9,93.3,247.0,12.0,5.397605346934028e-79,19.0,1.09,96.36,263.0,3.75,5.37
IQ-LAB-93870,20.0,female,4.6,4.46,13.8,91.3,161.0,13.0,5.397605346934028e-79,15.0,0.62,54.81,96.0,8.1,0.3
IQ-LAB-93871,55.0,female,6.8,4.59,14.0,90.9,245.0,32.0,5.397605346934028e-79,31.0,0.84,74.26,,,0.51
IQ-LAB-93873,16.0,female,8.1,4.42,13.3,88.0,319.0,19.0,5.397605346934028e-79,19.0,0.66,58.34,99.0,12.61,2.16
IQ-LAB-93874,8.0,female,4.9,4.68,13.0,81.6,200.0,,,,,,,,0.36
IQ-LAB-93875,37.0,male,6.0,4.47,14.5,95.8,257.0,26.0,5.397605346934028e-79,20.0,0.94,83.1,106.0,8.73,3.14
IQ-LAB-93876,10.0,male,9.8,4.92,13.1,77.7,399.0,,,,,,,,1.26
IQ-LAB-93877,64.0,male,6.0,5.06,16.5,96.0,228.0,16.0,5.397605346934028e-79,15.0,1.28,113.15,,,1.81
IQ-LAB-93878,59.0,female,3.4,3.69,12.0,98.7,251.0,13.0,5.397605346934028e-79,19.0,0.91,80.44,95.0,10.44,0.62
IQ-LAB-93879,7.0,female,8.3,4.72,13.4,84.4,303.0,,,,,,,,0.6
IQ-LAB-93880,5.0,female,8.5,4.73,12.9,80.3,313.0,,,,,,,,1.07
IQ-LAB-93881,8.0,female,6.5,4.87,13.4,81.2,244.0,,,,,,,,
IQ-LAB-93883,30.0,female,5.0,4.35,11.4,81.4,384.0,9.0,5.397605346934028e-79,9.0,0.6,53.04,90.0,7.11,2.77
IQ-LAB-93884,19.0,male,4.8,5.42,16.3,87.5,200.0,24.0,5.397605346934028e-79,21.0,1.16,102.54,98.0,6.2,0.31
IQ-LAB-93885,8.0,male,6.7,3.51,11.3,95.8,354.0,,,,,,,,0.64
IQ-LAB-93887,63.0,male,4.4,4.23,13.3,91.3,173.0,24.0,5.397605346934028e-79,20.0,0.99,87.52,183.0,13.01,0.62
IQ-LAB-93888,37.0,female,5.8,4.54,13.5,85.1,190.0,11.0,5.397605346934028e-79,15.0,0.93,82.21,91.0,2.39,0.37
IQ-LAB-93890,27.0,male,6.5,5.18,14.8,85.7,207.0,19.0,5.397605346934028e-79,21.0,0.97,85.75,98.0,8.8,1.91
IQ-LAB-93891,56.0,female,6.9,4.6,13.8,88.7,256.0,28.0,5.397605346934028e-79,25.0,0.64,56.58,102.0,22.08,3.31
IQ-LAB-93892,80.0,female,9.3,4.99,14.2,87.3,270.0,12.0,5.397605346934028e-79,21.0,0.8,70.72,,,5.69
IQ-LAB-93893,55.0,male,4.5,4.31,13.6,91.3,172.0,17.0,5.397605346934028e-79,25.0,2.4,212.16,,,1.74
IQ-LAB-93894,66.0,female,5.7,4.64,15.1,97.9,213.0,12.0,5.397605346934028e-79,13.0,0.7,61.88,133.0,14.24,0.43
IQ-LAB-93895,40.0,male,9.1,5.0,14.5,85.9,184.0,30.0,5.397605346934028e-79,19.0,0.84,74.26,,,8.34
IQ-LAB-93896,10.0,male,13.9,5.18,13.1,75.6,345.0,,,,,,,,10.09
IQ-LAB-93898,5.0,male,8.7,4.38,12.6,84.8,312.0,,,,,,,,0.25
IQ-LAB-93899,67.0,male,7.6,5.11,15.8,89.8,246.0,41.0,5.397605346934028e-79,24.0,1.1,97.24,,,11.4
IQ-LAB-93900,48.0,male,5.6,4.65,14.3,94.1,243.0,,,,,,130.0,,
IQ-LAB-93901,12.0,female,8.5,5.17,13.8,81.4,269.0,16.0,5.397605346934028e-79,18.0,0.53,46.85,,,0.41
IQ-LAB-93902,24.0,female,10.2,4.26,12.9,88.6,252.0,56.0,5.397605346934028e-79,32.0,0.5,44.2,,,1.75
IQ-LAB-93903,62.0,male,4.5,4.25,13.4,92.5,113.0,57.0,5.397605346934028e-79,54.0,0.89,78.68,,,5.74
IQ-LAB-93904,10.0,male,11.7,4.29,13.4,90.3,312.0,,,,,,,,1.29
IQ-LAB-93905,15.0,male,7.7,4.56,13.9,91.8,249.0,13.0,5.397605346934028e-79,22.0,0.71,62.76,,,0.18
IQ-LAB-93906,39.0,male,8.3,5.25,14.8,82.1,352.0,32.0,5.397605346934028e-79,23.0,0.98,86.63,,,1.0
IQ-LAB-93907,41.0,female,9.5,3.77,10.9,87.7,281.0,9.0,5.397605346934028e-79,10.0,0.67,59.23,,,2.92
IQ-LAB-93908,20.0,female,11.9,4.67,14.2,91.6,370.0,27.0,5.397605346934028e-79,12.0,0.57,50.39,121.0,19.7,0.5
IQ-LAB-93909,41.0,male,5.4,5.36,15.4,82.7,214.0,67.0,5.397605346934028e-79,36.0,0.92,81.33,,,1.01
IQ-LAB-93911,6.0,male,6.2,4.79,12.4,78.5,232.0,,,,,,,,0.33
IQ-LAB-93912,25.0,female,6.6,3.85,10.7,87.2,278.0,8.0,5.397605346934028e-79,9.0,1.11,98.12,,,7.82
IQ-LAB-93913,40.0,female,7.6,4.34,14.2,92.5,240.0,14.0,5.397605346934028e-79,19.0,0.62,54.81,,,0.32
IQ-LAB-93914,41.0,male,8.4,6.44,13.9,65.8,218.0,18.0,5.397605346934028e-79,14.0,0.96,84.86,,,5.25
IQ-LAB-93915,34.0,male,11.3,6.08,16.2,82.1,261.0,18.0,5.397605346934028e-79,17.0,0.87,76.91,,,6.93
IQ-LAB-93916,28.0,male,7.2,5.59,14.3,77.8,242.0,18.0,5.397605346934028e-79,23.0,1.32,116.69,95.0,8.61,1.31
IQ-LAB-93917,14.0,male,7.3,5.02,15.6,93.0,327.0,20.0,5.397605346934028e-79,20.0,0.87,76.91,110.0,36.43,0.36
IQ-LAB-93918,36.0,male,6.2,5.14,14.9,86.0,254.0,24.0,5.397605346934028e-79,16.0,1.06,93.7,108.0,10.29,1.68
IQ-LAB-93919,8.0,female,7.6,4.7,13.1,82.7,329.0,,,,,,,,0.6
IQ-LAB-93920,61.0,female,3.6,4.59,13.6,89.6,215.0,25.0,5.397605346934028e-79,29.0,0.49,43.32,104.0,2.65,0.32
IQ-LAB-93921,7.0,female,6.7,4.5,13.5,88.3,305.0,,,,,,,,
IQ-LAB-93922,11.0,male,10.7,4.36,11.9,80.5,196.0,,,,,,,,0.48
IQ-LAB-93923,52.0,male,6.3,5.18,17.0,97.4,208.0,65.0,5.397605346934028e-79,33.0,0.99,87.52,,,1.42
IQ-LAB-93924,70.0,female,8.1,4.1,13.0,92.6,230.0,11.0,5.397605346934028e-79,15.0,0.85,75.14,,,0.5
IQ-LAB-93925,13.0,female,3.7,4.49,13.8,88.4,314.0,9.0,5.397605346934028e-79,21.0,0.68,60.11,94.0,12.03,0.27
IQ-LAB-93926,31.0,male,7.7,4.82,14.2,88.7,273.0,11.0,5.397605346934028e-79,8.0,0.73,64.53,107.0,11.66,3.28
IQ-LAB-93927,54.0,female,8.1,4.68,14.1,88.2,416.0,13.0,5.397605346934028e-79,18.0,0.51,45.08,,,1.15
IQ-LAB-93928,11.0,male,5.1,4.49,12.9,84.3,214.0,,,,,,,,0.23
IQ-LAB-93929,35.0,female,8.3,3.97,12.2,88.4,274.0,14.0,5.397605346934028e-79,17.0,0.69,61.0,83.0,4.57,5.8
IQ-LAB-93930,80.0,male,5.3,3.95,12.2,90.9,248.0,18.0,5.397605346934028e-79,20.0,1.86,164.42,,,0.51
IQ-LAB-93931,24.0,male,8.0,5.35,15.8,87.5,197.0,22.0,5.397605346934028e-79,19.0,0.87,76.91,,,9.04
IQ-LAB-93932,54.0,female,5.7,4.43,13.6,91.3,384.0,43.0,5.397605346934028e-79,30.0,0.62,54.81,114.0,15.09,2.14
IQ-LAB-93935,39.0,male,6.9,5.08,14.6,86.8,307.0,19.0,5.397605346934028e-79,22.0,0.97,85.75,105.0,13.4,1.09
IQ-LAB-93937,30.0,male,7.6,5.29,15.8,87.1,220.0,58.0,5.397605346934028e-79,30.0,0.92,81.33,,,3.74
IQ-LAB-93938,18.0,female,7.6,4.94,13.5,82.4,315.0,11.0,5.397605346934028e-79,17.0,0.66,58.34,,,8.72
IQ-LAB-93939,40.0,female,4.8,4.29,11.4,84.2,296.0,8.0,5.397605346934028e-79,15.0,1.14,100.78,,,12.43
IQ-LAB-93940,50.0,male,7.0,5.83,17.6,89.4,242.0,45.0,5.397605346934028e-79,23.0,1.02,90.17,100.0,10.68,0.71
IQ-LAB-93941,42.0,male,6.7,4.92,15.0,89.0,288.0,24.0,5.397605346934028e-79,30.0,1.27,112.27,,,0.47
IQ-LAB-93942,52.0,female,5.7,4.26,9.8,73.0,312.0,12.0,5.397605346934028e-79,14.0,0.86,76.02,63.0,9.37,0.93
IQ-LAB-93944,2.0,female,7.2,4.89,13.4,79.2,424.0,,,,,,,,2.39
IQ-LAB-93945,66.0,male,3.8,4.33,14.1,97.7,249.0,14.0,5.397605346934028e-79,18.0,1.31,115.8,85.0,0.71,0.91
IQ-LAB-93946,22.0,male,8.5,5.63,15.5,82.8,342.0,22.0,5.397605346934028e-79,18.0,0.95,83.98,,,0.86
IQ-LAB-93947,53.0,female,5.2,4.75,14.7,89.8,221.0,7.0,5.397605346934028e-79,20.0,0.63,55.69,,,0.98
IQ-LAB-93948,13.0,male,5.7,4.76,12.7,82.9,202.0,9.0,5.397605346934028e-79,16.0,0.75,66.3,,,0.29
IQ-LAB-93949,49.0,female,7.4,4.88,14.9,87.7,216.0,41.0,5.397605346934028e-79,25.0,0.49,43.32,,,0.83
IQ-LAB-93950,30.0,male,8.4,5.07,15.1,86.8,154.0,33.0,5.397605346934028e-79,17.0,0.75,66.3,111.0,19.81,4.88
IQ-LAB-93952,34.0,female,10.9,4.6,13.3,87.0,301.0,58.0,5.397605346934028e-79,35.0,0.8,70.72,117.0,27.42,8.48
IQ-LAB-93953,26.0,male,12.8,5.52,15.6,80.8,263.0,175.0,5.397605346934028e-79,124.0,0.49,43.32,,,12.83
IQ-LAB-93955,66.0,female,8.0,3.42,9.3,83.3,234.0,11.0,5.397605346934028e-79,23.0,0.95,83.98,,,10.42
IQ-LAB-93957,41.0,female,5.4,4.62,13.3,87.4,291.0,32.0,5.397605346934028e-79,22.0,0.74,65.42,129.0,17.4,3.76
IQ-LAB-93958,2.0,female,5.1,4.41,12.2,80.1,175.0,,,,,,,,5.32
IQ-LAB-93959,61.0,female,4.0,4.99,14.9,88.0,162.0,17.0,5.397605346934028e-79,23.0,0.95,83.98,,,4.8
IQ-LAB-93960,60.0,male,7.5,5.71,15.8,82.6,197.0,23.0,5.397605346934028e-79,21.0,1.13,99.89,141.0,32.28,5.82
IQ-LAB-93963,80.0,male,5.7,3.93,12.4,93.6,132.0,16.0,5.397605346934028e-79,24.0,0.93,82.21,101.0,3.35,1.36
IQ-LAB-93964,52.0,male,8.3,5.93,11.5,61.7,276.0,25.0,5.397605346934028e-79,19.0,0.87,76.91,109.0,22.85,2.09
IQ-LAB-93965,30.0,female,6.0,4.21,12.8,88.8,237.0,11.0,5.397605346934028e-79,21.0,0.79,69.84,88.0,4.47,3.65
IQ-LAB-93967,1.0,male,8.9,5.29,13.3,74.9,233.0,,,,,,,,
IQ-LAB-93968,57.0,male,8.2,4.07,13.7,101.1,222.0,12.0,5.397605346934028e-79,18.0,0.94,83.1,98.0,4.09,1.35
IQ-LAB-93969,33.0,female,5.8,4.27,12.5,83.2,281.0,20.0,5.397605346934028e-79,23.0,0.67,59.23,96.0,4.31,0.68
IQ-LAB-93970,33.0,male,6.9,5.06,15.7,90.4,217.0,29.0,5.397605346934028e-79,16.0,0.84,74.26,,,0.93
IQ-LAB-93971,40.0,male,6.1,4.83,13.5,83.9,203.0,19.0,5.397605346934028e-79,21.0,0.98,86.63,,,2.04
IQ-LAB-93972,35.0,male,10.0,5.1,15.1,89.2,244.0,17.0,5.397605346934028e-79,18.0,0.91,80.44,80.0,9.15,1.37
IQ-LAB-93974,59.0,male,7.1,5.8,16.4,83.7,192.0,23.0,5.397605346934028e-79,21.0,1.08,95.47,109.0,8.81,1.57
IQ-LAB-93975,54.0,female,6.2,5.03,13.6,80.1,241.0,14.0,5.397605346934028e-79,17.0,0.66,58.34,103.0,6.17,12.22
IQ-LAB-93978,57.0,male,7.3,4.37,14.6,94.7,280.0,21.0,5.397605346934028e-79,18.0,0.65,57.46,,,0.72
IQ-LAB-93979,16.0,male,7.4,4.85,15.2,91.8,243.0,,,,,,,,
IQ-LAB-93980,29.0,female,6.8,4.41,14.1,94.5,317.0,14.0,5.397605346934028e-79,16.0,0.68,60.11,93.0,7.09,0.67
IQ-LAB-93981,52.0,female,5.3,4.68,13.6,85.0,219.0,14.0,5.397605346934028e-79,13.0,0.68,60.11,167.0,8.72,1.44
IQ-LAB-93982,57.0,female,5.5,4.75,14.7,92.4,281.0,13.0,5.397605346934028e-79,20.0,0.71,62.76,93.0,11.91,0.42
IQ-LAB-93983,75.0,female,6.9,4.34,14.2,95.1,233.0,27.0,5.397605346934028e-79,29.0,0.75,66.3,,,1.2
IQ-LAB-93984,32.0,female,6.7,4.89,14.2,86.1,163.0,16.0,5.397605346934028e-79,13.0,0.79,69.84,81.0,5.93,0.78
IQ-LAB-93985,61.0,female,6.3,4.41,14.3,96.1,239.0,,,,,,,,
IQ-LAB-93986,7.0,female,5.1,4.67,13.3,83.2,407.0,,,,,,,,0.31
IQ-LAB-93987,35.0,male,9.0,5.7,17.3,90.3,211.0,52.0,5.397605346934028e-79,21.0,0.8,70.72,,,0.46
IQ-LAB-93988,32.0,female,5.8,4.51,12.9,86.8,165.0,10.0,5.397605346934028e-79,19.0,0.71,62.76,88.0,2.14,0.76
IQ-LAB-93989,39.0,female,6.7,4.38,13.7,93.6,260.0,13.0,5.397605346934028e-79,17.0,0.58,51.27,,,0.99
IQ-LAB-93990,64.0,female,6.4,4.39,13.2,88.7,243.0,21.0,5.397605346934028e-79,14.0,0.89,78.68,,,12.06
IQ-LAB-93991,12.0,male,7.9,4.56,12.7,80.9,356.0,12.0,5.397605346934028e-79,20.0,0.54,47.74,,,2.05
IQ-LAB-93993,2.0,female,12.8,4.53,13.1,82.6,421.0,,,,,,,,0.37
IQ-LAB-93995,12.0,female,4.8,4.41,13.4,88.0,234.0,10.0,5.397605346934028e-79,17.0,0.67,59.23,,,0.3
IQ-LAB-93996,3.0,male,6.7,4.6,13.1,83.1,233.0,,,,,,,,0.63
IQ-LAB-93998,24.0,female,6.4,4.65,13.4,87.4,232.0,9.0,5.397605346934028e-79,17.0,0.81,71.6,84.0,3.36,0.34
IQ-LAB-93999,23.0,female,4.6,4.41,13.7,93.6,205.0,9.0,5.397605346934028e-79,15.0,0.77,68.07,96.0,12.28,0.61
IQ-LAB-94001,18.0,female,5.6,5.11,13.9,83.8,311.0,7.0,5.397605346934028e-79,15.0,0.79,69.84,93.0,7.72,0.45
IQ-LAB-94003,75.0,female,14.3,4.88,13.2,81.8,430.0,7.0,5.397605346934028e-79,11.0,0.75,66.3,,,10.54
IQ-LAB-94004,25.0,female,7.4,4.57,11.7,78.1,266.0,18.0,5.397605346934028e-79,21.0,0.82,72.49,,,5.8
IQ-LAB-94005,7.0,male,6.8,4.51,13.0,84.6,228.0,,,,,,,,0.46
IQ-LAB-94006,13.0,male,5.4,4.76,13.8,88.0,298.0,11.0,5.397605346934028e-79,24.0,0.75,66.3,,,1.11
IQ-LAB-94007,79.0,male,5.5,3.73,11.6,93.8,208.0,12.0,5.397605346934028e-79,15.0,1.08,95.47,179.0,2.42,0.29
IQ-LAB-94008,46.0,female,6.7,4.71,8.8,61.7,284.0,30.0,5.397605346934028e-79,30.0,0.61,53.92,,,3.63
IQ-LAB-94010,71.0,male,7.4,4.35,13.7,91.6,190.0,14.0,5.397605346934028e-79,18.0,1.28,113.15,,,0.93
IQ-LAB-94011,7.0,female,5.2,4.34,13.0,88.4,281.0,,,,,,,,0.42
IQ-LAB-94012,25.0,female,11.1,5.02,14.6,86.4,349.0,22.0,5.397605346934028e-79,16.0,0.71,62.76,105.0,10.61,5.2
IQ-LAB-94013,56.0,male,5.7,5.18,16.1,91.0,217.0,13.0,5.397605346934028e-79,16.0,0.94,83.1,108.0,11.94,1.0
IQ-LAB-94014,6.0,female,4.8,4.23,11.8,83.0,375.0,,,,,,,,0.32
IQ-LAB-94015,30.0,female,5.6,4.76,14.9,91.0,190.0,10.0,5.397605346934028e-79,11.0,0.86,76.02,97.0,10.11,1.23
IQ-LAB-94016,70.0,male,5.3,4.41,13.8,91.9,188.0,25.0,5.397605346934028e-79,24.0,0.79,69.84,,,0.66
IQ-LAB-94017,54.0,male,8.1,4.56,14.2,88.8,326.0,20.0,5.397605346934028e-79,19.0,3.01,266.08,,,2.26
IQ-LAB-94019,64.0,female,9.5,4.35,13.1,91.8,238.0,28.0,5.397605346934028e-79,20.0,0.71,62.76,,,3.0
IQ-LAB-94020,3.0,male,9.1,4.9,13.5,79.1,247.0,,,,,,,,0.29
IQ-LAB-94021,38.0,female,6.4,4.05,12.2,90.2,258.0,11.0,5.397605346934028e-79,15.0,0.64,56.58,93.0,6.67,6.64
IQ-LAB-94022,1.0,female,10.4,4.94,12.5,75.3,364.0,,,,,,,,0.45
IQ-LAB-94024,10.0,male,7.3,4.42,12.7,84.2,300.0,,,,,,,,0.23
IQ-LAB-94025,5.0,female,12.4,5.04,12.1,74.0,620.0,,,,,,,,0.37
IQ-LAB-94026,80.0,female,5.2,4.07,13.3,96.8,142.0,11.0,5.397605346934028e-79,21.0,0.88,77.79,,,0.45
IQ-LAB-94027,20.0,male,7.2,5.65,16.2,84.2,197.0,29.0,5.397605346934028e-79,25.0,0.78,68.95,,,1.43
IQ-LAB-94028,39.0,female,7.2,4.17,13.6,94.4,284.0,13.0,5.397605346934028e-79,18.0,0.79,69.84,,,0.78
IQ-LAB-94029,46.0,female,4.3,4.43,13.3,87.7,228.0,14.0,5.397605346934028e-79,18.0,0.7,61.88,101.0,4.04,0.34
IQ-LAB-94030,45.0,male,5.6,4.5,14.7,95.4,250.0,30.0,5.397605346934028e-79,23.0,0.92,81.33,114.0,13.54,1.51
IQ-LAB-94031,67.0,male,6.4,4.77,14.7,93.2,267.0,51.0,5.397605346934028e-79,38.0,0.82,72.49,,,0.39
IQ-LAB-94032,10.0,male,8.7,4.64,12.7,82.0,235.0,,,,,,,,3.37
IQ-LAB-94033,55.0,female,7.9,4.75,12.5,80.2,226.0,32.0,5.397605346934028e-79,27.0,0.62,54.81,,,7.76
IQ-LAB-94034,54.0,female,8.5,5.06,14.9,87.3,203.0,22.0,5.397605346934028e-79,18.0,0.88,77.79,116.0,14.99,9.7
IQ-LAB-94035,12.0,female,8.1,4.26,11.7,81.6,349.0,11.0,5.397605346934028e-79,15.0,0.97,85.75,,,1.66
IQ-LAB-94036,12.0,female,6.0,4.86,13.8,84.5,285.0,8.0,5.397605346934028e-79,14.0,0.58,51.27,79.0,27.37,0.33
IQ-LAB-94037,59.0,male,8.2,5.3,15.9,83.8,244.0,29.0,5.397605346934028e-79,24.0,0.72,63.65,,,1.42
IQ-LAB-94038,59.0,female,8.4,4.96,15.9,92.7,269.0,13.0,5.397605346934028e-79,13.0,0.66,58.34,107.0,16.56,2.11
IQ-LAB-94039,60.0,male,7.9,6.22,15.6,73.2,235.0,34.0,5.397605346934028e-79,28.0,1.2,106.08,,,1.4
IQ-LAB-94040,28.0,male,5.3,4.94,14.4,88.7,290.0,23.0,5.397605346934028e-79,14.0,1.13,99.89,110.0,18.57,1.46
IQ-LAB-94041,60.0,female,5.8,4.08,12.4,88.7,199.0,20.0,5.397605346934028e-79,23.0,0.73,64.53,,,0.51
IQ-LAB-94042,26.0,male,4.7,5.53,17.8,92.5,186.0,20.0,5.397605346934028e-79,21.0,1.25,110.5,95.0,5.0,0.56
IQ-LAB-94043,64.0,male,6.9,4.36,13.4,88.9,266.0,17.0,5.397605346934028e-79,21.0,0.83,73.37,142.0,6.79,0.42
IQ-LAB-94044,34.0,female,5.1,4.57,13.6,89.0,194.0,11.0,5.397605346934028e-79,14.0,0.82,72.49,101.0,3.52,0.19
IQ-LAB-94045,62.0,male,6.7,4.65,13.8,85.8,252.0,36.0,5.397605346934028e-79,31.0,0.95,83.98,,,2.28
IQ-LAB-94046,46.0,male,10.8,4.83,14.8,88.5,262.0,18.0,5.397605346934028e-79,18.0,1.1,97.24,,,1.55
IQ-LAB-94047,45.0,female,5.7,4.51,12.6,83.9,185.0,55.0,5.397605346934028e-79,36.0,0.54,47.74,134.0,50.05,2.75
IQ-LAB-94048,80.0,male,5.7,4.18,13.8,98.2,133.0,10.0,5.397605346934028e-79,20.0,0.99,87.52,,,0.57
IQ-LAB-94049,66.0,female,4.5,4.71,13.7,87.1,222.0,9.0,5.397605346934028e-79,13.0,0.92,81.33,110.0,11.6,3.64
IQ-LAB-94050,55.0,female,7.0,4.48,14.8,97.3,301.0,13.0,5.397605346934028e-79,16.0,0.93,82.21,99.0,23.04,2.47
IQ-LAB-94051,80.0,female,6.0,4.46,13.8,92.3,145.0,10.0,5.397605346934028e-79,15.0,0.93,82.21,,,0.87
IQ-LAB-94054,50.0,male,9.6,4.24,13.5,92.4,304.0,138.0,5.397605346934028e-79,174.0,1.35,119.34,,,12.55
IQ-LAB-94057,62.0,female,8.0,4.08,12.0,87.1,247.0,10.0,5.397605346934028e-79,12.0,0.8,70.72,97.0,9.89,63.32
IQ-LAB-94058,61.0,female,6.2,4.55,13.4,85.2,149.0,23.0,5.397605346934028e-79,19.0,1.01,89.28,,,2.16
IQ-LAB-94059,54.0,female,4.7,4.59,14.0,88.7,292.0,,,,,,,,
IQ-LAB-94060,59.0,male,9.4,5.16,14.4,84.7,221.0,42.0,5.397605346934028e-79,26.0,0.88,77.79,,,7.03
IQ-LAB-94061,36.0,female,13.3,4.58,13.5,87.6,297.0,10.0,5.397605346934028e-79,13.0,0.6,53.04,,,45.07
IQ-LAB-94063,2.0,male,9.7,4.61,12.1,77.2,305.0,,,,,,,,62.5
IQ-LAB-94064,17.0,male,10.5,5.11,14.6,84.3,249.0,66.0,5.397605346934028e-79,33.0,0.7,61.88,89.0,35.4,9.88
IQ-LAB-94065,69.0,female,4.5,4.53,13.4,89.8,249.0,19.0,5.397605346934028e-79,19.0,0.93,82.21,,,0.39
IQ-LAB-94067,44.0,male,6.2,4.71,13.9,87.6,281.0,17.0,5.397605346934028e-79,16.0,0.69,61.0,108.0,12.17,1.15
IQ-LAB-94068,69.0,male,8.6,4.96,16.2,96.0,147.0,10.0,5.397605346934028e-79,15.0,1.37,121.11,105.0,7.68,1.52
IQ-LAB-94069,61.0,male,7.9,5.29,15.0,87.8,209.0,14.0,5.397605346934028e-79,17.0,0.84,74.26,139.0,8.67,12.46
IQ-LAB-94070,8.0,female,8.7,4.98,13.9,85.6,246.0,,,,,,,,2.38
IQ-LAB-94073,69.0,male,6.7,5.38,15.5,86.7,163.0,24.0,5.397605346934028e-79,23.0,1.46,129.06,115.0,32.76,5.9
IQ-LAB-94074,29.0,male,3.9,4.96,14.4,88.1,219.0,13.0,5.397605346934028e-79,16.0,0.9,79.56,104.0,6.29,0.95
IQ-LAB-94075,9.0,male,7.3,4.46,13.2,85.9,274.0,,,,,,,,2.77
IQ-LAB-94076,2.0,male,10.7,5.06,12.6,74.6,408.0,,,,,,,,0.36
IQ-LAB-94078,19.0,female,6.8,4.8,13.9,85.2,235.0,16.0,5.397605346934028e-79,21.0,1.0,88.4,,,0.4
IQ-LAB-94080,79.0,female,7.1,4.27,13.2,92.5,251.0,17.0,5.397605346934028e-79,31.0,0.79,69.84,,,1.0
IQ-LAB-94081,80.0,male,5.5,4.24,13.3,94.9,160.0,22.0,5.397605346934028e-79,26.0,1.03,91.05,168.0,22.7,1.76
IQ-LAB-94082,69.0,female,9.0,4.98,15.0,89.7,318.0,15.0,5.397605346934028e-79,13.0,0.75,66.3,,,1.07
IQ-LAB-94083,7.0,male,7.3,4.92,14.4,85.0,210.0,,,,,,,,0.54
IQ-LAB-94084,61.0,female,7.3,4.64,14.0,88.0,344.0,14.0,5.397605346934028e-79,16.0,0.8,70.72,94.0,12.51,1.57
IQ-LAB-94087,19.0,male,6.2,4.97,14.8,87.8,208.0,12.0,5.397605346934028e-79,13.0,0.88,77.79,102.0,13.57,0.63
IQ-LAB-94088,1.0,female,11.0,5.03,13.4,77.2,298.0,,,,,,,,0.98
IQ-LAB-94089,12.0,female,4.7,4.93,10.9,70.4,401.0,9.0,5.397605346934028e-79,14.0,0.59,52.16,,,2.06
IQ-LAB-94090,16.0,female,7.2,4.68,13.8,89.5,310.0,19.0,5.397605346934028e-79,20.0,0.77,68.07,97.0,18.19,1.39
IQ-LAB-94091,11.0,male,7.9,5.3,14.3,79.2,268.0,,,,,,,,0.29
IQ-LAB-94092,52.0,male,8.7,5.49,15.4,81.0,204.0,14.0,5.397605346934028e-79,19.0,1.67,147.63,,,12.89
IQ-LAB-94093,36.0,male,6.5,5.62,16.5,86.2,258.0,56.0,5.397605346934028e-79,24.0,0.79,69.84,139.0,19.59,2.86
IQ-LAB-94094,15.0,female,7.5,4.96,10.7,70.1,342.0,12.0,5.397605346934028e-79,10.0,0.55,48.62,,,5.36
IQ-LAB-94095,78.0,female,9.1,4.19,11.6,84.2,231.0,7.0,5.397605346934028e-79,20.0,2.21,195.36,94.0,13.62,3.97
IQ-LAB-94097,62.0,female,4.9,4.55,14.1,90.9,212.0,16.0,5.397605346934028e-79,18.0,0.42,37.13,95.0,9.53,1.59
IQ-LAB-94098,23.0,female,7.7,4.86,14.0,86.2,310.0,13.0,5.397605346934028e-79,14.0,0.73,64.53,96.0,12.89,2.66
IQ-LAB-94101,64.0,female,7.3,4.81,14.8,88.2,194.0,49.0,5.397605346934028e-79,27.0,0.81,71.6,120.0,37.63,1.15
IQ-LAB-94103,7.0,male,5.1,4.84,13.9,84.2,265.0,,,,,,,,
IQ-LAB-94104,7.0,female,8.5,4.59,12.7,82.8,343.0,,,,,,,,0.87
IQ-LAB-94105,46.0,female,12.7,4.82,14.8,91.0,294.0,11.0,5.397605346934028e-79,13.0,0.75,66.3,96.0,24.37,12.95
IQ-LAB-94106,19.0,male,6.1,5.38,16.9,90.4,210.0,21.0,5.397605346934028e-79,17.0,0.96,84.86,101.0,10.64,0.53
IQ-LAB-94107,11.0,female,13.5,5.4,14.4,79.8,219.0,,,,,,,,0.37
IQ-LAB-94108,64.0,male,6.4,5.7,17.4,90.8,202.0,,,,,,104.0,16.86,1.26
IQ-LAB-94109,13.0,female,10.1,4.91,14.8,90.7,279.0,13.0,5.397605346934028e-79,16.0,0.66,58.34,92.0,15.85,0.4
IQ-LAB-94110,3.0,male,8.6,4.33,12.1,80.0,450.0,,,,,,,,0.21
IQ-LAB-94111,2.0,female,8.4,4.47,13.0,83.7,267.0,,,,,,,,0.27
IQ-LAB-94112,28.0,male,4.2,5.17,15.9,91.7,245.0,17.0,5.397605346934028e-79,23.0,1.08,95.47,89.0,4.6,2.67
IQ-LAB-94113,60.0,female,5.0,4.35,12.9,85.4,323.0,16.0,5.397605346934028e-79,12.0,0.52,45.97,232.0,8.74,1.37
IQ-LAB-94114,20.0,male,5.0,6.33,15.1,73.3,153.0,,,,,,98.0,,
IQ-LAB-94116,60.0,female,6.5,3.48,12.2,97.4,272.0,15.0,5.397605346934028e-79,26.0,0.75,66.3,,,1.41
IQ-LAB-94117,57.0,female,11.0,4.59,14.5,95.0,378.0,22.0,5.397605346934028e-79,18.0,0.9,79.56,190.0,70.88,30.62
IQ-LAB-94118,50.0,female,7.1,4.58,14.0,90.0,200.0,15.0,5.397605346934028e-79,19.0,0.73,64.53,,,1.19
IQ-LAB-94119,57.0,male,7.0,4.94,13.8,84.2,235.0,26.0,5.397605346934028e-79,21.0,1.24,109.62,101.0,29.36,3.78
IQ-LAB-94121,12.0,female,5.1,4.84,14.3,86.0,251.0,9.0,5.397605346934028e-79,13.0,0.73,64.53,99.0,13.23,0.28
IQ-LAB-94122,33.0,male,6.1,4.81,15.5,89.1,232.0,18.0,5.397605346934028e-79,17.0,0.74,65.42,,,1.04
IQ-LAB-94124,55.0,male,6.8,4.99,15.0,88.7,185.0,36.0,5.397605346934028e-79,24.0,1.14,100.78,,,1.04
IQ-LAB-94125,13.0,male,7.7,5.43,15.8,86.5,240.0,18.0,5.397605346934028e-79,16.0,0.69,61.0,,,0.85
IQ-LAB-94126,62.0,female,5.4,4.4,12.4,84.6,257.0,16.0,5.397605346934028e-79,15.0,0.58,51.27,212.0,127.91,2.45
IQ-LAB-94127,34.0,female,4.5,4.44,11.1,76.6,234.0,19.0,5.397605346934028e-79,20.0,0.7,61.88,96.0,7.52,1.21
IQ-LAB-94128,35.0,male,5.5,5.04,14.8,84.6,223.0,31.0,5.397605346934028e-79,23.0,1.14,100.78,,,3.48
IQ-LAB-94129,7.0,male,5.7,4.71,12.8,82.1,247.0,,,,,,,,0.36
IQ-LAB-94130,27.0,female,6.7,4.28,9.3,70.6,216.0,10.0,5.397605346934028e-79,18.0,0.87,76.91,96.0,4.19,0.95
IQ-LAB-94131,39.0,female,7.3,5.11,13.1,78.4,211.0,11.0,5.397605346934028e-79,13.0,0.85,75.14,,,6.93
IQ-LAB-94133,28.0,male,5.5,5.01,14.0,85.8,207.0,42.0,5.397605346934028e-79,34.0,1.1,97.24,103.0,5.98,2.4
IQ-LAB-94134,61.0,female,5.8,4.95,13.7,82.0,250.0,34.0,5.397605346934028e-79,24.0,0.7,61.88,,,8.61
IQ-LAB-94135,37.0,female,4.4,5.45,14.1,79.7,157.0,11.0,5.397605346934028e-79,14.0,0.63,55.69,,,1.91
IQ-LAB-94137,49.0,female,5.7,4.28,13.1,91.3,241.0,11.0,5.397605346934028e-79,17.0,1.05,92.82,,,1.35
IQ-LAB-94138,72.0,female,6.2,4.34,11.5,81.6,235.0,17.0,5.397605346934028e-79,18.0,0.72,63.65,111.0,35.54,1.39
IQ-LAB-94139,49.0,female,9.7,4.27,14.2,97.0,257.0,10.0,5.397605346934028e-79,13.0,0.94,83.1,100.0,7.59,5.51
IQ-LAB-94140,17.0,male,11.0,5.62,16.8,86.6,344.0,,,,,,,,
IQ-LAB-94141,71.0,male,4.9,5.31,14.6,81.4,179.0,14.0,5.397605346934028e-79,20.0,0.94,83.1,120.0,15.48,1.16
IQ-LAB-94142,5.0,male,10.8,4.74,12.5,79.2,424.0,,,,,,,,0.55
IQ-LAB-94143,3.0,male,6.9,4.38,11.6,79.5,365.0,,,,,,,,0.3
IQ-LAB-94144,18.0,male,7.9,5.78,15.3,79.6,229.0,21.0,5.397605346934028e-79,16.0,0.83,73.37,,,6.35
IQ-LAB-94145,15.0,female,6.9,5.08,14.6,85.3,330.0,66.0,5.397605346934028e-79,32.0,0.51,45.08,99.0,41.16,0.46
IQ-LAB-94146,2.0,female,6.3,4.49,12.5,79.0,464.0,,,,,,,,0.92
IQ-LAB-94148,18.0,female,7.5,4.44,12.7,86.6,314.0,11.0,5.397605346934028e-79,13.0,0.71,62.76,,,0.21
IQ-LAB-94149,14.0,male,5.1,5.27,15.6,87.4,279.0,28.0,5.397605346934028e-79,26.0,0.93,82.21,101.0,36.65,2.12
IQ-LAB-94150,68.0,male,6.5,4.07,12.7,93.1,166.0,22.0,5.397605346934028e-79,31.0,1.42,125.53,,,1.33
IQ-LAB-94151,23.0,male,6.8,5.37,14.4,82.5,181.0,9.0,5.397605346934028e-79,16.0,0.82,72.49,,,0.29
IQ-LAB-94152,64.0,female,5.4,4.6,14.0,87.9,216.0,29.0,5.397605346934028e-79,28.0,0.69,61.0,,,0.55
IQ-LAB-94153,10.0,male,5.8,4.88,14.3,83.4,331.0,,,,,,,,0.47
IQ-LAB-94154,80.0,female,7.3,4.94,15.0,92.6,200.0,15.0,5.397605346934028e-79,20.0,0.96,84.86,100.0,4.58,2.79
IQ-LAB-94155,56.0,male,9.8,5.35,15.0,84.7,267.0,22.0,5.397605346934028e-79,14.0,0.98,86.63,,,2.72
IQ-LAB-94156,63.0,female,5.6,4.93,14.3,85.8,200.0,18.0,5.397605346934028e-79,21.0,0.82,72.49,107.0,16.55,1.28
IQ-LAB-94157,60.0,female,4.9,4.6,13.6,86.8,322.0,13.0,5.397605346934028e-79,18.0,0.57,50.39,,,0.67
IQ-LAB-94158,66.0,male,7.0,4.97,15.7,91.8,238.0,22.0,5.397605346934028e-79,21.0,0.93,82.21,128.0,10.32,5.0
IQ-LAB-94159,13.0,female,7.0,4.25,12.9,88.5,249.0,5.0,5.397605346934028e-79,18.0,0.61,53.92,,,0.62
IQ-LAB-94160,22.0,female,6.5,4.43,13.3,87.7,229.0,20.0,5.397605346934028e-79,21.0,0.76,67.18,,,1.07
IQ-LAB-94162,64.0,male,7.6,4.3,13.3,92.1,183.0,16.0,5.397605346934028e-79,16.0,0.77,68.07,,,0.97
IQ-LAB-94163,35.0,male,8.5,4.71,14.5,90.4,281.0,17.0,5.397605346934028e-79,17.0,0.97,85.75,,,0.45
IQ-LAB-94164,18.0,female,3.8,4.77,14.4,86.1,262.0,9.0,5.397605346934028e-79,14.0,0.69,61.0,95.0,7.47,0.46
IQ-LAB-94165,9.0,female,5.3,4.5,12.6,82.7,224.0,,,,,,,,0.11
IQ-LAB-94166,28.0,male,6.1,5.6,16.4,86.0,250.0,11.0,5.397605346934028e-79,18.0,1.12,99.01,97.0,8.66,0.59
IQ-LAB-94167,17.0,male,8.1,5.57,17.0,88.7,260.0,13.0,5.397605346934028e-79,23.0,0.81,71.6,,,0.6
IQ-LAB-94168,66.0,female,7.1,5.07,13.9,83.5,265.0,11.0,5.397605346934028e-79,21.0,0.66,58.34,,,2.69
IQ-LAB-94169,26.0,male,4.9,5.41,16.1,87.8,202.0,11.0,5.397605346934028e-79,10.0,0.94,83.1,,,0.36
IQ-LAB-94170,2.0,male,7.3,4.35,12.1,81.1,387.0,,,,,,,,0.38
IQ-LAB-94171,8.0,male,7.3,5.0,12.5,77.0,357.0,,,,,,,,0.88
IQ-LAB-94173,68.0,female,7.2,3.34,10.4,98.2,236.0,19.0,5.397605346934028e-79,15.0,0.6,53.04,,,3.45
IQ-LAB-94174,45.0,female,6.3,4.37,14.1,94.8,285.0,16.0,5.397605346934028e-79,13.0,0.62,54.81,105.0,9.07,0.63
IQ-LAB-94175,77.0,male,7.7,4.06,12.3,93.1,280.0,16.0,5.397605346934028e-79,17.0,0.93,82.21,,,1.16
IQ-LAB-94176,24.0,female,7.5,4.15,12.2,86.4,270.0,12.0,5.397605346934028e-79,14.0,0.78,68.95,,,0.48
IQ-LAB-94177,59.0,female,6.8,4.53,13.7,89.5,253.0,21.0,5.397605346934028e-79,18.0,0.48,42.43,106.0,9.84,0.73
IQ-LAB-94179,72.0,male,8.0,4.68,14.7,93.7,273.0,10.0,5.397605346934028e-79,22.0,1.9,167.96,207.0,69.34,0.48
IQ-LAB-94180,7.0,female,6.9,4.57,12.7,79.2,310.0,,,,,,,,7.23
IQ-LAB-94181,36.0,female,7.3,4.86,12.9,80.9,198.0,31.0,5.397605346934028e-79,22.0,0.56,49.5,112.0,21.74,9.79
IQ-LAB-94182,59.0,female,3.6,4.02,13.0,93.1,191.0,14.0,5.397605346934028e-79,26.0,1.0,88.4,,,0.31
IQ-LAB-94183,49.0,male,5.8,4.9,15.1,91.2,198.0,35.0,5.397605346934028e-79,21.0,1.38,121.99,,,3.28
IQ-LAB-94184,8.0,male,8.6,4.42,12.7,84.7,341.0,,,,,,,,0.54
IQ-LAB-94186,13.0,female,3.7,3.96,12.8,93.4,306.0,6.0,5.397605346934028e-79,15.0,0.63,55.69,95.0,5.5,0.29
IQ-LAB-94187,54.0,female,4.9,4.24,12.7,87.6,213.0,32.0,5.397605346934028e-79,24.0,0.58,51.27,103.0,11.47,1.45
IQ-LAB-94189,21.0,female,8.4,4.76,13.1,83.2,206.0,13.0,5.397605346934028e-79,13.0,0.61,53.92,91.0,13.2,5.91
IQ-LAB-94190,43.0,male,6.6,5.24,16.5,92.7,210.0,33.0,5.397605346934028e-79,19.0,0.99,87.52,117.0,8.06,0.22
IQ-LAB-94191,2.0,female,6.3,4.82,13.3,81.9,298.0,,,,,,,,0.29
IQ-LAB-94192,54.0,female,9.4,5.29,15.2,87.7,337.0,25.0,5.397605346934028e-79,23.0,0.51,45.08,131.0,20.32,2.61
IQ-LAB-94193,58.0,female,5.5,5.31,14.1,81.0,264.0,20.0,5.397605346934028e-79,16.0,0.65,57.46,105.0,25.06,10.99
IQ-LAB-94194,9.0,female,5.6,4.89,13.2,81.6,307.0,,,,,,,,1.16
IQ-LAB-94195,16.0,female,12.3,5.02,13.8,83.7,322.0,8.0,5.397605346934028e-79,14.0,0.55,48.62,101.0,10.56,0.25
IQ-LAB-94197,8.0,female,9.0,5.54,12.2,69.9,364.0,,,,,,,,17.51
IQ-LAB-94198,63.0,female,8.8,4.87,14.8,91.1,230.0,12.0,5.397605346934028e-79,20.0,0.88,77.79,,,6.37
IQ-LAB-94199,69.0,male,7.6,4.19,13.3,92.6,248.0,14.0,5.397605346934028e-79,21.0,1.07,94.59,,,1.54
IQ-LAB-94200,26.0,female,6.3,4.24,14.1,98.9,229.0,33.0,5.397605346934028e-79,24.0,0.56,49.5,,,4.71
IQ-LAB-94201,77.0,male,7.8,4.98,15.4,93.4,256.0,25.0,5.397605346934028e-79,30.0,0.67,59.23,,,0.51
IQ-LAB-94202,70.0,male,8.2,4.62,13.9,88.7,296.0,12.0,5.397605346934028e-79,15.0,0.93,82.21,,,14.76
IQ-LAB-94203,2.0,male,7.4,5.2,13.7,75.8,294.0,,,,,,,,0.16
IQ-LAB-94205,73.0,female,6.8,4.4,13.9,92.6,195.0,25.0,5.397605346934028e-79,20.0,1.21,106.96,,,1.74
IQ-LAB-94206,56.0,male,6.2,4.56,14.0,92.2,253.0,21.0,5.397605346934028e-79,25.0,0.85,75.14,,,0.84
IQ-LAB-94207,62.0,male,7.8,4.79,15.5,96.5,97.0,14.0,5.397605346934028e-79,13.0,1.04,91.94,95.0,10.59,6.14
IQ-LAB-94208,45.0,female,6.0,4.31,12.2,85.1,408.0,18.0,5.397605346934028e-79,19.0,0.88,77.79,92.0,8.28,3.56
IQ-LAB-94210,80.0,male,3.4,3.79,11.5,93.3,166.0,13.0,5.397605346934028e-79,15.0,1.12,99.01,96.0,5.08,0.75
IQ-LAB-94211,23.0,female,8.1,4.43,13.5,89.5,232.0,10.0,5.397605346934028e-79,14.0,0.72,63.65,,,0.28
IQ-LAB-94212,67.0,female,4.4,4.52,13.3,87.2,186.0,20.0,5.397605346934028e-79,18.0,0.83,73.37,,,0.32
IQ-LAB-94214,19.0,female,9.5,4.94,15.4,90.6,352.0,14.0,5.397605346934028e-79,17.0,0.71,62.76,,,2.13
IQ-LAB-94216,67.0,female,7.1,4.42,12.2,83.2,162.0,18.0,5.397605346934028e-79,19.0,1.29,114.04,122.0,7.3,2.09
IQ-LAB-94217,18.0,male,7.7,5.2,15.2,84.7,274.0,10.0,5.397605346934028e-79,18.0,0.88,77.79,,,6.24
IQ-LAB-94218,5.0,female,8.0,4.38,12.7,85.3,332.0,,,,,,,,0.27
IQ-LAB-94219,23.0,female,4.6,3.99,12.4,89.8,268.0,20.0,5.397605346934028e-79,15.0,0.89,78.68,,,2.71
IQ-LAB-94220,17.0,female,5.4,4.2,12.1,84.4,319.0,13.0,5.397605346934028e-79,20.0,0.68,60.11,89.0,10.8,1.91
IQ-LAB-94221,27.0,female,8.5,4.46,14.8,96.4,264.0,9.0,5.397605346934028e-79,16.0,0.71,62.76,,,0.63
IQ-LAB-94222,2.0,male,10.3,5.28,12.3,71.5,341.0,,,,,,,,0.56
IQ-LAB-94223,43.0,female,12.8,4.64,13.3,87.4,319.0,10.0,5.397605346934028e-79,13.0,0.74,65.42,123.0,15.58,9.43
IQ-LAB-94224,23.0,male,8.4,5.85,16.7,84.1,286.0,69.0,5.397605346934028e-79,31.0,0.92,81.33,109.0,67.61,3.84
IQ-LAB-94225,12.0,male,7.5,5.01,14.4,84.2,338.0,22.0,5.397605346934028e-79,27.0,0.56,49.5,,,0.32
IQ-LAB-94227,80.0,male,8.5,4.99,15.2,92.5,206.0,20.0,5.397605346934028e-79,20.0,1.2,106.08,,,1.02
IQ-LAB-94229,69.0,female,9.9,4.65,12.0,80.3,340.0,10.0,5.397605346934028e-79,12.0,0.92,81.33,113.0,23.55,18.11
IQ-LAB-94230,15.0,male,8.7,5.3,14.9,82.1,283.0,19.0,5.397605346934028e-79,27.0,0.95,83.98,94.0,8.65,1.39
IQ-LAB-94232,70.0,male,10.6,4.76,15.3,92.5,300.0,39.0,5.397605346934028e-79,35.0,0.8,70.72,,,3.16
IQ-LAB-94233,62.0,male,8.6,5.1,15.9,91.9,201.0,20.0,5.397605346934028e-79,22.0,0.69,61.0,,,0.68
IQ-LAB-94234,10.0,female,6.7,4.95,11.2,70.9,279.0,,,,,,,,0.18
IQ-LAB-94235,18.0,female,8.2,4.42,12.6,85.9,230.0,21.0,5.397605346934028e-79,26.0,0.93,82.21,,,2.4
IQ-LAB-94237,63.0,male,8.7,5.44,15.8,87.1,252.0,31.0,5.397605346934028e-79,24.0,1.21,106.96,130.0,13.26,0.87
IQ-LAB-94238,15.0,female,5.5,4.21,12.0,86.5,262.0,7.0,5.397605346934028e-79,15.0,0.61,53.92,,,0.68
IQ-LAB-94241,30.0,female,17.0,5.19,16.4,87.0,479.0,46.0,5.397605346934028e-79,23.0,0.81,71.6,,,0.8
IQ-LAB-94242,60.0,male,4.3,4.67,14.8,94.2,184.0,15.0,5.397605346934028e-79,19.0,0.79,69.84,112.0,11.39,1.59
IQ-LAB-94243,80.0,male,4.9,3.98,13.3,99.1,133.0,16.0,5.397605346934028e-79,20.0,1.05,92.82,139.0,6.59,0.21
IQ-LAB-94245,31.0,female,7.9,3.78,13.0,97.8,240.0,12.0,5.397605346934028e-79,20.0,0.78,68.95,,,0.74
IQ-LAB-94247,27.0,male,7.4,5.51,16.4,87.9,193.0,23.0,5.397605346934028e-79,22.0,0.96,84.86,110.0,23.46,5.69
IQ-LAB-94248,38.0,female,6.7,4.98,13.5,81.2,316.0,14.0,5.397605346934028e-79,18.0,0.7,61.88,,,13.98
IQ-LAB-94249,66.0,female,12.6,4.79,13.2,84.3,373.0,38.0,5.397605346934028e-79,20.0,0.83,73.37,,,1.28
IQ-LAB-94250,23.0,female,8.6,4.47,13.2,89.5,322.0,16.0,5.397605346934028e-79,15.0,0.62,54.81,97.0,16.28,7.07
IQ-LAB-94251,22.0,female,9.3,4.57,14.1,93.2,239.0,13.0,5.397605346934028e-79,15.0,0.95,83.98,89.0,11.43,12.39
IQ-LAB-94253,70.0,female,7.7,4.97,13.8,83.3,333.0,36.0,5.397605346934028e-79,31.0,0.78,68.95,,,5.1
IQ-LAB-94254,8.0,female,8.3,5.56,13.4,73.2,338.0,,,,,,,,0.53
IQ-LAB-94255,43.0,male,6.1,5.85,17.5,86.7,187.0,43.0,5.397605346934028e-79,23.0,0.84,74.26,,,1.31
IQ-LAB-94257,11.0,male,5.8,4.78,13.7,83.8,231.0,,,,,,,,0.92
IQ-LAB-94258,51.0,male,7.6,5.26,16.4,90.5,243.0,47.0,5.397605346934028e-79,27.0,1.09,96.36,,,0.66
IQ-LAB-94259,50.0,female,5.7,4.86,14.0,87.3,145.0,14.0,5.397605346934028e-79,19.0,0.73,64.53,100.0,4.63,0.8
IQ-LAB-94260,48.0,female,9.8,4.24,11.0,81.8,349.0,13.0,5.397605346934028e-79,16.0,0.64,56.58,,,5.91
IQ-LAB-94261,63.0,female,7.7,4.77,15.8,91.2,190.0,14.0,5.397605346934028e-79,16.0,0.64,56.58,286.0,13.07,1.59
IQ-LAB-94262,22.0,male,7.8,5.25,14.9,86.9,155.0,16.0,5.397605346934028e-79,17.0,0.84,74.26,97.0,4.05,0.24
IQ-LAB-94263,17.0,male,5.3,4.85,14.0,87.3,212.0,11.0,5.397605346934028e-79,16.0,1.07,94.59,,,0.32
IQ-LAB-94264,7.0,female,6.7,4.17,12.6,86.4,228.0,,,,,,,,0.25
IQ-LAB-94265,75.0,male,11.8,4.52,12.9,87.0,261.0,21.0,5.397605346934028e-79,15.0,0.78,68.95,172.0,10.66,1.41
IQ-LAB-94266,43.0,male,8.2,5.24,15.7,87.5,261.0,20.0,5.397605346934028e-79,18.0,0.85,75.14,,,1.51
IQ-LAB-94267,80.0,female,5.4,4.36,13.9,95.3,222.0,15.0,5.397605346934028e-79,21.0,0.56,49.5,114.0,7.93,0.78
IQ-LAB-94268,13.0,male,9.0,4.73,13.7,86.2,270.0,14.0,5.397605346934028e-79,21.0,0.73,64.53,,,0.21
IQ-LAB-94269,10.0,female,12.7,4.88,12.8,80.8,311.0,,,,,,,,30.18
IQ-LAB-94270,33.0,male,7.4,5.45,15.8,84.7,220.0,33.0,5.397605346934028e-79,25.0,0.8,70.72,115.0,17.15,1.21
IQ-LAB-94271,18.0,male,9.7,5.8,16.0,82.0,315.0,41.0,5.397605346934028e-79,24.0,0.86,76.02,112.0,45.15,5.04
IQ-LAB-94272,16.0,male,6.2,5.27,15.4,86.8,269.0,12.0,5.397605346934028e-79,18.0,0.79,69.84,,,0.32
IQ-LAB-94273,63.0,male,5.7,4.68,14.4,89.7,252.0,29.0,5.397605346934028e-79,21.0,0.65,57.46,,,0.68
IQ-LAB-94274,58.0,female,5.4,5.18,14.3,85.7,280.0,16.0,5.397605346934028e-79,17.0,0.83,73.37,113.0,12.61,1.25
IQ-LAB-94275,54.0,male,6.4,4.93,15.4,89.4,153.0,54.0,5.397605346934028e-79,34.0,0.66,58.34,93.0,19.75,1.7
IQ-LAB-94276,80.0,male,9.5,6.44,18.4,85.7,205.0,57.0,5.397605346934028e-79,43.0,1.28,113.15,116.0,6.13,3.01
IQ-LAB-94277,41.0,female,7.6,4.82,13.8,83.1,286.0,14.0,5.397605346934028e-79,15.0,0.5,44.2,92.0,4.72,1.12
IQ-LAB-94278,62.0,male,6.7,4.19,13.3,95.5,153.0,23.0,5.397605346934028e-79,27.0,0.96,84.86,,,0.36
IQ-LAB-94279,39.0,male,8.7,4.59,14.1,89.0,215.0,14.0,5.397605346934028e-79,23.0,1.04,91.94,,,0.44
IQ-LAB-94280,9.0,female,8.7,4.85,13.5,81.8,293.0,,,,,,,,0.8
IQ-LAB-94281,31.0,female,11.5,3.91,9.3,75.5,818.0,6.0,5.397605346934028e-79,8.0,0.7,61.88,,,6.06
IQ-LAB-94282,17.0,female,6.2,4.78,12.6,80.4,562.0,11.0,5.397605346934028e-79,12.0,0.77,68.07,97.0,12.94,1.28
IQ-LAB-94283,60.0,female,6.0,4.94,14.7,88.6,200.0,22.0,5.397605346934028e-79,12.0,0.57,50.39,303.0,7.78,5.36
IQ-LAB-94284,58.0,female,6.1,4.95,13.5,81.0,229.0,35.0,5.397605346934028e-79,29.0,0.64,56.58,,,2.29
IQ-LAB-94285,43.0,male,13.7,5.7,17.9,91.8,228.0,28.0,5.397605346934028e-79,25.0,0.87,76.91,315.0,24.07,7.0
IQ-LAB-94286,75.0,female,5.5,5.04,13.6,82.7,293.0,14.0,5.397605346934028e-79,19.0,0.6,53.04,122.0,10.09,2.89
IQ-LAB-94287,20.0,male,7.0,5.27,14.7,85.7,279.0,33.0,5.397605346934028e-79,39.0,0.96,84.86,,,1.44
IQ-LAB-94290,35.0,female,5.7,4.92,14.8,87.8,316.0,28.0,5.397605346934028e-79,24.0,0.72,63.65,100.0,10.47,2.05
IQ-LAB-94291,27.0,female,8.3,4.54,12.4,82.4,269.0,15.0,5.397605346934028e-79,19.0,0.76,67.18,,,1.09
IQ-LAB-94292,14.0,female,7.3,5.29,13.8,78.0,193.0,10.0,5.397605346934028e-79,17.0,0.6,53.04,101.0,8.77,2.74
IQ-LAB-94293,64.0,male,6.8,5.61,15.9,87.6,262.0,26.0,5.397605346934028e-79,15.0,0.92,81.33,,,3.13
IQ-LAB-94294,14.0,female,8.6,4.28,12.8,88.0,289.0,20.0,5.397605346934028e-79,21.0,0.64,56.58,,,0.38
IQ-LAB-94295,48.0,female,9.0,4.8,14.1,86.3,306.0,25.0,5.397605346934028e-79,19.0,0.6,53.04,,,10.63
IQ-LAB-94298,80.0,male,4.6,5.09,12.6,76.0,110.0,14.0,5.397605346934028e-79,14.0,1.12,99.01,112.0,6.74,2.17
IQ-LAB-94299,12.0,female,5.0,5.04,13.9,80.7,177.0,17.0,5.397605346934028e-79,19.0,0.64,56.58,97.0,14.33,0.25
IQ-LAB-94300,69.0,female,6.2,4.27,13.4,93.2,325.0,23.0,5.397605346934028e-79,17.0,0.56,49.5,117.0,15.41,3.87
IQ-LAB-94301,64.0,female,3.8,4.5,13.6,92.8,208.0,13.0,5.397605346934028e-79,20.0,1.0,88.4,94.0,3.87,0.51
IQ-LAB-94302,24.0,female,6.8,4.18,12.6,88.8,132.0,9.0,5.397605346934028e-79,15.0,0.58,51.27,76.0,5.11,0.28
IQ-LAB-94303,65.0,male,7.2,4.53,14.6,92.1,153.0,13.0,5.397605346934028e-79,10.0,1.05,92.82,,,0.46
IQ-LAB-94304,40.0,male,8.0,4.78,14.8,88.4,211.0,16.0,5.397605346934028e-79,20.0,0.88,77.79,,,1.6
IQ-LAB-94305,18.0,female,6.0,4.44,14.4,93.3,330.0,9.0,5.397605346934028e-79,12.0,0.77,68.07,,,0.82
IQ-LAB-94306,22.0,female,7.2,4.37,12.5,88.1,255.0,19.0,5.397605346934028e-79,22.0,0.92,81.33,,,0.47
IQ-LAB-94307,10.0,female,10.5,4.75,14.6,89.8,380.0,,,,,,,,0.32
IQ-LAB-94308,11.0,female,7.6,5.18,15.0,83.9,282.0,,,,,,,,0.27
IQ-LAB-94309,54.0,female,10.1,4.37,12.8,88.2,336.0,,,,,,,,
IQ-LAB-94311,41.0,female,6.7,4.14,12.3,88.8,337.0,7.0,5.397605346934028e-79,11.0,0.71,62.76,,,0.69
IQ-LAB-94312,15.0,female,5.6,4.65,14.1,90.5,254.0,13.0,5.397605346934028e-79,21.0,0.85,75.14,93.0,10.62,0.15
IQ-LAB-94314,48.0,male,5.5,5.18,15.7,91.5,171.0,21.0,5.397605346934028e-79,18.0,0.9,79.56,100.0,10.97,0.48
IQ-LAB-94317,10.0,male,7.3,5.66,15.5,80.8,305.0,,,,,,,,0.57
IQ-LAB-94319,44.0,male,4.1,5.04,15.8,92.7,229.0,24.0,5.397605346934028e-79,22.0,1.05,92.82,105.0,8.69,0.84
IQ-LAB-94320,33.0,male,6.6,4.38,14.4,95.9,240.0,25.0,5.397605346934028e-79,35.0,1.22,107.85,86.0,2.3,1.64
IQ-LAB-94321,60.0,male,5.5,4.14,10.6,80.9,337.0,8.0,5.397605346934028e-79,14.0,1.14,100.78,,,5.23
IQ-LAB-94322,20.0,male,6.5,5.22,15.4,86.5,185.0,70.0,5.397605346934028e-79,45.0,1.07,94.59,,,2.5
IQ-LAB-94323,60.0,male,8.8,4.95,14.6,86.7,303.0,70.0,5.397605346934028e-79,44.0,0.9,79.56,97.0,41.57,3.8
IQ-LAB-94324,50.0,female,5.4,4.5,13.9,90.2,184.0,35.0,5.397605346934028e-79,19.0,0.8,70.72,100.0,6.34,0.51
IQ-LAB-94325,62.0,female,5.1,4.43,14.3,96.4,205.0,13.0,5.397605346934028e-79,24.0,0.68,60.11,,,0.64
IQ-LAB-94326,55.0,male,10.8,4.82,14.4,89.0,257.0,14.0,5.397605346934028e-79,15.0,0.84,74.26,,,4.55
IQ-LAB-94328,29.0,female,6.6,4.33,12.7,86.8,199.0,10.0,5.397605346934028e-79,15.0,0.58,51.27,,,0.44
IQ-LAB-94329,6.0,female,5.5,3.9,10.6,84.1,299.0,,,,,,,,0.3
IQ-LAB-94330,57.0,female,8.7,4.97,15.2,92.5,216.0,20.0,5.397605346934028e-79,18.0,0.66,58.34,185.0,8.05,2.09
IQ-LAB-94331,4.0,female,3.9,4.62,13.1,81.9,250.0,,,,,,,,0.33
IQ-LAB-94335,69.0,male,6.0,4.67,15.0,97.5,215.0,23.0,5.397605346934028e-79,20.0,1.02,90.17,102.0,19.32,0.58
IQ-LAB-94336,74.0,male,6.7,4.89,15.1,90.7,236.0,100.0,5.397605346934028e-79,55.0,0.93,82.21,153.0,18.51,1.81
IQ-LAB-94337,44.0,male,6.5,5.54,16.7,90.9,281.0,70.0,5.397605346934028e-79,44.0,0.87,76.91,110.0,56.69,4.64
IQ-LAB-94339,37.0,male,7.6,6.45,16.8,80.4,195.0,25.0,5.397605346934028e-79,18.0,0.95,83.98,,,3.69
IQ-LAB-94340,25.0,male,9.4,5.61,17.0,86.3,237.0,58.0,5.397605346934028e-79,32.0,1.02,90.17,,,1.48
IQ-LAB-94341,24.0,male,7.1,5.46,16.0,87.8,182.0,47.0,5.397605346934028e-79,28.0,0.82,72.49,99.0,13.03,1.18
IQ-LAB-94342,57.0,female,6.3,4.06,12.1,92.0,266.0,20.0,5.397605346934028e-79,21.0,0.88,77.79,,,1.26
IQ-LAB-94343,71.0,male,7.3,4.59,13.8,91.5,266.0,25.0,5.397605346934028e-79,18.0,1.17,103.43,162.0,28.24,0.45
IQ-LAB-94345,65.0,male,8.8,4.63,14.1,89.7,205.0,20.0,5.397605346934028e-79,12.0,1.88,166.19,192.0,30.5,10.94
IQ-LAB-94348,80.0,male,7.1,4.65,14.8,96.7,135.0,21.0,5.397605346934028e-79,37.0,1.62,143.21,,,3.01
IQ-LAB-94349,17.0,male,4.8,4.7,14.0,88.1,205.0,11.0,5.397605346934028e-79,18.0,0.74,65.42,,,0.3
IQ-LAB-94350,54.0,male,7.2,5.46,16.1,85.9,256.0,27.0,5.397605346934028e-79,20.0,1.13,99.89,,,0.51
IQ-LAB-94351,14.0,male,8.2,5.26,15.5,85.9,263.0,15.0,5.397605346934028e-79,23.0,0.9,79.56,,,0.46
IQ-LAB-94352,70.0,female,8.0,4.62,14.0,87.0,207.0,15.0,5.397605346934028e-79,20.0,0.68,60.11,,,2.02
IQ-LAB-94353,19.0,female,6.2,4.75,13.2,83.8,225.0,26.0,5.397605346934028e-79,35.0,0.72,63.65,,,80.09
IQ-LAB-94354,10.0,female,9.3,4.63,13.6,87.4,400.0,,,,,,,,4.51
IQ-LAB-94355,2.0,male,6.6,4.01,11.6,83.8,300.0,,,,,,,,0.58
IQ-LAB-94356,58.0,male,6.2,4.4,13.9,92.4,268.0,15.0,5.397605346934028e-79,23.0,1.01,89.28,,,5.69
IQ-LAB-94357,8.0,male,10.1,4.77,14.1,83.5,368.0,,,,,,,,1.07
IQ-LAB-94359,36.0,male,9.2,5.38,15.5,85.3,208.0,34.0,5.397605346934028e-79,26.0,0.74,65.42,,,0.97
IQ-LAB-94360,44.0,male,10.1,6.19,19.9,93.4,165.0,31.0,5.397605346934028e-79,19.0,1.26,111.38,,,2.75
IQ-LAB-94361,38.0,female,7.2,4.21,13.3,92.1,198.0,13.0,5.397605346934028e-79,14.0,0.62,54.81,,,6.71
IQ-LAB-94362,79.0,male,7.6,4.31,15.7,95.1,213.0,60.0,5.397605346934028e-79,47.0,1.11,98.12,187.0,8.17,1.07
IQ-LAB-94364,19.0,female,11.0,4.77,13.9,85.8,360.0,14.0,5.397605346934028e-79,17.0,0.61,53.92,,,12.07
IQ-LAB-94365,22.0,male,7.1,4.33,13.5,94.9,269.0,19.0,5.397605346934028e-79,22.0,1.06,93.7,,,0.43
IQ-LAB-94366,25.0,male,4.2,4.44,14.2,95.7,247.0,19.0,5.397605346934028e-79,16.0,0.85,75.14,106.0,4.12,0.57
IQ-LAB-94367,9.0,female,4.8,4.76,13.4,83.4,296.0,,,,,,,,0.3
IQ-LAB-94368,33.0,female,9.4,3.89,12.4,95.3,384.0,7.0,5.397605346934028e-79,15.0,0.52,45.97,,,1.67
IQ-LAB-94369,2.0,male,4.7,4.93,13.4,79.4,386.0,,,,,,,,0.61
IQ-LAB-94371,10.0,female,9.3,4.74,13.6,83.5,238.0,,,,,,,,4.71
IQ-LAB-94372,68.0,male,7.0,5.06,14.6,83.8,200.0,27.0,5.397605346934028e-79,21.0,1.17,103.43,222.0,17.66,2.67
IQ-LAB-94373,80.0,female,7.4,4.47,13.6,90.8,173.0,13.0,5.397605346934028e-79,23.0,0.73,64.53,97.0,7.63,2.42
IQ-LAB-94374,52.0,female,6.8,4.91,15.1,91.1,236.0,30.0,5.397605346934028e-79,26.0,0.89,78.68,91.0,13.55,4.02
IQ-LAB-94375,30.0,female,8.3,4.6,14.6,93.5,338.0,12.0,5.397605346934028e-79,18.0,0.78,68.95,96.0,4.83,5.12
IQ-LAB-94376,66.0,male,7.8,5.38,16.5,93.8,200.0,18.0,5.397605346934028e-79,17.0,0.99,87.52,106.0,10.73,6.04
IQ-LAB-94377,33.0,male,16.4,5.12,15.2,86.4,255.0,22.0,5.397605346934028e-79,26.0,0.68,60.11,,,6.35
IQ-LAB-94378,13.0,male,6.1,5.06,13.0,78.5,227.0,9.0,5.397605346934028e-79,18.0,0.67,59.23,,,0.11
IQ-LAB-94379,24.0,female,8.4,4.66,13.9,89.4,255.0,12.0,5.397605346934028e-79,14.0,0.67,59.23,93.0,14.69,4.3
IQ-LAB-94380,63.0,male,7.1,6.13,13.5,68.3,185.0,15.0,5.397605346934028e-79,16.0,1.18,104.31,108.0,22.44,2.17
IQ-LAB-94382,32.0,female,4.9,4.37,14.8,95.7,225.0,9.0,5.397605346934028e-79,15.0,0.99,87.52,,,1.22
IQ-LAB-94383,4.0,female,3.5,4.79,13.3,83.2,125.0,,,,,,,,1.86
IQ-LAB-94385,48.0,female,5.1,4.33,12.4,86.2,143.0,13.0,5.397605346934028e-79,14.0,0.77,68.07,,,1.14
IQ-LAB-94386,71.0,female,11.3,5.02,15.2,89.6,230.0,22.0,5.397605346934028e-79,18.0,0.69,61.0,,,13.04
IQ-LAB-94387,39.0,female,7.8,4.66,13.5,88.2,426.0,13.0,5.397605346934028e-79,16.0,0.84,74.26,118.0,20.65,8.37
IQ-LAB-94388,33.0,female,3.9,4.12,12.3,88.0,202.0,14.0,5.397605346934028e-79,17.0,0.8,70.72,97.0,6.91,0.46
IQ-LAB-94389,4.0,male,6.1,5.23,12.8,74.6,196.0,,,,,,,,
IQ-LAB-94390,72.0,female,4.1,4.0,12.3,92.0,138.0,20.0,5.397605346934028e-79,24.0,0.75,66.3,124.0,14.38,0.86
IQ-LAB-94392,25.0,male,5.2,4.59,14.1,92.3,189.0,19.0,5.397605346934028e-79,20.0,0.87,76.91,102.0,4.2,0.73
IQ-LAB-94393,36.0,male,5.9,5.14,15.0,87.4,217.0,25.0,5.397605346934028e-79,24.0,0.94,83.1,96.0,4.96,0.58
IQ-LAB-94394,18.0,female,4.7,4.42,12.8,85.9,329.0,10.0,5.397605346934028e-79,14.0,0.68,60.11,,,3.3
IQ-LAB-94398,39.0,female,6.0,4.14,8.9,70.7,314.0,14.0,5.397605346934028e-79,18.0,0.74,65.42,,,3.13
IQ-LAB-94399,62.0,female,8.0,4.94,15.0,87.6,224.0,43.0,5.397605346934028e-79,34.0,0.67,59.23,,,3.92
IQ-LAB-94401,57.0,male,9.4,4.88,14.2,86.5,205.0,27.0,5.397605346934028e-79,24.0,1.0,88.4,,,1.67
IQ-LAB-94402,10.0,male,6.0,4.91,13.7,81.7,207.0,,,,,,,,0.54
IQ-LAB-94404,80.0,female,8.8,4.23,13.3,92.4,205.0,16.0,5.397605346934028e-79,20.0,1.03,91.05,,,0.92
IQ-LAB-94405,39.0,female,6.8,4.32,15.0,99.4,175.0,65.0,5.397605346934028e-79,41.0,0.85,75.14,,,2.47
IQ-LAB-94406,34.0,female,6.0,5.02,11.1,71.0,155.0,11.0,5.397605346934028e-79,14.0,0.55,48.62,,,4.68
IQ-LAB-94407,76.0,female,7.1,4.42,13.3,87.0,239.0,10.0,5.397605346934028e-79,19.0,0.59,52.16,,,2.44
IQ-LAB-94408,72.0,male,8.8,4.63,14.6,92.2,281.0,15.0,5.397605346934028e-79,19.0,1.39,122.88,111.0,9.53,1.03
IQ-LAB-94409,23.0,male,6.7,4.78,13.8,86.6,195.0,8.0,5.397605346934028e-79,13.0,0.9,79.56,,,0.2
IQ-LAB-94410,80.0,female,5.5,3.47,10.0,89.8,271.0,8.0,5.397605346934028e-79,14.0,1.0,88.4,93.0,8.85,1.89
IQ-LAB-94411,13.0,male,6.8,5.21,15.3,86.5,247.0,14.0,5.397605346934028e-79,20.0,1.01,89.28,,,0.36
IQ-LAB-94412,80.0,male,5.7,4.28,12.9,90.9,161.0,7.0,5.397605346934028e-79,12.0,1.03,91.05,,,33.41
IQ-LAB-94413,16.0,male,6.3,5.26,15.1,84.2,340.0,22.0,5.397605346934028e-79,24.0,0.86,76.02,,,0.29
IQ-LAB-94414,32.0,male,12.7,4.88,14.8,89.6,251.0,31.0,5.397605346934028e-79,21.0,1.03,91.05,,,4.76
IQ-LAB-94415,37.0,male,9.8,4.95,15.6,89.2,212.0,16.0,5.397605346934028e-79,21.0,0.82,72.49,,,0.57
IQ-LAB-94416,28.0,female,8.3,5.25,13.2,75.5,280.0,58.0,5.397605346934028e-79,60.0,0.74,65.42,,,8.56
IQ-LAB-94417,3.0,female,6.4,4.22,12.9,89.0,297.0,,,,,,,,0.24
IQ-LAB-94418,76.0,female,8.6,4.95,14.8,88.5,314.0,36.0,5.397605346934028e-79,25.0,1.2,106.08,,,4.48
IQ-LAB-94419,10.0,female,7.6,4.51,12.6,84.2,362.0,,,,,,,,0.94
IQ-LAB-94420,80.0,female,5.7,4.14,12.5,92.3,209.0,13.0,5.397605346934028e-79,17.0,0.94,83.1,,,0.96
IQ-LAB-94421,75.0,female,10.4,4.84,15.1,91.3,245.0,15.0,5.397605346934028e-79,19.0,0.66,58.34,122.0,8.32,2.63
IQ-LAB-94422,2.0,female,5.6,4.58,13.0,83.0,354.0,,,,,,,,0.61
IQ-LAB-94423,18.0,male,6.5,5.51,16.1,85.6,254.0,44.0,5.397605346934028e-79,22.0,0.61,53.92,,,0.31
IQ-LAB-94424,75.0,female,3.7,4.86,14.6,90.1,257.0,18.0,5.397605346934028e-79,21.0,0.86,76.02,93.0,6.17,0.48
IQ-LAB-94425,75.0,female,9.8,4.12,13.2,92.9,198.0,23.0,5.397605346934028e-79,22.0,1.09,96.36,,,2.26
IQ-LAB-94427,49.0,female,7.7,4.29,12.7,87.2,336.0,37.0,5.397605346934028e-79,26.0,0.62,54.81,,,5.9
IQ-LAB-94428,60.0,male,11.1,5.5,17.3,93.5,215.0,32.0,5.397605346934028e-79,23.0,1.02,90.17,326.0,18.26,9.11
IQ-LAB-94429,61.0,male,8.1,4.71,12.6,79.5,213.0,19.0,5.397605346934028e-79,13.0,1.38,121.99,,,8.49
IQ-LAB-94430,25.0,female,9.5,4.77,12.7,82.3,373.0,20.0,5.397605346934028e-79,22.0,0.73,64.53,,,12.49
IQ-LAB-94431,47.0,male,10.4,5.02,15.8,89.8,257.0,25.0,5.397605346934028e-79,18.0,0.74,65.42,229.0,29.05,10.42
IQ-LAB-94432,71.0,female,9.5,5.73,16.9,86.6,171.0,19.0,5.397605346934028e-79,20.0,0.61,53.92,,,2.2
IQ-LAB-94433,46.0,male,6.0,4.79,14.1,89.2,226.0,18.0,5.397605346934028e-79,14.0,0.63,55.69,,,2.4
IQ-LAB-94434,26.0,female,7.8,4.43,11.3,81.8,419.0,38.0,5.397605346934028e-79,29.0,0.63,55.69,,,0.48
IQ-LAB-94435,1.0,male,9.2,4.76,12.8,81.9,485.0,,,,,,,,0.26
IQ-LAB-94436,31.0,female,8.3,4.85,13.3,83.7,218.0,9.0,5.397605346934028e-79,11.0,0.83,73.37,108.0,18.94,1.45
IQ-LAB-94438,80.0,male,5.8,4.54,14.7,96.3,186.0,33.0,5.397605346934028e-79,30.0,1.19,105.2,109.0,5.59,24.93
IQ-LAB-94441,12.0,male,6.4,5.08,13.7,83.0,374.0,18.0,5.397605346934028e-79,21.0,0.63,55.69,103.0,12.84,0.26
IQ-LAB-94443,32.0,male,6.3,4.83,14.3,90.1,229.0,22.0,5.397605346934028e-79,22.0,1.09,96.36,99.0,6.21,1.69
IQ-LAB-94444,78.0,female,3.7,4.93,13.8,84.2,253.0,15.0,5.397605346934028e-79,17.0,0.73,64.53,114.0,16.01,0.73
IQ-LAB-94445,53.0,male,6.6,5.13,15.1,84.8,180.0,19.0,5.397605346934028e-79,18.0,1.15,101.66,,,2.2
IQ-LAB-94446,28.0,female,7.0,4.5,13.7,93.5,248.0,21.0,5.397605346934028e-79,14.0,0.63,55.69,86.0,9.08,2.1
IQ-LAB-94447,15.0,male,4.2,5.17,14.7,83.8,309.0,10.0,5.397605346934028e-79,23.0,0.67,59.23,73.0,5.26,0.31
IQ-LAB-94448,41.0,male,12.2,5.29,15.8,87.7,229.0,31.0,5.397605346934028e-79,16.0,0.87,76.91,,,6.36
IQ-LAB-94450,30.0,male,11.3,5.88,16.0,80.9,200.0,39.0,5.397605346934028e-79,26.0,1.02,90.17,,,3.47
IQ-LAB-94453,20.0,female,8.5,4.82,14.5,86.8,219.0,12.0,5.397605346934028e-79,12.0,0.64,56.58,103.0,15.68,2.18
IQ-LAB-94454,1.0,male,12.4,4.7,12.8,81.3,278.0,,,,,,,,0.4
IQ-LAB-94455,10.0,female,6.5,4.73,13.1,85.4,268.0,,,,,,,,
IQ-LAB-94456,16.0,female,6.0,4.9,14.6,87.2,261.0,18.0,5.397605346934028e-79,19.0,0.91,80.44,,,4.32
IQ-LAB-94457,46.0,female,4.0,4.32,13.0,89.6,153.0,47.0,5.397605346934028e-79,38.0,0.57,50.39,,,0.7
IQ-LAB-94458,56.0,male,7.2,4.35,13.0,84.8,243.0,12.0,5.397605346934028e-79,15.0,0.75,66.3,,,4.28
IQ-LAB-94459,52.0,female,9.4,4.64,14.2,92.6,257.0,24.0,5.397605346934028e-79,25.0,0.75,66.3,,,3.67
IQ-LAB-94460,61.0,female,6.5,3.92,12.0,90.8,183.0,13.0,5.397605346934028e-79,22.0,0.81,71.6,,,2.28
IQ-LAB-94461,19.0,female,5.9,4.57,14.2,92.7,183.0,62.0,5.397605346934028e-79,78.0,0.64,56.58,,,1.66
IQ-LAB-94462,12.0,female,7.0,4.75,12.9,81.4,273.0,17.0,5.397605346934028e-79,20.0,0.52,45.97,,,0.29
IQ-LAB-94463,26.0,female,4.6,5.07,14.2,85.2,225.0,10.0,5.397605346934028e-79,13.0,0.8,70.72,105.0,16.33,0.76
IQ-LAB-94464,77.0,male,5.0,4.77,16.0,97.4,123.0,123.0,5.397605346934028e-79,122.0,1.92,169.73,,,
IQ-LAB-94465,31.0,male,7.1,5.09,14.9,86.3,285.0,18.0,5.397605346934028e-79,16.0,1.06,93.7,,,0.57
IQ-LAB-94467,18.0,female,6.5,4.52,13.5,89.7,267.0,31.0,5.397605346934028e-79,25.0,0.58,51.27,,,0.36
IQ-LAB-94469,37.0,female,6.4,4.96,12.9,79.6,256.0,13.0,5.397605346934028e-79,15.0,0.85,75.14,96.0,8.54,1.48
IQ-LAB-94470,64.0,male,9.5,5.04,16.7,98.4,265.0,24.0,5.397605346934028e-79,20.0,1.07,94.59,,,5.47
IQ-LAB-94471,42.0,female,7.2,4.67,12.8,85.3,303.0,13.0,5.397605346934028e-79,20.0,0.68,60.11,,,1.84
IQ-LAB-94472,5.0,female,6.8,4.81,11.8,76.2,326.0,,,,,,,,2.14
IQ-LAB-94473,73.0,female,5.5,4.61,14.6,94.1,180.0,16.0,5.397605346934028e-79,20.0,1.08,95.47,,,0.52
IQ-LAB-94474,55.0,male,8.8,4.93,14.4,85.5,148.0,19.0,5.397605346934028e-79,17.0,0.57,50.39,342.0,8.84,2.65
IQ-LAB-94475,26.0,female,10.1,4.44,14.6,95.4,238.0,21.0,5.397605346934028e-79,25.0,0.64,56.58,,,1.64
IQ-LAB-94477,58.0,female,4.2,4.6,13.3,86.0,163.0,23.0,5.397605346934028e-79,28.0,0.71,62.76,,,
IQ-LAB-94478,37.0,female,4.9,4.44,9.0,66.3,238.0,11.0,5.397605346934028e-79,14.0,0.78,68.95,95.0,6.75,0.6
IQ-LAB-94479,64.0,female,7.9,5.67,19.1,97.7,199.0,11.0,5.397605346934028e-79,16.0,0.82,72.49,,,7.46
IQ-LAB-94480,6.0,male,3.6,5.12,13.1,77.3,159.0,,,,,,,,0.11
IQ-LAB-94481,31.0,female,14.0,4.78,13.0,82.0,320.0,15.0,5.397605346934028e-79,19.0,0.81,71.6,,,10.36
IQ-LAB-94482,13.0,female,9.8,4.19,11.6,86.8,408.0,8.0,5.397605346934028e-79,18.0,0.64,56.58,,,1.69
IQ-LAB-94483,74.0,female,4.6,4.25,13.8,98.7,211.0,11.0,5.397605346934028e-79,16.0,0.74,65.42,108.0,9.82,1.24
IQ-LAB-94484,5.0,male,6.1,4.17,12.6,88.4,274.0,,,,,,,,1.13
IQ-LAB-94486,44.0,female,8.5,4.81,14.1,89.3,261.0,18.0,5.397605346934028e-79,21.0,0.99,87.52,,,1.11
IQ-LAB-94487,29.0,male,5.4,4.89,15.0,88.2,185.0,39.0,5.397605346934028e-79,23.0,1.11,98.12,,,1.52
IQ-LAB-94488,38.0,female,7.6,4.15,12.5,90.8,322.0,10.0,5.397605346934028e-79,11.0,0.49,43.32,109.0,7.31,1.71
IQ-LAB-94490,64.0,female,3.7,3.96,12.4,92.3,260.0,14.0,5.397605346934028e-79,17.0,0.82,72.49,118.0,5.45,0.72
IQ-LAB-94491,19.0,female,9.5,4.89,13.1,80.0,376.0,23.0,5.397605346934028e-79,29.0,0.79,69.84,88.0,39.26,1.43
IQ-LAB-94492,6.0,male,8.8,4.92,13.3,81.6,399.0,,,,,,,,0.59
IQ-LAB-94493,63.0,male,5.9,5.5,16.0,87.0,229.0,29.0,5.397605346934028e-79,23.0,0.88,77.79,,,2.32
IQ-LAB-94494,10.0,male,8.1,5.27,14.3,78.5,257.0,,,,,,,,0.11
IQ-LAB-94495,4.0,female,8.1,4.96,13.1,77.6,298.0,,,,,,,,0.32
IQ-LAB-94496,3.0,male,6.8,4.51,12.4,79.9,300.0,,,,,,,,0.11
IQ-LAB-94497,45.0,male,4.5,4.17,14.6,102.5,257.0,15.0,5.397605346934028e-79,15.0,0.73,64.53,100.0,7.67,4.04
IQ-LAB-94498,11.0,female,14.0,5.31,14.1,78.7,214.0,,,,,,,,0.85
IQ-LAB-94499,62.0,male,5.1,5.11,13.7,80.6,189.0,18.0,5.397605346934028e-79,25.0,0.64,56.58,103.0,7.04,2.69
IQ-LAB-94500,60.0,female,7.5,4.0,11.6,90.3,284.0,13.0,5.397605346934028e-79,16.0,1.25,110.5,116.0,19.5,6.76
IQ-LAB-94501,41.0,female,13.3,4.82,11.4,73.0,431.0,15.0,5.397605346934028e-79,15.0,0.8,70.72,,,4.11
IQ-LAB-94502,15.0,female,8.5,4.91,14.1,84.9,348.0,22.0,5.397605346934028e-79,17.0,0.54,47.74,,,5.69
IQ-LAB-94503,52.0,female,6.6,4.29,13.3,89.5,140.0,16.0,5.397605346934028e-79,20.0,0.52,45.97,,,1.08
IQ-LAB-94504,28.0,male,5.9,5.31,15.0,83.8,216.0,18.0,5.397605346934028e-79,23.0,1.0,88.4,,,0.61
IQ-LAB-94505,7.0,male,8.6,4.35,13.0,85.7,313.0,,,,,,,,1.3
IQ-LAB-94506,69.0,female,6.5,4.61,14.1,88.1,299.0,15.0,5.397605346934028e-79,19.0,0.63,55.69,,,1.41
IQ-LAB-94507,34.0,male,11.2,4.71,13.8,88.5,241.0,39.0,5.397605346934028e-79,28.0,0.89,78.68,,,14.87
IQ-LAB-94508,34.0,female,5.6,4.32,13.1,90.2,199.0,9.0,5.397605346934028e-79,17.0,0.73,64.53,,,2.44
IQ-LAB-94509,53.0,female,6.0,4.56,13.5,88.3,332.0,24.0,5.397605346934028e-79,21.0,1.09,96.36,102.0,14.84,1.04
IQ-LAB-94510,49.0,female,8.1,4.63,13.4,86.7,304.0,13.0,5.397605346934028e-79,15.0,1.06,93.7,,,1.6
IQ-LAB-94511,7.0,male,6.0,4.91,13.0,79.3,224.0,,,,,,,,0.91
IQ-LAB-94512,43.0,female,10.9,5.81,8.9,51.6,439.0,40.0,5.397605346934028e-79,20.0,0.42,37.13,169.0,16.52,5.32
IQ-LAB-94514,8.0,female,7.5,5.68,11.2,62.3,314.0,,,,,,,,0.26
IQ-LAB-94515,58.0,female,5.8,4.67,12.9,81.7,199.0,26.0,5.397605346934028e-79,17.0,0.59,52.16,,,7.86
IQ-LAB-94516,19.0,female,6.0,4.2,12.2,88.7,299.0,6.0,5.397605346934028e-79,15.0,0.58,51.27,88.0,6.57,1.24
IQ-LAB-94517,19.0,male,8.8,5.19,16.3,88.9,223.0,53.0,5.397605346934028e-79,30.0,0.9,79.56,,,3.12
IQ-LAB-94519,59.0,male,3.6,5.09,15.0,85.7,230.0,31.0,5.397605346934028e-79,23.0,0.71,62.76,,,1.4
IQ-LAB-94520,7.0,male,5.1,4.53,13.1,83.4,234.0,,,,,,,,0.31
IQ-LAB-94522,60.0,male,9.9,5.16,15.0,88.6,307.0,24.0,5.397605346934028e-79,24.0,0.94,83.1,102.0,6.95,10.46
IQ-LAB-94523,65.0,female,5.6,5.38,13.9,80.4,289.0,17.0,5.397605346934028e-79,22.0,0.77,68.07,98.0,8.47,2.43
IQ-LAB-94525,66.0,female,8.8,3.73,11.6,94.1,314.0,8.0,5.397605346934028e-79,12.0,0.82,72.49,106.0,7.0,33.59
IQ-LAB-94526,37.0,male,5.9,5.31,15.6,87.4,228.0,101.0,5.397605346934028e-79,88.0,0.81,71.6,94.0,8.64,2.16
IQ-LAB-94527,36.0,male,7.9,4.75,15.7,94.2,278.0,49.0,5.397605346934028e-79,24.0,0.73,64.53,,,0.35
IQ-LAB-94528,34.0,male,9.4,5.3,14.7,85.0,199.0,38.0,5.397605346934028e-79,26.0,0.78,68.95,86.0,12.25,8.42
IQ-LAB-94529,58.0,male,4.1,4.76,15.1,90.4,184.0,,,,,,,,
IQ-LAB-94530,22.0,male,5.8,4.67,14.8,92.3,230.0,10.0,5.397605346934028e-79,15.0,0.94,83.1,96.0,4.29,0.44
IQ-LAB-94531,34.0,female,6.5,4.88,13.8,84.6,283.0,19.0,5.397605346934028e-79,17.0,0.65,57.46,109.0,21.06,1.57
IQ-LAB-94532,36.0,female,8.0,4.2,13.0,91.7,327.0,9.0,5.397605346934028e-79,10.0,0.4,35.36,,,1.65
IQ-LAB-94534,80.0,male,7.2,4.33,13.2,90.0,167.0,12.0,5.397605346934028e-79,24.0,1.09,96.36,,,12.95
IQ-LAB-94536,13.0,male,6.6,5.12,15.1,85.3,244.0,15.0,5.397605346934028e-79,28.0,0.66,58.34,,,0.31
IQ-LAB-94537,11.0,male,7.1,4.44,12.7,86.4,288.0,,,,,,,,2.63
IQ-LAB-94539,55.0,female,8.2,3.86,13.0,96.7,202.0,20.0,5.397605346934028e-79,25.0,0.88,77.79,,,10.74
IQ-LAB-94541,79.0,female,6.1,4.08,12.3,92.1,237.0,16.0,5.397605346934028e-79,27.0,0.9,79.56,,,0.37
IQ-LAB-94542,30.0,male,4.2,4.28,13.7,97.9,185.0,10.0,5.397605346934028e-79,18.0,0.68,60.11,101.0,2.81,0.41
IQ-LAB-94543,12.0,female,9.2,4.54,12.2,84.8,250.0,15.0,5.397605346934028e-79,22.0,0.49,43.32,,,0.35
IQ-LAB-94544,17.0,female,8.0,4.62,13.5,85.3,222.0,8.0,5.397605346934028e-79,11.0,0.78,68.95,,,0.99
IQ-LAB-94545,18.0,male,8.9,4.99,14.7,86.6,345.0,13.0,5.397605346934028e-79,18.0,0.83,73.37,,,2.11
IQ-LAB-94546,19.0,female,8.3,4.59,13.9,87.8,300.0,9.0,5.397605346934028e-79,14.0,0.88,77.79,,,0.61
IQ-LAB-94547,67.0,female,4.9,4.09,14.1,100.2,128.0,12.0,5.397605346934028e-79,20.0,0.59,52.16,103.0,5.51,0.93
IQ-LAB-94548,4.0,male,6.6,4.57,11.5,77.1,327.0,,,,,,,,0.25
IQ-LAB-94549,80.0,male,7.9,3.98,12.6,90.8,193.0,11.0,5.397605346934028e-79,20.0,1.82,160.89,,,1.47
IQ-LAB-94550,17.0,female,8.3,4.69,9.8,69.0,332.0,12.0,5.397605346934028e-79,15.0,0.63,55.69,,,0.22
IQ-LAB-94552,56.0,female,8.7,5.26,12.0,72.4,318.0,21.0,5.397605346934028e-79,23.0,0.4,35.36,,,6.03
IQ-LAB-94553,72.0,female,9.4,5.5,13.7,78.5,240.0,12.0,5.397605346934028e-79,16.0,0.78,68.95,119.0,8.87,18.16
IQ-LAB-94554,69.0,male,6.6,4.83,14.7,91.6,174.0,39.0,5.397605346934028e-79,25.0,0.92,81.33,121.0,10.27,1.31
IQ-LAB-94555,19.0,male,7.6,4.89,14.6,86.8,241.0,15.0,5.397605346934028e-79,16.0,0.96,84.86,,,0.58
IQ-LAB-94556,7.0,male,6.9,4.57,13.1,81.0,294.0,,,,,,,,0.25
IQ-LAB-94557,35.0,female,7.0,4.27,12.7,88.4,230.0,19.0,5.397605346934028e-79,19.0,0.8,70.72,95.0,8.31,4.14
IQ-LAB-94558,62.0,female,5.5,4.45,14.0,94.6,236.0,24.0,5.397605346934028e-79,18.0,0.51,45.08,,,1.72
IQ-LAB-94559,41.0,male,9.1,5.28,15.9,87.3,279.0,23.0,5.397605346934028e-79,21.0,0.92,81.33,,,4.06
IQ-LAB-94560,24.0,female,8.7,5.0,14.8,87.7,428.0,39.0,5.397605346934028e-79,28.0,0.6,53.04,114.0,39.65,11.63
IQ-LAB-94561,5.0,female,8.0,4.41,13.2,88.2,333.0,,,,,,,,0.55
IQ-LAB-94562,16.0,male,7.5,5.17,15.0,87.5,224.0,10.0,5.397605346934028e-79,16.0,0.91,80.44,,,0.7
IQ-LAB-94563,8.0,male,5.6,4.45,12.9,86.7,343.0,,,,,,,,0.34
IQ-LAB-94564,80.0,female,9.0,4.18,13.6,94.6,269.0,16.0,5.397605346934028e-79,15.0,1.06,93.7,103.0,9.1,0.99
IQ-LAB-94565,45.0,female,10.0,4.52,12.4,83.9,268.0,21.0,5.397605346934028e-79,19.0,0.66,58.34,97.0,25.78,2.85
IQ-LAB-94567,16.0,male,6.6,4.67,13.3,87.6,168.0,9.0,5.397605346934028e-79,17.0,1.0,88.4,,,0.72
IQ-LAB-94568,60.0,female,6.5,4.22,13.2,94.3,310.0,25.0,5.397605346934028e-79,25.0,0.64,56.58,108.0,15.74,4.31
IQ-LAB-94569,27.0,female,7.8,4.44,14.0,93.0,251.0,18.0,5.397605346934028e-79,21.0,0.88,77.79,87.0,8.83,0.42
IQ-LAB-94570,48.0,male,10.9,4.99,17.0,95.0,197.0,17.0,5.397605346934028e-79,23.0,0.99,87.52,,,8.05
IQ-LAB-94571,80.0,female,5.7,5.19,15.6,89.1,238.0,16.0,5.397605346934028e-79,16.0,0.75,66.3,96.0,26.68,1.13
IQ-LAB-94572,14.0,female,7.7,4.98,14.4,86.9,257.0,13.0,5.397605346934028e-79,18.0,0.56,49.5,88.0,8.25,0.11
IQ-LAB-94573,62.0,female,5.4,4.43,13.9,86.6,203.0,18.0,5.397605346934028e-79,18.0,0.54,47.74,,,1.06
IQ-LAB-94574,18.0,male,11.8,5.5,14.6,81.0,369.0,19.0,5.397605346934028e-79,11.0,0.82,72.49,164.0,131.22,39.42
IQ-LAB-94575,80.0,female,6.6,4.78,14.9,92.9,278.0,16.0,5.397605346934028e-79,19.0,0.62,54.81,,,0.75
IQ-LAB-94576,33.0,female,9.5,4.34,12.4,88.6,318.0,27.0,5.397605346934028e-79,22.0,0.59,52.16,95.0,19.12,13.4
IQ-LAB-94577,30.0,female,7.0,4.58,14.5,92.1,237.0,13.0,5.397605346934028e-79,16.0,0.69,61.0,104.0,4.37,0.39
IQ-LAB-94578,71.0,male,5.9,4.87,15.3,93.0,238.0,21.0,5.397605346934028e-79,18.0,0.92,81.33,114.0,30.77,2.02
IQ-LAB-94579,52.0,male,4.4,4.82,13.6,86.0,195.0,21.0,5.397605346934028e-79,16.0,1.08,95.47,127.0,22.64,1.87
IQ-LAB-94580,5.0,female,7.5,4.57,12.7,80.0,292.0,,,,,,,,0.46
IQ-LAB-94582,1.0,male,8.5,4.61,12.4,79.8,236.0,,,,,,,,
IQ-LAB-94583,80.0,male,15.8,4.16,12.6,92.6,370.0,9.0,5.397605346934028e-79,18.0,1.21,106.96,115.0,4.67,6.68
IQ-LAB-94584,10.0,male,5.9,5.23,13.9,77.6,243.0,,,,,,,,0.3
IQ-LAB-94586,74.0,female,8.2,5.02,16.2,96.0,287.0,12.0,5.397605346934028e-79,16.0,0.6,53.04,,,2.34
IQ-LAB-94587,19.0,female,5.3,4.9,12.9,81.1,205.0,11.0,5.397605346934028e-79,16.0,0.59,52.16,101.0,4.2,0.31
IQ-LAB-94588,7.0,male,5.2,5.2,12.7,75.4,316.0,,,,,,,,0.38
IQ-LAB-94589,33.0,male,6.8,5.31,14.8,81.9,295.0,35.0,5.397605346934028e-79,21.0,0.84,74.26,99.0,12.54,1.39
IQ-LAB-94590,65.0,female,11.5,4.33,13.2,90.9,228.0,16.0,5.397605346934028e-79,18.0,0.72,63.65,,,3.58
IQ-LAB-94595,28.0,male,7.6,4.83,14.5,87.6,266.0,9.0,5.397605346934028e-79,18.0,0.74,65.42,,,2.22
IQ-LAB-94596,45.0,male,5.7,5.59,16.0,86.1,250.0,16.0,5.397605346934028e-79,19.0,1.29,114.04,110.0,3.55,2.87
IQ-LAB-94597,5.0,female,15.5,4.52,12.3,80.9,462.0,,,,,,,,9.93
IQ-LAB-94599,4.0,female,4.7,4.54,12.1,79.4,207.0,,,,,,,,0.49
IQ-LAB-94600,77.0,female,6.0,5.38,16.3,90.5,214.0,,,,,,,,
IQ-LAB-94601,15.0,female,6.5,4.7,13.0,80.7,247.0,11.0,5.397605346934028e-79,14.0,0.65,57.46,92.0,29.83,1.57
IQ-LAB-94602,2.0,male,7.6,4.5,12.4,80.9,355.0,,,,,,,,
IQ-LAB-94603,5.0,female,4.1,4.27,12.6,85.4,317.0,,,,,,,,3.49
IQ-LAB-94604,6.0,female,8.4,4.54,12.7,83.6,337.0,,,,,,,,0.62
IQ-LAB-94605,42.0,male,7.9,5.69,13.8,76.1,175.0,25.0,5.397605346934028e-79,25.0,1.4,123.76,,,2.86
IQ-LAB-94606,57.0,female,8.1,3.85,13.4,104.7,325.0,28.0,5.397605346934028e-79,28.0,0.69,61.0,350.0,38.9,
IQ-LAB-94607,38.0,male,6.2,5.09,15.0,85.1,245.0,20.0,5.397605346934028e-79,17.0,0.9,79.56,,,2.45
IQ-LAB-94608,24.0,male,5.2,6.08,16.0,81.6,184.0,12.0,5.397605346934028e-79,18.0,0.89,78.68,99.0,4.35,2.94
IQ-LAB-94609,70.0,female,5.0,4.63,13.0,84.8,251.0,38.0,5.397605346934028e-79,31.0,0.99,87.52,151.0,10.92,1.85
IQ-LAB-94610,16.0,female,10.0,4.26,12.7,91.2,453.0,14.0,5.397605346934028e-79,15.0,0.62,54.81,,,0.37
IQ-LAB-94611,11.0,female,8.2,4.65,14.6,90.8,352.0,,,,,,,,0.33
IQ-LAB-94612,9.0,male,6.3,4.71,13.5,83.0,231.0,,,,,,,,1.06
IQ-LAB-94613,13.0,female,8.7,4.71,13.0,86.0,259.0,10.0,5.397605346934028e-79,22.0,0.6,53.04,,,0.84
IQ-LAB-94615,47.0,female,8.3,4.4,13.8,93.3,359.0,26.0,5.397605346934028e-79,21.0,0.84,74.26,109.0,30.97,13.66
IQ-LAB-94616,62.0,male,9.4,5.19,15.0,89.0,187.0,16.0,5.397605346934028e-79,14.0,1.01,89.28,,,0.87
IQ-LAB-94617,4.0,male,7.8,5.07,13.6,78.3,355.0,,,,,,,,0.34
IQ-LAB-94618,49.0,male,5.2,5.36,16.2,88.5,167.0,28.0,5.397605346934028e-79,17.0,1.13,99.89,104.0,12.23,1.06
IQ-LAB-94619,61.0,male,4.7,5.1,14.5,85.3,211.0,19.0,5.397605346934028e-79,23.0,1.1,97.24,105.0,9.37,1.89
IQ-LAB-94623,48.0,female,11.7,4.56,13.6,87.3,306.0,18.0,5.397605346934028e-79,20.0,0.74,65.42,,,0.86
IQ-LAB-94624,38.0,male,8.4,5.64,16.9,87.1,278.0,68.0,5.397605346934028e-79,29.0,0.96,84.86,108.0,7.46,1.64
IQ-LAB-94625,22.0,male,5.1,4.79,14.9,95.1,205.0,16.0,5.397605346934028e-79,16.0,1.06,93.7,88.0,6.4,0.73
IQ-LAB-94626,15.0,male,7.1,5.03,14.7,87.3,232.0,23.0,5.397605346934028e-79,39.0,1.1,97.24,114.0,13.15,0.33
IQ-LAB-94627,59.0,male,9.8,6.07,15.6,79.2,323.0,29.0,5.397605346934028e-79,20.0,0.89,78.68,230.0,114.5,29.64
IQ-LAB-94628,2.0,male,6.7,3.93,11.6,84.7,487.0,,,,,,,,1.0
IQ-LAB-94629,2.0,female,9.7,4.45,11.5,75.4,333.0,,,,,,,,
IQ-LAB-94630,15.0,male,6.1,4.92,13.2,80.9,236.0,71.0,5.397605346934028e-79,51.0,1.18,104.31,,,5.8
IQ-LAB-94631,21.0,female,3.3,4.7,13.0,84.9,314.0,10.0,5.397605346934028e-79,18.0,0.68,60.11,93.0,4.33,6.88
IQ-LAB-94632,70.0,female,10.1,4.27,12.8,88.8,302.0,11.0,5.397605346934028e-79,13.0,1.06,93.7,113.0,9.46,7.3
IQ-LAB-94633,68.0,female,5.8,4.75,14.2,87.2,404.0,49.0,5.397605346934028e-79,35.0,0.65,57.46,86.0,5.05,0.56
IQ-LAB-94634,80.0,female,7.2,4.53,14.3,91.7,213.0,13.0,5.397605346934028e-79,29.0,1.19,105.2,,,0.93
IQ-LAB-94635,3.0,male,8.6,4.78,12.3,75.5,455.0,,,,,,,,0.31
IQ-LAB-94636,8.0,male,9.9,4.69,13.4,83.8,262.0,,,,,,,,0.75
IQ-LAB-94637,5.0,female,6.0,4.77,14.0,84.5,219.0,,,,,,,,0.39
IQ-LAB-94639,4.0,female,8.1,4.63,13.1,82.8,395.0,,,,,,,,0.8
IQ-LAB-94640,55.0,female,5.5,4.18,12.6,88.7,311.0,12.0,5.397605346934028e-79,15.0,0.63,55.69,104.0,7.36,3.66
IQ-LAB-94641,70.0,male,4.9,5.2,15.7,91.6,199.0,24.0,5.397605346934028e-79,28.0,1.7,150.28,160.0,7.34,0.93
IQ-LAB-94642,62.0,female,8.6,5.39,15.9,87.7,286.0,13.0,5.397605346934028e-79,12.0,0.64,56.58,169.0,6.82,1.45
IQ-LAB-94644,24.0,male,5.8,4.95,15.3,88.7,248.0,18.0,5.397605346934028e-79,19.0,0.86,76.02,95.0,6.52,0.6
IQ-LAB-94646,3.0,male,7.3,4.04,10.5,77.6,267.0,,,,,,,,0.36
IQ-LAB-94647,38.0,female,7.0,3.86,13.2,91.9,226.0,8.0,5.397605346934028e-79,12.0,0.56,49.5,,,0.38
IQ-LAB-94648,45.0,female,7.3,4.47,13.2,88.2,269.0,15.0,5.397605346934028e-79,14.0,0.39,34.48,,,0.4
IQ-LAB-94649,67.0,male,9.1,4.58,14.9,96.4,269.0,15.0,5.397605346934028e-79,17.0,0.91,80.44,136.0,70.1,3.97
IQ-LAB-94650,65.0,female,5.8,4.86,12.8,78.9,263.0,15.0,5.397605346934028e-79,18.0,0.69,61.0,,,6.86
IQ-LAB-94651,57.0,female,7.0,4.19,13.4,96.4,154.0,17.0,5.397605346934028e-79,18.0,0.94,83.1,125.0,5.13,8.97
IQ-LAB-94652,74.0,female,6.8,4.99,14.3,84.2,257.0,24.0,5.397605346934028e-79,22.0,0.9,79.56,102.0,6.92,1.7
IQ-LAB-94654,61.0,female,5.7,4.05,13.1,95.7,217.0,21.0,5.397605346934028e-79,24.0,0.97,85.75,99.0,5.19,4.08
IQ-LAB-94656,7.0,female,6.3,4.77,13.1,80.8,267.0,,,,,,,,0.32
IQ-LAB-94657,9.0,female,6.3,5.18,14.2,78.3,429.0,,,,,,,,0.28
IQ-LAB-94658,8.0,female,5.2,4.69,13.0,81.0,191.0,,,,,,,,1.88
IQ-LAB-94659,18.0,male,3.9,5.77,14.1,75.2,221.0,21.0,5.397605346934028e-79,17.0,0.84,74.26,83.0,13.07,0.72
IQ-LAB-94660,40.0,female,6.3,4.63,15.1,96.1,237.0,10.0,5.397605346934028e-79,13.0,0.85,75.14,,,2.78
IQ-LAB-94663,30.0,female,6.8,4.58,13.9,89.1,269.0,13.0,5.397605346934028e-79,14.0,0.7,61.88,90.0,4.55,0.49
IQ-LAB-94664,41.0,male,4.9,5.42,15.6,86.6,310.0,21.0,5.397605346934028e-79,23.0,1.01,89.28,104.0,8.29,0.29
IQ-LAB-94666,38.0,female,8.9,4.82,11.0,70.4,297.0,16.0,5.397605346934028e-79,16.0,0.87,76.91,,,0.93
IQ-LAB-94667,9.0,female,6.4,4.41,12.8,87.7,237.0,,,,,,,,0.25
IQ-LAB-94668,7.0,male,5.8,4.27,12.4,86.0,340.0,,,,,,,,6.53
IQ-LAB-94669,38.0,male,6.8,5.06,14.9,84.7,188.0,21.0,5.397605346934028e-79,19.0,0.95,83.98,,,0.21
IQ-LAB-94670,60.0,male,7.4,4.48,13.7,91.9,233.0,9.0,5.397605346934028e-79,13.0,1.62,143.21,143.0,13.23,6.34
IQ-LAB-94671,5.0,male,12.4,4.92,14.0,83.7,257.0,,,,,,,,
IQ-LAB-94672,29.0,female,11.2,4.74,13.7,85.5,351.0,31.0,5.397605346934028e-79,26.0,0.57,50.39,,,2.39
IQ-LAB-94673,23.0,female,6.1,4.1,11.1,85.5,234.0,19.0,5.397605346934028e-79,28.0,0.61,53.92,92.0,9.18,0.43
IQ-LAB-94674,17.0,male,6.7,5.39,15.1,84.4,278.0,19.0,5.397605346934028e-79,20.0,1.01,89.28,,,1.31
IQ-LAB-94676,67.0,male,10.2,4.27,13.2,92.6,238.0,14.0,5.397605346934028e-79,16.0,0.94,83.1,,,1.37
IQ-LAB-94677,25.0,female,7.2,4.71,13.5,85.1,254.0,18.0,5.397605346934028e-79,16.0,0.77,68.07,93.0,21.93,7.48
IQ-LAB-94678,58.0,female,5.2,4.18,13.3,94.7,201.0,25.0,5.397605346934028e-79,30.0,0.67,59.23,,,0.64
IQ-LAB-94679,63.0,male,9.3,4.78,15.7,94.5,338.0,25.0,5.397605346934028e-79,23.0,0.86,76.02,,,0.46
IQ-LAB-94680,1.0,male,8.5,5.0,13.0,75.2,343.0,,,,,,,,0.2
IQ-LAB-94681,60.0,male,8.1,4.91,14.7,87.0,236.0,16.0,5.397605346934028e-79,14.0,0.51,45.08,,,5.42
IQ-LAB-94684,38.0,female,10.7,5.33,13.8,80.0,379.0,21.0,5.397605346934028e-79,23.0,0.64,56.58,,,7.06
IQ-LAB-94685,47.0,female,6.2,4.43,8.8,66.9,373.0,9.0,5.397605346934028e-79,15.0,0.7,61.88,,,4.2
IQ-LAB-94686,33.0,female,4.6,4.15,13.1,96.4,233.0,53.0,5.397605346934028e-79,77.0,0.6,53.04,111.0,15.4,3.58
IQ-LAB-94687,35.0,female,6.8,4.47,13.2,86.6,273.0,14.0,5.397605346934028e-79,25.0,0.68,60.11,,,0.37
IQ-LAB-94688,61.0,male,6.9,5.02,16.5,97.8,250.0,13.0,5.397605346934028e-79,14.0,1.02,90.17,114.0,8.8,1.22
IQ-LAB-94689,22.0,male,7.5,5.13,14.8,82.7,219.0,20.0,5.397605346934028e-79,15.0,0.82,72.49,,,0.62
IQ-LAB-94690,2.0,female,8.1,4.35,12.4,84.5,360.0,,,,,,,,0.21
IQ-LAB-94693,59.0,male,5.5,4.23,13.3,94.7,313.0,16.0,5.397605346934028e-79,23.0,1.02,90.17,,,7.04
IQ-LAB-94695,56.0,female,9.6,4.48,14.1,94.9,334.0,16.0,5.397605346934028e-79,19.0,0.75,66.3,105.0,4.53,0.69
IQ-LAB-94696,43.0,female,6.0,4.4,13.5,92.0,184.0,12.0,5.397605346934028e-79,14.0,0.93,82.21,91.0,5.2,0.48
IQ-LAB-94697,23.0,female,8.6,4.38,13.2,87.2,329.0,14.0,5.397605346934028e-79,15.0,0.67,59.23,,,0.29
IQ-LAB-94698,59.0,female,7.1,4.57,12.8,85.5,366.0,15.0,5.397605346934028e-79,20.0,0.63,55.69,,,0.9
IQ-LAB-94699,10.0,male,5.8,4.44,13.1,85.7,193.0,,,,,,,,4.65
IQ-LAB-94700,10.0,male,6.9,4.69,12.9,82.8,260.0,,,,,,,,1.12
IQ-LAB-94702,17.0,female,6.4,4.4,12.2,83.8,286.0,14.0,5.397605346934028e-79,20.0,0.73,64.53,,,1.58
IQ-LAB-94703,10.0,female,6.3,4.98,14.9,87.3,287.0,,,,,,,,0.58
IQ-LAB-94704,80.0,female,4.2,3.94,11.9,90.8,170.0,9.0,5.397605346934028e-79,17.0,1.34,118.46,152.0,7.35,5.16
IQ-LAB-94705,62.0,female,5.9,3.58,11.8,94.2,301.0,16.0,5.397605346934028e-79,18.0,0.8,70.72,,,1.62
IQ-LAB-94706,43.0,female,6.9,4.01,9.4,72.2,268.0,14.0,5.397605346934028e-79,26.0,0.65,57.46,,,0.68
IQ-LAB-94708,41.0,male,5.4,5.09,14.9,87.8,258.0,9.0,5.397605346934028e-79,13.0,1.16,102.54,104.0,8.18,2.64
IQ-LAB-94709,6.0,male,6.7,4.51,13.0,84.7,266.0,,,,,,,,0.55
IQ-LAB-94710,35.0,male,6.4,5.52,17.0,93.1,260.0,18.0,5.397605346934028e-79,14.0,1.24,109.62,,,1.78
IQ-LAB-94711,64.0,female,7.6,4.74,16.1,101.6,162.0,23.0,5.397605346934028e-79,25.0,0.9,79.56,163.0,11.35,7.35
IQ-LAB-94713,56.0,female,6.0,4.8,13.8,87.7,251.0,10.0,5.397605346934028e-79,18.0,0.81,71.6,95.0,2.12,48.61
IQ-LAB-94714,1.0,male,7.5,5.02,12.8,76.7,194.0,,,,,,,,0.24
IQ-LAB-94716,76.0,female,8.1,4.47,14.4,94.8,261.0,14.0,5.397605346934028e-79,20.0,0.84,74.26,,,1.59
IQ-LAB-94717,6.0,female,11.1,4.38,12.6,83.3,352.0,,,,,,,,0.56
IQ-LAB-94718,3.0,female,6.4,4.38,12.1,82.9,300.0,,,,,,,,0.34
IQ-LAB-94719,56.0,female,6.7,4.55,13.5,88.8,285.0,27.0,5.397605346934028e-79,19.0,0.74,65.42,,,3.62
IQ-LAB-94720,22.0,male,5.5,5.22,15.3,87.5,216.0,25.0,5.397605346934028e-79,18.0,0.72,63.65,,,0.51
IQ-LAB-94721,30.0,male,7.2,4.98,14.9,84.6,198.0,49.0,5.397605346934028e-79,29.0,0.84,74.26,,,2.39
IQ-LAB-94722,11.0,male,6.5,4.9,14.3,82.8,220.0,,,,,,,,2.34
IQ-LAB-94723,18.0,female,10.4,4.82,12.2,78.4,275.0,13.0,5.397605346934028e-79,18.0,0.79,69.84,,,0.35
IQ-LAB-94724,80.0,female,9.4,4.25,12.6,90.8,295.0,9.0,5.397605346934028e-79,16.0,1.22,107.85,,,5.75
IQ-LAB-94725,56.0,male,7.6,4.98,13.6,80.1,263.0,27.0,5.397605346934028e-79,17.0,1.18,104.31,,,1.86
IQ-LAB-94726,46.0,female,7.5,4.25,13.2,91.5,314.0,15.0,5.397605346934028e-79,15.0,0.73,64.53,188.0,12.51,2.67
IQ-LAB-94727,17.0,female,8.2,4.62,12.2,82.4,260.0,10.0,5.397605346934028e-79,16.0,0.61,53.92,,,0.41
IQ-LAB-94729,37.0,male,5.7,4.79,13.4,86.7,195.0,20.0,5.397605346934028e-79,23.0,1.87,165.31,,,8.94
IQ-LAB-94730,62.0,female,5.2,4.4,13.4,89.7,254.0,11.0,5.397605346934028e-79,13.0,0.55,48.62,,,1.07
IQ-LAB-94731,44.0,female,4.1,4.43,9.0,66.6,168.0,11.0,5.397605346934028e-79,17.0,0.77,68.07,,,0.63
IQ-LAB-94732,45.0,female,10.1,4.33,13.2,92.3,214.0,,,,,,,,
IQ-LAB-94733,10.0,female,4.0,4.31,13.0,89.1,235.0,,,,,,,,0.4
IQ-LAB-94735,45.0,female,6.5,5.09,13.7,81.4,212.0,20.0,5.397605346934028e-79,22.0,1.04,91.94,103.0,31.9,8.02
IQ-LAB-94736,51.0,male,6.3,5.97,16.2,83.3,270.0,15.0,5.397605346934028e-79,13.0,1.04,91.94,194.0,6.54,2.3
IQ-LAB-94739,57.0,male,8.6,4.92,16.1,95.1,206.0,,,,,,,,
IQ-LAB-94740,46.0,female,9.3,4.4,14.7,93.3,378.0,13.0,5.397605346934028e-79,13.0,0.61,53.92,,,0.52
IQ-LAB-94741,3.0,female,6.2,4.85,12.3,78.0,253.0,,,,,,,,1.26
IQ-LAB-94742,10.0,female,5.9,4.52,12.8,82.7,324.0,,,,,,,,3.01
IQ-LAB-94743,13.0,female,8.5,4.47,12.7,87.1,357.0,16.0,5.397605346934028e-79,14.0,0.56,49.5,94.0,30.79,1.34
IQ-LAB-94744,43.0,male,4.7,5.39,14.6,84.0,100.0,37.0,5.397605346934028e-79,25.0,1.03,91.05,,,9.25
IQ-LAB-94745,19.0,male,11.5,4.98,14.5,86.1,122.0,20.0,5.397605346934028e-79,25.0,1.0,88.4,99.0,12.11,77.62
IQ-LAB-94747,59.0,female,8.9,4.5,13.4,89.4,244.0,28.0,5.397605346934028e-79,27.0,0.78,68.95,,,1.28
IQ-LAB-94748,51.0,female,6.7,4.67,12.9,85.2,288.0,12.0,5.397605346934028e-79,20.0,2.12,187.41,96.0,7.28,2.5
IQ-LAB-94749,13.0,female,4.4,4.81,13.5,84.9,239.0,6.0,5.397605346934028e-79,12.0,0.83,73.37,101.0,11.43,0.53
IQ-LAB-94750,80.0,male,7.6,5.1,13.3,82.5,152.0,15.0,5.397605346934028e-79,21.0,1.34,118.46,282.0,17.59,1.72
IQ-LAB-94751,9.0,male,6.4,4.45,12.7,85.8,286.0,,,,,,,,0.3
IQ-LAB-94752,73.0,male,5.9,4.9,14.7,88.7,236.0,19.0,5.397605346934028e-79,15.0,0.74,65.42,120.0,18.5,1.7
IQ-LAB-94753,74.0,female,6.2,4.28,12.9,91.0,168.0,11.0,5.397605346934028e-79,17.0,0.86,76.02,,,0.96
IQ-LAB-94754,65.0,female,9.6,4.91,14.4,88.2,252.0,17.0,5.397605346934028e-79,16.0,0.7,61.88,131.0,23.06,8.51
IQ-LAB-94755,74.0,female,7.0,4.3,13.3,95.0,165.0,13.0,5.397605346934028e-79,21.0,0.87,76.91,109.0,25.22,1.86
IQ-LAB-94757,19.0,male,8.9,5.31,15.4,83.7,146.0,9.0,5.397605346934028e-79,16.0,0.84,74.26,,,0.31
IQ-LAB-94759,6.0,male,6.9,5.15,13.9,79.9,268.0,,,,,,,,
IQ-LAB-94760,74.0,female,2.9,4.66,13.8,89.3,178.0,11.0,5.397605346934028e-79,20.0,1.15,101.66,86.0,2.87,0.35
IQ-LAB-94761,24.0,male,7.7,5.96,15.1,74.2,313.0,33.0,5.397605346934028e-79,22.0,0.89,78.68,,,0.76
IQ-LAB-94763,43.0,male,7.6,5.35,15.3,83.9,290.0,12.0,5.397605346934028e-79,17.0,0.91,80.44,,,1.36
IQ-LAB-94764,43.0,female,8.8,4.2,12.4,88.7,269.0,14.0,5.397605346934028e-79,16.0,0.8,70.72,,,2.85
IQ-LAB-94765,55.0,male,7.1,4.85,14.9,88.2,230.0,189.0,5.397605346934028e-79,82.0,1.0,88.4,,,2.95
IQ-LAB-94766,42.0,male,3.2,4.89,14.7,90.4,254.0,17.0,5.397605346934028e-79,20.0,1.04,91.94,100.0,8.3,4.48
IQ-LAB-94767,69.0,male,5.7,4.81,14.7,93.1,151.0,19.0,5.397605346934028e-79,24.0,1.34,118.46,,,1.76
IQ-LAB-94768,80.0,male,8.8,5.9,17.1,86.2,267.0,21.0,5.397605346934028e-79,28.0,1.07,94.59,,,2.86
IQ-LAB-94771,42.0,female,7.1,4.64,14.8,94.1,241.0,13.0,5.397605346934028e-79,14.0,0.65,57.46,,,8.93
IQ-LAB-94772,17.0,male,8.8,5.05,15.3,87.4,275.0,19.0,5.397605346934028e-79,29.0,1.25,110.5,,,0.46
IQ-LAB-94773,32.0,male,6.0,5.25,16.1,87.6,203.0,16.0,5.397605346934028e-79,17.0,0.97,85.75,92.0,20.47,2.4
IQ-LAB-94775,26.0,female,6.1,4.4,11.6,80.9,250.0,10.0,5.397605346934028e-79,13.0,0.84,74.26,95.0,16.19,0.25
IQ-LAB-94776,72.0,male,7.4,4.63,14.1,89.0,219.0,15.0,5.397605346934028e-79,15.0,0.9,79.56,,,8.46
IQ-LAB-94777,80.0,female,10.6,4.75,11.9,77.1,300.0,14.0,5.397605346934028e-79,21.0,0.84,74.26,,,3.96
IQ-LAB-94779,80.0,male,10.0,5.14,16.3,96.2,183.0,47.0,5.397605346934028e-79,35.0,1.1,97.24,196.0,13.21,2.1
IQ-LAB-94780,74.0,male,6.8,4.57,14.7,97.4,129.0,24.0,5.397605346934028e-79,22.0,1.2,106.08,113.0,18.53,0.31
IQ-LAB-94781,9.0,female,8.1,4.44,12.1,81.5,245.0,,,,,,,,0.97
IQ-LAB-94782,16.0,female,8.8,4.92,14.0,82.2,258.0,7.0,5.397605346934028e-79,13.0,0.52,45.97,,,0.33
IQ-LAB-94783,28.0,female,9.5,4.67,12.8,82.7,280.0,13.0,5.397605346934028e-79,17.0,0.62,54.81,,,1.06
IQ-LAB-94784,4.0,male,10.1,4.73,11.6,71.9,495.0,,,,,,,,15.51
IQ-LAB-94785,55.0,male,5.2,5.14,15.8,89.5,149.0,24.0,5.397605346934028e-79,24.0,0.97,85.75,98.0,3.71,0.83
IQ-LAB-94786,24.0,female,6.1,4.84,13.3,83.6,267.0,17.0,5.397605346934028e-79,15.0,0.64,56.58,106.0,13.56,5.71
IQ-LAB-94787,19.0,male,8.3,5.22,16.0,89.3,225.0,53.0,5.397605346934028e-79,36.0,0.78,68.95,,,0.59
IQ-LAB-94788,53.0,female,5.3,4.5,13.4,90.4,214.0,11.0,5.397605346934028e-79,16.0,0.58,51.27,104.0,5.9,1.66
IQ-LAB-94792,66.0,male,9.0,4.13,12.9,92.9,286.0,6.0,5.397605346934028e-79,12.0,7.43,656.81,,,1.11
IQ-LAB-94793,40.0,male,5.1,4.93,15.8,94.1,221.0,35.0,5.397605346934028e-79,20.0,0.95,83.98,,,0.58
IQ-LAB-94795,27.0,female,10.1,4.32,12.7,88.2,219.0,14.0,5.397605346934028e-79,19.0,0.84,74.26,,,0.49
IQ-LAB-94797,66.0,female,4.0,4.08,12.4,90.9,231.0,14.0,5.397605346934028e-79,15.0,0.43,38.01,,,0.25
IQ-LAB-94799,17.0,female,6.2,4.69,12.4,80.7,286.0,10.0,5.397605346934028e-79,14.0,0.47,41.55,114.0,11.59,1.18
IQ-LAB-94801,45.0,male,8.7,4.8,14.3,87.1,216.0,23.0,5.397605346934028e-79,18.0,1.18,104.31,,,2.11
IQ-LAB-94802,22.0,male,9.7,4.88,15.8,96.5,274.0,31.0,5.397605346934028e-79,23.0,0.82,72.49,,,0.91
IQ-LAB-94804,16.0,male,8.1,5.18,15.4,85.4,278.0,14.0,5.397605346934028e-79,13.0,0.9,79.56,101.0,7.81,0.35
IQ-LAB-94805,62.0,male,3.4,3.49,12.6,103.0,77.0,19.0,5.397605346934028e-79,36.0,0.87,76.91,,,0.73
IQ-LAB-94806,55.0,male,9.2,5.42,15.7,85.8,284.0,26.0,5.397605346934028e-79,23.0,0.8,70.72,,,2.3
IQ-LAB-94807,12.0,male,10.7,4.91,13.3,82.0,262.0,15.0,5.397605346934028e-79,23.0,0.49,43.32,,,0.33
IQ-LAB-94808,41.0,female,4.3,4.24,11.8,87.8,292.0,18.0,5.397605346934028e-79,17.0,0.75,66.3,,,9.26
IQ-LAB-94809,79.0,female,6.0,4.19,13.3,94.6,299.0,14.0,5.397605346934028e-79,22.0,0.69,61.0,82.0,3.17,1.21
IQ-LAB-94810,56.0,male,7.0,4.52,15.3,97.4,289.0,12.0,5.397605346934028e-79,26.0,0.86,76.02,,,8.71
IQ-LAB-94811,68.0,male,6.5,5.73,14.2,76.7,159.0,15.0,5.397605346934028e-79,18.0,1.33,117.57,,,6.34
IQ-LAB-94812,46.0,male,6.4,5.18,15.9,89.6,234.0,40.0,5.397605346934028e-79,29.0,0.9,79.56,107.0,16.48,1.14
IQ-LAB-94813,62.0,female,5.8,4.28,13.5,91.3,199.0,22.0,5.397605346934028e-79,25.0,0.62,54.81,,,0.46
IQ-LAB-94814,11.0,female,7.1,5.01,14.2,83.0,301.0,,,,,,,,0.33
IQ-LAB-94815,1.0,male,6.5,4.34,11.5,79.2,336.0,,,,,,,,
IQ-LAB-94819,32.0,female,5.2,4.46,13.6,92.0,254.0,14.0,5.397605346934028e-79,18.0,0.59,52.16,91.0,4.11,6.64
IQ-LAB-94820,16.0,female,4.4,4.38,12.3,86.5,291.0,15.0,5.397605346934028e-79,16.0,0.54,47.74,,,1.2
IQ-LAB-94821,15.0,male,6.9,5.08,14.7,82.5,269.0,7.0,5.397605346934028e-79,16.0,0.84,74.26,,,2.52
IQ-LAB-94822,11.0,female,5.1,4.62,13.2,86.9,305.0,,,,,,,,0.22
IQ-LAB-94823,1.0,female,10.0,5.13,11.7,71.0,331.0,,,,,,,,0.34
IQ-LAB-94824,2.0,male,8.8,4.44,12.4,83.3,239.0,,,,,,,,0.35
IQ-LAB-94825,6.0,female,4.3,4.12,11.6,84.6,517.0,,,,,,,,2.97
IQ-LAB-94826,66.0,female,6.8,3.99,12.3,93.8,315.0,17.0,5.397605346934028e-79,18.0,1.39,122.88,,,3.81
IQ-LAB-94827,9.0,female,3.9,4.99,13.0,78.9,312.0,,,,,,,,0.34
IQ-LAB-94829,80.0,female,12.8,4.6,13.9,90.1,343.0,11.0,5.397605346934028e-79,19.0,0.84,74.26,,,4.91
IQ-LAB-94831,64.0,female,7.1,5.0,16.0,92.8,162.0,10.0,5.397605346934028e-79,15.0,0.84,74.26,,,0.84
IQ-LAB-94832,71.0,female,5.8,4.53,13.9,88.7,199.0,31.0,5.397605346934028e-79,27.0,0.94,83.1,,,3.58
IQ-LAB-94833,15.0,female,6.3,4.7,13.5,86.4,354.0,10.0,5.397605346934028e-79,14.0,0.5,44.2,99.0,10.22,1.97
IQ-LAB-94834,62.0,female,8.6,4.17,12.8,91.2,256.0,16.0,5.397605346934028e-79,16.0,1.18,104.31,130.0,13.34,0.4
IQ-LAB-94835,59.0,female,12.2,4.68,14.7,95.7,405.0,14.0,5.397605346934028e-79,15.0,0.88,77.79,105.0,11.57,3.9
IQ-LAB-94836,71.0,female,6.6,4.41,13.5,91.9,219.0,21.0,5.397605346934028e-79,23.0,0.73,64.53,115.0,8.85,1.92
IQ-LAB-94837,33.0,female,7.1,4.48,13.4,91.9,213.0,11.0,5.397605346934028e-79,10.0,0.53,46.85,111.0,18.72,0.58
IQ-LAB-94839,4.0,female,5.0,4.76,13.3,79.9,319.0,,,,,,,,4.04
IQ-LAB-94840,16.0,female,8.9,5.07,13.1,80.0,250.0,8.0,5.397605346934028e-79,15.0,0.71,62.76,90.0,8.02,1.99
IQ-LAB-94841,14.0,female,7.9,5.09,11.8,73.4,337.0,10.0,5.397605346934028e-79,12.0,0.62,54.81,,,0.35
IQ-LAB-94842,12.0,female,10.5,4.91,14.0,85.3,373.0,25.0,5.397605346934028e-79,17.0,0.65,57.46,103.0,59.35,1.21
IQ-LAB-94844,36.0,male,5.4,4.74,15.2,89.9,194.0,32.0,5.397605346934028e-79,25.0,1.06,93.7,110.0,7.84,0.61
IQ-LAB-94846,4.0,male,5.6,3.66,10.5,84.8,406.0,,,,,,,,0.33
IQ-LAB-94847,80.0,female,4.4,2.87,9.6,99.3,128.0,13.0,5.397605346934028e-79,15.0,2.16,190.94,113.0,4.55,6.22
IQ-LAB-94848,32.0,female,7.0,4.45,13.8,92.4,293.0,31.0,5.397605346934028e-79,18.0,0.62,54.81,,,4.26
IQ-LAB-94850,46.0,male,6.6,4.12,13.4,95.6,212.0,69.0,5.397605346934028e-79,82.0,0.68,60.11,,,11.62
IQ-LAB-94851,8.0,female,7.7,4.93,13.8,83.0,203.0,,,,,,,,0.21
IQ-LAB-94852,33.0,male,7.5,4.93,14.2,85.9,194.0,20.0,5.397605346934028e-79,18.0,0.75,66.3,,,4.5
IQ-LAB-94854,52.0,female,8.4,4.75,14.1,85.7,339.0,18.0,5.397605346934028e-79,18.0,0.61,53.92,,,1.21
IQ-LAB-94855,54.0,male,4.9,4.69,16.2,101.1,185.0,39.0,5.397605346934028e-79,42.0,1.33,117.57,108.0,4.57,1.0
IQ-LAB-94856,77.0,female,15.8,4.53,13.5,90.4,266.0,11.0,5.397605346934028e-79,15.0,0.78,68.95,118.0,11.69,1.26
IQ-LAB-94857,35.0,female,8.1,4.73,15.2,94.1,254.0,33.0,5.397605346934028e-79,31.0,0.7,61.88,111.0,18.14,4.18
IQ-LAB-94858,44.0,female,9.5,4.52,14.3,91.2,180.0,26.0,5.397605346934028e-79,24.0,0.72,63.65,,,2.19
IQ-LAB-94859,14.0,female,9.9,4.97,11.6,73.1,194.0,21.0,5.397605346934028e-79,19.0,0.68,60.11,102.0,30.91,9.58
IQ-LAB-94860,33.0,female,8.7,5.28,11.7,68.6,291.0,10.0,5.397605346934028e-79,15.0,0.66,58.34,,,4.48
IQ-LAB-94861,56.0,female,8.9,4.18,12.8,90.9,234.0,29.0,5.397605346934028e-79,16.0,0.76,67.18,100.0,8.12,11.8
IQ-LAB-94862,53.0,female,6.8,4.2,13.4,94.0,308.0,17.0,5.397605346934028e-79,20.0,0.67,59.23,,,0.51
IQ-LAB-94863,51.0,male,7.2,4.16,10.1,76.9,219.0,10.0,5.397605346934028e-79,15.0,1.44,127.3,,,2.56
IQ-LAB-94864,16.0,male,7.5,5.71,15.7,81.6,210.0,28.0,5.397605346934028e-79,19.0,0.63,55.69,,,0.33
IQ-LAB-94865,11.0,female,7.5,5.19,13.4,75.4,271.0,,,,,,,,1.09
IQ-LAB-94867,55.0,male,6.8,4.65,14.6,91.9,305.0,29.0,5.397605346934028e-79,22.0,1.01,89.28,,,1.61
IQ-LAB-94868,59.0,male,8.0,4.59,14.5,94.3,223.0,19.0,5.397605346934028e-79,25.0,0.73,64.53,97.0,18.64,4.59
IQ-LAB-94869,2.0,male,8.9,4.31,12.1,83.3,181.0,,,,,,,,
IQ-LAB-94870,13.0,male,8.3,5.01,14.7,87.6,301.0,10.0,5.397605346934028e-79,16.0,0.72,63.65,106.0,11.39,0.52
IQ-LAB-94872,80.0,male,7.4,4.32,13.8,92.2,241.0,12.0,5.397605346934028e-79,18.0,1.19,105.2,,,1.79
IQ-LAB-94873,21.0,male,8.7,5.47,16.2,86.1,324.0,24.0,5.397605346934028e-79,16.0,0.74,65.42,,,2.77
IQ-LAB-94874,18.0,male,8.4,5.15,15.5,88.2,253.0,64.0,5.397605346934028e-79,52.0,0.86,76.02,,,1.03
IQ-LAB-94875,16.0,male,7.2,5.69,16.2,83.1,177.0,14.0,5.397605346934028e-79,24.0,0.8,70.72,100.0,5.83,0.75
IQ-LAB-94876,17.0,female,8.3,4.63,13.4,84.9,271.0,11.0,5.397605346934028e-79,17.0,0.67,59.23,,,0.94
IQ-LAB-94877,71.0,male,10.3,5.52,16.1,87.3,199.0,17.0,5.397605346934028e-79,20.0,0.84,74.26,,,4.73
IQ-LAB-94878,37.0,female,9.4,4.39,13.0,92.1,367.0,13.0,5.397605346934028e-79,17.0,0.82,72.49,,,13.9
IQ-LAB-94879,48.0,female,5.8,4.79,13.7,86.6,255.0,15.0,5.397605346934028e-79,16.0,1.02,90.17,89.0,7.53,0.41
IQ-LAB-94881,14.0,male,7.4,5.24,15.2,86.3,297.0,12.0,5.397605346934028e-79,16.0,0.82,72.49,,,2.44
IQ-LAB-94882,55.0,female,5.9,4.81,13.4,85.0,160.0,64.0,5.397605346934028e-79,42.0,0.71,62.76,153.0,5.82,0.48
IQ-LAB-94883,59.0,male,5.5,4.21,11.9,85.0,240.0,24.0,5.397605346934028e-79,24.0,1.13,99.89,,,1.14
IQ-LAB-94884,7.0,female,11.9,4.44,12.4,84.2,308.0,,,,,,,,0.66
IQ-LAB-94885,64.0,male,10.4,5.36,15.9,88.8,224.0,33.0,5.397605346934028e-79,23.0,1.56,137.9,122.0,34.0,4.55
IQ-LAB-94886,19.0,male,8.7,5.2,15.1,83.6,291.0,23.0,5.397605346934028e-79,17.0,0.82,72.49,83.0,72.59,2.98
IQ-LAB-94888,12.0,male,4.0,4.99,12.8,78.4,242.0,11.0,5.397605346934028e-79,27.0,0.68,60.11,,,0.31
IQ-LAB-94889,41.0,female,10.5,4.3,13.0,90.4,238.0,13.0,5.397605346934028e-79,15.0,1.24,109.62,,,6.09
IQ-LAB-94890,57.0,male,5.2,5.42,15.9,85.5,228.0,12.0,5.397605346934028e-79,19.0,0.76,67.18,102.0,13.94,1.04
IQ-LAB-94891,40.0,female,5.5,4.4,13.1,87.4,371.0,19.0,5.397605346934028e-79,16.0,0.78,68.95,,,11.6
IQ-LAB-94892,61.0,male,7.0,4.35,13.9,94.7,242.0,13.0,5.397605346934028e-79,15.0,0.8,70.72,,,0.98
IQ-LAB-94893,48.0,female,9.4,6.44,13.9,68.6,343.0,15.0,5.397605346934028e-79,14.0,0.78,68.95,,,1.03
IQ-LAB-94894,50.0,male,7.6,5.19,16.0,88.6,219.0,32.0,5.397605346934028e-79,25.0,0.98,86.63,108.0,33.6,5.86
IQ-LAB-94896,50.0,female,5.9,4.27,11.7,87.2,308.0,13.0,5.397605346934028e-79,15.0,0.55,48.62,107.0,17.9,9.0
IQ-LAB-94897,4.0,female,8.3,4.04,12.6,93.2,242.0,,,,,,,,
IQ-LAB-94898,74.0,female,9.7,4.78,14.4,90.7,243.0,11.0,5.397605346934028e-79,11.0,0.56,49.5,,,7.41
IQ-LAB-94899,32.0,female,7.2,4.2,13.2,92.6,229.0,11.0,5.397605346934028e-79,14.0,0.68,60.11,103.0,7.81,2.37
IQ-LAB-94900,12.0,male,4.5,4.94,14.4,87.1,235.0,15.0,5.397605346934028e-79,23.0,0.58,51.27,89.0,6.5,0.92
IQ-LAB-94901,13.0,female,5.9,4.52,13.1,86.3,231.0,,,,,,86.0,,
IQ-LAB-94902,67.0,female,6.6,4.34,13.9,92.8,282.0,37.0,5.397605346934028e-79,35.0,0.57,50.39,131.0,13.99,1.15
IQ-LAB-94903,49.0,male,5.3,5.74,14.1,79.9,310.0,,,,,,,,
IQ-LAB-94905,19.0,female,4.0,4.3,12.6,89.2,201.0,37.0,5.397605346934028e-79,56.0,0.88,77.79,90.0,10.62,0.76
IQ-LAB-94906,46.0,male,4.7,4.92,14.7,86.3,231.0,121.0,5.397605346934028e-79,62.0,1.06,93.7,,,2.25
IQ-LAB-94907,80.0,female,7.4,4.39,12.2,84.0,159.0,11.0,5.397605346934028e-79,20.0,0.98,86.63,,,12.1
IQ-LAB-94908,56.0,female,7.4,4.08,11.7,90.9,291.0,15.0,5.397605346934028e-79,14.0,1.06,93.7,,,4.75
IQ-LAB-94909,59.0,male,10.6,5.93,17.3,83.8,265.0,25.0,5.397605346934028e-79,23.0,1.12,99.01,111.0,14.84,1.62
IQ-LAB-94910,18.0,male,4.2,5.02,14.8,84.9,168.0,11.0,5.397605346934028e-79,23.0,0.64,56.58,92.0,7.09,0.7
IQ-LAB-94911,11.0,male,5.3,4.64,12.9,84.2,259.0,,,,,,,,0.29
IQ-LAB-94912,10.0,male,9.4,5.1,12.6,75.1,306.0,,,,,,,,0.67
IQ-LAB-94914,17.0,female,9.2,4.29,10.9,77.4,293.0,22.0,5.397605346934028e-79,16.0,0.45,39.78,,,1.8
IQ-LAB-94915,11.0,female,3.3,4.78,12.3,80.7,264.0,,,,,,,,1.33
IQ-LAB-94916,26.0,female,6.9,3.87,12.5,93.7,317.0,8.0,5.397605346934028e-79,17.0,0.9,79.56,,,11.77
IQ-LAB-94917,11.0,male,4.5,4.51,13.7,87.4,338.0,,,,,,,,0.54
IQ-LAB-94918,71.0,male,4.6,5.4,16.2,88.7,100.0,38.0,5.397605346934028e-79,32.0,0.84,74.26,114.0,17.64,1.03
IQ-LAB-94920,58.0,female,8.1,5.27,13.0,74.6,216.0,21.0,5.397605346934028e-79,20.0,1.03,91.05,,,8.34
IQ-LAB-94921,61.0,female,6.5,4.62,13.7,87.5,182.0,20.0,5.397605346934028e-79,19.0,0.63,55.69,101.0,26.34,1.55
IQ-LAB-94922,66.0,male,6.1,4.89,14.1,89.1,141.0,9.0,5.397605346934028e-79,15.0,0.96,84.86,,,0.37
IQ-LAB-94923,15.0,female,8.9,4.81,10.4,70.2,399.0,31.0,5.397605346934028e-79,20.0,0.47,41.55,,,2.55
IQ-LAB-94924,29.0,female,8.1,4.3,14.2,99.1,458.0,47.0,5.397605346934028e-79,33.0,0.86,76.02,,,5.27
IQ-LAB-94926,37.0,male,5.8,4.1,14.8,102.3,209.0,11.0,5.397605346934028e-79,15.0,0.91,80.44,,,1.17
IQ-LAB-94927,28.0,female,8.5,4.92,14.5,84.4,386.0,8.0,5.397605346934028e-79,16.0,0.67,59.23,91.0,41.29,2.44
IQ-LAB-94928,9.0,male,16.3,4.4,12.5,84.7,316.0,,,,,,,,71.27
IQ-LAB-94929,78.0,male,6.1,4.74,15.9,96.6,111.0,15.0,5.397605346934028e-79,19.0,0.86,76.02,,,1.1
IQ-LAB-94930,50.0,female,11.3,3.95,11.6,91.4,383.0,7.0,5.397605346934028e-79,14.0,1.01,89.28,,,17.46
IQ-LAB-94931,63.0,female,7.3,4.71,15.3,92.6,246.0,,,,,,,,
IQ-LAB-94933,54.0,female,15.8,4.55,14.7,95.8,271.0,30.0,5.397605346934028e-79,26.0,0.71,62.76,,,10.13
IQ-LAB-94934,12.0,female,8.4,4.88,13.4,84.6,317.0,24.0,5.397605346934028e-79,26.0,0.64,56.58,,,0.57
IQ-LAB-94935,41.0,female,9.3,4.51,14.0,91.0,191.0,30.0,5.397605346934028e-79,23.0,0.79,69.84,,,1.95
IQ-LAB-94936,25.0,female,6.6,4.32,12.5,85.0,302.0,13.0,5.397605346934028e-79,14.0,0.6,53.04,,,2.18
IQ-LAB-94938,61.0,male,9.5,5.37,14.5,80.1,253.0,28.0,5.397605346934028e-79,23.0,1.11,98.12,,,5.18
IQ-LAB-94939,31.0,male,7.8,4.69,15.3,97.4,340.0,19.0,5.397605346934028e-79,26.0,1.44,127.3,,,0.87
IQ-LAB-94940,80.0,female,6.1,3.78,12.0,96.2,178.0,13.0,5.397605346934028e-79,21.0,1.39,122.88,100.0,10.68,1.15
IQ-LAB-94941,28.0,male,4.5,5.03,13.9,85.7,185.0,13.0,5.397605346934028e-79,17.0,1.03,91.05,95.0,5.33,2.92
IQ-LAB-94944,17.0,female,5.7,4.62,13.1,83.4,223.0,23.0,5.397605346934028e-79,37.0,0.68,60.11,99.0,39.17,0.49
IQ-LAB-94945,29.0,male,6.3,5.32,15.0,84.8,369.0,24.0,5.397605346934028e-79,21.0,0.91,80.44,104.0,31.65,7.96
IQ-LAB-94946,23.0,male,6.7,5.12,16.1,90.6,188.0,100.0,5.397605346934028e-79,38.0,0.74,65.42,220.0,41.78,6.57
IQ-LAB-94947,8.0,male,3.9,4.66,13.7,85.2,250.0,,,,,,,,0.26
IQ-LAB-94950,80.0,female,6.5,4.26,13.1,92.6,196.0,33.0,5.397605346934028e-79,33.0,0.82,72.49,,,0.63
IQ-LAB-94951,9.0,female,4.8,4.6,12.8,82.8,357.0,,,,,,,,0.56
IQ-LAB-94952,63.0,female,6.2,3.86,11.9,95.1,242.0,14.0,5.397605346934028e-79,13.0,0.91,80.44,,,2.53
IQ-LAB-94953,59.0,female,10.9,3.75,11.9,96.5,320.0,12.0,5.397605346934028e-79,12.0,1.3,114.92,,,33.95
IQ-LAB-94954,34.0,male,6.6,4.66,15.1,91.9,217.0,38.0,5.397605346934028e-79,48.0,1.1,97.24,,,0.28
IQ-LAB-94956,11.0,female,3.9,4.31,12.9,88.3,281.0,,,,,,,,0.11
IQ-LAB-94957,43.0,male,8.7,5.42,17.0,94.8,242.0,35.0,5.397605346934028e-79,24.0,1.03,91.05,102.0,9.36,1.25
IQ-LAB-94958,58.0,female,5.9,4.61,12.4,81.2,216.0,14.0,5.397605346934028e-79,19.0,0.74,65.42,,,0.58
IQ-LAB-94959,48.0,male,5.9,5.01,14.0,84.9,263.0,21.0,5.397605346934028e-79,18.0,1.52,134.37,,,3.54
IQ-LAB-94960,26.0,male,8.1,5.12,15.2,89.3,258.0,41.0,5.397605346934028e-79,31.0,0.84,74.26,,,5.15
IQ-LAB-94961,14.0,male,7.7,5.77,15.0,79.3,206.0,34.0,5.397605346934028e-79,18.0,0.79,69.84,106.0,32.23,2.84
IQ-LAB-94962,57.0,female,6.0,4.33,13.4,91.6,284.0,10.0,5.397605346934028e-79,16.0,0.71,62.76,,,2.16
IQ-LAB-94964,48.0,male,10.2,5.42,11.4,66.2,389.0,27.0,5.397605346934028e-79,18.0,0.61,53.92,,,0.59
IQ-LAB-94965,14.0,female,8.2,4.79,12.2,78.6,359.0,15.0,5.397605346934028e-79,,0.61,53.92,,,0.37
IQ-LAB-94966,44.0,male,7.4,5.41,15.7,85.1,253.0,39.0,5.397605346934028e-79,26.0,1.33,117.57,170.0,8.89,1.49
IQ-LAB-94967,40.0,female,5.8,4.26,12.9,88.8,252.0,8.0,5.397605346934028e-79,15.0,0.92,81.33,,,6.53
IQ-LAB-94968,24.0,male,5.3,6.37,16.4,78.6,220.0,23.0,5.397605346934028e-79,23.0,1.04,91.94,79.0,12.72,0.37
IQ-LAB-94969,80.0,male,7.1,5.46,15.9,84.8,161.0,19.0,5.397605346934028e-79,18.0,2.17,191.83,,,4.22
IQ-LAB-94970,55.0,male,6.4,5.17,16.6,94.0,183.0,34.0,5.397605346934028e-79,30.0,0.71,62.76,113.0,9.78,4.19
IQ-LAB-94971,10.0,female,7.0,4.66,13.2,83.3,331.0,,,,,,,,1.34
IQ-LAB-94972,39.0,female,8.5,4.44,12.3,84.8,339.0,14.0,5.397605346934028e-79,16.0,0.65,57.46,100.0,9.24,7.53
IQ-LAB-94974,4.0,male,4.9,4.9,12.0,75.4,288.0,,,,,,,,0.18
IQ-LAB-94975,56.0,male,5.6,5.12,15.9,91.7,292.0,27.0,5.397605346934028e-79,23.0,1.09,96.36,,,1.07
IQ-LAB-94976,12.0,male,6.6,4.54,13.2,87.0,271.0,19.0,5.397605346934028e-79,25.0,0.5,44.2,,,0.35
IQ-LAB-94977,75.0,female,6.5,4.67,15.5,95.5,396.0,25.0,5.397605346934028e-79,22.0,0.89,78.68,109.0,22.09,4.02
IQ-LAB-94978,5.0,female,6.6,5.38,14.5,80.3,271.0,,,,,,,,0.37
IQ-LAB-94979,66.0,male,5.0,4.81,15.0,89.3,281.0,50.0,5.397605346934028e-79,36.0,0.7,61.88,,,1.48
IQ-LAB-94982,32.0,female,4.8,4.26,13.0,90.4,280.0,11.0,5.397605346934028e-79,19.0,0.62,54.81,,,0.27
IQ-LAB-94983,18.0,female,9.8,4.91,10.1,67.0,387.0,13.0,5.397605346934028e-79,17.0,0.54,47.74,,,0.11
IQ-LAB-94986,62.0,male,6.8,5.07,15.1,87.8,214.0,20.0,5.397605346934028e-79,19.0,1.28,113.15,105.0,12.02,0.76
IQ-LAB-94987,63.0,female,12.6,3.85,11.5,91.2,341.0,14.0,5.397605346934028e-79,13.0,1.47,129.95,165.0,67.1,33.2
IQ-LAB-94989,35.0,male,8.2,4.77,15.0,92.1,271.0,8.0,5.397605346934028e-79,16.0,0.88,77.79,,,1.95
IQ-LAB-94990,56.0,male,4.3,5.44,16.3,90.7,185.0,19.0,5.397605346934028e-79,17.0,1.15,101.66,,,1.96
IQ-LAB-94993,80.0,female,7.1,4.03,12.6,94.9,204.0,26.0,5.397605346934028e-79,41.0,0.77,68.07,99.0,2.43,3.34
IQ-LAB-94994,18.0,female,7.0,5.11,14.9,86.0,308.0,12.0,5.397605346934028e-79,20.0,0.61,53.92,90.0,15.48,3.71
IQ-LAB-94995,58.0,male,8.5,5.51,16.2,87.7,252.0,20.0,5.397605346934028e-79,20.0,1.06,93.7,,,1.11
IQ-LAB-94997,44.0,female,6.5,4.38,13.1,90.4,262.0,20.0,5.397605346934028e-79,26.0,0.65,57.46,,,0.77
IQ-LAB-94998,45.0,male,8.1,4.95,15.8,95.4,267.0,26.0,5.397605346934028e-79,20.0,0.88,77.79,92.0,10.94,2.34
IQ-LAB-94999,2.0,female,8.2,4.76,12.6,77.3,236.0,,,,,,,,3.06
IQ-LAB-95000,76.0,female,7.4,4.04,11.5,84.8,316.0,13.0,5.397605346934028e-79,18.0,1.32,116.69,127.0,25.09,12.52
IQ-LAB-95001,80.0,female,7.3,4.76,13.9,88.4,221.0,11.0,5.397605346934028e-79,16.0,1.11,98.12,157.0,6.07,2.31
IQ-LAB-95002,26.0,male,9.3,5.03,15.4,87.3,249.0,28.0,5.397605346934028e-79,21.0,0.7,61.88,,,1.44
IQ-LAB-95004,80.0,male,5.3,4.34,14.2,97.0,177.0,13.0,5.397605346934028e-79,17.0,0.81,71.6,110.0,4.69,1.88
IQ-LAB-95006,11.0,male,5.4,4.65,13.0,80.0,265.0,,,,,,,,0.3
IQ-LAB-95007,79.0,male,5.2,4.52,15.4,101.3,165.0,14.0,5.397605346934028e-79,19.0,0.99,87.52,99.0,2.59,1.78
IQ-LAB-95008,9.0,female,8.6,4.76,12.2,76.4,297.0,,,,,,,,0.6
IQ-LAB-95009,13.0,male,4.3,5.72,16.0,82.9,338.0,11.0,5.397605346934028e-79,19.0,0.58,51.27,104.0,25.97,3.26
IQ-LAB-95011,65.0,female,7.7,4.54,13.6,89.5,199.0,11.0,5.397605346934028e-79,13.0,0.96,84.86,,,3.59
IQ-LAB-95012,1.0,female,6.5,4.57,12.4,80.7,364.0,,,,,,,,0.35
IQ-LAB-95013,56.0,male,10.5,4.65,13.4,85.9,268.0,33.0,5.397605346934028e-79,19.0,0.86,76.02,,,2.28
IQ-LAB-95014,35.0,male,5.7,5.15,13.9,78.9,259.0,40.0,5.397605346934028e-79,17.0,0.74,65.42,,,0.58
IQ-LAB-95015,7.0,female,4.4,4.93,14.2,83.4,279.0,,,,,,,,0.11
IQ-LAB-95016,73.0,male,7.5,5.67,16.1,86.8,338.0,21.0,5.397605346934028e-79,19.0,1.28,113.15,140.0,26.78,4.64
IQ-LAB-95019,40.0,male,9.5,5.54,18.6,98.0,233.0,26.0,5.397605346934028e-79,21.0,1.05,92.82,,,0.55
IQ-LAB-95020,80.0,female,8.6,4.4,11.6,82.7,243.0,9.0,5.397605346934028e-79,13.0,1.03,91.05,,,1.61
IQ-LAB-95021,5.0,female,11.0,4.52,12.6,83.0,354.0,,,,,,,,
IQ-LAB-95022,16.0,female,6.5,4.38,12.8,87.1,314.0,8.0,5.397605346934028e-79,16.0,0.66,58.34,,,0.46
IQ-LAB-95023,13.0,male,9.2,4.7,13.6,87.9,359.0,41.0,5.397605346934028e-79,40.0,0.42,37.13,98.0,14.13,3.45
IQ-LAB-95024,19.0,male,7.5,5.44,17.1,91.6,130.0,22.0,5.397605346934028e-79,28.0,0.9,79.56,99.0,6.26,1.64
IQ-LAB-95025,57.0,male,10.2,4.7,13.9,88.7,250.0,38.0,5.397605346934028e-79,27.0,0.77,68.07,116.0,7.22,10.3
IQ-LAB-95026,20.0,male,6.7,6.64,13.5,64.7,204.0,22.0,5.397605346934028e-79,24.0,1.05,92.82,89.0,4.75,0.42
IQ-LAB-95027,76.0,female,11.2,4.43,13.3,90.1,293.0,15.0,5.397605346934028e-79,19.0,0.77,68.07,,,7.79
IQ-LAB-95028,30.0,male,9.0,4.59,14.8,92.7,229.0,29.0,5.397605346934028e-79,19.0,0.83,73.37,,,0.78
IQ-LAB-95029,43.0,female,22.8,4.74,9.3,64.3,482.0,11.0,5.397605346934028e-79,11.0,0.69,61.0,92.0,23.75,0.67
IQ-LAB-95030,63.0,male,6.8,5.21,14.3,84.4,259.0,8.0,5.397605346934028e-79,15.0,0.91,80.44,117.0,9.54,5.92
IQ-LAB-95031,54.0,female,7.8,4.13,12.7,92.7,237.0,25.0,5.397605346934028e-79,27.0,0.66,58.34,122.0,16.18,38.64
IQ-LAB-95032,12.0,female,6.4,4.63,14.2,90.1,233.0,16.0,5.397605346934028e-79,24.0,0.47,41.55,,,0.18
IQ-LAB-95033,49.0,female,8.5,4.35,12.7,84.6,256.0,20.0,5.397605346934028e-79,20.0,0.51,45.08,,,0.61
IQ-LAB-95034,61.0,female,7.4,4.3,13.2,90.7,193.0,14.0,5.397605346934028e-79,18.0,0.83,73.37,,,1.11
IQ-LAB-95035,42.0,male,12.7,5.34,15.0,84.4,313.0,61.0,5.397605346934028e-79,24.0,0.8,70.72,,,1.57
IQ-LAB-95036,80.0,male,6.1,4.59,15.2,95.3,119.0,17.0,5.397605346934028e-79,26.0,1.13,99.89,,,2.42
IQ-LAB-95037,20.0,female,10.3,3.69,9.9,80.4,267.0,9.0,5.397605346934028e-79,15.0,0.49,43.32,86.0,14.0,8.17
IQ-LAB-95038,7.0,female,4.7,4.55,13.3,85.7,232.0,,,,,,,,12.27
IQ-LAB-95040,26.0,female,13.5,4.52,12.9,85.8,254.0,14.0,5.397605346934028e-79,12.0,0.55,48.62,,,19.4
IQ-LAB-95041,60.0,female,7.8,4.39,13.0,90.8,301.0,23.0,5.397605346934028e-79,15.0,0.57,50.39,389.0,128.67,1.8
IQ-LAB-95042,65.0,female,8.5,4.5,13.7,90.8,241.0,59.0,5.397605346934028e-79,55.0,0.63,55.69,,,3.09
IQ-LAB-95043,64.0,male,6.5,5.24,11.6,70.1,245.0,23.0,5.397605346934028e-79,28.0,0.66,58.34,,,0.37
IQ-LAB-95044,67.0,female,6.6,4.61,14.7,94.8,203.0,12.0,5.397605346934028e-79,13.0,0.71,62.76,122.0,12.85,5.14
IQ-LAB-95045,69.0,female,9.2,4.93,15.6,90.8,259.0,20.0,5.397605346934028e-79,22.0,0.76,67.18,123.0,18.57,4.73
IQ-LAB-95046,63.0,female,5.3,3.94,11.8,89.6,156.0,11.0,5.397605346934028e-79,20.0,0.83,73.37,,,1.12
IQ-LAB-95047,74.0,male,5.1,4.09,13.2,97.0,196.0,23.0,5.397605346934028e-79,27.0,1.95,172.38,148.0,14.32,0.74
IQ-LAB-95048,23.0,male,6.3,5.18,15.6,88.4,198.0,7.0,5.397605346934028e-79,16.0,0.99,87.52,109.0,6.51,0.4
IQ-LAB-95049,3.0,male,6.7,4.32,11.4,76.6,306.0,,,,,,,,44.04
IQ-LAB-95050,6.0,male,6.4,4.46,13.1,88.9,334.0,,,,,,,,0.34
IQ-LAB-95051,52.0,male,4.7,5.46,16.1,91.1,295.0,47.0,5.397605346934028e-79,26.0,1.01,89.28,235.0,17.99,12.92
IQ-LAB-95052,40.0,female,10.7,4.4,12.7,85.2,236.0,9.0,5.397605346934028e-79,12.0,0.42,37.13,,,1.65
IQ-LAB-95053,50.0,male,9.1,5.16,15.6,86.9,219.0,,,,,,381.0,,
IQ-LAB-95054,16.0,female,9.0,4.86,14.8,90.3,254.0,17.0,5.397605346934028e-79,15.0,0.77,68.07,112.0,58.17,2.89
IQ-LAB-95055,40.0,male,9.4,5.49,15.8,84.3,231.0,21.0,5.397605346934028e-79,17.0,0.83,73.37,,,3.58
IQ-LAB-95056,34.0,female,10.0,4.44,13.0,89.3,278.0,14.0,5.397605346934028e-79,16.0,0.93,82.21,102.0,10.26,4.25
IQ-LAB-95057,71.0,male,6.7,4.43,14.9,97.7,182.0,26.0,5.397605346934028e-79,30.0,0.93,82.21,,,1.29
IQ-LAB-95058,36.0,female,7.1,4.73,13.5,85.4,263.0,11.0,5.397605346934028e-79,10.0,0.69,61.0,,,9.14
IQ-LAB-95059,53.0,male,7.3,3.85,13.3,99.3,215.0,37.0,5.397605346934028e-79,50.0,0.73,64.53,,,2.71
IQ-LAB-95060,44.0,female,6.1,4.44,13.2,89.9,324.0,12.0,5.397605346934028e-79,17.0,0.64,56.58,108.0,11.33,1.62
IQ-LAB-95061,45.0,male,15.7,4.81,14.7,86.7,247.0,25.0,5.397605346934028e-79,19.0,0.84,74.26,,,1.4
IQ-LAB-95062,61.0,male,3.9,5.7,14.9,79.5,192.0,27.0,5.397605346934028e-79,25.0,1.11,98.12,,,1.66
IQ-LAB-95063,46.0,female,6.2,4.3,13.4,94.4,202.0,7.0,5.397605346934028e-79,13.0,0.9,79.56,,,1.53
IQ-LAB-95064,27.0,male,6.1,5.03,13.2,81.0,284.0,13.0,5.397605346934028e-79,23.0,0.87,76.91,90.0,41.33,2.38
IQ-LAB-95066,73.0,female,5.8,4.14,12.6,90.6,235.0,10.0,5.397605346934028e-79,21.0,0.53,46.85,,,1.35
IQ-LAB-95067,55.0,female,6.8,4.25,12.4,86.9,252.0,20.0,5.397605346934028e-79,18.0,0.83,73.37,,,9.42
IQ-LAB-95068,80.0,female,12.7,5.54,14.7,83.5,275.0,26.0,5.397605346934028e-79,26.0,1.01,89.28,232.0,39.82,0.67
IQ-LAB-95069,26.0,male,12.0,4.94,15.3,90.8,259.0,24.0,5.397605346934028e-79,21.0,1.04,91.94,,,2.32
IQ-LAB-95070,61.0,male,9.2,4.73,14.1,88.5,167.0,15.0,5.397605346934028e-79,11.0,1.11,98.12,114.0,25.63,8.02
IQ-LAB-95071,38.0,female,6.2,4.42,12.5,85.5,233.0,19.0,5.397605346934028e-79,16.0,0.54,47.74,93.0,4.27,2.72
IQ-LAB-95072,16.0,female,3.0,4.66,13.8,85.8,206.0,11.0,5.397605346934028e-79,14.0,0.82,72.49,104.0,11.5,0.27
IQ-LAB-95073,71.0,female,7.0,4.55,13.8,92.2,183.0,17.0,5.397605346934028e-79,20.0,1.17,103.43,113.0,12.08,9.49
IQ-LAB-95077,47.0,male,6.2,4.94,15.0,91.3,163.0,21.0,5.397605346934028e-79,17.0,1.11,98.12,106.0,8.13,0.65
IQ-LAB-95080,28.0,male,7.2,4.9,13.8,84.8,238.0,51.0,5.397605346934028e-79,110.0,0.91,80.44,,,0.85
IQ-LAB-95081,9.0,male,6.1,5.11,11.0,66.9,299.0,,,,,,,,1.19
IQ-LAB-95083,37.0,male,10.9,5.2,15.8,89.0,306.0,32.0,5.397605346934028e-79,25.0,0.93,82.21,109.0,36.77,9.97
IQ-LAB-95084,4.0,male,5.7,4.75,13.6,81.5,234.0,,,,,,,,1.35
IQ-LAB-95087,8.0,female,6.1,4.89,12.5,79.8,242.0,,,,,,,,0.11
IQ-LAB-95088,50.0,female,5.3,4.62,13.4,83.0,213.0,28.0,5.397605346934028e-79,23.0,0.54,47.74,103.0,23.58,0.84
IQ-LAB-95089,31.0,female,14.2,4.64,10.6,73.1,344.0,9.0,5.397605346934028e-79,13.0,0.69,61.0,,,4.32
IQ-LAB-95090,18.0,male,13.7,5.03,13.7,81.7,358.0,39.0,5.397605346934028e-79,22.0,0.64,56.58,,,4.92
IQ-LAB-95091,62.0,male,6.9,4.71,14.9,92.8,67.0,40.0,5.397605346934028e-79,45.0,1.37,121.11,86.0,15.47,0.37
IQ-LAB-95092,12.0,male,4.0,5.26,13.3,74.5,296.0,24.0,5.397605346934028e-79,28.0,0.52,45.97,91.0,4.4,0.31
IQ-LAB-95093,51.0,female,8.4,4.65,12.2,79.2,231.0,12.0,5.397605346934028e-79,17.0,0.61,53.92,,,1.33
IQ-LAB-95094,37.0,female,5.3,4.52,13.9,89.6,221.0,17.0,5.397605346934028e-79,18.0,0.46,40.66,,,1.07
IQ-LAB-95095,80.0,female,13.0,4.87,14.9,93.5,317.0,17.0,5.397605346934028e-79,19.0,0.87,76.91,,,3.03
IQ-LAB-95096,21.0,male,7.6,5.0,15.2,87.6,255.0,27.0,5.397605346934028e-79,19.0,1.01,89.28,97.0,25.11,3.55
IQ-LAB-95097,66.0,female,4.2,4.91,14.1,88.9,228.0,13.0,5.397605346934028e-79,14.0,0.77,68.07,119.0,8.04,0.73
IQ-LAB-95098,68.0,male,5.4,5.04,15.6,92.4,190.0,17.0,5.397605346934028e-79,17.0,1.05,92.82,104.0,7.55,3.17
IQ-LAB-95099,70.0,female,5.7,4.17,13.3,96.3,160.0,18.0,5.397605346934028e-79,17.0,0.72,63.65,115.0,11.96,0.45
IQ-LAB-95100,17.0,female,9.0,4.21,13.0,92.4,264.0,10.0,5.397605346934028e-79,19.0,0.67,59.23,86.0,10.63,3.59
IQ-LAB-95101,80.0,female,5.3,4.02,12.4,94.7,261.0,,,,,,92.0,,
IQ-LAB-95102,61.0,female,6.0,4.66,13.6,87.0,133.0,13.0,5.397605346934028e-79,17.0,0.7,61.88,104.0,9.11,3.22
IQ-LAB-95103,39.0,male,5.7,5.16,15.1,84.9,183.0,24.0,5.397605346934028e-79,18.0,1.19,105.2,,,0.71
IQ-LAB-95104,2.0,male,6.9,4.44,12.7,83.7,228.0,,,,,,,,0.25
IQ-LAB-95105,67.0,male,5.9,4.88,15.3,93.6,210.0,30.0,5.397605346934028e-79,26.0,1.16,102.54,,,1.08
IQ-LAB-95106,17.0,male,7.6,5.11,14.7,84.8,259.0,12.0,5.397605346934028e-79,17.0,0.75,66.3,,,0.84
IQ-LAB-95107,6.0,female,5.4,4.9,13.6,82.5,208.0,,,,,,,,0.44
IQ-LAB-95110,67.0,female,7.4,4.14,13.2,91.9,123.0,41.0,5.397605346934028e-79,37.0,0.81,71.6,,,0.48
IQ-LAB-95111,15.0,male,10.1,5.16,14.4,82.5,289.0,,,,,,,,
IQ-LAB-95112,14.0,female,6.6,4.61,13.3,86.4,217.0,9.0,5.397605346934028e-79,16.0,0.68,60.11,,,1.26
IQ-LAB-95113,20.0,female,4.5,4.56,13.6,88.4,231.0,19.0,5.397605346934028e-79,17.0,0.59,52.16,,,2.65
IQ-LAB-95114,34.0,male,6.6,5.27,15.4,85.0,191.0,64.0,5.397605346934028e-79,33.0,0.81,71.6,106.0,35.76,2.48
IQ-LAB-95115,33.0,female,10.9,4.57,13.6,88.7,218.0,12.0,5.397605346934028e-79,17.0,0.46,40.66,,,0.7
IQ-LAB-95117,9.0,female,9.8,5.14,14.3,82.8,322.0,,,,,,,,0.91
IQ-LAB-95118,57.0,male,8.8,5.23,16.3,89.6,251.0,20.0,5.397605346934028e-79,20.0,0.88,77.79,,,1.02
IQ-LAB-95120,10.0,male,4.9,4.35,13.5,89.9,202.0,,,,,,,,0.3
IQ-LAB-95121,66.0,female,8.9,4.67,14.1,89.2,212.0,17.0,5.397605346934028e-79,19.0,0.7,61.88,,,1.33
IQ-LAB-95122,6.0,female,10.9,4.69,13.2,85.1,591.0,,,,,,,,0.31
IQ-LAB-95123,50.0,female,7.9,4.73,13.5,87.3,244.0,25.0,5.397605346934028e-79,25.0,0.9,79.56,,,10.14
IQ-LAB-95124,58.0,male,4.4,3.85,12.7,96.7,196.0,20.0,5.397605346934028e-79,,0.84,74.26,83.0,0.71,9.48
IQ-LAB-95125,5.0,male,7.2,4.23,12.0,82.6,248.0,,,,,,,,0.8
IQ-LAB-95126,59.0,female,9.6,4.82,13.8,84.2,222.0,14.0,5.397605346934028e-79,15.0,0.8,70.72,186.0,8.05,4.52
IQ-LAB-95127,16.0,male,7.4,5.3,14.9,83.3,260.0,13.0,5.397605346934028e-79,22.0,0.72,63.65,95.0,10.6,2.08
IQ-LAB-95128,33.0,female,6.7,4.37,13.4,92.3,315.0,9.0,5.397605346934028e-79,13.0,0.79,69.84,98.0,9.78,15.95
IQ-LAB-95129,60.0,male,13.9,4.4,13.6,88.6,328.0,22.0,5.397605346934028e-79,18.0,0.87,76.91,,,8.83
IQ-LAB-95130,2.0,female,8.9,4.7,13.1,82.0,292.0,,,,,,,,0.11
IQ-LAB-95131,60.0,male,5.4,4.69,15.3,96.8,212.0,15.0,5.397605346934028e-79,22.0,0.96,84.86,101.0,4.93,0.45
IQ-LAB-95132,9.0,female,9.5,5.11,14.4,81.1,321.0,,,,,,,,0.46
IQ-LAB-95133,7.0,male,5.1,4.78,12.2,77.8,387.0,,,,,,,,0.34
IQ-LAB-95134,37.0,male,8.2,4.92,15.5,90.3,276.0,13.0,5.397605346934028e-79,14.0,0.93,82.21,94.0,16.36,1.25
IQ-LAB-95135,78.0,male,4.7,2.92,9.3,93.2,216.0,9.0,5.397605346934028e-79,12.0,1.43,126.41,,,14.04
IQ-LAB-95136,10.0,female,8.3,4.53,12.6,83.9,330.0,,,,,,,,0.16
IQ-LAB-95137,53.0,female,6.5,4.49,14.9,97.1,232.0,24.0,5.397605346934028e-79,20.0,1.15,101.66,,,0.83
IQ-LAB-95138,71.0,female,8.5,4.66,14.2,89.9,337.0,9.0,5.397605346934028e-79,14.0,0.6,53.04,109.0,23.43,0.18
IQ-LAB-95140,42.0,female,6.8,4.08,13.9,97.6,325.0,14.0,5.397605346934028e-79,18.0,0.64,56.58,,,1.27
IQ-LAB-95142,3.0,male,6.0,4.58,12.3,81.4,195.0,,,,,,,,0.11
IQ-LAB-95143,51.0,female,5.3,4.29,13.2,91.1,209.0,13.0,5.397605346934028e-79,17.0,0.58,51.27,,,0.32
IQ-LAB-95145,5.0,female,7.2,4.51,13.0,85.1,209.0,,,,,,,,0.45
IQ-LAB-95147,2.0,female,11.5,5.03,14.2,81.3,317.0,,,,,,,,0.15
IQ-LAB-95148,56.0,female,5.5,4.84,12.5,80.4,303.0,22.0,5.397605346934028e-79,19.0,0.45,39.78,159.0,16.34,2.88
IQ-LAB-95149,48.0,female,12.1,4.47,12.4,84.0,296.0,9.0,5.397605346934028e-79,12.0,0.67,59.23,,,13.18
IQ-LAB-95150,15.0,male,18.2,5.48,14.6,79.3,206.0,13.0,5.397605346934028e-79,19.0,0.58,51.27,112.0,14.62,45.22
IQ-LAB-95151,80.0,female,7.4,4.0,11.5,88.6,236.0,19.0,5.397605346934028e-79,22.0,1.06,93.7,,,1.12
IQ-LAB-95152,59.0,male,6.3,4.96,15.3,90.8,253.0,24.0,5.397605346934028e-79,28.0,1.05,92.82,108.0,8.66,0.71
IQ-LAB-95153,23.0,female,8.2,5.01,13.0,79.2,400.0,15.0,5.397605346934028e-79,13.0,0.58,51.27,,,11.37
IQ-LAB-95155,62.0,male,5.4,2.79,8.4,87.1,205.0,18.0,5.397605346934028e-79,17.0,4.11,363.32,,,0.36
IQ-LAB-95156,3.0,female,7.6,4.48,12.2,80.5,314.0,,,,,,,,0.19
IQ-LAB-95157,54.0,male,5.8,5.16,15.5,88.6,156.0,,,,,,102.0,,
IQ-LAB-95158,15.0,female,6.7,4.8,13.8,83.2,240.0,10.0,5.397605346934028e-79,18.0,0.66,58.34,,,2.27
IQ-LAB-95159,12.0,female,5.7,4.97,13.8,84.1,388.0,14.0,5.397605346934028e-79,19.0,0.65,57.46,94.0,8.37,0.76
IQ-LAB-95160,66.0,female,6.5,4.67,14.0,87.2,321.0,25.0,5.397605346934028e-79,32.0,0.84,74.26,,,5.84
IQ-LAB-95161,16.0,female,8.5,4.69,13.5,86.2,300.0,,,,,,,,
IQ-LAB-95162,17.0,male,7.1,4.79,14.5,89.4,235.0,9.0,5.397605346934028e-79,19.0,1.13,99.89,94.0,6.79,0.65
IQ-LAB-95163,68.0,male,6.0,4.76,13.0,86.4,124.0,18.0,5.397605346934028e-79,23.0,1.36,120.22,,,0.47
IQ-LAB-95165,39.0,female,7.9,4.95,13.7,87.1,255.0,,,,,,,,
IQ-LAB-95167,13.0,female,4.5,4.8,13.7,84.3,263.0,8.0,5.397605346934028e-79,18.0,0.57,50.39,97.0,6.05,0.11
IQ-LAB-95168,59.0,female,6.1,4.29,12.0,84.1,290.0,14.0,5.397605346934028e-79,16.0,0.86,76.02,110.0,25.75,1.79
IQ-LAB-95169,61.0,female,10.9,4.65,12.9,85.0,293.0,19.0,5.397605346934028e-79,25.0,0.5,44.2,,,1.99
IQ-LAB-95170,67.0,female,10.6,4.83,12.6,77.2,246.0,25.0,5.397605346934028e-79,33.0,0.87,76.91,,,7.26
IQ-LAB-95171,41.0,female,10.3,4.91,14.6,87.0,325.0,18.0,5.397605346934028e-79,18.0,1.04,91.94,114.0,20.92,3.09
IQ-LAB-95172,71.0,female,5.3,3.71,12.2,96.4,243.0,17.0,5.397605346934028e-79,11.0,1.31,115.8,,,2.06
IQ-LAB-95173,80.0,male,5.2,5.03,13.2,79.7,196.0,11.0,5.397605346934028e-79,19.0,1.26,111.38,144.0,4.79,0.49
IQ-LAB-95174,25.0,female,13.0,4.7,14.2,88.2,232.0,28.0,5.397605346934028e-79,19.0,0.63,55.69,,,17.11
IQ-LAB-95176,9.0,female,9.3,5.21,12.6,73.8,289.0,,,,,,,,5.36
IQ-LAB-95178,1.0,male,9.5,5.09,13.3,78.0,641.0,,,,,,,,
IQ-LAB-95179,31.0,female,9.5,4.84,13.3,80.7,321.0,11.0,5.397605346934028e-79,13.0,0.82,72.49,,,10.04
IQ-LAB-95181,39.0,male,7.7,4.13,13.2,96.0,187.0,15.0,5.397605346934028e-79,26.0,1.14,100.78,,,0.66
IQ-LAB-95182,56.0,male,10.0,4.92,15.7,92.4,224.0,17.0,5.397605346934028e-79,18.0,1.19,105.2,,,2.81
IQ-LAB-95183,14.0,female,4.9,4.79,13.9,87.9,248.0,11.0,5.397605346934028e-79,18.0,0.77,68.07,89.0,8.9,0.33
IQ-LAB-95184,21.0,female,8.2,4.77,15.5,95.0,230.0,9.0,5.397605346934028e-79,14.0,0.73,64.53,,,33.53
IQ-LAB-95185,17.0,male,3.8,4.82,13.2,83.4,287.0,14.0,5.397605346934028e-79,28.0,0.57,50.39,,,0.3
IQ-LAB-95186,28.0,female,8.6,5.0,12.9,79.6,254.0,28.0,5.397605346934028e-79,30.0,0.59,52.16,,,2.35
IQ-LAB-95188,11.0,female,9.9,4.58,12.8,82.5,181.0,,,,,,,,0.32
IQ-LAB-95189,66.0,male,8.0,4.4,14.2,99.1,196.0,7.0,5.397605346934028e-79,15.0,1.2,106.08,106.0,12.54,6.02
IQ-LAB-95190,28.0,female,4.8,4.46,14.1,93.1,212.0,12.0,5.397605346934028e-79,19.0,0.69,61.0,96.0,2.39,2.0
IQ-LAB-95191,54.0,female,6.7,5.0,14.5,87.9,216.0,26.0,5.397605346934028e-79,24.0,0.58,51.27,,,5.54
IQ-LAB-95193,9.0,male,8.1,5.02,13.7,80.1,278.0,,,,,,,,0.8
IQ-LAB-95194,19.0,male,6.1,5.16,15.8,91.9,184.0,33.0,5.397605346934028e-79,23.0,0.67,59.23,104.0,28.71,1.78
IQ-LAB-95195,19.0,female,12.2,4.97,15.1,87.8,329.0,37.0,5.397605346934028e-79,22.0,0.78,68.95,,,3.01
IQ-LAB-95196,1.0,female,9.3,4.77,12.4,77.2,380.0,,,,,,,,
IQ-LAB-95197,34.0,male,15.7,5.28,16.4,89.5,304.0,24.0,5.397605346934028e-79,21.0,0.73,64.53,,,3.36
IQ-LAB-95198,19.0,female,4.4,4.79,12.9,82.8,260.0,17.0,5.397605346934028e-79,26.0,0.8,70.72,,,2.41
IQ-LAB-95199,61.0,female,10.6,4.26,11.9,82.8,201.0,13.0,5.397605346934028e-79,17.0,1.76,155.58,,,14.34
IQ-LAB-95200,23.0,female,9.8,4.4,13.2,89.2,258.0,13.0,5.397605346934028e-79,16.0,0.6,53.04,,,0.89
IQ-LAB-95201,17.0,female,8.7,4.69,11.0,74.5,327.0,17.0,5.397605346934028e-79,15.0,0.67,59.23,,,0.68
IQ-LAB-95202,23.0,female,6.3,4.64,13.9,86.5,216.0,15.0,5.397605346934028e-79,25.0,0.77,68.07,,,0.98
IQ-LAB-95203,54.0,male,8.4,5.33,16.0,90.4,229.0,19.0,5.397605346934028e-79,24.0,1.2,106.08,110.0,9.25,5.32
IQ-LAB-95205,1.0,female,7.6,4.58,12.9,82.1,307.0,,,,,,,,0.27
IQ-LAB-95206,47.0,male,8.7,4.41,12.8,87.4,305.0,10.0,5.397605346934028e-79,18.0,0.87,76.91,110.0,4.97,0.99
IQ-LAB-95207,71.0,female,9.1,5.48,15.8,88.4,153.0,,,,,,76.0,,
IQ-LAB-95208,78.0,male,4.4,4.51,14.4,94.5,105.0,14.0,5.397605346934028e-79,22.0,0.92,81.33,,,0.68
IQ-LAB-95209,73.0,female,5.8,3.7,11.2,90.4,138.0,23.0,5.397605346934028e-79,31.0,1.16,102.54,,,0.73
IQ-LAB-95210,44.0,female,6.5,4.06,12.9,94.2,351.0,11.0,5.397605346934028e-79,12.0,0.76,67.18,110.0,12.01,3.55
IQ-LAB-95211,22.0,female,8.1,4.73,14.1,90.5,267.0,8.0,5.397605346934028e-79,15.0,0.77,68.07,,,3.85
IQ-LAB-95212,3.0,male,6.8,4.89,12.3,74.3,299.0,,,,,,,,0.18
IQ-LAB-95213,25.0,male,7.6,5.12,13.9,83.6,291.0,13.0,5.397605346934028e-79,20.0,0.76,67.18,108.0,4.37,0.5
IQ-LAB-95214,70.0,male,4.0,4.39,13.6,92.0,189.0,50.0,5.397605346934028e-79,44.0,1.04,91.94,,,0.29
IQ-LAB-95215,52.0,female,12.0,4.95,16.0,95.7,231.0,27.0,5.397605346934028e-79,23.0,0.75,66.3,,,3.79
IQ-LAB-95216,50.0,male,6.1,4.72,14.6,91.3,151.0,16.0,5.397605346934028e-79,15.0,1.14,100.78,72.0,12.63,0.42
IQ-LAB-95218,16.0,female,7.4,4.3,12.3,85.1,267.0,9.0,5.397605346934028e-79,21.0,0.74,65.42,,,0.7
IQ-LAB-95219,7.0,male,7.8,4.72,12.7,80.7,300.0,,,,,,,,
IQ-LAB-95220,61.0,female,7.7,4.89,13.5,83.6,250.0,14.0,5.397605346934028e-79,20.0,0.73,64.53,,,3.57
IQ-LAB-95221,35.0,female,6.5,4.27,13.9,96.3,317.0,14.0,5.397605346934028e-79,17.0,0.59,52.16,,,1.02
IQ-LAB-95222,72.0,female,8.7,4.22,14.4,102.7,210.0,,,,,,82.0,,
IQ-LAB-95223,16.0,female,4.9,4.57,12.7,87.3,261.0,9.0,5.397605346934028e-79,14.0,0.8,70.72,96.0,7.5,0.55
IQ-LAB-95224,73.0,male,11.1,4.43,14.8,99.6,336.0,20.0,5.397605346934028e-79,23.0,0.81,71.6,,,7.39
IQ-LAB-95226,8.0,male,5.4,4.09,11.5,86.6,332.0,,,,,,,,0.52
IQ-LAB-95227,22.0,male,5.2,5.25,15.0,86.7,226.0,17.0,5.397605346934028e-79,19.0,0.9,79.56,,,0.51
IQ-LAB-95228,46.0,male,7.6,4.93,16.0,93.3,277.0,48.0,5.397605346934028e-79,28.0,1.03,91.05,,,1.63
IQ-LAB-95231,32.0,male,9.0,5.3,15.6,85.6,230.0,16.0,5.397605346934028e-79,17.0,1.03,91.05,,,0.43
IQ-LAB-95232,23.0,female,4.8,4.23,11.5,83.9,256.0,7.0,5.397605346934028e-79,13.0,0.48,42.43,95.0,9.13,3.15
IQ-LAB-95233,21.0,female,8.2,5.39,14.9,82.7,324.0,29.0,5.397605346934028e-79,16.0,0.57,50.39,121.0,53.95,2.86
IQ-LAB-95236,76.0,female,7.2,4.68,14.4,93.3,262.0,12.0,5.397605346934028e-79,17.0,0.84,74.26,117.0,9.64,3.4
IQ-LAB-95237,29.0,male,6.2,4.68,15.3,96.4,213.0,13.0,5.397605346934028e-79,22.0,1.07,94.59,,,0.82
IQ-LAB-95238,78.0,male,5.0,4.12,13.6,96.6,193.0,19.0,5.397605346934028e-79,22.0,1.13,99.89,109.0,9.41,3.88
IQ-LAB-95239,23.0,female,7.4,4.14,12.2,86.0,252.0,87.0,5.397605346934028e-79,29.0,0.4,35.36,120.0,15.13,2.65
IQ-LAB-95242,58.0,female,8.0,4.98,13.1,80.0,256.0,9.0,5.397605346934028e-79,17.0,0.81,71.6,,,2.21
IQ-LAB-95243,68.0,female,6.6,4.73,14.4,92.2,268.0,,,,,,87.0,,
IQ-LAB-95244,48.0,female,8.3,4.66,13.7,86.4,301.0,30.0,5.397605346934028e-79,20.0,0.86,76.02,,,9.4
IQ-LAB-95245,6.0,male,8.6,5.0,14.4,82.6,226.0,,,,,,,,0.42
IQ-LAB-95247,64.0,female,11.6,5.9,12.2,65.9,237.0,79.0,5.397605346934028e-79,42.0,1.01,89.28,176.0,23.84,13.1
IQ-LAB-95249,70.0,female,7.7,4.32,13.8,95.5,131.0,9.0,5.397605346934028e-79,15.0,1.15,101.66,,,2.48
IQ-LAB-95251,38.0,female,8.9,4.82,14.8,91.0,221.0,,,,,,,,4.93
IQ-LAB-95252,70.0,male,8.8,5.01,15.5,92.2,155.0,16.0,5.397605346934028e-79,17.0,0.96,84.86,184.0,8.7,2.31
IQ-LAB-95253,10.0,male,5.7,5.15,14.3,83.4,220.0,,,,,,,,
IQ-LAB-95254,3.0,female,8.1,4.8,13.4,80.1,353.0,,,,,,,,0.26
IQ-LAB-95255,24.0,female,9.9,4.51,13.5,89.2,265.0,37.0,5.397605346934028e-79,27.0,0.82,72.49,,,0.57
IQ-LAB-95256,66.0,female,5.6,4.85,14.5,89.0,207.0,10.0,5.397605346934028e-79,15.0,0.82,72.49,,,1.93
IQ-LAB-95257,39.0,female,4.7,4.23,12.6,87.8,248.0,9.0,5.397605346934028e-79,14.0,0.86,76.02,90.0,6.01,4.97
IQ-LAB-95258,62.0,male,6.4,4.59,13.0,85.7,377.0,34.0,5.397605346934028e-79,18.0,1.05,92.82,239.0,53.07,2.54
IQ-LAB-95259,80.0,male,6.0,4.96,16.1,92.3,230.0,12.0,5.397605346934028e-79,17.0,0.79,69.84,109.0,4.38,1.21
IQ-LAB-95260,26.0,male,7.4,5.08,16.6,92.7,191.0,22.0,5.397605346934028e-79,24.0,1.18,104.31,,,0.51
IQ-LAB-95261,24.0,female,11.5,5.07,14.4,85.7,319.0,16.0,5.397605346934028e-79,15.0,0.7,61.88,88.0,11.19,8.47
IQ-LAB-95262,24.0,female,7.5,4.7,13.4,86.9,229.0,10.0,5.397605346934028e-79,11.0,0.6,53.04,105.0,21.14,1.87
IQ-LAB-95264,18.0,female,5.3,4.57,13.9,90.6,272.0,8.0,5.397605346934028e-79,11.0,0.66,58.34,,,0.43
IQ-LAB-95265,46.0,female,9.1,4.75,15.1,95.0,228.0,18.0,5.397605346934028e-79,14.0,0.43,38.01,195.0,16.97,1.23
IQ-LAB-95266,58.0,female,8.6,4.36,13.2,91.1,269.0,87.0,5.397605346934028e-79,40.0,0.76,67.18,,,3.13
IQ-LAB-95268,70.0,male,6.6,4.93,14.6,88.0,170.0,14.0,5.397605346934028e-79,19.0,0.92,81.33,,,2.61
IQ-LAB-95269,18.0,male,5.3,4.45,13.8,96.6,204.0,16.0,5.397605346934028e-79,20.0,1.01,89.28,,,0.42
IQ-LAB-95270,5.0,male,10.5,3.89,11.8,88.0,379.0,,,,,,,,0.21
IQ-LAB-95272,80.0,female,6.0,4.3,13.5,93.4,321.0,11.0,5.397605346934028e-79,20.0,0.71,62.76,,,0.72
IQ-LAB-95273,62.0,male,7.3,4.73,15.3,92.4,241.0,15.0,5.397605346934028e-79,17.0,0.98,86.63,,,6.87
IQ-LAB-95274,48.0,female,6.7,4.26,13.0,93.3,286.0,7.0,5.397605346934028e-79,14.0,0.58,51.27,129.0,43.97,5.61
IQ-LAB-95275,41.0,female,4.9,4.58,13.0,84.7,283.0,9.0,5.397605346934028e-79,16.0,0.95,83.98,95.0,5.24,1.17
IQ-LAB-95276,33.0,male,3.8,5.14,14.8,85.4,207.0,20.0,5.397605346934028e-79,17.0,0.92,81.33,118.0,7.83,0.73
IQ-LAB-95278,43.0,female,8.9,4.75,12.1,76.8,302.0,14.0,5.397605346934028e-79,16.0,0.63,55.69,141.0,54.25,4.21
IQ-LAB-95279,36.0,male,5.7,5.4,14.9,84.8,305.0,19.0,5.397605346934028e-79,15.0,0.77,68.07,102.0,10.61,0.8
IQ-LAB-95280,42.0,female,7.9,4.35,12.1,84.5,343.0,12.0,5.397605346934028e-79,17.0,0.59,52.16,,,1.65
IQ-LAB-95281,61.0,female,9.8,4.2,8.3,63.3,231.0,10.0,5.397605346934028e-79,13.0,2.59,228.96,,,2.52
IQ-LAB-95282,6.0,male,6.6,4.65,12.7,79.0,325.0,,,,,,,,2.56
IQ-LAB-95283,18.0,male,6.4,5.16,15.7,87.5,235.0,31.0,5.397605346934028e-79,25.0,0.86,76.02,95.0,6.87,0.57
IQ-LAB-95284,41.0,female,8.1,4.34,13.0,90.6,278.0,17.0,5.397605346934028e-79,18.0,0.58,51.27,118.0,20.48,3.98
IQ-LAB-95285,6.0,female,8.2,4.71,14.2,87.0,369.0,,,,,,,,0.44
IQ-LAB-95286,17.0,female,9.9,4.83,14.3,87.8,203.0,9.0,5.397605346934028e-79,15.0,0.64,56.58,,,0.42
IQ-LAB-95287,56.0,female,4.6,5.51,10.8,61.2,225.0,15.0,5.397605346934028e-79,16.0,0.85,75.14,,,0.53
IQ-LAB-95288,34.0,male,8.6,4.63,15.0,94.6,247.0,14.0,5.397605346934028e-79,16.0,0.75,66.3,,,1.88
IQ-LAB-95289,56.0,female,9.4,4.26,12.5,88.8,291.0,11.0,5.397605346934028e-79,15.0,0.7,61.88,99.0,10.75,49.33
IQ-LAB-95291,4.0,male,5.7,4.42,11.9,81.0,482.0,,,,,,,,0.28
IQ-LAB-95292,8.0,male,6.2,4.7,13.4,83.8,255.0,,,,,,,,0.28
IQ-LAB-95293,16.0,male,5.5,5.26,15.0,85.8,326.0,18.0,5.397605346934028e-79,19.0,0.75,66.3,102.0,10.17,0.54
IQ-LAB-95294,1.0,female,8.2,4.59,13.2,83.8,206.0,,,,,,,,2.26
IQ-LAB-95296,40.0,male,6.7,5.49,16.8,88.7,207.0,28.0,5.397605346934028e-79,20.0,0.82,72.49,107.0,15.17,0.65
IQ-LAB-95297,15.0,male,5.3,5.11,16.5,90.2,212.0,11.0,5.397605346934028e-79,16.0,0.89,78.68,100.0,12.86,0.45
IQ-LAB-95298,60.0,male,4.2,6.19,13.8,70.8,183.0,18.0,5.397605346934028e-79,28.0,1.33,117.57,108.0,4.36,0.82
IQ-LAB-95299,7.0,female,10.9,4.52,12.9,83.3,310.0,,,,,,,,2.36
IQ-LAB-95302,45.0,female,7.1,4.41,13.4,90.1,244.0,13.0,5.397605346934028e-79,14.0,0.69,61.0,89.0,18.84,2.45
IQ-LAB-95303,15.0,male,9.3,5.92,15.5,78.0,288.0,46.0,5.397605346934028e-79,26.0,0.66,58.34,,,1.25
IQ-LAB-95305,17.0,female,8.4,4.27,12.3,87.4,224.0,7.0,5.397605346934028e-79,17.0,0.55,48.62,,,0.6
IQ-LAB-95306,3.0,male,4.6,4.2,12.2,82.5,269.0,,,,,,,,0.22
IQ-LAB-95307,19.0,male,5.4,5.18,15.8,88.8,230.0,16.0,5.397605346934028e-79,14.0,0.85,75.14,,,0.5
IQ-LAB-95308,64.0,female,7.7,5.13,13.8,82.1,234.0,8.0,5.397605346934028e-79,13.0,0.64,56.58,,,0.84
IQ-LAB-95309,5.0,female,11.3,4.22,11.6,83.3,366.0,,,,,,,,0.41
IQ-LAB-95310,52.0,male,6.4,5.23,14.2,80.8,256.0,24.0,5.397605346934028e-79,17.0,0.78,68.95,115.0,23.14,1.17
IQ-LAB-95311,10.0,female,5.2,4.9,11.9,75.7,228.0,,,,,,,,0.38
IQ-LAB-95312,25.0,male,5.9,4.97,15.3,89.6,168.0,29.0,5.397605346934028e-79,20.0,0.82,72.49,103.0,6.4,4.27
IQ-LAB-95313,54.0,female,5.5,4.14,13.0,92.2,255.0,17.0,5.397605346934028e-79,18.0,0.82,72.49,90.0,4.72,0.33
IQ-LAB-95314,11.0,male,5.9,4.74,12.7,80.6,212.0,,,,,,,,0.62
IQ-LAB-95315,63.0,female,4.3,4.58,13.4,89.1,243.0,12.0,5.397605346934028e-79,18.0,0.87,76.91,,,4.42
IQ-LAB-95316,43.0,male,5.7,4.84,16.0,96.5,261.0,51.0,5.397605346934028e-79,33.0,1.17,103.43,,,5.74
IQ-LAB-95318,60.0,female,5.3,5.15,15.2,88.7,200.0,21.0,5.397605346934028e-79,,0.57,50.39,,,2.12
IQ-LAB-95319,55.0,female,5.7,4.54,12.9,85.0,327.0,8.0,5.397605346934028e-79,13.0,0.61,53.92,,,1.36
IQ-LAB-95320,1.0,male,10.0,4.91,12.5,75.1,329.0,,,,,,,,
IQ-LAB-95321,65.0,male,7.4,5.17,15.2,90.3,337.0,33.0,5.397605346934028e-79,21.0,0.8,70.72,,,8.32
IQ-LAB-95323,21.0,male,8.5,5.59,16.6,87.3,228.0,11.0,5.397605346934028e-79,18.0,0.93,82.21,,,0.27
IQ-LAB-95324,70.0,male,8.7,5.13,15.7,88.7,171.0,,,,,,,,
IQ-LAB-95325,68.0,male,9.9,4.97,15.4,91.0,200.0,16.0,5.397605346934028e-79,14.0,0.79,69.84,,,2.39
IQ-LAB-95326,72.0,male,9.3,4.19,13.6,94.5,257.0,33.0,5.397605346934028e-79,27.0,0.82,72.49,214.0,26.09,0.4
IQ-LAB-95328,17.0,female,7.5,4.7,13.6,86.2,164.0,11.0,5.397605346934028e-79,12.0,0.65,57.46,104.0,9.54,0.11
IQ-LAB-95329,47.0,male,5.1,5.24,15.8,87.5,224.0,15.0,5.397605346934028e-79,17.0,0.78,68.95,,,0.93
IQ-LAB-95330,77.0,female,6.7,4.18,12.1,88.0,256.0,11.0,5.397605346934028e-79,12.0,1.47,129.95,366.0,2.58,5.61
IQ-LAB-95331,8.0,female,7.6,4.91,13.8,83.1,307.0,,,,,,,,3.16
IQ-LAB-95333,39.0,male,6.3,4.6,14.2,88.4,182.0,18.0,5.397605346934028e-79,18.0,0.92,81.33,130.0,10.19,4.23
IQ-LAB-95334,60.0,female,8.8,4.14,12.4,88.5,285.0,5.0,5.397605346934028e-79,17.0,0.74,65.42,103.0,14.2,2.07
IQ-LAB-95336,9.0,female,7.2,4.55,13.2,84.6,223.0,,,,,,,,4.09
IQ-LAB-95337,13.0,female,9.6,4.48,12.9,84.5,269.0,9.0,5.397605346934028e-79,18.0,0.63,55.69,,,0.35
IQ-LAB-95338,72.0,male,8.5,4.22,12.9,90.0,248.0,36.0,5.397605346934028e-79,22.0,1.0,88.4,,,1.93
IQ-LAB-95342,31.0,female,5.5,4.73,14.1,90.7,216.0,18.0,5.397605346934028e-79,30.0,0.57,50.39,95.0,5.9,2.96
IQ-LAB-95344,11.0,male,5.4,4.28,12.8,88.0,296.0,,,,,,,,0.25
IQ-LAB-95345,17.0,female,4.9,5.11,11.3,70.5,214.0,6.0,5.397605346934028e-79,14.0,0.91,80.44,103.0,6.97,0.27
IQ-LAB-95346,61.0,female,3.7,3.79,12.7,97.8,210.0,14.0,5.397605346934028e-79,23.0,1.1,97.24,94.0,7.03,1.11
IQ-LAB-95348,39.0,female,5.2,4.72,13.8,86.5,283.0,56.0,5.397605346934028e-79,43.0,0.62,54.81,121.0,25.19,6.43
IQ-LAB-95349,14.0,male,5.6,4.83,13.9,84.6,251.0,13.0,5.397605346934028e-79,,0.52,45.97,,,15.42
IQ-LAB-95350,14.0,female,6.2,4.69,10.7,72.0,321.0,8.0,5.397605346934028e-79,11.0,0.53,46.85,104.0,23.3,13.12
IQ-LAB-95351,25.0,female,10.2,5.04,14.1,83.7,312.0,56.0,5.397605346934028e-79,31.0,0.88,77.79,,,5.35
IQ-LAB-95352,50.0,female,6.6,4.37,13.1,88.0,264.0,30.0,5.397605346934028e-79,26.0,0.72,63.65,,,0.68
IQ-LAB-95353,39.0,female,7.6,4.8,14.6,89.9,234.0,12.0,5.397605346934028e-79,13.0,0.63,55.69,125.0,6.6,7.9
IQ-LAB-95354,8.0,male,8.0,4.88,13.3,80.6,216.0,,,,,,,,0.32
IQ-LAB-95355,14.0,male,7.9,4.68,15.1,92.4,253.0,13.0,5.397605346934028e-79,26.0,0.83,73.37,,,1.38
IQ-LAB-95356,61.0,male,6.4,5.12,13.9,80.5,220.0,14.0,5.397605346934028e-79,20.0,1.04,91.94,,,1.84
IQ-LAB-95357,56.0,female,4.5,4.35,13.2,91.1,141.0,31.0,5.397605346934028e-79,56.0,1.37,121.11,,,3.18
IQ-LAB-95358,70.0,female,12.8,4.8,13.3,85.4,210.0,18.0,5.397605346934028e-79,18.0,1.08,95.47,,,18.68
IQ-LAB-95359,2.0,male,5.7,5.68,12.1,66.7,454.0,,,,,,,,
IQ-LAB-95360,69.0,male,8.8,4.96,14.5,86.1,295.0,13.0,5.397605346934028e-79,18.0,1.1,97.24,,,2.86
IQ-LAB-95362,42.0,female,7.0,4.66,14.7,93.3,238.0,11.0,5.397605346934028e-79,15.0,0.65,57.46,,,0.89
IQ-LAB-95363,2.0,male,6.1,4.99,12.7,78.5,261.0,,,,,,,,0.3
IQ-LAB-95366,44.0,female,5.7,4.65,11.5,77.2,261.0,12.0,5.397605346934028e-79,13.0,0.55,48.62,103.0,15.72,14.82
IQ-LAB-95367,55.0,female,9.8,5.18,13.8,79.4,283.0,23.0,5.397605346934028e-79,22.0,0.74,65.42,,,29.99
IQ-LAB-95369,15.0,female,6.3,4.22,13.2,91.2,314.0,9.0,5.397605346934028e-79,17.0,0.71,62.76,,,1.34
IQ-LAB-95371,7.0,male,6.1,4.41,11.7,79.9,292.0,,,,,,,,0.91
IQ-LAB-95372,80.0,male,3.4,3.91,12.1,91.2,120.0,16.0,5.397605346934028e-79,15.0,1.07,94.59,131.0,9.64,0.83
IQ-LAB-95373,13.0,male,8.0,5.31,12.4,73.3,334.0,,,,,,,,
IQ-LAB-95374,27.0,male,7.7,4.89,15.1,92.5,145.0,54.0,5.397605346934028e-79,40.0,0.74,65.42,93.0,1.73,0.53
IQ-LAB-95375,56.0,male,6.0,4.96,16.1,94.9,195.0,25.0,5.397605346934028e-79,30.0,1.02,90.17,,,0.65
IQ-LAB-95376,7.0,male,4.4,4.2,12.2,84.7,347.0,,,,,,,,0.53
IQ-LAB-95377,63.0,male,9.7,4.81,13.2,83.0,249.0,32.0,5.397605346934028e-79,28.0,1.01,89.28,102.0,11.01,17.2
IQ-LAB-95380,62.0,male,4.8,5.38,16.8,92.1,137.0,34.0,5.397605346934028e-79,27.0,1.59,140.56,,,0.51
IQ-LAB-95381,17.0,female,5.2,4.19,12.6,87.1,202.0,12.0,5.397605346934028e-79,20.0,0.6,53.04,88.0,4.76,0.41
IQ-LAB-95382,60.0,male,5.5,5.07,14.7,83.9,192.0,37.0,5.397605346934028e-79,31.0,1.53,135.25,99.0,23.36,1.57
IQ-LAB-95383,5.0,female,9.0,4.42,13.0,84.5,349.0,,,,,,,,0.68
IQ-LAB-95385,28.0,female,8.7,4.73,11.4,75.8,269.0,11.0,5.397605346934028e-79,17.0,0.75,66.3,,,6.65
IQ-LAB-95387,15.0,male,8.7,5.25,13.5,79.7,189.0,28.0,5.397605346934028e-79,22.0,0.93,82.21,,,5.37
IQ-LAB-95388,17.0,male,7.6,6.78,14.4,69.0,272.0,25.0,5.397605346934028e-79,22.0,1.11,98.12,,,2.11
IQ-LAB-95389,20.0,male,5.1,4.79,15.7,92.1,214.0,16.0,5.397605346934028e-79,18.0,0.99,87.52,,,0.72
IQ-LAB-95391,44.0,female,6.7,4.31,13.1,92.2,203.0,40.0,5.397605346934028e-79,22.0,0.61,53.92,115.0,11.03,2.62
IQ-LAB-95392,21.0,male,9.3,5.13,15.8,90.7,248.0,15.0,5.397605346934028e-79,18.0,0.89,78.68,,,2.08
IQ-LAB-95393,28.0,female,9.9,4.64,13.8,88.2,321.0,13.0,5.397605346934028e-79,12.0,0.67,59.23,99.0,27.0,15.23
IQ-LAB-95394,47.0,male,7.8,5.31,16.6,94.1,183.0,21.0,5.397605346934028e-79,15.0,0.93,82.21,110.0,5.4,2.44
IQ-LAB-95397,68.0,male,8.7,4.64,13.1,83.2,182.0,10.0,5.397605346934028e-79,16.0,2.24,198.02,,,3.1
IQ-LAB-95398,3.0,male,7.6,5.07,12.0,71.3,313.0,,,,,,,,0.41
IQ-LAB-95399,13.0,female,5.1,4.54,13.7,87.0,242.0,16.0,5.397605346934028e-79,20.0,0.72,63.65,97.0,8.06,0.23
IQ-LAB-95400,5.0,female,8.8,4.28,12.2,84.5,351.0,,,,,,,,1.06
IQ-LAB-95401,80.0,female,6.0,4.18,13.0,92.6,184.0,12.0,5.397605346934028e-79,20.0,0.87,76.91,109.0,2.89,0.94
IQ-LAB-95402,28.0,male,8.4,5.19,15.9,83.9,117.0,28.0,5.397605346934028e-79,31.0,1.08,95.47,,,0.49
IQ-LAB-95403,49.0,female,10.6,4.54,14.0,88.3,225.0,21.0,5.397605346934028e-79,24.0,0.7,61.88,,,3.51
IQ-LAB-95405,53.0,male,8.0,4.38,12.7,88.9,226.0,14.0,5.397605346934028e-79,16.0,1.16,102.54,,,2.99
IQ-LAB-95406,80.0,male,7.6,4.32,14.4,96.6,182.0,15.0,5.397605346934028e-79,24.0,0.79,69.84,,,1.24
IQ-LAB-95407,1.0,female,12.9,4.9,11.7,72.4,444.0,,,,,,,,
IQ-LAB-95409,6.0,female,6.8,4.35,12.4,82.8,297.0,,,,,,,,1.1
IQ-LAB-95410,76.0,male,4.4,4.91,15.2,90.4,270.0,16.0,5.397605346934028e-79,19.0,1.03,91.05,111.0,15.23,1.0
IQ-LAB-95411,71.0,male,7.8,3.23,7.8,77.6,232.0,10.0,5.397605346934028e-79,11.0,2.5,221.0,158.0,64.83,49.4
IQ-LAB-95412,60.0,male,8.0,4.89,15.0,92.7,245.0,16.0,5.397605346934028e-79,18.0,0.94,83.1,109.0,11.03,7.04
IQ-LAB-95413,51.0,female,5.6,4.66,9.0,65.4,121.0,33.0,5.397605346934028e-79,44.0,0.42,37.13,,,1.97
IQ-LAB-95414,27.0,male,6.1,5.82,17.4,87.6,184.0,26.0,5.397605346934028e-79,22.0,1.05,92.82,,,0.64
IQ-LAB-95415,36.0,female,9.8,4.58,14.3,90.4,273.0,17.0,5.397605346934028e-79,18.0,0.74,65.42,,,0.56
IQ-LAB-95416,36.0,female,4.9,4.19,13.5,96.3,197.0,6.0,5.397605346934028e-79,19.0,0.73,64.53,84.0,1.7,0.96
IQ-LAB-95417,63.0,male,11.0,5.01,14.0,82.4,198.0,18.0,5.397605346934028e-79,13.0,0.74,65.42,,,2.02
IQ-LAB-95418,59.0,male,7.1,4.31,13.7,96.5,349.0,27.0,5.397605346934028e-79,22.0,1.43,126.41,97.0,7.7,3.08
IQ-LAB-95419,68.0,male,4.5,4.81,14.6,95.1,200.0,25.0,5.397605346934028e-79,20.0,0.79,69.84,104.0,15.01,0.63
IQ-LAB-95420,18.0,female,8.1,4.26,12.9,89.1,274.0,12.0,5.397605346934028e-79,16.0,0.68,60.11,,,0.29
IQ-LAB-95421,78.0,male,8.4,5.28,16.3,89.6,193.0,14.0,5.397605346934028e-79,17.0,0.92,81.33,,,0.84
IQ-LAB-95422,39.0,female,7.0,4.29,13.5,91.2,274.0,16.0,5.397605346934028e-79,19.0,0.73,64.53,97.0,10.29,1.31
IQ-LAB-95423,33.0,female,6.3,4.91,9.0,60.4,344.0,12.0,5.397605346934028e-79,16.0,0.63,55.69,87.0,15.61,0.72
IQ-LAB-95424,40.0,male,5.6,5.01,14.0,82.0,240.0,14.0,5.397605346934028e-79,17.0,1.2,106.08,,,1.37
IQ-LAB-95425,22.0,male,6.0,5.87,17.2,87.1,242.0,51.0,5.397605346934028e-79,38.0,1.11,98.12,,,0.41
IQ-LAB-95427,62.0,male,5.2,4.78,16.2,99.1,125.0,31.0,5.397605346934028e-79,29.0,1.86,164.42,,,9.22
IQ-LAB-95430,2.0,male,5.7,4.66,12.9,79.6,326.0,,,,,,,,
IQ-LAB-95431,66.0,female,7.5,4.4,12.0,86.2,170.0,21.0,5.397605346934028e-79,15.0,1.15,101.66,287.0,63.51,3.47
IQ-LAB-95434,78.0,female,8.0,4.62,12.1,80.7,258.0,18.0,5.397605346934028e-79,28.0,1.25,110.5,,,5.32
IQ-LAB-95435,15.0,female,11.0,4.03,11.1,84.1,294.0,12.0,5.397605346934028e-79,16.0,0.69,61.0,,,1.44
IQ-LAB-95436,43.0,female,5.5,4.42,13.8,94.7,248.0,10.0,5.397605346934028e-79,14.0,0.82,72.49,91.0,7.14,0.95
IQ-LAB-95437,23.0,male,4.3,4.74,14.2,88.5,216.0,23.0,5.397605346934028e-79,21.0,1.14,100.78,102.0,9.08,0.97
IQ-LAB-95442,33.0,female,11.9,4.99,14.0,83.6,299.0,12.0,5.397605346934028e-79,15.0,0.73,64.53,,,0.93
IQ-LAB-95444,37.0,female,6.1,4.5,14.0,91.5,233.0,11.0,5.397605346934028e-79,12.0,0.74,65.42,,,0.31
IQ-LAB-95445,24.0,female,6.6,4.35,14.1,95.7,270.0,40.0,5.397605346934028e-79,34.0,0.66,58.34,104.0,16.98,0.64
IQ-LAB-95446,42.0,male,6.8,5.31,15.2,86.0,337.0,37.0,5.397605346934028e-79,21.0,0.95,83.98,,,1.75
IQ-LAB-95447,70.0,female,5.9,4.7,14.2,91.1,120.0,20.0,5.397605346934028e-79,20.0,0.51,45.08,129.0,30.99,1.38
IQ-LAB-95448,80.0,male,6.9,4.98,15.2,92.9,183.0,25.0,5.397605346934028e-79,24.0,1.56,137.9,109.0,21.55,2.04
IQ-LAB-95449,55.0,male,8.5,5.45,15.9,84.0,188.0,50.0,5.397605346934028e-79,28.0,0.89,78.68,100.0,24.12,6.5
IQ-LAB-95450,38.0,male,5.2,4.53,14.9,99.5,330.0,30.0,5.397605346934028e-79,38.0,0.99,87.52,100.0,3.07,1.58
IQ-LAB-95451,3.0,female,3.6,4.64,12.8,82.5,237.0,,,,,,,,3.11
IQ-LAB-95452,38.0,male,10.7,4.91,15.0,86.5,255.0,14.0,5.397605346934028e-79,19.0,1.75,154.7,,,3.64
IQ-LAB-95453,39.0,male,8.4,4.98,15.6,91.3,342.0,38.0,5.397605346934028e-79,25.0,0.85,75.14,,,2.08
IQ-LAB-95454,60.0,male,9.1,5.36,14.8,83.6,258.0,24.0,5.397605346934028e-79,23.0,0.92,81.33,,,0.83
IQ-LAB-95455,47.0,male,8.7,5.32,15.7,88.6,215.0,23.0,5.397605346934028e-79,22.0,0.93,82.21,111.0,9.1,1.81
IQ-LAB-95457,16.0,female,7.3,4.37,12.4,84.7,298.0,10.0,5.397605346934028e-79,13.0,0.85,75.14,,,0.72
IQ-LAB-95458,10.0,male,9.4,4.61,13.1,80.0,259.0,,,,,,,,2.22
IQ-LAB-95459,63.0,male,7.4,5.5,17.5,91.2,207.0,18.0,5.397605346934028e-79,16.0,0.94,83.1,104.0,7.94,2.53
IQ-LAB-95460,11.0,female,10.5,4.67,13.7,87.8,437.0,,,,,,,,12.19
IQ-LAB-95461,8.0,female,9.2,4.74,14.1,88.0,485.0,,,,,,,,0.23
IQ-LAB-95463,19.0,male,6.0,5.67,16.3,83.8,294.0,82.0,5.397605346934028e-79,39.0,0.61,53.92,107.0,24.43,1.23
IQ-LAB-95464,3.0,female,8.2,4.72,12.9,77.6,384.0,,,,,,,,1.11
IQ-LAB-95465,56.0,female,6.7,5.36,15.3,85.5,216.0,21.0,5.397605346934028e-79,25.0,0.65,57.46,107.0,10.08,1.79
IQ-LAB-95466,52.0,male,7.4,5.13,17.1,96.6,244.0,37.0,5.397605346934028e-79,30.0,1.0,88.4,,,1.07
IQ-LAB-95467,80.0,female,9.4,4.35,13.6,96.7,242.0,10.0,5.397605346934028e-79,20.0,0.77,68.07,87.0,11.11,2.95
IQ-LAB-95468,63.0,male,4.9,4.43,13.8,91.9,197.0,14.0,5.397605346934028e-79,19.0,1.5,132.6,67.0,5.93,1.41
IQ-LAB-95469,28.0,male,4.2,4.66,14.5,92.9,230.0,12.0,5.397605346934028e-79,16.0,0.88,77.79,100.0,3.49,0.28
IQ-LAB-95470,3.0,male,9.7,5.08,13.0,74.8,274.0,,,,,,,,
IQ-LAB-95471,80.0,male,74.2,4.5,13.7,91.6,131.0,14.0,5.397605346934028e-79,35.0,1.16,102.54,,,0.5
IQ-LAB-95472,34.0,male,6.3,5.21,15.2,88.8,238.0,32.0,5.397605346934028e-79,24.0,1.03,91.05,96.0,7.06,1.62
IQ-LAB-95473,36.0,male,4.6,4.81,15.0,92.2,176.0,19.0,5.397605346934028e-79,18.0,1.02,90.17,85.0,3.11,0.71
IQ-LAB-95474,34.0,female,10.6,4.29,11.9,79.5,357.0,7.0,5.397605346934028e-79,11.0,0.69,61.0,103.0,7.67,3.5
IQ-LAB-95475,8.0,female,3.7,4.67,14.0,88.5,320.0,,,,,,,,0.29
IQ-LAB-95477,13.0,female,7.0,4.87,12.5,77.7,266.0,12.0,5.397605346934028e-79,19.0,0.7,61.88,86.0,4.04,0.52
IQ-LAB-95478,11.0,male,4.1,4.19,12.1,83.7,212.0,,,,,,,,1.08
IQ-LAB-95479,57.0,female,5.1,4.16,12.5,90.3,199.0,11.0,5.397605346934028e-79,15.0,0.7,61.88,89.0,2.7,0.66
IQ-LAB-95480,71.0,male,6.7,4.41,13.8,92.3,265.0,14.0,5.397605346934028e-79,17.0,0.9,79.56,,,1.28
IQ-LAB-95481,19.0,male,10.1,4.71,15.4,95.3,176.0,,,,,,,,0.62
IQ-LAB-95482,14.0,female,9.3,5.04,14.3,84.5,340.0,9.0,5.397605346934028e-79,20.0,0.81,71.6,,,0.74
IQ-LAB-95484,80.0,male,6.2,4.44,13.3,88.7,177.0,3.0,5.397605346934028e-79,15.0,1.46,129.06,,,1.39
IQ-LAB-95485,18.0,male,5.3,5.16,15.3,89.0,245.0,22.0,5.397605346934028e-79,21.0,1.01,89.28,95.0,5.23,1.39
IQ-LAB-95486,36.0,female,4.4,4.55,13.0,86.8,262.0,12.0,5.397605346934028e-79,13.0,0.88,77.79,107.0,47.51,0.55
IQ-LAB-95488,21.0,female,7.0,4.7,12.7,80.8,260.0,10.0,5.397605346934028e-79,11.0,0.41,36.24,85.0,18.71,17.55
IQ-LAB-95489,9.0,female,7.0,4.55,13.3,85.4,225.0,,,,,,,,0.38
IQ-LAB-95491,2.0,male,7.1,4.76,14.1,86.2,346.0,,,,,,,,0.28
IQ-LAB-95492,80.0,female,8.4,4.55,13.9,94.3,288.0,13.0,5.397605346934028e-79,18.0,0.74,65.42,,,9.45
IQ-LAB-95493,25.0,male,7.0,5.06,15.0,87.6,218.0,22.0,5.397605346934028e-79,24.0,0.89,78.68,,,0.95
IQ-LAB-95495,75.0,male,8.0,5.31,16.2,90.1,276.0,16.0,5.397605346934028e-79,18.0,1.18,104.31,95.0,12.54,2.62
IQ-LAB-95496,10.0,female,6.2,4.62,12.5,83.2,289.0,,,,,,,,0.28
IQ-LAB-95497,6.0,male,8.9,4.5,13.0,85.7,271.0,,,,,,,,1.08
IQ-LAB-95499,52.0,male,9.1,4.24,13.4,92.3,239.0,23.0,5.397605346934028e-79,16.0,1.36,120.22,,,2.39
IQ-LAB-95500,61.0,female,9.6,4.6,13.3,88.1,291.0,7.0,5.397605346934028e-79,11.0,0.89,78.68,,,8.22
IQ-LAB-95501,25.0,female,6.7,5.06,14.4,85.2,266.0,13.0,5.397605346934028e-79,19.0,0.8,70.72,,,6.97
IQ-LAB-95503,52.0,male,6.4,5.07,14.3,85.8,187.0,19.0,5.397605346934028e-79,15.0,1.01,89.28,,,2.23
IQ-LAB-95504,61.0,female,8.4,5.47,15.0,87.4,320.0,42.0,5.397605346934028e-79,41.0,0.68,60.11,,,14.79
IQ-LAB-95505,29.0,male,7.9,4.95,15.7,91.8,179.0,12.0,5.397605346934028e-79,17.0,1.05,92.82,108.0,2.59,11.0
IQ-LAB-95506,48.0,male,11.0,4.77,15.9,95.4,295.0,40.0,5.397605346934028e-79,23.0,0.83,73.37,131.0,3.7,0.23
IQ-LAB-95507,2.0,male,8.0,4.26,12.2,82.7,262.0,,,,,,,,
IQ-LAB-95508,63.0,male,5.9,4.72,14.8,92.2,234.0,19.0,5.397605346934028e-79,16.0,1.25,110.5,96.0,5.69,2.73
IQ-LAB-95509,51.0,female,6.3,4.7,13.8,88.7,195.0,15.0,5.397605346934028e-79,18.0,0.73,64.53,103.0,11.73,1.54
IQ-LAB-95510,51.0,female,5.2,4.76,13.4,85.9,134.0,53.0,5.397605346934028e-79,54.0,0.73,64.53,90.0,5.41,4.6
IQ-LAB-95513,3.0,female,7.4,4.68,13.2,84.8,265.0,,,,,,,,0.56
IQ-LAB-95514,35.0,male,5.0,5.62,15.5,83.5,183.0,27.0,5.397605346934028e-79,15.0,0.86,76.02,108.0,7.73,1.13
IQ-LAB-95515,69.0,male,4.0,4.67,13.4,87.1,144.0,18.0,5.397605346934028e-79,24.0,1.09,96.36,133.0,17.8,10.11
IQ-LAB-95516,15.0,male,5.2,4.76,14.8,93.2,199.0,11.0,5.397605346934028e-79,17.0,0.9,79.56,,,0.18
IQ-LAB-95518,16.0,male,6.6,5.73,16.4,85.0,250.0,56.0,5.397605346934028e-79,26.0,0.88,77.79,106.0,28.5,0.73
IQ-LAB-95519,53.0,female,8.0,4.14,12.2,88.4,322.0,109.0,5.397605346934028e-79,60.0,1.24,109.62,111.0,12.67,7.85
IQ-LAB-95522,22.0,female,10.5,4.35,13.5,91.5,238.0,9.0,5.397605346934028e-79,15.0,0.64,56.58,,,1.03
IQ-LAB-95523,9.0,female,6.3,4.36,12.9,85.0,293.0,,,,,,,,0.53
IQ-LAB-95524,62.0,female,6.6,4.81,13.3,83.7,237.0,15.0,5.397605346934028e-79,18.0,0.51,45.08,129.0,4.58,0.54
IQ-LAB-95525,51.0,female,4.4,4.65,14.6,92.8,267.0,15.0,5.397605346934028e-79,24.0,0.7,61.88,102.0,9.11,6.66
IQ-LAB-95526,80.0,female,6.1,4.16,13.7,97.2,199.0,22.0,5.397605346934028e-79,18.0,1.47,129.95,,,6.18
IQ-LAB-95528,75.0,female,8.1,4.42,13.1,86.9,211.0,11.0,5.397605346934028e-79,14.0,0.67,59.23,,,3.19
IQ-LAB-95531,58.0,male,5.9,4.68,14.3,91.3,192.0,30.0,5.397605346934028e-79,26.0,0.92,81.33,105.0,15.47,1.03
IQ-LAB-95533,68.0,male,7.3,4.14,13.4,95.3,139.0,27.0,5.397605346934028e-79,21.0,1.5,132.6,,,2.34
IQ-LAB-95534,67.0,female,6.6,5.12,15.1,87.8,132.0,13.0,5.397605346934028e-79,13.0,1.0,88.4,124.0,11.27,9.94
IQ-LAB-95535,46.0,male,8.1,4.99,15.5,90.1,169.0,42.0,5.397605346934028e-79,26.0,0.86,76.02,,,5.86
IQ-LAB-95536,11.0,male,5.5,4.6,13.1,86.0,325.0,,,,,,,,0.24
IQ-LAB-95537,48.0,male,7.4,5.65,17.4,89.7,220.0,26.0,5.397605346934028e-79,25.0,0.81,71.6,,,2.05
IQ-LAB-95538,1.0,male,11.4,4.77,12.6,77.5,450.0,,,,,,,,0.4
IQ-LAB-95539,69.0,male,6.7,4.75,12.7,81.2,208.0,14.0,5.397605346934028e-79,21.0,1.58,139.67,,,1.69
IQ-LAB-95540,68.0,male,8.9,5.09,15.7,89.8,269.0,20.0,5.397605346934028e-79,19.0,0.81,71.6,,,1.14
IQ-LAB-95541,65.0,female,6.5,4.63,13.9,88.7,231.0,31.0,5.397605346934028e-79,42.0,0.83,73.37,,,17.16
IQ-LAB-95542,56.0,female,6.0,4.64,13.9,88.4,250.0,24.0,5.397605346934028e-79,70.0,0.86,76.02,,,0.76
IQ-LAB-95543,28.0,female,7.3,4.56,12.9,84.7,235.0,10.0,5.397605346934028e-79,13.0,0.53,46.85,,,0.91
IQ-LAB-95544,29.0,male,6.9,4.95,14.2,82.7,312.0,45.0,5.397605346934028e-79,28.0,1.05,92.82,,,4.06
IQ-LAB-95545,14.0,male,7.1,5.21,15.5,91.6,265.0,9.0,5.397605346934028e-79,16.0,0.7,61.88,,,0.27
IQ-LAB-95546,15.0,male,6.9,5.54,16.0,84.2,219.0,14.0,5.397605346934028e-79,20.0,0.73,64.53,,,0.27
IQ-LAB-95547,57.0,male,3.5,4.02,13.3,96.4,119.0,91.0,5.397605346934028e-79,96.0,0.9,79.56,103.0,3.16,1.42
IQ-LAB-95548,28.0,male,7.8,5.15,15.1,87.6,175.0,12.0,5.397605346934028e-79,17.0,1.14,100.78,,,0.41
IQ-LAB-95549,53.0,female,10.4,4.4,12.8,84.9,341.0,32.0,5.397605346934028e-79,29.0,0.57,50.39,,,7.69
IQ-LAB-95550,62.0,male,9.0,5.37,16.9,92.8,311.0,25.0,5.397605346934028e-79,14.0,0.95,83.98,297.0,8.77,1.67
IQ-LAB-95551,57.0,female,7.5,4.69,13.9,87.6,321.0,31.0,5.397605346934028e-79,30.0,0.52,45.97,105.0,7.95,2.29
IQ-LAB-95552,5.0,male,4.6,4.66,13.5,85.5,287.0,,,,,,,,0.34
IQ-LAB-95553,79.0,male,4.8,4.9,15.2,92.4,141.0,13.0,5.397605346934028e-79,17.0,0.93,82.21,,,1.31
IQ-LAB-95555,18.0,male,9.1,6.47,17.9,81.5,321.0,42.0,5.397605346934028e-79,28.0,0.71,62.76,104.0,54.67,2.14
IQ-LAB-95556,41.0,male,5.3,4.6,14.8,95.5,273.0,27.0,5.397605346934028e-79,18.0,1.14,100.78,,,1.33
IQ-LAB-95557,79.0,female,3.4,4.27,13.4,93.1,152.0,22.0,5.397605346934028e-79,22.0,0.86,76.02,92.0,3.9,3.05
IQ-LAB-95559,42.0,female,8.5,4.65,14.2,90.7,281.0,12.0,5.397605346934028e-79,14.0,0.7,61.88,,,2.03
IQ-LAB-95561,63.0,male,5.0,4.88,14.7,87.8,239.0,28.0,5.397605346934028e-79,21.0,1.04,91.94,,,5.87
IQ-LAB-95562,1.0,female,8.9,5.07,13.2,79.8,349.0,,,,,,,,
IQ-LAB-95563,46.0,female,8.4,4.69,14.7,90.9,203.0,46.0,5.397605346934028e-79,138.0,1.18,104.31,,,4.4
IQ-LAB-95564,11.0,male,6.1,5.42,13.2,73.4,245.0,,,,,,,,1.78
IQ-LAB-95565,29.0,male,11.3,5.01,14.3,85.8,243.0,17.0,5.397605346934028e-79,16.0,1.11,98.12,,,0.55
IQ-LAB-95566,78.0,female,10.6,4.21,12.8,89.7,320.0,10.0,5.397605346934028e-79,17.0,0.86,76.02,116.0,15.33,7.25
IQ-LAB-95567,1.0,male,13.8,5.12,14.2,77.7,415.0,,,,,,,,0.25
IQ-LAB-95568,34.0,female,5.9,4.4,13.3,89.5,224.0,9.0,5.397605346934028e-79,16.0,0.65,57.46,92.0,7.23,0.44
IQ-LAB-95569,23.0,female,8.8,4.87,11.6,75.4,299.0,26.0,5.397605346934028e-79,18.0,0.78,68.95,,,4.43
IQ-LAB-95571,54.0,female,12.1,4.52,14.2,94.3,299.0,8.0,5.397605346934028e-79,11.0,0.57,50.39,108.0,16.75,36.92
IQ-LAB-95572,75.0,male,7.9,4.48,13.5,89.2,235.0,15.0,5.397605346934028e-79,17.0,0.87,76.91,,,0.81
IQ-LAB-95573,23.0,male,7.3,4.45,13.9,90.8,251.0,25.0,5.397605346934028e-79,17.0,0.85,75.14,,,2.82
IQ-LAB-95574,36.0,female,6.9,4.66,14.6,94.4,248.0,11.0,5.397605346934028e-79,15.0,0.77,68.07,,,0.85
IQ-LAB-95575,64.0,male,7.8,4.92,16.5,102.0,190.0,33.0,5.397605346934028e-79,26.0,1.53,135.25,107.0,1.2,8.57
IQ-LAB-95576,73.0,female,4.8,4.67,14.3,92.5,236.0,13.0,5.397605346934028e-79,19.0,0.85,75.14,110.0,5.54,2.28
IQ-LAB-95577,63.0,female,10.5,4.48,13.9,93.1,268.0,23.0,5.397605346934028e-79,18.0,0.73,64.53,,,0.95
IQ-LAB-95578,62.0,female,5.3,4.6,14.2,89.9,322.0,27.0,5.397605346934028e-79,25.0,0.79,69.84,,,1.79
IQ-LAB-95579,54.0,male,5.7,4.62,15.0,96.8,185.0,7.0,5.397605346934028e-79,12.0,0.75,66.3,93.0,4.76,5.32
IQ-LAB-95580,1.0,male,10.6,4.57,12.5,78.6,310.0,,,,,,,,
IQ-LAB-95581,44.0,female,8.4,4.59,12.4,82.3,200.0,13.0,5.397605346934028e-79,17.0,0.62,54.81,,,2.7
IQ-LAB-95583,69.0,female,7.5,4.5,14.3,92.6,254.0,23.0,5.397605346934028e-79,22.0,0.85,75.14,115.0,9.51,0.33
IQ-LAB-95585,19.0,male,8.2,5.48,16.8,88.6,169.0,10.0,5.397605346934028e-79,12.0,0.77,68.07,,,0.45
IQ-LAB-95586,26.0,female,4.7,4.03,10.8,84.2,291.0,6.0,5.397605346934028e-79,17.0,0.65,57.46,,,0.71
IQ-LAB-95587,29.0,female,14.5,5.0,12.8,77.5,545.0,13.0,5.397605346934028e-79,14.0,0.84,74.26,,,7.44
IQ-LAB-95588,72.0,male,6.7,4.4,13.8,94.9,262.0,18.0,5.397605346934028e-79,21.0,0.96,84.86,85.0,0.71,0.96
IQ-LAB-95589,63.0,female,5.7,3.89,11.4,88.2,194.0,19.0,5.397605346934028e-79,21.0,1.08,95.47,126.0,6.08,1.44
IQ-LAB-95590,61.0,male,9.0,5.31,15.8,87.3,204.0,19.0,5.397605346934028e-79,22.0,1.0,88.4,109.0,17.98,0.67
IQ-LAB-95591,36.0,female,6.1,4.08,12.0,87.9,236.0,15.0,5.397605346934028e-79,17.0,0.61,53.92,100.0,5.49,0.39
IQ-LAB-95592,14.0,female,9.0,5.29,14.6,82.8,270.0,16.0,5.397605346934028e-79,15.0,0.56,49.5,98.0,21.11,2.17
IQ-LAB-95593,70.0,male,7.2,4.53,15.2,97.2,305.0,18.0,5.397605346934028e-79,21.0,0.9,79.56,,,0.35
IQ-LAB-95594,50.0,male,8.3,5.23,15.0,84.8,188.0,17.0,5.397605346934028e-79,20.0,0.88,77.79,96.0,4.41,3.15
IQ-LAB-95595,43.0,female,10.9,4.32,13.5,91.7,382.0,13.0,5.397605346934028e-79,16.0,0.76,67.18,,,15.25
IQ-LAB-95596,12.0,male,5.6,5.19,15.0,82.5,193.0,49.0,5.397605346934028e-79,34.0,0.43,38.01,111.0,28.81,1.32
IQ-LAB-95597,71.0,male,5.3,5.06,15.3,91.0,158.0,19.0,5.397605346934028e-79,19.0,0.84,74.26,,,1.3
IQ-LAB-95598,22.0,male,9.0,4.66,14.5,92.5,255.0,23.0,5.397605346934028e-79,21.0,0.84,74.26,,,4.68
IQ-LAB-95599,47.0,male,7.8,4.77,14.8,91.7,196.0,21.0,5.397605346934028e-79,27.0,0.99,87.52,92.0,6.25,1.32
IQ-LAB-95600,74.0,male,4.6,4.44,12.2,83.4,141.0,16.0,5.397605346934028e-79,23.0,1.05,92.82,,,0.95
IQ-LAB-95601,69.0,male,5.4,4.64,13.7,86.2,216.0,15.0,5.397605346934028e-79,13.0,0.86,76.02,,,3.05
IQ-LAB-95602,21.0,male,9.6,5.53,15.5,81.0,256.0,26.0,5.397605346934028e-79,23.0,0.78,68.95,98.0,14.46,2.38
IQ-LAB-95603,3.0,male,5.0,3.92,11.5,87.8,404.0,,,,,,,,0.26
IQ-LAB-95604,16.0,male,7.6,4.45,14.0,92.0,212.0,22.0,5.397605346934028e-79,28.0,1.03,91.05,100.0,8.84,0.69
IQ-LAB-95605,3.0,male,13.1,4.86,13.0,80.3,345.0,,,,,,,,0.28
IQ-LAB-95607,42.0,male,12.4,5.48,15.1,84.8,223.0,12.0,5.397605346934028e-79,19.0,0.96,84.86,,,5.04
IQ-LAB-95609,22.0,female,13.6,5.0,13.8,81.7,335.0,19.0,5.397605346934028e-79,23.0,0.76,67.18,,,17.61
IQ-LAB-95610,41.0,female,8.0,3.93,11.7,85.1,313.0,14.0,5.397605346934028e-79,17.0,0.81,71.6,,,1.89
IQ-LAB-95611,53.0,male,4.9,4.62,15.6,98.5,229.0,27.0,5.397605346934028e-79,30.0,1.0,88.4,91.0,5.58,3.25
IQ-LAB-95613,9.0,male,7.1,4.63,12.2,79.6,282.0,,,,,,,,0.35
IQ-LAB-95615,78.0,male,7.4,4.24,13.4,90.1,280.0,10.0,5.397605346934028e-79,11.0,1.45,128.18,,,1.24
IQ-LAB-95616,17.0,female,5.9,4.56,13.6,89.6,244.0,,,,,,,,1.18
IQ-LAB-95617,60.0,male,6.2,4.88,14.3,89.9,175.0,,,,,,91.0,,
IQ-LAB-95619,16.0,female,3.8,4.78,14.4,89.8,283.0,11.0,5.397605346934028e-79,17.0,0.77,68.07,,,0.42
IQ-LAB-95620,6.0,female,4.8,4.53,13.0,83.3,257.0,,,,,,,,0.31
IQ-LAB-95621,73.0,male,7.8,4.83,14.6,86.1,206.0,29.0,5.397605346934028e-79,34.0,0.7,61.88,,,0.41
IQ-LAB-95622,42.0,female,7.3,4.63,14.1,88.0,279.0,13.0,5.397605346934028e-79,17.0,0.75,66.3,86.0,3.73,0.42
IQ-LAB-95623,60.0,female,4.9,4.57,14.4,94.2,343.0,39.0,5.397605346934028e-79,23.0,0.77,68.07,112.0,13.82,1.23
IQ-LAB-95625,43.0,male,5.3,5.32,16.1,88.8,205.0,36.0,5.397605346934028e-79,26.0,0.8,70.72,110.0,5.18,0.8
IQ-LAB-95626,76.0,male,8.6,4.52,14.5,95.6,227.0,17.0,5.397605346934028e-79,17.0,4.46,394.26,168.0,15.21,10.64
IQ-LAB-95628,18.0,female,6.1,4.53,11.6,77.4,285.0,11.0,5.397605346934028e-79,15.0,0.5,44.2,100.0,6.82,0.72
IQ-LAB-95629,80.0,female,5.6,4.4,12.5,84.9,189.0,9.0,5.397605346934028e-79,20.0,0.71,62.76,,,5.82
IQ-LAB-95630,80.0,female,7.5,3.74,12.1,99.4,308.0,6.0,5.397605346934028e-79,11.0,1.5,132.6,,,12.96
IQ-LAB-95631,13.0,male,10.3,4.99,14.0,83.7,280.0,8.0,5.397605346934028e-79,18.0,0.61,53.92,,,0.45
IQ-LAB-95633,64.0,female,5.6,4.83,13.1,83.2,178.0,43.0,5.397605346934028e-79,30.0,0.48,42.43,325.0,11.95,3.58
IQ-LAB-95634,13.0,male,4.2,5.14,14.4,83.4,146.0,11.0,5.397605346934028e-79,18.0,0.72,63.65,101.0,5.85,1.0
IQ-LAB-95635,7.0,male,6.1,4.25,12.1,86.2,229.0,,,,,,,,0.44
IQ-LAB-95636,51.0,female,7.3,4.18,13.0,91.0,260.0,12.0,5.397605346934028e-79,16.0,0.8,70.72,,,1.32
IQ-LAB-95637,74.0,male,6.4,4.31,13.6,94.0,208.0,39.0,5.397605346934028e-79,31.0,1.14,100.78,174.0,22.81,4.16
IQ-LAB-95638,16.0,male,14.1,5.02,15.0,88.2,246.0,10.0,5.397605346934028e-79,15.0,0.73,64.53,,,0.77
IQ-LAB-95639,31.0,male,13.5,5.03,15.2,87.3,317.0,23.0,5.397605346934028e-79,28.0,0.82,72.49,,,6.43
IQ-LAB-95641,50.0,female,8.4,3.42,10.7,95.1,349.0,11.0,5.397605346934028e-79,13.0,1.95,172.38,154.0,16.09,138.81
IQ-LAB-95642,13.0,female,13.1,5.12,14.2,83.2,352.0,8.0,5.397605346934028e-79,10.0,0.62,54.81,107.0,64.81,1.83
IQ-LAB-95643,20.0,male,8.4,5.31,15.7,86.2,211.0,77.0,5.397605346934028e-79,122.0,0.9,79.56,,,2.52
IQ-LAB-95644,62.0,female,7.2,4.25,12.9,88.6,181.0,16.0,5.397605346934028e-79,18.0,0.62,54.81,113.0,31.73,2.39
IQ-LAB-95645,67.0,female,9.2,4.67,14.2,89.5,310.0,22.0,5.397605346934028e-79,18.0,0.63,55.69,,,4.0
IQ-LAB-95647,8.0,female,11.2,4.58,12.8,80.9,253.0,,,,,,,,2.24
IQ-LAB-95648,72.0,male,8.9,5.19,16.3,88.6,212.0,17.0,5.397605346934028e-79,15.0,1.14,100.78,,,2.88
IQ-LAB-95649,48.0,male,4.9,5.39,15.1,84.6,198.0,20.0,5.397605346934028e-79,14.0,1.21,106.96,,,0.84
IQ-LAB-95650,3.0,female,9.2,4.38,12.5,82.2,312.0,,,,,,,,0.47
IQ-LAB-95651,80.0,male,7.3,4.4,13.9,93.6,210.0,17.0,5.397605346934028e-79,17.0,1.09,96.36,139.0,4.47,0.5
IQ-LAB-95652,44.0,female,7.6,4.43,12.2,83.6,229.0,10.0,5.397605346934028e-79,15.0,0.63,55.69,91.0,4.25,3.87
IQ-LAB-95653,5.0,male,5.4,5.17,10.6,65.2,290.0,,,,,,,,0.25
IQ-LAB-95654,72.0,male,4.7,5.25,13.7,80.8,159.0,21.0,5.397605346934028e-79,18.0,1.45,128.18,115.0,6.26,3.28
IQ-LAB-95655,22.0,male,6.9,5.29,15.7,88.6,216.0,48.0,5.397605346934028e-79,28.0,0.86,76.02,101.0,23.61,1.66
IQ-LAB-95656,78.0,male,5.2,3.92,11.0,88.0,169.0,23.0,5.397605346934028e-79,38.0,1.56,137.9,295.0,54.75,3.13
IQ-LAB-95657,31.0,male,3.1,4.99,16.0,91.3,232.0,19.0,5.397605346934028e-79,21.0,0.79,69.84,,,0.63
IQ-LAB-95658,29.0,male,4.6,4.48,13.8,92.5,172.0,51.0,5.397605346934028e-79,52.0,1.15,101.66,94.0,2.76,10.56
IQ-LAB-95659,46.0,male,8.6,5.05,14.0,85.5,340.0,,,,,,,,
IQ-LAB-95660,7.0,male,4.7,4.6,13.0,81.9,213.0,,,,,,,,0.43
IQ-LAB-95662,44.0,female,10.8,4.4,13.5,92.7,387.0,15.0,5.397605346934028e-79,19.0,0.55,48.62,,,3.86
IQ-LAB-95663,43.0,male,8.6,4.8,15.3,92.6,243.0,18.0,5.397605346934028e-79,21.0,1.23,108.73,,,3.66
IQ-LAB-95664,47.0,male,6.4,4.35,14.0,95.1,245.0,63.0,5.397605346934028e-79,60.0,0.96,84.86,88.0,6.13,3.0
IQ-LAB-95665,23.0,male,7.2,5.65,16.6,86.4,268.0,59.0,5.397605346934028e-79,23.0,0.93,82.21,109.0,13.31,1.57
IQ-LAB-95666,33.0,male,6.5,4.99,14.4,88.8,242.0,19.0,5.397605346934028e-79,20.0,0.8,70.72,,,0.77
IQ-LAB-95668,68.0,female,5.0,4.4,13.2,89.6,206.0,12.0,5.397605346934028e-79,15.0,0.57,50.39,91.0,7.15,5.21
IQ-LAB-95669,56.0,female,7.3,4.71,15.0,91.7,274.0,11.0,5.397605346934028e-79,16.0,0.67,59.23,,,0.79
IQ-LAB-95671,66.0,female,4.7,4.01,13.2,94.4,249.0,26.0,5.397605346934028e-79,27.0,0.91,80.44,98.0,5.59,1.13
IQ-LAB-95672,75.0,male,6.1,2.96,9.8,97.5,204.0,21.0,5.397605346934028e-79,23.0,1.17,103.43,96.0,16.16,0.43
IQ-LAB-95673,80.0,male,9.0,4.93,14.5,86.1,214.0,9.0,5.397605346934028e-79,22.0,0.98,86.63,98.0,5.38,11.4
IQ-LAB-95674,49.0,male,6.4,5.51,15.7,84.6,203.0,26.0,5.397605346934028e-79,20.0,1.31,115.8,148.0,15.53,2.18
IQ-LAB-95675,66.0,male,7.1,4.59,14.1,90.1,361.0,15.0,5.397605346934028e-79,19.0,1.45,128.18,,,3.09
IQ-LAB-95676,53.0,male,5.4,6.02,17.4,85.9,214.0,31.0,5.397605346934028e-79,18.0,0.99,87.52,,,1.44
IQ-LAB-95677,8.0,male,8.5,4.67,13.2,85.5,307.0,,,,,,,,1.57
IQ-LAB-95678,34.0,male,10.8,5.11,14.2,82.6,323.0,21.0,5.397605346934028e-79,25.0,1.55,137.02,,,1.87
IQ-LAB-95679,14.0,male,7.5,5.37,14.1,81.3,240.0,16.0,5.397605346934028e-79,21.0,0.66,58.34,,,0.33
IQ-LAB-95680,45.0,female,9.4,4.28,13.3,90.9,174.0,21.0,5.397605346934028e-79,23.0,0.73,64.53,,,6.9
IQ-LAB-95681,80.0,female,8.8,4.62,12.9,86.8,214.0,7.0,5.397605346934028e-79,14.0,1.02,90.17,104.0,12.92,1.34
IQ-LAB-95684,30.0,male,6.0,4.66,14.6,95.1,251.0,19.0,5.397605346934028e-79,26.0,1.05,92.82,,,0.79
IQ-LAB-95685,30.0,male,7.5,5.6,15.6,83.2,291.0,35.0,5.397605346934028e-79,19.0,0.8,70.72,105.0,44.22,8.61
IQ-LAB-95686,18.0,male,9.2,5.7,16.7,83.2,275.0,24.0,5.397605346934028e-79,20.0,0.98,86.63,93.0,15.38,1.65
IQ-LAB-95687,80.0,male,5.4,3.92,12.1,93.7,140.0,12.0,5.397605346934028e-79,19.0,2.16,190.94,,,12.65
IQ-LAB-95689,60.0,female,7.8,4.82,14.4,88.5,285.0,31.0,5.397605346934028e-79,34.0,0.72,63.65,,,1.92
IQ-LAB-95690,54.0,male,8.9,4.67,14.0,90.2,209.0,37.0,5.397605346934028e-79,18.0,1.01,89.28,106.0,11.24,0.74
IQ-LAB-95692,69.0,female,6.0,2.87,9.3,100.1,387.0,,,,,,,,
IQ-LAB-95693,2.0,female,11.1,5.02,13.3,77.4,443.0,,,,,,,,0.39
IQ-LAB-95694,50.0,female,5.3,4.29,13.4,89.5,204.0,45.0,5.397605346934028e-79,27.0,0.82,72.49,,,0.32
IQ-LAB-95698,55.0,female,5.0,4.59,12.1,79.0,323.0,11.0,5.397605346934028e-79,17.0,0.86,76.02,,,4.47
IQ-LAB-95699,22.0,female,4.2,4.35,12.9,87.9,262.0,11.0,5.397605346934028e-79,17.0,0.72,63.65,82.0,1.38,0.49
IQ-LAB-95700,59.0,female,6.2,5.05,14.2,82.8,195.0,88.0,5.397605346934028e-79,88.0,0.47,41.55,,,4.3
IQ-LAB-95702,16.0,female,8.5,5.1,14.5,85.2,287.0,13.0,5.397605346934028e-79,16.0,0.52,45.97,,,0.55
IQ-LAB-95703,24.0,female,8.2,4.31,11.8,84.1,179.0,15.0,5.397605346934028e-79,17.0,0.69,61.0,,,0.57
IQ-LAB-95704,50.0,male,9.8,5.62,15.5,81.5,228.0,19.0,5.397605346934028e-79,16.0,0.71,62.76,,,0.63
IQ-LAB-95706,6.0,female,4.8,4.48,13.0,84.5,253.0,,,,,,,,0.92
IQ-LAB-95707,5.0,female,9.7,4.34,12.2,84.2,352.0,,,,,,,,0.34
IQ-LAB-95708,52.0,male,6.4,4.91,15.6,92.0,197.0,19.0,5.397605346934028e-79,28.0,1.09,96.36,96.0,4.51,4.69
IQ-LAB-95709,11.0,male,8.5,4.84,14.6,87.1,393.0,,,,,,,,1.35
IQ-LAB-95710,61.0,male,5.3,4.81,13.8,82.8,145.0,27.0,5.397605346934028e-79,24.0,0.9,79.56,,,5.75
IQ-LAB-95711,54.0,male,6.8,4.99,14.1,82.0,234.0,18.0,5.397605346934028e-79,16.0,0.89,78.68,,,2.27
IQ-LAB-95713,64.0,male,6.2,4.98,13.6,83.7,249.0,27.0,5.397605346934028e-79,21.0,1.23,108.73,,,7.79
IQ-LAB-95714,63.0,female,5.4,5.0,12.8,80.3,224.0,22.0,5.397605346934028e-79,19.0,0.66,58.34,116.0,36.96,9.34
IQ-LAB-95715,12.0,female,6.3,5.04,14.1,84.6,261.0,9.0,5.397605346934028e-79,21.0,0.49,43.32,,,0.29
IQ-LAB-95716,38.0,female,7.2,4.67,13.7,91.4,325.0,14.0,5.397605346934028e-79,15.0,0.48,42.43,124.0,10.72,1.97
IQ-LAB-95717,76.0,male,4.0,4.16,12.9,91.2,154.0,17.0,5.397605346934028e-79,19.0,0.88,77.79,95.0,7.49,3.11
IQ-LAB-95718,63.0,male,9.4,4.81,16.5,100.5,194.0,16.0,5.397605346934028e-79,18.0,0.82,72.49,100.0,5.93,6.02
IQ-LAB-95719,22.0,male,5.5,4.94,15.6,91.7,240.0,16.0,5.397605346934028e-79,17.0,1.14,100.78,98.0,3.92,0.27
IQ-LAB-95720,59.0,female,3.8,4.51,13.1,88.9,197.0,14.0,5.397605346934028e-79,18.0,0.83,73.37,91.0,5.54,0.49
IQ-LAB-95721,14.0,female,7.7,4.94,13.8,84.7,252.0,10.0,5.397605346934028e-79,14.0,0.6,53.04,,,0.18
IQ-LAB-95722,38.0,male,9.5,5.05,15.2,86.4,230.0,46.0,5.397605346934028e-79,35.0,0.63,55.69,,,0.85
IQ-LAB-95723,80.0,female,5.2,3.72,12.4,96.9,218.0,14.0,5.397605346934028e-79,22.0,0.71,62.76,125.0,4.64,2.71
IQ-LAB-95724,4.0,female,5.4,4.23,12.8,84.0,288.0,,,,,,,,2.83
IQ-LAB-95725,70.0,male,6.9,4.48,13.0,90.4,211.0,12.0,5.397605346934028e-79,13.0,1.39,122.88,132.0,7.98,14.15
IQ-LAB-95726,32.0,female,3.8,4.66,12.5,84.2,227.0,21.0,5.397605346934028e-79,19.0,0.65,57.46,95.0,8.91,1.7
IQ-LAB-95727,52.0,male,5.7,4.99,16.6,95.1,171.0,17.0,5.397605346934028e-79,13.0,0.99,87.52,,,0.46
IQ-LAB-95731,47.0,female,9.4,4.39,12.3,84.0,290.0,8.0,5.397605346934028e-79,15.0,0.69,61.0,,,15.95
IQ-LAB-95734,71.0,female,9.3,4.43,14.2,95.2,336.0,13.0,5.397605346934028e-79,17.0,0.73,64.53,,,2.2
IQ-LAB-95735,8.0,male,8.8,4.6,13.2,87.2,343.0,,,,,,,,0.47
IQ-LAB-95736,58.0,male,10.0,4.79,14.5,87.5,348.0,14.0,5.397605346934028e-79,18.0,0.95,83.98,88.0,5.12,0.93
IQ-LAB-95738,49.0,female,4.8,4.7,14.5,93.4,335.0,17.0,5.397605346934028e-79,18.0,0.88,77.79,,,1.01
IQ-LAB-95739,6.0,male,13.6,4.8,13.4,81.0,283.0,,,,,,,,0.72
IQ-LAB-95740,5.0,male,6.4,4.97,13.7,78.7,369.0,,,,,,,,0.27
IQ-LAB-95741,19.0,female,3.9,4.08,13.5,98.6,170.0,420.0,5.397605346934028e-79,198.0,0.8,70.72,89.0,2.69,0.39
IQ-LAB-95742,9.0,male,4.8,4.42,12.5,84.9,215.0,,,,,,,,
IQ-LAB-95743,58.0,female,5.1,4.8,14.7,90.2,202.0,20.0,5.397605346934028e-79,23.0,0.61,53.92,104.0,4.45,0.99
IQ-LAB-95744,57.0,female,6.2,4.87,13.4,84.3,279.0,15.0,5.397605346934028e-79,23.0,0.73,64.53,107.0,5.83,2.02
IQ-LAB-95745,60.0,female,4.1,4.01,12.8,93.8,212.0,15.0,5.397605346934028e-79,20.0,1.05,92.82,,,7.9
IQ-LAB-95746,7.0,male,6.0,4.55,12.8,79.9,297.0,,,,,,,,3.22
IQ-LAB-95747,10.0,male,6.9,4.65,13.4,84.8,302.0,,,,,,,,0.42
IQ-LAB-95748,43.0,male,7.5,4.93,14.7,86.0,180.0,19.0,5.397605346934028e-79,21.0,0.94,83.1,101.0,15.36,1.37
IQ-LAB-95749,10.0,male,6.1,4.64,13.2,84.9,231.0,,,,,,,,0.55
IQ-LAB-95750,5.0,female,8.4,4.72,13.4,82.8,399.0,,,,,,,,0.28
IQ-LAB-95752,80.0,male,7.1,4.9,16.5,99.9,170.0,13.0,5.397605346934028e-79,19.0,1.08,95.47,98.0,5.13,0.51
IQ-LAB-95754,33.0,male,8.7,4.75,14.9,92.4,289.0,48.0,5.397605346934028e-79,25.0,1.1,97.24,,,1.25
IQ-LAB-95755,14.0,female,10.9,4.48,13.6,89.6,301.0,12.0,5.397605346934028e-79,21.0,0.75,66.3,,,0.49
IQ-LAB-95756,26.0,male,11.2,5.14,16.4,96.8,217.0,12.0,5.397605346934028e-79,18.0,0.87,76.91,107.0,6.22,0.45
IQ-LAB-95757,13.0,male,7.9,4.71,13.7,85.5,306.0,46.0,5.397605346934028e-79,24.0,0.63,55.69,,,0.57
IQ-LAB-95758,15.0,male,5.4,4.47,13.6,92.5,270.0,9.0,5.397605346934028e-79,16.0,0.91,80.44,87.0,9.32,3.1
IQ-LAB-95759,63.0,female,5.4,4.15,13.1,96.8,310.0,11.0,5.397605346934028e-79,16.0,0.56,49.5,205.0,21.5,0.89
IQ-LAB-95760,14.0,male,8.4,5.37,15.9,86.0,274.0,14.0,5.397605346934028e-79,18.0,0.66,58.34,,,2.2
IQ-LAB-95761,51.0,male,7.0,5.06,15.3,89.0,219.0,20.0,5.397605346934028e-79,25.0,0.95,83.98,107.0,5.79,0.45
IQ-LAB-95762,32.0,male,5.7,5.24,15.8,91.0,219.0,32.0,5.397605346934028e-79,26.0,0.9,79.56,95.0,13.88,0.47
IQ-LAB-95763,75.0,male,10.2,3.52,9.9,84.6,245.0,6.0,5.397605346934028e-79,24.0,2.02,178.57,118.0,177.96,11.25
IQ-LAB-95764,6.0,male,7.1,4.27,12.3,85.9,349.0,,,,,,,,0.41
IQ-LAB-95765,51.0,male,5.6,4.54,14.7,93.9,243.0,43.0,5.397605346934028e-79,34.0,0.94,83.1,114.0,8.61,1.64
IQ-LAB-95766,19.0,female,8.3,4.36,13.5,93.1,312.0,17.0,5.397605346934028e-79,14.0,0.57,50.39,105.0,15.56,4.28
IQ-LAB-95767,60.0,male,10.5,4.62,14.6,93.3,254.0,16.0,5.397605346934028e-79,14.0,0.98,86.63,,,6.21
IQ-LAB-95768,23.0,male,5.0,5.23,15.7,86.6,363.0,18.0,5.397605346934028e-79,21.0,0.86,76.02,91.0,6.79,1.04
IQ-LAB-95770,50.0,male,8.6,4.94,14.1,86.9,311.0,27.0,5.397605346934028e-79,18.0,0.99,87.52,,,28.61
IQ-LAB-95771,63.0,female,5.9,4.59,12.8,82.2,230.0,22.0,5.397605346934028e-79,19.0,0.92,81.33,143.0,20.29,8.09
IQ-LAB-95772,64.0,female,7.2,4.72,14.5,95.9,317.0,20.0,5.397605346934028e-79,19.0,0.65,57.46,120.0,14.99,3.14
IQ-LAB-95773,66.0,female,6.9,5.17,14.2,84.2,219.0,19.0,5.397605346934028e-79,17.0,0.99,87.52,,,12.57
IQ-LAB-95774,9.0,male,7.0,4.7,13.0,82.2,251.0,,,,,,,,0.29
IQ-LAB-95775,37.0,female,6.4,4.64,13.1,83.0,312.0,16.0,5.397605346934028e-79,20.0,0.61,53.92,102.0,13.71,0.97
IQ-LAB-95776,13.0,male,4.1,5.01,14.5,86.4,263.0,,,,,,87.0,,
IQ-LAB-95777,78.0,female,13.2,4.33,13.8,90.5,269.0,14.0,5.397605346934028e-79,19.0,0.96,84.86,,,4.25
IQ-LAB-95778,35.0,female,7.5,4.49,13.8,88.7,276.0,13.0,5.397605346934028e-79,15.0,0.61,53.92,,,2.17
IQ-LAB-95780,78.0,female,7.3,4.17,13.4,94.2,164.0,25.0,5.397605346934028e-79,42.0,0.78,68.95,104.0,12.37,4.98
IQ-LAB-95781,3.0,female,4.7,4.34,12.3,82.8,347.0,,,,,,,,0.46
IQ-LAB-95783,16.0,male,6.6,5.5,14.7,81.7,242.0,18.0,5.397605346934028e-79,23.0,1.1,97.24,,,0.39
IQ-LAB-95784,4.0,female,9.0,4.87,13.0,80.9,390.0,,,,,,,,0.29
IQ-LAB-95785,51.0,male,6.2,4.77,15.9,98.9,185.0,27.0,5.397605346934028e-79,23.0,0.7,61.88,89.0,7.84,0.84
IQ-LAB-95786,5.0,female,6.1,4.4,13.5,88.5,294.0,,,,,,,,0.11
IQ-LAB-95787,27.0,male,10.9,5.14,15.3,86.0,255.0,33.0,5.397605346934028e-79,25.0,0.8,70.72,,,3.84
IQ-LAB-95788,28.0,female,9.3,4.28,12.6,88.9,345.0,13.0,5.397605346934028e-79,19.0,0.67,59.23,,,1.9
IQ-LAB-95789,48.0,female,6.6,4.47,14.3,90.3,234.0,10.0,5.397605346934028e-79,15.0,0.78,68.95,,,0.87
IQ-LAB-95791,33.0,male,12.6,5.1,14.7,83.9,212.0,27.0,5.397605346934028e-79,24.0,1.01,89.28,100.0,16.44,3.24
IQ-LAB-95792,23.0,male,6.5,5.31,15.1,86.0,315.0,18.0,5.397605346934028e-79,17.0,0.85,75.14,103.0,16.31,2.32
IQ-LAB-95793,26.0,female,5.2,4.31,13.5,92.9,329.0,47.0,5.397605346934028e-79,33.0,0.54,47.74,94.0,8.74,0.9
IQ-LAB-95794,63.0,male,10.4,4.87,15.8,94.9,306.0,32.0,5.397605346934028e-79,24.0,0.85,75.14,127.0,17.25,4.56
IQ-LAB-95797,4.0,male,5.4,4.68,13.3,83.4,304.0,,,,,,,,0.35
IQ-LAB-95798,76.0,female,5.9,4.22,12.6,92.1,277.0,15.0,5.397605346934028e-79,22.0,0.64,56.58,,,1.9
IQ-LAB-95799,25.0,female,6.1,4.58,13.1,85.7,225.0,20.0,5.397605346934028e-79,19.0,0.97,85.75,89.0,6.06,0.46
IQ-LAB-95800,3.0,male,11.2,4.62,12.6,82.0,326.0,,,,,,,,
IQ-LAB-95801,10.0,male,3.9,5.78,12.5,69.0,249.0,,,,,,,,5.68
IQ-LAB-95802,68.0,male,9.9,3.85,11.2,90.5,257.0,12.0,5.397605346934028e-79,12.0,1.36,120.22,127.0,7.6,0.58
IQ-LAB-95803,38.0,male,5.8,6.06,15.1,76.3,152.0,19.0,5.397605346934028e-79,20.0,1.32,116.69,110.0,13.14,1.03
IQ-LAB-95806,11.0,female,9.0,4.52,13.5,86.2,308.0,,,,,,,,0.33
IQ-LAB-95807,34.0,female,12.0,4.77,13.8,84.7,306.0,21.0,5.397605346934028e-79,13.0,0.73,64.53,,,3.19
IQ-LAB-95808,19.0,female,10.4,4.48,12.5,83.3,368.0,9.0,5.397605346934028e-79,14.0,0.68,60.11,,,33.15
IQ-LAB-95809,59.0,female,4.1,4.42,13.2,89.7,54.0,36.0,5.397605346934028e-79,53.0,0.57,50.39,155.0,17.87,7.51
IQ-LAB-95810,2.0,male,13.8,4.58,11.3,72.1,457.0,,,,,,,,0.27
IQ-LAB-95811,24.0,female,7.4,4.15,12.3,89.1,238.0,18.0,5.397605346934028e-79,20.0,0.64,56.58,,,0.57
IQ-LAB-95812,63.0,female,3.9,4.67,12.5,80.3,175.0,19.0,5.397605346934028e-79,28.0,0.9,79.56,104.0,8.32,0.74
IQ-LAB-95813,80.0,male,7.2,4.08,12.4,91.4,282.0,37.0,5.397605346934028e-79,35.0,0.91,80.44,,,6.17
IQ-LAB-95814,45.0,male,7.3,4.24,11.9,85.8,227.0,23.0,5.397605346934028e-79,36.0,0.99,87.52,,,6.41
IQ-LAB-95815,3.0,male,7.5,4.76,12.5,78.7,290.0,,,,,,,,0.7
IQ-LAB-95816,14.0,female,4.9,4.89,13.0,80.2,285.0,,,,,,82.0,,
IQ-LAB-95817,12.0,male,3.7,4.16,12.7,89.1,192.0,23.0,5.397605346934028e-79,29.0,0.67,59.23,99.0,9.11,0.35
IQ-LAB-95818,12.0,male,7.4,4.5,13.3,89.4,256.0,4.0,5.397605346934028e-79,17.0,0.58,51.27,,,0.11
IQ-LAB-95821,16.0,female,4.4,4.89,10.3,68.9,279.0,11.0,5.397605346934028e-79,19.0,0.63,55.69,101.0,10.34,0.27
IQ-LAB-95822,66.0,male,5.9,4.59,14.4,92.7,181.0,11.0,5.397605346934028e-79,18.0,0.83,73.37,,,0.46
IQ-LAB-95823,9.0,female,8.9,4.25,12.6,87.0,339.0,,,,,,,,3.2
IQ-LAB-95824,66.0,male,7.7,4.99,14.4,85.5,147.0,21.0,5.397605346934028e-79,22.0,1.01,89.28,,,1.49
IQ-LAB-95825,45.0,female,6.6,4.16,12.8,93.5,229.0,17.0,5.397605346934028e-79,16.0,0.56,49.5,,,9.51
IQ-LAB-95826,11.0,male,6.2,5.24,14.9,83.3,293.0,,,,,,,,0.82
IQ-LAB-95827,14.0,male,5.2,5.15,16.8,95.5,307.0,23.0,5.397605346934028e-79,20.0,0.85,75.14,102.0,15.74,5.74
IQ-LAB-95828,80.0,male,3.5,4.23,10.2,76.5,383.0,11.0,5.397605346934028e-79,15.0,1.3,114.92,95.0,9.07,0.32
IQ-LAB-95829,70.0,male,14.7,4.75,14.4,87.8,223.0,28.0,5.397605346934028e-79,27.0,0.71,62.76,,,10.77
IQ-LAB-95830,5.0,female,6.8,4.67,13.3,83.8,279.0,,,,,,,,1.88
IQ-LAB-95831,63.0,female,5.3,4.77,14.5,88.9,208.0,24.0,5.397605346934028e-79,19.0,0.71,62.76,178.0,14.31,2.53
IQ-LAB-95833,61.0,male,5.9,5.23,16.4,92.4,248.0,43.0,5.397605346934028e-79,31.0,0.77,68.07,,,5.19
IQ-LAB-95834,17.0,female,11.1,4.34,13.7,93.6,232.0,9.0,5.397605346934028e-79,12.0,0.62,54.81,,,0.41
IQ-LAB-95835,48.0,female,4.6,4.35,13.5,91.3,241.0,17.0,5.397605346934028e-79,17.0,0.62,54.81,,,2.57
IQ-LAB-95836,55.0,female,5.3,4.85,13.9,86.2,142.0,14.0,5.397605346934028e-79,19.0,0.99,87.52,,,0.78
IQ-LAB-95837,2.0,male,4.7,4.81,12.5,78.2,408.0,,,,,,,,0.32
IQ-LAB-95838,80.0,male,8.3,3.95,12.3,93.0,167.0,11.0,5.397605346934028e-79,14.0,1.96,173.26,165.0,19.48,0.65
IQ-LAB-95839,44.0,male,5.0,5.14,15.5,89.8,231.0,27.0,5.397605346934028e-79,19.0,1.22,107.85,,,0.76
IQ-LAB-95841,27.0,male,8.6,5.37,16.1,86.7,299.0,27.0,5.397605346934028e-79,20.0,0.86,76.02,,,3.56
IQ-LAB-95842,5.0,male,6.5,4.65,13.3,82.7,278.0,,,,,,,,0.65
IQ-LAB-95843,73.0,male,5.9,3.85,12.0,91.7,241.0,9.0,5.397605346934028e-79,17.0,0.79,69.84,,,7.34
IQ-LAB-95844,70.0,female,8.5,4.42,13.6,90.4,212.0,23.0,5.397605346934028e-79,19.0,1.01,89.28,,,4.91
IQ-LAB-95846,80.0,male,4.7,4.75,13.1,83.3,281.0,10.0,5.397605346934028e-79,15.0,0.94,83.1,121.0,12.43,0.23
IQ-LAB-95848,52.0,female,6.2,4.23,12.6,86.2,197.0,13.0,5.397605346934028e-79,15.0,0.63,55.69,,,1.18
IQ-LAB-95849,40.0,female,5.4,3.8,13.0,97.6,260.0,10.0,5.397605346934028e-79,16.0,0.54,47.74,96.0,4.89,1.14
IQ-LAB-95850,27.0,female,4.7,5.12,9.3,60.3,337.0,15.0,5.397605346934028e-79,19.0,0.77,68.07,,,3.99
IQ-LAB-95851,28.0,male,8.2,5.18,14.9,88.1,314.0,25.0,5.397605346934028e-79,23.0,0.89,78.68,112.0,13.67,3.29
IQ-LAB-95853,24.0,female,11.5,3.84,11.4,90.3,281.0,13.0,5.397605346934028e-79,17.0,0.84,74.26,,,6.27
IQ-LAB-95854,28.0,male,7.0,5.24,15.6,86.0,202.0,49.0,5.397605346934028e-79,25.0,1.21,106.96,,,1.11
IQ-LAB-95856,5.0,male,6.5,4.38,11.7,79.5,326.0,,,,,,,,2.26
IQ-LAB-95857,14.0,male,6.1,6.08,14.0,70.7,367.0,13.0,5.397605346934028e-79,19.0,1.02,90.17,96.0,7.35,0.43
IQ-LAB-95858,32.0,male,5.8,4.79,14.4,87.9,237.0,35.0,5.397605346934028e-79,29.0,0.88,77.79,,,2.08
IQ-LAB-95859,13.0,female,7.7,4.68,13.8,89.0,269.0,11.0,5.397605346934028e-79,21.0,0.46,40.66,89.0,7.88,1.02
IQ-LAB-95860,51.0,female,8.7,4.22,14.3,100.9,216.0,8.0,5.397605346934028e-79,17.0,0.68,60.11,,,1.33
IQ-LAB-95861,10.0,female,5.2,4.37,12.1,82.7,259.0,,,,,,,,1.59
IQ-LAB-95862,80.0,male,9.6,4.24,12.2,86.5,377.0,47.0,5.397605346934028e-79,40.0,0.68,60.11,,,58.43
IQ-LAB-95863,80.0,female,5.0,3.9,11.8,92.1,157.0,14.0,5.397605346934028e-79,20.0,1.41,124.64,103.0,4.59,4.81
IQ-LAB-95864,73.0,male,6.9,4.74,13.6,85.4,316.0,,,,,,,,
IQ-LAB-95865,47.0,female,12.0,3.87,7.5,66.5,448.0,12.0,5.397605346934028e-79,13.0,0.76,67.18,,,5.29
IQ-LAB-95866,80.0,female,4.7,4.74,13.8,88.2,142.0,12.0,5.397605346934028e-79,16.0,0.72,63.65,96.0,6.52,3.66
IQ-LAB-95867,34.0,female,9.6,5.87,16.4,84.1,182.0,16.0,5.397605346934028e-79,15.0,0.93,82.21,114.0,25.05,5.75
IQ-LAB-95869,66.0,male,5.9,5.39,15.6,86.0,193.0,31.0,5.397605346934028e-79,30.0,1.18,104.31,,,0.91
IQ-LAB-95870,20.0,female,11.1,5.07,13.6,82.7,224.0,32.0,5.397605346934028e-79,74.0,0.69,61.0,96.0,8.03,15.07
IQ-LAB-95871,5.0,female,7.6,4.28,12.1,83.2,343.0,,,,,,,,2.14
IQ-LAB-95873,76.0,male,10.4,5.04,14.6,85.6,193.0,24.0,5.397605346934028e-79,26.0,0.65,57.46,207.0,15.39,1.94
IQ-LAB-95874,18.0,female,7.4,4.83,13.9,85.1,252.0,7.0,5.397605346934028e-79,15.0,0.61,53.92,105.0,21.31,1.46
IQ-LAB-95875,67.0,female,6.4,4.49,13.2,87.9,218.0,18.0,5.397605346934028e-79,17.0,0.54,47.74,,,3.67
IQ-LAB-95877,62.0,male,3.8,4.7,14.6,93.3,148.0,26.0,5.397605346934028e-79,35.0,0.92,81.33,97.0,6.93,0.54
IQ-LAB-95878,1.0,female,12.5,4.55,12.4,77.9,514.0,,,,,,,,61.28
IQ-LAB-95879,13.0,male,5.3,5.19,14.6,84.5,242.0,12.0,5.397605346934028e-79,22.0,0.68,60.11,104.0,3.69,0.22
IQ-LAB-95880,69.0,female,6.2,4.13,13.7,97.4,201.0,18.0,5.397605346934028e-79,22.0,1.2,106.08,,,1.0
IQ-LAB-95881,64.0,female,5.4,3.96,13.2,98.9,292.0,19.0,5.397605346934028e-79,24.0,0.82,72.49,93.0,3.23,0.45
IQ-LAB-95882,26.0,male,6.2,4.57,14.6,93.8,210.0,18.0,5.397605346934028e-79,35.0,1.08,95.47,,,1.09
IQ-LAB-95883,31.0,female,11.5,4.85,14.5,87.0,383.0,17.0,5.397605346934028e-79,18.0,0.76,67.18,110.0,40.89,13.08
IQ-LAB-95884,5.0,female,8.6,4.56,12.5,81.7,285.0,,,,,,,,0.52
IQ-LAB-95886,57.0,female,7.3,4.56,13.6,87.3,290.0,,,,,,,,
IQ-LAB-95887,8.0,female,4.0,5.03,15.0,89.5,287.0,,,,,,,,
IQ-LAB-95889,17.0,female,5.7,4.74,13.9,89.5,248.0,13.0,5.397605346934028e-79,16.0,0.61,53.92,99.0,7.11,0.29
IQ-LAB-95891,56.0,male,7.8,4.83,15.5,95.3,222.0,7.0,5.397605346934028e-79,16.0,0.65,57.46,106.0,3.59,1.4
IQ-LAB-95892,17.0,male,7.5,6.0,17.2,83.0,224.0,,,,,,100.0,18.92,1.61
IQ-LAB-95896,32.0,female,5.8,3.78,9.0,75.8,226.0,13.0,5.397605346934028e-79,24.0,0.69,61.0,,,0.53
IQ-LAB-95897,5.0,male,9.2,4.4,12.4,84.4,353.0,,,,,,,,0.29
IQ-LAB-95898,14.0,female,7.1,4.81,14.7,89.2,212.0,15.0,5.397605346934028e-79,19.0,0.68,60.11,,,1.22
IQ-LAB-95899,62.0,male,5.8,4.91,15.1,92.8,231.0,17.0,5.397605346934028e-79,16.0,1.02,90.17,,,1.03
IQ-LAB-95900,31.0,male,8.7,5.01,15.7,90.9,209.0,15.0,5.397605346934028e-79,17.0,1.02,90.17,90.0,8.57,2.17
IQ-LAB-95902,61.0,female,7.4,4.4,11.8,81.6,277.0,15.0,5.397605346934028e-79,18.0,0.62,54.81,97.0,13.37,5.72
IQ-LAB-95903,21.0,male,4.5,5.03,15.0,88.6,232.0,32.0,5.397605346934028e-79,22.0,1.01,89.28,95.0,10.8,0.61
IQ-LAB-95904,53.0,female,5.3,4.43,13.8,91.0,274.0,11.0,5.397605346934028e-79,16.0,0.73,64.53,108.0,9.21,0.32
IQ-LAB-95905,5.0,male,7.4,4.4,13.2,87.1,249.0,,,,,,,,0.33
IQ-LAB-95906,16.0,female,3.7,4.43,13.3,91.2,211.0,10.0,5.397605346934028e-79,15.0,0.68,60.11,93.0,8.3,0.26
IQ-LAB-95907,19.0,female,8.6,4.32,12.2,82.9,225.0,11.0,5.397605346934028e-79,14.0,0.5,44.2,,,1.34
IQ-LAB-95908,69.0,male,7.9,5.32,15.2,86.2,272.0,27.0,5.397605346934028e-79,18.0,1.1,97.24,,,0.43
IQ-LAB-95909,5.0,male,6.5,4.64,12.6,80.9,270.0,,,,,,,,0.94
IQ-LAB-95910,50.0,male,8.4,5.47,16.3,86.8,231.0,68.0,5.397605346934028e-79,37.0,0.89,78.68,,,2.88
IQ-LAB-95911,38.0,female,7.7,4.37,13.6,91.0,208.0,12.0,5.397605346934028e-79,14.0,0.56,49.5,,,1.7
IQ-LAB-95912,50.0,male,5.3,4.92,15.3,92.1,234.0,24.0,5.397605346934028e-79,24.0,1.23,108.73,,,1.9
IQ-LAB-95913,80.0,female,4.9,4.51,14.4,96.5,220.0,19.0,5.397605346934028e-79,22.0,0.69,61.0,92.0,3.16,0.48
IQ-LAB-95914,47.0,female,5.8,4.44,14.6,96.5,248.0,26.0,5.397605346934028e-79,24.0,0.71,62.76,,,6.43
IQ-LAB-95915,57.0,male,8.3,4.89,15.1,91.5,252.0,62.0,5.397605346934028e-79,46.0,1.12,99.01,105.0,14.18,3.37
IQ-LAB-95917,74.0,female,2.8,4.57,13.3,89.4,205.0,16.0,5.397605346934028e-79,17.0,0.89,78.68,,,2.15
IQ-LAB-95919,47.0,male,11.1,4.89,14.3,88.4,238.0,29.0,5.397605346934028e-79,18.0,1.25,110.5,105.0,43.9,3.46
IQ-LAB-95920,8.0,female,6.1,5.12,13.6,75.4,266.0,,,,,,,,1.38
IQ-LAB-95921,4.0,male,7.8,4.8,13.3,80.4,252.0,,,,,,,,
IQ-LAB-95922,25.0,male,5.4,4.7,14.6,93.7,291.0,14.0,5.397605346934028e-79,20.0,0.86,76.02,98.0,4.62,0.46
IQ-LAB-95923,8.0,male,6.2,4.75,14.3,86.6,360.0,,,,,,,,1.06
IQ-LAB-95924,65.0,female,4.9,4.58,12.1,81.6,219.0,11.0,5.397605346934028e-79,14.0,0.75,66.3,,,12.57
IQ-LAB-95925,2.0,male,8.5,4.79,13.1,81.7,358.0,,,,,,,,0.44
IQ-LAB-95926,12.0,female,6.3,4.93,14.6,87.2,387.0,14.0,5.397605346934028e-79,22.0,0.5,44.2,,,0.55
IQ-LAB-95927,18.0,female,4.4,4.44,11.9,83.0,354.0,10.0,5.397605346934028e-79,14.0,0.44,38.9,111.0,6.56,0.49
IQ-LAB-95928,56.0,female,5.6,4.92,13.5,86.1,237.0,19.0,5.397605346934028e-79,24.0,0.91,80.44,,,7.73
IQ-LAB-95929,10.0,female,7.2,4.91,14.2,84.0,224.0,,,,,,,,0.11
IQ-LAB-95930,5.0,male,6.0,4.24,12.0,84.3,437.0,,,,,,,,
IQ-LAB-95931,69.0,female,8.3,4.16,12.3,89.9,306.0,15.0,5.397605346934028e-79,17.0,0.58,51.27,,,3.83
IQ-LAB-95932,1.0,male,9.8,4.68,12.3,80.8,398.0,,,,,,,,0.34
IQ-LAB-95934,12.0,female,5.7,4.37,13.6,90.8,291.0,17.0,5.397605346934028e-79,18.0,0.57,50.39,84.0,11.74,0.16
IQ-LAB-95935,19.0,male,8.6,5.59,16.6,86.3,244.0,23.0,5.397605346934028e-79,19.0,0.93,82.21,117.0,29.12,0.53
IQ-LAB-95936,63.0,female,5.5,4.73,14.0,89.5,219.0,16.0,5.397605346934028e-79,16.0,0.74,65.42,,,1.11
IQ-LAB-95937,9.0,male,2.9,4.65,13.7,89.3,307.0,,,,,,,,0.38
IQ-LAB-95938,1.0,male,8.5,4.35,11.6,79.1,304.0,,,,,,,,
IQ-LAB-95939,76.0,male,9.9,5.24,16.0,91.0,297.0,24.0,5.397605346934028e-79,22.0,1.04,91.94,129.0,26.4,0.44
IQ-LAB-95942,6.0,female,12.1,4.51,12.7,79.8,408.0,,,,,,,,0.71
IQ-LAB-95943,9.0,female,4.1,4.48,13.2,85.8,359.0,,,,,,,,0.31
IQ-LAB-95944,54.0,male,9.5,4.6,14.1,95.0,211.0,27.0,5.397605346934028e-79,21.0,1.18,104.31,,,11.56
IQ-LAB-95945,70.0,female,8.4,5.28,14.8,86.2,264.0,35.0,5.397605346934028e-79,29.0,1.06,93.7,118.0,7.56,0.97
IQ-LAB-95947,3.0,female,15.5,4.47,12.6,81.9,381.0,,,,,,,,5.68
IQ-LAB-95948,18.0,female,10.3,4.15,12.4,88.1,293.0,12.0,5.397605346934028e-79,19.0,0.74,65.42,,,0.37
IQ-LAB-95949,7.0,male,5.0,4.11,12.9,94.9,303.0,,,,,,,,
IQ-LAB-95950,45.0,male,6.3,4.72,16.3,101.0,258.0,14.0,5.397605346934028e-79,21.0,0.87,76.91,97.0,1.97,2.88
IQ-LAB-95951,24.0,male,7.0,4.86,14.5,87.0,276.0,16.0,5.397605346934028e-79,23.0,1.05,92.82,,,3.09
IQ-LAB-95952,68.0,male,8.0,4.68,14.4,90.2,249.0,14.0,5.397605346934028e-79,17.0,1.1,97.24,,,4.76
IQ-LAB-95953,18.0,female,6.2,4.35,14.0,95.2,238.0,11.0,5.397605346934028e-79,18.0,0.74,65.42,91.0,4.2,0.53
IQ-LAB-95955,22.0,female,8.3,4.31,12.9,88.0,245.0,11.0,5.397605346934028e-79,12.0,0.83,73.37,103.0,14.08,5.17
IQ-LAB-95956,17.0,male,7.1,5.4,15.2,83.1,265.0,15.0,5.397605346934028e-79,17.0,1.02,90.17,,,0.87
IQ-LAB-95957,2.0,female,12.2,4.83,13.5,83.0,248.0,,,,,,,,0.3
IQ-LAB-95958,12.0,female,10.8,4.78,12.5,81.6,345.0,12.0,5.397605346934028e-79,16.0,0.57,50.39,,,1.53
IQ-LAB-95959,17.0,male,5.5,5.08,14.4,84.3,191.0,,,,,,,,
IQ-LAB-95960,11.0,female,6.3,4.89,14.6,89.0,186.0,,,,,,,,1.2
IQ-LAB-95961,4.0,male,7.8,4.1,11.3,80.5,239.0,,,,,,,,0.28
IQ-LAB-95962,32.0,male,10.9,5.29,14.5,83.0,227.0,52.0,5.397605346934028e-79,39.0,1.02,90.17,,,7.33
IQ-LAB-95963,8.0,female,9.5,4.82,13.8,83.4,374.0,,,,,,,,0.6
IQ-LAB-95964,80.0,female,4.6,4.28,13.9,93.0,245.0,15.0,5.397605346934028e-79,20.0,0.65,57.46,,,2.03
IQ-LAB-95966,66.0,male,10.2,5.4,15.8,88.0,293.0,34.0,5.397605346934028e-79,21.0,0.86,76.02,,,3.81
IQ-LAB-95967,8.0,female,5.9,5.12,13.3,77.1,221.0,,,,,,,,3.15
IQ-LAB-95968,49.0,female,5.7,4.78,14.7,88.2,314.0,10.0,5.397605346934028e-79,12.0,0.82,72.49,105.0,3.4,13.33
IQ-LAB-95969,48.0,male,6.2,4.98,14.9,87.1,212.0,71.0,5.397605346934028e-79,37.0,0.97,85.75,,,13.3
IQ-LAB-95970,7.0,female,6.6,4.57,12.8,83.8,243.0,,,,,,,,0.4
IQ-LAB-95971,71.0,female,10.4,4.22,12.6,91.7,321.0,13.0,5.397605346934028e-79,18.0,0.87,76.91,,,9.27
IQ-LAB-95972,3.0,female,9.3,4.36,12.5,82.2,427.0,,,,,,,,0.47
IQ-LAB-95973,21.0,female,7.9,4.77,13.0,83.3,339.0,16.0,5.397605346934028e-79,18.0,0.6,53.04,,,2.05
IQ-LAB-95974,4.0,female,11.1,3.88,11.2,83.9,333.0,,,,,,,,0.37
IQ-LAB-95976,65.0,female,4.2,5.48,15.1,85.6,177.0,11.0,5.397605346934028e-79,19.0,0.9,79.56,117.0,3.65,6.46
IQ-LAB-95977,26.0,female,5.4,4.28,11.5,82.0,309.0,45.0,5.397605346934028e-79,112.0,0.62,54.81,103.0,7.72,2.13
IQ-LAB-95978,57.0,male,5.4,5.12,15.1,85.9,154.0,14.0,5.397605346934028e-79,19.0,0.94,83.1,,,12.09
IQ-LAB-95979,66.0,male,6.0,4.28,12.2,86.0,207.0,8.0,5.397605346934028e-79,15.0,0.71,62.76,102.0,3.17,0.72
IQ-LAB-95980,8.0,male,6.1,4.76,12.8,79.6,294.0,,,,,,,,0.33
IQ-LAB-95981,69.0,male,7.2,4.55,13.9,88.0,243.0,25.0,5.397605346934028e-79,31.0,1.32,116.69,,,4.52
IQ-LAB-95983,78.0,female,7.4,4.23,13.1,94.5,225.0,18.0,5.397605346934028e-79,22.0,0.71,62.76,,,3.07
IQ-LAB-95984,9.0,female,9.6,6.05,12.4,64.2,363.0,,,,,,,,
IQ-LAB-95985,62.0,male,8.4,5.05,15.5,88.9,186.0,15.0,5.397605346934028e-79,14.0,0.77,68.07,,,1.22
IQ-LAB-95986,48.0,male,5.9,5.9,16.0,82.6,285.0,83.0,5.397605346934028e-79,30.0,1.07,94.59,,,3.27
IQ-LAB-95987,80.0,male,8.6,4.54,13.5,88.1,158.0,21.0,5.397605346934028e-79,19.0,0.68,60.11,,,4.01
IQ-LAB-95988,80.0,male,6.9,4.74,14.8,94.6,198.0,13.0,5.397605346934028e-79,16.0,1.22,107.85,115.0,9.21,1.03
IQ-LAB-95989,13.0,female,7.6,4.61,13.6,86.2,342.0,10.0,5.397605346934028e-79,14.0,0.41,36.24,98.0,24.15,0.94
IQ-LAB-95990,28.0,female,8.5,4.78,14.7,90.5,104.0,12.0,5.397605346934028e-79,18.0,0.68,60.11,100.0,6.83,12.72
IQ-LAB-95991,43.0,male,6.1,6.32,13.3,65.6,210.0,35.0,5.397605346934028e-79,29.0,0.83,73.37,142.0,6.95,0.11
IQ-LAB-95992,79.0,female,7.4,3.83,13.1,99.0,178.0,18.0,5.397605346934028e-79,31.0,1.07,94.59,102.0,485.1,6.76
IQ-LAB-95993,80.0,female,8.3,4.98,14.5,85.7,202.0,15.0,5.397605346934028e-79,21.0,0.85,75.14,,,0.85
IQ-LAB-95994,11.0,female,11.8,4.77,13.6,85.1,324.0,,,,,,,,1.41
IQ-LAB-95997,61.0,female,9.5,4.75,12.8,79.9,269.0,16.0,5.397605346934028e-79,18.0,0.8,70.72,,,2.62
IQ-LAB-95998,29.0,male,7.2,4.46,14.4,94.5,266.0,133.0,5.397605346934028e-79,59.0,0.69,61.0,,,1.14
IQ-LAB-95999,16.0,male,4.6,4.82,14.5,88.7,197.0,9.0,5.397605346934028e-79,18.0,1.28,113.15,,,0.35
IQ-LAB-96000,29.0,male,9.2,4.67,14.8,89.3,153.0,26.0,5.397605346934028e-79,27.0,0.94,83.1,,,0.68
IQ-LAB-96001,64.0,male,7.0,4.06,12.7,94.2,169.0,14.0,5.397605346934028e-79,17.0,0.87,76.91,,,8.93
IQ-LAB-96002,34.0,female,12.5,4.37,12.2,81.5,297.0,14.0,5.397605346934028e-79,12.0,0.46,40.66,,,14.63
IQ-LAB-96003,49.0,female,7.9,5.21,15.9,91.4,287.0,22.0,5.397605346934028e-79,20.0,0.52,45.97,,,10.08
IQ-LAB-96004,55.0,male,7.9,4.59,15.7,100.2,202.0,23.0,5.397605346934028e-79,23.0,0.97,85.75,,,0.42
IQ-LAB-96005,14.0,male,6.9,5.62,16.4,83.6,243.0,17.0,5.397605346934028e-79,20.0,0.77,68.07,102.0,11.87,0.75
IQ-LAB-96008,52.0,male,5.4,5.26,15.0,86.2,185.0,25.0,5.397605346934028e-79,23.0,1.2,106.08,102.0,7.1,0.6
IQ-LAB-96010,64.0,male,7.3,4.59,15.1,98.7,239.0,,,,,,84.0,,
IQ-LAB-96011,32.0,female,6.5,4.53,13.7,87.6,222.0,17.0,5.397605346934028e-79,17.0,0.59,52.16,,,0.85
IQ-LAB-96012,16.0,male,5.8,4.83,14.6,90.6,254.0,6.0,5.397605346934028e-79,18.0,0.74,65.42,101.0,22.1,1.68
IQ-LAB-96013,15.0,female,9.6,4.3,13.4,93.1,334.0,11.0,5.397605346934028e-79,11.0,0.62,54.81,,,0.38
IQ-LAB-96014,36.0,female,7.0,4.28,14.0,97.1,261.0,10.0,5.397605346934028e-79,17.0,0.74,65.42,,,0.74
IQ-LAB-96016,80.0,male,8.9,3.42,11.9,99.3,161.0,18.0,5.397605346934028e-79,17.0,6.75,596.7,,,5.22
IQ-LAB-96017,64.0,male,9.2,4.67,14.5,89.9,217.0,14.0,5.397605346934028e-79,21.0,1.03,91.05,,,1.38
IQ-LAB-96019,80.0,female,6.1,4.46,12.8,88.3,171.0,10.0,5.397605346934028e-79,10.0,1.4,123.76,114.0,9.51,1.03
IQ-LAB-96020,80.0,female,10.8,4.3,13.3,91.2,255.0,15.0,5.397605346934028e-79,16.0,0.94,83.1,,,8.5
IQ-LAB-96022,56.0,male,6.1,5.31,16.0,89.5,183.0,30.0,5.397605346934028e-79,24.0,0.7,61.88,,,1.53
IQ-LAB-96023,73.0,female,5.1,4.11,11.8,87.3,195.0,18.0,5.397605346934028e-79,30.0,0.61,53.92,,,1.09
IQ-LAB-96025,40.0,male,8.9,4.32,13.0,86.3,218.0,69.0,5.397605346934028e-79,28.0,3.85,340.34,,,4.15
IQ-LAB-96026,8.0,female,8.1,5.97,12.0,63.1,400.0,,,,,,,,0.55
IQ-LAB-96027,80.0,female,7.7,4.91,12.2,77.1,307.0,13.0,5.397605346934028e-79,19.0,0.83,73.37,,,0.35
IQ-LAB-96028,10.0,male,6.6,4.58,13.2,87.4,287.0,,,,,,,,0.4
IQ-LAB-96029,31.0,male,9.1,5.81,16.6,84.7,234.0,54.0,5.397605346934028e-79,29.0,0.98,86.63,,,4.66
IQ-LAB-96030,59.0,male,5.1,5.05,14.4,87.3,246.0,12.0,5.397605346934028e-79,17.0,1.13,99.89,,,2.63
IQ-LAB-96031,24.0,female,8.2,4.82,13.4,82.3,202.0,8.0,5.397605346934028e-79,16.0,0.7,61.88,99.0,3.4,3.76
IQ-LAB-96032,11.0,female,5.0,4.69,11.8,75.0,278.0,,,,,,,,0.87
IQ-LAB-96033,60.0,female,12.1,4.68,14.0,89.0,341.0,11.0,5.397605346934028e-79,12.0,1.53,135.25,105.0,11.41,5.66
IQ-LAB-96034,57.0,male,7.5,5.3,16.6,93.1,246.0,23.0,5.397605346934028e-79,24.0,1.04,91.94,,,0.66
IQ-LAB-96035,20.0,female,5.9,5.13,13.9,82.8,221.0,10.0,5.397605346934028e-79,14.0,0.57,50.39,93.0,9.6,0.71
IQ-LAB-96036,13.0,female,7.6,4.5,13.4,89.0,210.0,16.0,5.397605346934028e-79,22.0,0.7,61.88,94.0,19.34,0.88
IQ-LAB-96037,60.0,male,6.6,6.27,17.3,82.7,160.0,21.0,5.397605346934028e-79,19.0,1.07,94.59,146.0,30.59,0.99
IQ-LAB-96038,55.0,female,7.7,4.93,13.8,84.9,374.0,77.0,5.397605346934028e-79,59.0,0.6,53.04,,,1.08
IQ-LAB-96039,1.0,male,8.0,5.51,14.1,76.4,251.0,,,,,,,,1.56
IQ-LAB-96041,80.0,male,5.3,4.23,12.0,86.8,200.0,9.0,5.397605346934028e-79,16.0,1.51,133.48,,,0.99
IQ-LAB-96042,6.0,female,6.8,4.56,13.6,86.7,258.0,,,,,,,,0.39
IQ-LAB-96043,9.0,female,9.0,5.11,13.5,79.7,211.0,,,,,,,,0.27
IQ-LAB-96044,61.0,female,7.5,4.38,13.1,87.9,267.0,36.0,5.397605346934028e-79,27.0,0.91,80.44,130.0,31.89,14.1
IQ-LAB-96046,4.0,male,10.2,4.19,11.8,86.6,662.0,,,,,,,,1.81
IQ-LAB-96047,10.0,male,7.2,4.97,14.2,85.2,322.0,,,,,,,,0.34
IQ-LAB-96048,47.0,male,8.8,3.78,14.3,110.5,329.0,16.0,5.397605346934028e-79,16.0,0.93,82.21,86.0,6.11,4.71
IQ-LAB-96049,69.0,male,6.5,5.13,15.7,90.7,157.0,12.0,5.397605346934028e-79,16.0,1.06,93.7,101.0,6.11,1.73
IQ-LAB-96050,46.0,female,7.4,5.18,14.0,83.3,198.0,16.0,5.397605346934028e-79,17.0,0.63,55.69,108.0,7.58,3.84
IQ-LAB-96051,11.0,female,7.2,4.5,13.6,86.9,323.0,,,,,,,,0.28
IQ-LAB-96052,14.0,female,11.2,4.08,11.8,88.2,242.0,10.0,5.397605346934028e-79,17.0,0.57,50.39,88.0,17.35,0.47
IQ-LAB-96055,10.0,male,5.1,4.43,12.6,84.2,518.0,,,,,,,,0.34
IQ-LAB-96056,20.0,male,7.0,5.52,16.3,85.2,189.0,26.0,5.397605346934028e-79,20.0,0.85,75.14,,,1.7
IQ-LAB-96057,11.0,male,6.0,4.36,13.5,89.4,276.0,,,,,,,,0.29
IQ-LAB-96058,10.0,female,8.2,4.43,13.3,87.7,363.0,,,,,,,,0.34
IQ-LAB-96061,67.0,male,10.0,5.49,17.7,91.7,233.0,18.0,5.397605346934028e-79,14.0,1.11,98.12,,,5.33
IQ-LAB-96063,27.0,female,6.2,4.06,13.2,96.6,283.0,16.0,5.397605346934028e-79,22.0,0.59,52.16,,,0.39
IQ-LAB-96064,49.0,male,4.1,5.14,15.3,88.5,312.0,13.0,5.397605346934028e-79,13.0,0.98,86.63,93.0,4.35,0.67
IQ-LAB-96065,66.0,male,7.1,4.57,14.3,92.1,360.0,17.0,5.397605346934028e-79,19.0,0.87,76.91,,,9.25
IQ-LAB-96066,52.0,male,6.8,4.82,15.9,93.9,187.0,49.0,5.397605346934028e-79,57.0,0.74,65.42,,,1.02
IQ-LAB-96067,42.0,female,7.8,3.96,12.1,92.8,228.0,17.0,5.397605346934028e-79,16.0,0.57,50.39,,,4.14
IQ-LAB-96068,17.0,female,5.9,4.06,12.7,93.4,261.0,10.0,5.397605346934028e-79,18.0,0.61,53.92,99.0,7.4,2.72
IQ-LAB-96069,7.0,male,5.6,5.26,13.3,74.0,212.0,,,,,,,,0.37
IQ-LAB-96070,45.0,male,8.5,4.73,14.4,90.2,249.0,21.0,5.397605346934028e-79,18.0,1.19,105.2,,,2.14
IQ-LAB-96073,2.0,female,10.1,4.12,11.5,83.8,301.0,,,,,,,,0.17
IQ-LAB-96074,34.0,female,7.1,5.06,15.3,90.2,372.0,16.0,5.397605346934028e-79,16.0,0.57,50.39,110.0,15.86,6.51
IQ-LAB-96077,80.0,male,4.2,4.58,14.1,94.3,131.0,7.0,5.397605346934028e-79,14.0,0.86,76.02,,,0.66
IQ-LAB-96078,19.0,male,12.5,5.43,15.8,85.8,330.0,28.0,5.397605346934028e-79,18.0,0.69,61.0,,,6.48
IQ-LAB-96079,52.0,male,6.6,5.29,16.1,90.4,190.0,36.0,5.397605346934028e-79,30.0,0.96,84.86,,,2.25
IQ-LAB-96081,10.0,female,6.6,4.61,13.1,82.2,376.0,,,,,,,,0.94
IQ-LAB-96082,37.0,male,5.4,5.41,13.9,79.6,307.0,27.0,5.397605346934028e-79,24.0,0.99,87.52,94.0,18.16,0.67
IQ-LAB-96083,17.0,female,5.2,3.99,13.2,97.8,207.0,12.0,5.397605346934028e-79,20.0,0.58,51.27,,,0.2
IQ-LAB-96084,34.0,female,6.1,4.87,13.3,83.0,335.0,22.0,5.397605346934028e-79,22.0,0.86,76.02,,,7.01
IQ-LAB-96085,25.0,male,9.9,5.06,14.6,84.8,195.0,18.0,5.397605346934028e-79,22.0,1.25,110.5,74.0,7.28,6.17
IQ-LAB-96086,65.0,male,8.0,5.24,16.5,89.3,159.0,40.0,5.397605346934028e-79,34.0,1.32,116.69,158.0,21.69,1.26
IQ-LAB-96087,68.0,male,7.5,4.54,14.5,90.7,150.0,20.0,5.397605346934028e-79,25.0,0.95,83.98,,,9.81
IQ-LAB-96088,20.0,male,5.1,4.93,14.5,88.6,230.0,8.0,5.397605346934028e-79,17.0,1.08,95.47,99.0,3.29,0.6
IQ-LAB-96089,76.0,male,8.0,4.51,14.7,96.7,136.0,20.0,5.397605346934028e-79,19.0,1.61,142.32,,,5.95
IQ-LAB-96090,63.0,male,12.4,5.2,17.1,97.8,394.0,23.0,5.397605346934028e-79,19.0,0.86,76.02,,,3.29
IQ-LAB-96091,54.0,female,8.0,5.29,15.5,86.3,103.0,141.0,5.397605346934028e-79,114.0,0.59,52.16,,,2.43
IQ-LAB-96092,22.0,male,3.8,4.9,15.2,91.5,170.0,13.0,5.397605346934028e-79,20.0,0.91,80.44,,,1.59
IQ-LAB-96093,20.0,female,10.5,4.45,13.4,90.0,251.0,24.0,5.397605346934028e-79,27.0,0.72,63.65,86.0,5.71,39.53
IQ-LAB-96094,52.0,female,12.8,4.58,12.5,86.0,203.0,17.0,5.397605346934028e-79,20.0,0.81,71.6,,,9.67
IQ-LAB-96096,52.0,male,6.9,4.56,14.7,94.6,231.0,21.0,5.397605346934028e-79,22.0,0.91,80.44,,,4.28
IQ-LAB-96097,58.0,male,6.4,4.77,14.9,93.1,224.0,62.0,5.397605346934028e-79,60.0,0.8,70.72,99.0,9.21,2.99
IQ-LAB-96098,42.0,male,7.2,3.83,10.9,85.0,211.0,12.0,5.397605346934028e-79,18.0,6.61,584.32,,,4.37
IQ-LAB-96099,63.0,male,6.7,4.82,15.1,94.4,207.0,23.0,5.397605346934028e-79,25.0,0.89,78.68,,,1.97
IQ-LAB-96100,65.0,male,10.0,4.69,14.8,92.0,161.0,6.0,5.397605346934028e-79,12.0,1.28,113.15,,,7.25
IQ-LAB-96101,52.0,male,5.1,4.98,14.2,84.8,219.0,16.0,5.397605346934028e-79,17.0,0.75,66.3,105.0,7.89,1.48
IQ-LAB-96103,23.0,female,8.8,4.68,14.4,87.6,398.0,20.0,5.397605346934028e-79,17.0,0.66,58.34,85.0,23.0,2.7
IQ-LAB-96104,17.0,male,4.9,5.33,15.1,84.8,206.0,15.0,5.397605346934028e-79,16.0,0.97,85.75,,,0.53
IQ-LAB-96105,24.0,female,3.6,4.65,13.8,85.7,248.0,7.0,5.397605346934028e-79,13.0,0.69,61.0,,,0.29
IQ-LAB-96106,10.0,female,5.1,4.84,12.5,79.2,327.0,,,,,,,,0.24
IQ-LAB-96108,47.0,female,9.8,4.29,13.3,89.4,247.0,28.0,5.397605346934028e-79,22.0,0.62,54.81,,,3.73
IQ-LAB-96111,31.0,female,14.0,5.13,13.5,76.3,374.0,10.0,5.397605346934028e-79,17.0,0.73,64.53,,,3.31
IQ-LAB-96112,73.0,male,6.5,4.91,14.4,89.3,187.0,14.0,5.397605346934028e-79,17.0,0.75,66.3,165.0,321.64,3.1
IQ-LAB-96113,2.0,male,5.7,4.04,10.5,80.8,402.0,,,,,,,,5.23
IQ-LAB-96114,68.0,male,6.1,4.19,13.1,97.1,191.0,10.0,5.397605346934028e-79,15.0,0.86,76.02,139.0,38.94,4.12
IQ-LAB-96115,71.0,female,8.9,4.73,14.3,90.0,185.0,15.0,5.397605346934028e-79,14.0,0.51,45.08,122.0,5.53,3.08
IQ-LAB-96116,54.0,female,6.1,4.93,14.5,86.4,180.0,14.0,5.397605346934028e-79,15.0,0.81,71.6,89.0,6.96,1.61
IQ-LAB-96117,68.0,male,8.7,4.45,14.4,96.5,216.0,18.0,5.397605346934028e-79,14.0,1.14,100.78,,,0.97
IQ-LAB-96118,2.0,female,6.8,4.18,12.3,84.8,384.0,,,,,,,,0.28
IQ-LAB-96119,14.0,female,4.7,4.64,12.4,80.7,278.0,11.0,5.397605346934028e-79,19.0,0.7,61.88,,,7.19
IQ-LAB-96120,60.0,male,5.4,4.3,14.9,101.1,132.0,72.0,5.397605346934028e-79,92.0,0.99,87.52,,,1.79
IQ-LAB-96121,65.0,female,6.1,4.79,14.0,86.0,166.0,15.0,5.397605346934028e-79,17.0,0.99,87.52,,,1.67
IQ-LAB-96122,54.0,female,5.6,5.55,11.8,66.6,297.0,15.0,5.397605346934028e-79,20.0,0.55,48.62,101.0,7.23,0.89
IQ-LAB-96123,35.0,female,7.0,4.54,13.4,85.8,143.0,18.0,5.397605346934028e-79,18.0,0.83,73.37,,,11.24
IQ-LAB-96124,52.0,female,6.1,4.61,13.2,84.9,255.0,13.0,5.397605346934028e-79,22.0,0.48,42.43,178.0,8.25,0.78
IQ-LAB-96125,28.0,female,6.0,4.46,13.6,88.9,277.0,12.0,5.397605346934028e-79,19.0,0.71,62.76,,,0.68
IQ-LAB-96126,5.0,male,9.9,4.44,11.8,77.6,291.0,,,,,,,,0.36
IQ-LAB-96127,17.0,male,7.2,5.0,14.9,87.3,228.0,55.0,5.397605346934028e-79,47.0,1.05,92.82,,,0.28
IQ-LAB-96128,16.0,male,8.2,5.36,16.7,90.1,257.0,11.0,5.397605346934028e-79,13.0,0.94,83.1,101.0,8.92,0.42
IQ-LAB-96129,5.0,male,8.1,4.66,13.0,86.1,307.0,,,,,,,,1.85
IQ-LAB-96130,61.0,male,7.0,5.04,15.2,89.0,236.0,9.0,5.397605346934028e-79,18.0,0.79,69.84,,,0.72
IQ-LAB-96132,16.0,male,4.7,4.87,14.4,88.3,300.0,18.0,5.397605346934028e-79,34.0,1.06,93.7,97.0,11.58,0.46
IQ-LAB-96133,32.0,male,5.2,5.18,14.2,81.8,202.0,81.0,5.397605346934028e-79,37.0,1.08,95.47,95.0,15.53,2.26
IQ-LAB-96134,65.0,female,7.8,3.85,10.9,84.1,307.0,11.0,5.397605346934028e-79,14.0,0.67,59.23,,,2.21
IQ-LAB-96135,73.0,female,3.5,2.9,9.9,104.2,258.0,18.0,5.397605346934028e-79,31.0,1.07,94.59,94.0,10.04,2.6
IQ-LAB-96136,62.0,male,5.2,4.57,14.0,93.8,188.0,,,,,,,,
IQ-LAB-96137,48.0,female,13.8,4.35,12.2,85.7,343.0,11.0,5.397605346934028e-79,11.0,0.85,75.14,,,7.34
IQ-LAB-96138,34.0,male,6.6,5.23,15.1,85.3,251.0,29.0,5.397605346934028e-79,26.0,1.06,93.7,,,2.49
IQ-LAB-96139,27.0,male,6.3,4.75,14.5,87.9,212.0,14.0,5.397605346934028e-79,18.0,0.9,79.56,,,0.43
IQ-LAB-96140,54.0,male,7.0,5.19,15.2,84.4,235.0,23.0,5.397605346934028e-79,17.0,0.69,61.0,144.0,6.07,2.22
IQ-LAB-96141,60.0,male,8.8,5.19,15.8,87.2,217.0,32.0,5.397605346934028e-79,30.0,0.98,86.63,,,2.47
IQ-LAB-96142,3.0,male,11.1,4.36,12.7,84.9,330.0,,,,,,,,0.34
IQ-LAB-96143,55.0,male,6.2,5.13,14.8,87.7,183.0,16.0,5.397605346934028e-79,18.0,1.13,99.89,,,1.81
IQ-LAB-96144,64.0,female,6.5,4.25,12.1,84.7,238.0,27.0,5.397605346934028e-79,23.0,0.73,64.53,,,5.41
IQ-LAB-96145,78.0,female,5.8,4.24,13.6,94.0,218.0,14.0,5.397605346934028e-79,15.0,1.29,114.04,,,3.58
IQ-LAB-96147,31.0,male,4.9,5.24,14.9,85.4,228.0,20.0,5.397605346934028e-79,14.0,1.35,119.34,108.0,7.24,0.73
IQ-LAB-96148,2.0,female,13.4,4.79,12.9,78.9,241.0,,,,,,,,0.27
IQ-LAB-96149,63.0,female,4.7,5.3,14.9,82.0,243.0,18.0,5.397605346934028e-79,23.0,0.46,40.66,238.0,7.65,2.16
IQ-LAB-96150,23.0,male,4.0,4.71,16.3,98.3,267.0,77.0,5.397605346934028e-79,134.0,0.76,67.18,104.0,2.87,0.61
IQ-LAB-96151,57.0,male,5.4,4.74,14.0,83.7,185.0,34.0,5.397605346934028e-79,26.0,1.05,92.82,,,3.44
IQ-LAB-96152,61.0,male,5.7,4.61,14.3,92.2,297.0,30.0,5.397605346934028e-79,21.0,0.74,65.42,104.0,19.34,4.17
IQ-LAB-96153,10.0,female,12.6,4.74,12.7,81.7,389.0,,,,,,,,0.33
IQ-LAB-96154,1.0,female,15.1,4.56,12.3,81.5,298.0,,,,,,,,0.83
IQ-LAB-96155,4.0,male,5.5,4.45,12.1,79.6,223.0,,,,,,,,0.47
IQ-LAB-96156,46.0,male,5.3,4.79,15.1,95.2,193.0,24.0,5.397605346934028e-79,24.0,1.12,99.01,101.0,3.39,0.31
IQ-LAB-96157,11.0,male,7.9,4.87,14.0,83.9,303.0,,,,,,,,0.33
IQ-LAB-96158,26.0,male,7.4,4.75,15.4,96.0,178.0,,,,,,,,
IQ-LAB-96159,61.0,female,8.7,4.27,12.8,89.8,224.0,9.0,5.397605346934028e-79,14.0,0.76,67.18,94.0,15.29,7.52
IQ-LAB-96160,58.0,female,5.7,5.17,14.3,81.8,151.0,48.0,5.397605346934028e-79,27.0,0.82,72.49,98.0,6.1,1.38
IQ-LAB-96161,9.0,female,14.3,5.09,12.8,77.2,334.0,,,,,,,,3.71
IQ-LAB-96162,60.0,female,3.3,3.79,11.9,93.4,144.0,52.0,5.397605346934028e-79,50.0,0.85,75.14,99.0,28.94,2.51
IQ-LAB-96163,35.0,female,7.1,5.71,12.5,69.7,338.0,83.0,5.397605346934028e-79,42.0,0.62,54.81,,,4.08
IQ-LAB-96164,64.0,female,8.5,3.85,12.3,92.4,261.0,9.0,5.397605346934028e-79,17.0,0.62,54.81,,,4.8
IQ-LAB-96165,64.0,female,5.1,4.65,13.0,86.1,249.0,11.0,5.397605346934028e-79,17.0,1.85,163.54,,,0.74
IQ-LAB-96166,8.0,female,4.7,4.68,14.0,87.9,234.0,,,,,,,,0.27
IQ-LAB-96168,13.0,female,4.5,4.96,12.8,80.2,193.0,9.0,5.397605346934028e-79,18.0,0.51,45.08,98.0,7.91,0.26
IQ-LAB-96169,63.0,female,7.6,3.95,12.3,93.7,228.0,14.0,5.397605346934028e-79,17.0,1.07,94.59,153.0,30.44,4.08
IQ-LAB-96170,72.0,female,10.6,4.39,13.0,88.1,200.0,19.0,5.397605346934028e-79,20.0,0.68,60.11,,,2.65
IQ-LAB-96171,80.0,female,8.8,4.14,13.4,94.6,251.0,12.0,5.397605346934028e-79,16.0,1.11,98.12,117.0,17.18,0.63
IQ-LAB-96172,80.0,female,8.6,4.19,12.4,88.2,211.0,24.0,5.397605346934028e-79,30.0,0.68,60.11,,,1.94
IQ-LAB-96174,8.0,male,7.1,4.57,12.3,83.3,394.0,,,,,,,,0.44
IQ-LAB-96175,39.0,male,5.3,5.18,16.2,88.8,303.0,26.0,5.397605346934028e-79,18.0,1.13,99.89,,,2.33
IQ-LAB-96176,6.0,male,6.8,4.67,13.2,81.9,304.0,,,,,,,,0.3
IQ-LAB-96177,16.0,female,8.6,4.5,12.4,82.6,312.0,19.0,5.397605346934028e-79,21.0,0.7,61.88,,,1.85
IQ-LAB-96178,63.0,male,4.2,4.53,13.7,91.1,214.0,10.0,5.397605346934028e-79,14.0,1.01,89.28,104.0,8.95,0.47
IQ-LAB-96179,64.0,male,7.6,5.48,14.3,80.9,119.0,38.0,5.397605346934028e-79,29.0,0.87,76.91,,,0.43
IQ-LAB-96181,74.0,male,10.1,4.44,13.8,93.0,228.0,12.0,5.397605346934028e-79,18.0,1.37,121.11,,,1.36
IQ-LAB-96184,80.0,male,7.4,3.86,12.3,95.3,248.0,17.0,5.397605346934028e-79,25.0,1.71,151.16,,,2.62
IQ-LAB-96185,75.0,female,8.4,4.1,12.6,86.9,311.0,22.0,5.397605346934028e-79,18.0,1.06,93.7,109.0,17.36,2.96
IQ-LAB-96186,45.0,male,5.3,5.82,16.3,84.3,178.0,18.0,5.397605346934028e-79,21.0,1.16,102.54,101.0,7.97,6.94
IQ-LAB-96187,11.0,male,3.2,4.07,12.3,89.8,275.0,,,,,,,,0.2
IQ-LAB-96188,55.0,female,4.9,4.45,13.1,88.1,211.0,18.0,5.397605346934028e-79,18.0,0.63,55.69,,,2.45
IQ-LAB-96189,50.0,male,8.5,5.44,15.6,84.6,167.0,31.0,5.397605346934028e-79,29.0,0.94,83.1,,,4.54
IQ-LAB-96190,54.0,male,4.1,5.12,14.4,84.7,220.0,25.0,5.397605346934028e-79,24.0,0.78,68.95,,,0.19
IQ-LAB-96191,39.0,female,7.8,5.19,12.2,73.8,261.0,65.0,5.397605346934028e-79,47.0,0.44,38.9,,,11.82
IQ-LAB-96193,8.0,male,6.7,4.6,12.6,82.4,303.0,,,,,,,,0.3
IQ-LAB-96194,4.0,female,9.6,4.38,11.4,78.4,479.0,,,,,,,,0.88
IQ-LAB-96195,80.0,male,12.1,3.9,12.9,94.3,231.0,25.0,5.397605346934028e-79,26.0,0.92,81.33,,,15.65
IQ-LAB-96196,34.0,female,6.6,4.36,12.5,84.5,358.0,17.0,5.397605346934028e-79,18.0,0.92,81.33,99.0,13.47,9.59
IQ-LAB-96197,12.0,male,5.2,5.47,16.3,87.1,322.0,17.0,5.397605346934028e-79,27.0,0.71,62.76,100.0,9.08,0.55
IQ-LAB-96198,29.0,female,4.7,4.19,13.0,90.6,205.0,11.0,5.397605346934028e-79,15.0,0.76,67.18,94.0,5.61,0.32
IQ-LAB-96199,7.0,male,6.6,4.7,12.9,83.9,421.0,,,,,,,,0.3
IQ-LAB-96201,11.0,male,4.8,4.39,12.5,82.3,278.0,,,,,,,,0.15
IQ-LAB-96202,10.0,male,4.3,4.48,13.1,87.1,342.0,,,,,,,,
IQ-LAB-96203,5.0,male,6.9,4.49,13.2,83.5,328.0,,,,,,,,0.35
IQ-LAB-96205,52.0,male,4.2,5.57,15.1,83.3,130.0,25.0,5.397605346934028e-79,29.0,1.03,91.05,117.0,35.23,0.58
IQ-LAB-96206,9.0,male,6.3,4.56,13.2,84.6,249.0,,,,,,,,0.63
IQ-LAB-96207,3.0,female,8.4,4.41,12.5,84.6,442.0,,,,,,,,0.41
IQ-LAB-96208,2.0,female,10.5,4.57,12.5,77.6,455.0,,,,,,,,0.53
IQ-LAB-96209,2.0,male,10.9,4.67,12.5,79.5,338.0,,,,,,,,0.44
IQ-LAB-96210,80.0,male,9.1,4.59,14.2,90.8,301.0,11.0,5.397605346934028e-79,17.0,0.97,85.75,,,1.79
IQ-LAB-96211,32.0,male,9.3,5.19,14.8,84.3,384.0,16.0,5.397605346934028e-79,18.0,0.88,77.79,,,8.8
IQ-LAB-96213,17.0,female,7.4,4.67,13.3,85.6,299.0,10.0,5.397605346934028e-79,14.0,0.48,42.43,103.0,22.25,2.95
IQ-LAB-96214,13.0,female,7.2,4.12,12.9,93.5,352.0,13.0,5.397605346934028e-79,27.0,0.68,60.11,102.0,15.82,0.82
IQ-LAB-96216,56.0,female,4.8,3.74,7.0,62.5,57.0,8.0,5.397605346934028e-79,17.0,0.73,64.53,,,3.24
IQ-LAB-96217,71.0,male,7.1,5.1,15.5,89.4,157.0,18.0,5.397605346934028e-79,17.0,1.14,100.78,,,1.79
IQ-LAB-96219,41.0,female,6.4,4.46,9.1,66.9,662.0,10.0,5.397605346934028e-79,11.0,0.54,47.74,104.0,9.65,12.65
IQ-LAB-96221,66.0,male,9.4,5.17,15.9,89.9,270.0,22.0,5.397605346934028e-79,30.0,0.81,71.6,,,3.13
IQ-LAB-96222,40.0,female,6.8,4.9,15.5,93.8,273.0,13.0,5.397605346934028e-79,17.0,0.74,65.42,94.0,3.86,0.88
IQ-LAB-96223,70.0,male,7.0,5.18,17.6,102.3,248.0,11.0,5.397605346934028e-79,34.0,1.35,119.34,83.0,0.71,1.19
IQ-LAB-96224,59.0,female,4.9,4.84,15.2,93.4,250.0,12.0,5.397605346934028e-79,17.0,0.81,71.6,97.0,6.19,0.37
IQ-LAB-96226,31.0,male,6.1,5.18,14.0,83.2,189.0,15.0,5.397605346934028e-79,14.0,1.0,88.4,108.0,8.18,0.47
IQ-LAB-96227,6.0,female,6.9,4.53,12.7,80.9,283.0,,,,,,,,0.35
IQ-LAB-96229,24.0,female,6.2,4.07,12.5,94.1,312.0,9.0,5.397605346934028e-79,15.0,0.63,55.69,,,1.2
IQ-LAB-96230,60.0,male,6.8,4.75,14.7,88.6,183.0,32.0,5.397605346934028e-79,21.0,1.08,95.47,,,1.13
IQ-LAB-96232,7.0,male,6.5,4.56,12.8,82.8,290.0,,,,,,,,0.27
IQ-LAB-96233,18.0,male,6.1,4.65,13.2,87.2,194.0,13.0,5.397605346934028e-79,27.0,1.08,95.47,,,0.45
IQ-LAB-96234,40.0,male,8.1,5.15,15.5,88.7,246.0,23.0,5.397605346934028e-79,24.0,1.14,100.78,,,1.95
IQ-LAB-96236,78.0,female,6.0,4.56,12.8,87.5,311.0,17.0,5.397605346934028e-79,23.0,0.83,73.37,107.0,4.31,0.62
IQ-LAB-96237,58.0,female,9.6,5.34,17.0,92.8,267.0,21.0,5.397605346934028e-79,24.0,0.6,53.04,118.0,5.38,3.2
IQ-LAB-96238,18.0,male,6.9,4.89,14.8,89.6,238.0,11.0,5.397605346934028e-79,14.0,1.0,88.4,,,0.23
IQ-LAB-96239,69.0,female,4.8,4.59,13.8,90.5,202.0,16.0,5.397605346934028e-79,19.0,0.79,69.84,,,3.04
IQ-LAB-96240,42.0,female,6.7,4.21,13.0,91.9,195.0,50.0,5.397605346934028e-79,31.0,0.74,65.42,89.0,20.24,2.84
IQ-LAB-96241,18.0,female,10.7,4.76,13.4,83.9,275.0,26.0,5.397605346934028e-79,23.0,0.56,49.5,,,1.56
IQ-LAB-96243,29.0,female,9.2,3.82,12.6,96.0,199.0,18.0,5.397605346934028e-79,19.0,0.58,51.27,,,3.61
IQ-LAB-96244,38.0,female,10.7,4.65,14.8,92.1,263.0,12.0,5.397605346934028e-79,17.0,0.69,61.0,97.0,11.17,2.68
IQ-LAB-96245,60.0,female,11.0,5.45,15.6,84.7,345.0,59.0,5.397605346934028e-79,55.0,0.51,45.08,163.0,14.49,2.32
IQ-LAB-96246,12.0,female,8.5,4.94,13.9,83.6,222.0,,,,,,,,
IQ-LAB-96247,11.0,male,6.2,4.99,14.2,85.4,227.0,,,,,,,,0.18
IQ-LAB-96248,7.0,female,7.0,5.66,11.1,62.6,345.0,,,,,,,,0.19
IQ-LAB-96249,58.0,female,5.0,5.61,14.6,79.9,154.0,31.0,5.397605346934028e-79,18.0,0.48,42.43,320.0,8.12,2.64
IQ-LAB-96250,42.0,male,5.1,4.83,15.0,90.0,293.0,23.0,5.397605346934028e-79,18.0,0.93,82.21,99.0,22.98,4.35
IQ-LAB-96251,4.0,female,6.9,4.87,14.4,83.5,360.0,,,,,,,,0.24
IQ-LAB-96252,79.0,female,4.3,4.45,14.1,97.7,223.0,70.0,5.397605346934028e-79,56.0,0.82,72.49,102.0,8.06,6.29
IQ-LAB-96253,47.0,female,5.0,4.6,15.1,96.2,303.0,24.0,5.397605346934028e-79,21.0,0.64,56.58,92.0,6.55,8.51
IQ-LAB-96256,1.0,male,12.1,4.36,12.8,84.4,271.0,,,,,,,,
IQ-LAB-96257,32.0,female,9.2,5.04,14.7,85.5,427.0,32.0,5.397605346934028e-79,22.0,0.51,45.08,128.0,26.83,3.76
IQ-LAB-96258,6.0,female,7.9,4.46,12.1,79.6,184.0,,,,,,,,46.15
IQ-LAB-96260,12.0,male,8.4,4.87,14.2,89.4,289.0,17.0,5.397605346934028e-79,24.0,0.72,63.65,,,0.32
IQ-LAB-96261,16.0,female,7.3,4.25,13.4,91.6,325.0,14.0,5.397605346934028e-79,15.0,0.59,52.16,98.0,15.54,0.78
IQ-LAB-96263,12.0,male,7.2,5.16,15.3,86.2,189.0,15.0,5.397605346934028e-79,22.0,0.45,39.78,,,0.11
IQ-LAB-96264,45.0,female,10.5,4.11,12.5,86.0,256.0,13.0,5.397605346934028e-79,22.0,0.8,70.72,,,11.58
IQ-LAB-96265,66.0,male,8.8,4.65,14.5,92.6,274.0,11.0,5.397605346934028e-79,18.0,0.95,83.98,97.0,6.31,3.7
IQ-LAB-96266,53.0,female,7.7,4.47,12.7,86.7,291.0,22.0,5.397605346934028e-79,16.0,0.51,45.08,,,7.0
IQ-LAB-96268,80.0,male,10.1,4.24,10.6,79.8,382.0,18.0,5.397605346934028e-79,36.0,0.99,87.52,90.0,5.32,3.62
IQ-LAB-96269,33.0,female,6.8,4.17,10.1,75.4,259.0,20.0,5.397605346934028e-79,17.0,0.54,47.74,101.0,30.24,3.52
IQ-LAB-96270,25.0,male,4.9,5.51,14.9,83.4,215.0,19.0,5.397605346934028e-79,22.0,1.0,88.4,89.0,5.76,0.62
IQ-LAB-96271,70.0,male,6.0,4.83,14.5,86.9,323.0,13.0,5.397605346934028e-79,20.0,1.11,98.12,88.0,3.86,2.01
IQ-LAB-96272,29.0,male,9.5,5.57,16.4,83.9,305.0,23.0,5.397605346934028e-79,23.0,1.06,93.7,,,1.17
IQ-LAB-96273,13.0,male,6.7,5.74,16.1,83.1,250.0,,,,,,,,
IQ-LAB-96275,31.0,female,10.7,4.61,15.0,92.1,299.0,16.0,5.397605346934028e-79,19.0,0.7,61.88,,,0.11
IQ-LAB-96276,49.0,male,6.6,5.45,15.8,89.3,186.0,20.0,5.397605346934028e-79,21.0,0.73,64.53,212.0,20.69,2.78
IQ-LAB-96277,5.0,female,11.5,4.51,12.5,82.8,526.0,,,,,,,,0.46
IQ-LAB-96279,54.0,female,9.9,5.33,15.9,88.0,268.0,11.0,5.397605346934028e-79,11.0,0.36,31.82,275.0,16.65,14.0
IQ-LAB-96280,19.0,female,9.0,5.12,11.5,71.2,370.0,17.0,5.397605346934028e-79,18.0,0.7,61.88,,,8.05
IQ-LAB-96282,49.0,male,6.9,4.62,13.8,87.6,225.0,15.0,5.397605346934028e-79,15.0,0.82,72.49,,,3.11
IQ-LAB-96283,46.0,male,5.6,4.59,14.7,91.5,216.0,34.0,5.397605346934028e-79,27.0,1.17,103.43,101.0,4.09,0.85
IQ-LAB-96284,71.0,male,7.4,4.96,14.6,88.8,186.0,15.0,5.397605346934028e-79,16.0,1.24,109.62,,,3.46
IQ-LAB-96285,16.0,female,9.7,4.66,13.3,84.9,284.0,9.0,5.397605346934028e-79,15.0,0.73,64.53,,,0.36
IQ-LAB-96286,12.0,male,6.1,4.88,13.4,81.6,251.0,9.0,5.397605346934028e-79,21.0,0.65,57.46,,,0.37
IQ-LAB-96287,74.0,female,7.1,4.39,12.7,86.1,262.0,48.0,5.397605346934028e-79,37.0,0.8,70.72,149.0,28.3,4.37
IQ-LAB-96288,19.0,male,5.8,5.2,16.0,89.3,269.0,26.0,5.397605346934028e-79,31.0,0.85,75.14,90.0,9.35,0.51
IQ-LAB-96289,17.0,male,10.1,4.42,13.5,87.4,350.0,15.0,5.397605346934028e-79,14.0,0.77,68.07,91.0,3.58,6.16
IQ-LAB-96290,73.0,female,5.0,4.17,13.0,94.4,230.0,38.0,5.397605346934028e-79,30.0,0.92,81.33,,,3.01
IQ-LAB-96291,53.0,female,8.7,4.45,13.3,88.5,284.0,13.0,5.397605346934028e-79,14.0,0.69,61.0,101.0,10.51,7.91
IQ-LAB-96292,4.0,female,5.5,4.53,12.1,81.1,300.0,,,,,,,,1.86
IQ-LAB-96293,64.0,male,8.2,4.68,15.0,94.6,205.0,20.0,5.397605346934028e-79,24.0,0.92,81.33,,,0.86
IQ-LAB-96294,15.0,female,11.1,4.17,13.4,94.8,361.0,12.0,5.397605346934028e-79,19.0,0.7,61.88,97.0,14.68,0.51
IQ-LAB-96295,31.0,male,10.4,5.15,14.6,86.6,416.0,26.0,5.397605346934028e-79,23.0,0.83,73.37,,,3.57
IQ-LAB-96296,72.0,female,6.6,4.73,15.9,98.5,226.0,10.0,5.397605346934028e-79,17.0,0.89,78.68,97.0,6.37,2.11
IQ-LAB-96297,32.0,female,5.8,3.87,12.8,98.2,247.0,13.0,5.397605346934028e-79,17.0,0.87,76.91,85.0,5.33,7.15
IQ-LAB-96298,17.0,male,4.6,5.07,15.4,87.2,199.0,26.0,5.397605346934028e-79,24.0,1.15,101.66,95.0,6.7,0.23
IQ-LAB-96299,29.0,male,7.6,4.0,12.7,94.0,180.0,67.0,5.397605346934028e-79,61.0,0.93,82.21,,,7.87
IQ-LAB-96300,7.0,female,10.1,4.5,12.4,81.9,354.0,,,,,,,,0.66
IQ-LAB-96301,54.0,male,6.7,5.02,15.6,91.3,282.0,22.0,5.397605346934028e-79,29.0,1.32,116.69,143.0,17.95,10.98
IQ-LAB-96302,72.0,male,5.8,4.99,16.7,97.6,153.0,19.0,5.397605346934028e-79,25.0,1.08,95.47,,,0.59
IQ-LAB-96304,60.0,female,11.8,5.2,14.9,87.2,291.0,54.0,5.397605346934028e-79,65.0,0.64,56.58,,,3.87
IQ-LAB-96305,12.0,male,7.3,4.46,12.4,81.3,295.0,12.0,5.397605346934028e-79,27.0,0.48,42.43,,,0.28
IQ-LAB-96306,80.0,female,6.0,5.44,15.1,86.0,180.0,21.0,5.397605346934028e-79,23.0,0.99,87.52,86.0,29.06,1.68
IQ-LAB-96308,53.0,male,6.2,4.69,14.2,91.9,211.0,28.0,5.397605346934028e-79,28.0,1.1,97.24,123.0,18.51,3.46
IQ-LAB-96309,76.0,female,8.6,4.23,13.1,88.9,161.0,9.0,5.397605346934028e-79,13.0,0.74,65.42,,,0.29
IQ-LAB-96310,54.0,male,8.1,5.27,15.1,83.7,199.0,33.0,5.397605346934028e-79,31.0,0.88,77.79,,,0.85
IQ-LAB-96311,19.0,female,5.8,4.87,11.5,73.7,268.0,9.0,5.397605346934028e-79,14.0,0.65,57.46,94.0,7.98,2.36
IQ-LAB-96312,31.0,female,6.3,4.53,14.0,89.6,260.0,18.0,5.397605346934028e-79,16.0,0.75,66.3,106.0,10.18,0.74
IQ-LAB-96313,29.0,female,11.6,4.12,12.3,86.2,219.0,14.0,5.397605346934028e-79,17.0,0.57,50.39,,,7.66
IQ-LAB-96314,3.0,female,8.5,4.42,12.1,81.8,295.0,,,,,,,,
IQ-LAB-96315,13.0,male,5.9,5.29,15.7,87.7,292.0,17.0,5.397605346934028e-79,16.0,0.69,61.0,,,0.43
IQ-LAB-96317,68.0,male,6.2,4.95,15.0,89.4,401.0,19.0,5.397605346934028e-79,22.0,0.99,87.52,106.0,15.77,1.41
IQ-LAB-96319,70.0,female,8.7,4.46,14.7,97.5,372.0,20.0,5.397605346934028e-79,14.0,0.63,55.69,,,3.91
IQ-LAB-96320,46.0,male,8.1,5.11,14.9,89.3,172.0,19.0,5.397605346934028e-79,21.0,0.98,86.63,,,3.25
IQ-LAB-96321,69.0,male,7.9,4.26,12.6,90.5,314.0,,,,,,,,
IQ-LAB-96322,34.0,female,6.1,4.91,14.1,89.3,151.0,13.0,5.397605346934028e-79,15.0,0.45,39.78,91.0,3.48,0.87
IQ-LAB-96323,63.0,male,4.0,5.11,14.6,85.4,268.0,30.0,5.397605346934028e-79,20.0,0.94,83.1,,,0.86
IQ-LAB-96325,26.0,female,8.2,4.58,12.3,82.9,380.0,5.0,5.397605346934028e-79,15.0,0.56,49.5,90.0,11.31,2.28
IQ-LAB-96327,10.0,female,10.2,4.7,13.7,85.8,367.0,,,,,,,,5.78
IQ-LAB-96329,42.0,female,4.9,4.41,13.5,91.6,166.0,13.0,5.397605346934028e-79,16.0,0.6,53.04,101.0,5.87,0.56
IQ-LAB-96330,64.0,male,7.0,4.71,14.1,85.0,248.0,27.0,5.397605346934028e-79,24.0,2.29,202.44,,,1.13
IQ-LAB-96332,49.0,male,7.6,4.52,15.2,99.9,158.0,13.0,5.397605346934028e-79,19.0,1.11,98.12,113.0,3.73,0.71
IQ-LAB-96333,60.0,female,7.1,4.16,12.7,88.9,270.0,11.0,5.397605346934028e-79,13.0,0.57,50.39,134.0,12.26,2.97
IQ-LAB-96334,10.0,female,4.3,4.82,14.4,87.4,271.0,,,,,,,,0.47
IQ-LAB-96335,80.0,male,7.3,3.91,13.2,99.9,196.0,15.0,5.397605346934028e-79,17.0,1.23,108.73,127.0,17.66,0.79
IQ-LAB-96336,74.0,male,5.4,4.37,11.1,79.7,208.0,27.0,5.397605346934028e-79,18.0,2.68,236.91,251.0,39.98,0.77
IQ-LAB-96337,20.0,male,11.3,5.45,16.1,88.4,304.0,24.0,5.397605346934028e-79,14.0,0.85,75.14,,,1.67
IQ-LAB-96338,19.0,female,11.9,4.85,14.3,86.0,228.0,13.0,5.397605346934028e-79,19.0,0.49,43.32,,,5.95
IQ-LAB-96339,71.0,female,4.7,4.91,13.1,81.5,167.0,17.0,5.397605346934028e-79,22.0,0.89,78.68,,,4.83
IQ-LAB-96340,49.0,male,6.5,4.97,15.7,90.4,168.0,26.0,5.397605346934028e-79,20.0,1.09,96.36,,,7.08
IQ-LAB-96341,7.0,male,5.7,4.99,12.7,77.4,261.0,,,,,,,,0.23
IQ-LAB-96342,80.0,female,12.6,4.66,13.7,91.9,286.0,17.0,5.397605346934028e-79,16.0,1.64,144.98,346.0,164.7,58.99
IQ-LAB-96343,8.0,male,7.0,4.85,13.3,81.7,360.0,,,,,,,,1.06
IQ-LAB-96344,42.0,female,10.3,3.55,10.3,88.7,397.0,23.0,5.397605346934028e-79,22.0,0.99,87.52,,,7.35
IQ-LAB-96345,13.0,male,8.2,5.26,15.9,85.2,294.0,18.0,5.397605346934028e-79,22.0,0.56,49.5,,,0.42
IQ-LAB-96346,29.0,male,4.2,6.06,15.8,78.2,191.0,31.0,5.397605346934028e-79,18.0,1.04,91.94,,,3.62
IQ-LAB-96347,15.0,female,5.8,4.85,13.1,81.4,270.0,9.0,5.397605346934028e-79,16.0,0.64,56.58,98.0,21.53,0.36
IQ-LAB-96348,54.0,male,6.8,4.76,15.7,96.1,174.0,13.0,5.397605346934028e-79,23.0,1.34,118.46,87.0,7.65,1.04
IQ-LAB-96349,76.0,male,11.9,4.8,15.7,95.8,166.0,18.0,5.397605346934028e-79,16.0,1.04,91.94,,,1.71
IQ-LAB-96350,19.0,male,7.1,5.32,14.9,84.9,158.0,12.0,5.397605346934028e-79,19.0,0.84,74.26,,,0.3
IQ-LAB-96351,60.0,male,7.8,4.44,13.6,90.5,217.0,17.0,5.397605346934028e-79,24.0,1.11,98.12,,,0.64
IQ-LAB-96352,67.0,male,4.2,4.9,13.1,83.5,191.0,12.0,5.397605346934028e-79,15.0,0.77,68.07,95.0,8.82,1.72
IQ-LAB-96355,20.0,female,8.2,4.3,12.8,89.3,220.0,9.0,5.397605346934028e-79,13.0,0.52,45.97,,,0.43
IQ-LAB-96357,69.0,male,3.0,6.19,14.4,73.8,125.0,12.0,5.397605346934028e-79,15.0,1.27,112.27,96.0,9.15,2.02
IQ-LAB-96358,48.0,female,8.4,4.88,14.0,84.7,227.0,29.0,5.397605346934028e-79,20.0,0.83,73.37,,,3.19
IQ-LAB-96360,72.0,female,4.6,4.84,15.2,93.1,197.0,21.0,5.397605346934028e-79,20.0,0.81,71.6,97.0,11.28,1.01
IQ-LAB-96361,17.0,female,8.1,4.74,13.5,85.1,333.0,15.0,5.397605346934028e-79,16.0,0.68,60.11,97.0,20.45,0.61
IQ-LAB-96362,61.0,female,5.0,4.32,13.7,94.5,191.0,23.0,5.397605346934028e-79,19.0,0.73,64.53,99.0,8.84,3.84
IQ-LAB-96363,10.0,female,6.9,4.21,12.1,84.1,370.0,,,,,,,,0.11
IQ-LAB-96364,6.0,female,5.9,4.4,12.1,81.5,336.0,,,,,,,,0.69
IQ-LAB-96365,39.0,female,10.0,4.09,12.6,89.3,367.0,21.0,5.397605346934028e-79,18.0,0.81,71.6,,,9.2
IQ-LAB-96366,61.0,female,12.7,4.85,14.0,85.2,234.0,36.0,5.397605346934028e-79,19.0,0.84,74.26,168.0,27.0,8.21
IQ-LAB-96367,58.0,male,5.4,4.77,14.1,87.2,258.0,10.0,5.397605346934028e-79,14.0,0.98,86.63,89.0,4.06,4.9
IQ-LAB-96368,31.0,female,7.4,4.66,13.3,85.2,267.0,15.0,5.397605346934028e-79,17.0,0.6,53.04,95.0,9.28,1.08
IQ-LAB-96369,15.0,male,6.0,5.19,15.0,86.2,208.0,12.0,5.397605346934028e-79,19.0,0.82,72.49,105.0,10.0,1.32
IQ-LAB-96370,77.0,female,3.9,4.19,13.6,99.3,211.0,16.0,5.397605346934028e-79,21.0,0.69,61.0,105.0,4.46,0.31
IQ-LAB-96371,14.0,female,8.0,4.59,11.9,80.1,212.0,14.0,5.397605346934028e-79,19.0,0.52,45.97,,,0.11
IQ-LAB-96372,50.0,male,7.8,4.99,15.5,91.3,277.0,17.0,5.397605346934028e-79,13.0,0.94,83.1,,,1.99
IQ-LAB-96373,53.0,male,5.1,6.47,14.6,71.9,178.0,32.0,5.397605346934028e-79,16.0,1.13,99.89,,,7.63
IQ-LAB-96374,16.0,female,7.3,4.22,12.7,87.5,230.0,16.0,5.397605346934028e-79,17.0,0.66,58.34,91.0,8.05,0.37
IQ-LAB-96375,80.0,male,8.8,4.87,14.4,88.0,143.0,23.0,5.397605346934028e-79,30.0,1.32,116.69,,,3.04
IQ-LAB-96376,12.0,male,6.8,4.73,12.6,78.8,351.0,14.0,5.397605346934028e-79,18.0,0.45,39.78,,,0.49
IQ-LAB-96377,52.0,female,4.3,4.29,12.6,90.4,191.0,22.0,5.397605346934028e-79,21.0,0.62,54.81,84.0,3.33,0.37
IQ-LAB-96378,7.0,male,8.9,4.4,11.7,82.4,259.0,,,,,,,,0.31
IQ-LAB-96379,21.0,female,8.6,4.76,12.7,82.8,296.0,17.0,5.397605346934028e-79,22.0,0.63,55.69,86.0,14.57,2.75
IQ-LAB-96380,43.0,male,8.0,4.81,14.5,90.1,342.0,30.0,5.397605346934028e-79,26.0,1.1,97.24,,,2.02
IQ-LAB-96382,29.0,male,4.6,5.52,15.7,87.5,259.0,13.0,5.397605346934028e-79,31.0,0.91,80.44,,,0.78
IQ-LAB-96383,17.0,female,3.4,5.36,14.0,81.6,251.0,9.0,5.397605346934028e-79,18.0,0.7,61.88,,,0.44
IQ-LAB-96385,59.0,female,7.7,4.78,12.5,77.9,266.0,13.0,5.397605346934028e-79,17.0,0.57,50.39,,,8.24
IQ-LAB-96386,62.0,male,5.9,3.66,12.0,96.7,178.0,13.0,5.397605346934028e-79,31.0,0.67,59.23,,,0.69
IQ-LAB-96387,4.0,female,5.3,4.62,12.6,79.7,317.0,,,,,,,,0.38
IQ-LAB-96389,77.0,female,6.7,4.31,13.9,93.5,303.0,14.0,5.397605346934028e-79,19.0,0.63,55.69,106.0,7.84,0.53
IQ-LAB-96390,46.0,male,5.0,4.79,14.7,92.3,205.0,34.0,5.397605346934028e-79,36.0,1.06,93.7,88.0,6.04,1.33
IQ-LAB-96391,16.0,male,7.2,5.75,17.4,89.4,196.0,26.0,5.397605346934028e-79,24.0,0.69,61.0,97.0,28.07,3.69
IQ-LAB-96392,28.0,female,11.5,5.21,14.5,81.7,288.0,12.0,5.397605346934028e-79,17.0,0.64,56.58,90.0,24.12,16.69
IQ-LAB-96393,71.0,male,5.8,4.82,13.8,84.2,156.0,21.0,5.397605346934028e-79,22.0,1.16,102.54,,,1.9
IQ-LAB-96395,10.0,female,6.4,4.31,12.2,84.2,327.0,,,,,,,,
IQ-LAB-96396,38.0,male,5.9,5.3,17.0,94.8,207.0,20.0,5.397605346934028e-79,17.0,0.87,76.91,105.0,14.98,0.83
IQ-LAB-96397,9.0,male,5.7,4.49,13.7,87.2,264.0,,,,,,,,0.25
IQ-LAB-96398,32.0,male,5.0,4.93,15.4,91.8,179.0,20.0,5.397605346934028e-79,13.0,1.0,88.4,,,0.65
IQ-LAB-96399,42.0,male,6.8,5.03,15.5,90.5,287.0,25.0,5.397605346934028e-79,21.0,0.93,82.21,,,2.67
IQ-LAB-96400,32.0,male,9.9,5.49,16.2,90.5,246.0,92.0,5.397605346934028e-79,33.0,1.11,98.12,,,51.48
IQ-LAB-96402,18.0,male,5.3,5.57,13.4,73.4,206.0,26.0,5.397605346934028e-79,31.0,1.08,95.47,,,0.63
IQ-LAB-96403,23.0,male,7.9,5.23,15.0,84.0,241.0,20.0,5.397605346934028e-79,28.0,0.71,62.76,109.0,7.75,7.16
IQ-LAB-96404,74.0,female,4.4,4.57,12.8,85.1,203.0,16.0,5.397605346934028e-79,20.0,0.73,64.53,,,2.72
IQ-LAB-96405,23.0,female,9.2,4.59,11.9,78.0,329.0,18.0,5.397605346934028e-79,15.0,0.52,45.97,,,2.66
IQ-LAB-96406,73.0,female,9.0,5.23,16.3,91.1,328.0,,,,,,,,
IQ-LAB-96408,44.0,female,7.2,4.18,11.4,83.6,309.0,14.0,5.397605346934028e-79,25.0,0.72,63.65,,,34.38
IQ-LAB-96409,80.0,female,6.6,4.01,12.3,91.5,194.0,11.0,5.397605346934028e-79,15.0,0.85,75.14,,,1.22
IQ-LAB-96410,14.0,male,4.5,5.03,13.8,82.6,266.0,11.0,5.397605346934028e-79,25.0,0.59,52.16,100.0,10.76,0.35
IQ-LAB-96411,60.0,female,5.3,4.19,12.9,90.7,205.0,24.0,5.397605346934028e-79,26.0,0.88,77.79,,,3.9
IQ-LAB-96413,71.0,male,6.3,4.86,14.6,89.5,234.0,16.0,5.397605346934028e-79,20.0,0.82,72.49,105.0,20.06,1.93
IQ-LAB-96415,36.0,male,7.0,5.02,15.0,89.4,192.0,23.0,5.397605346934028e-79,27.0,0.83,73.37,81.0,4.33,1.64
IQ-LAB-96416,42.0,female,9.1,4.27,13.0,91.2,290.0,24.0,5.397605346934028e-79,29.0,0.77,68.07,,,1.24
IQ-LAB-96417,33.0,female,8.1,4.53,12.9,84.4,226.0,10.0,5.397605346934028e-79,13.0,0.53,46.85,95.0,11.63,1.52
IQ-LAB-96418,15.0,female,6.5,4.96,14.1,83.7,319.0,11.0,5.397605346934028e-79,16.0,0.63,55.69,103.0,10.38,0.22
IQ-LAB-96419,15.0,female,5.4,4.44,13.6,90.8,284.0,8.0,5.397605346934028e-79,14.0,0.64,56.58,101.0,12.35,0.72
IQ-LAB-96420,60.0,male,5.7,4.45,14.2,94.4,206.0,24.0,5.397605346934028e-79,20.0,0.84,74.26,111.0,9.71,1.78
IQ-LAB-96421,12.0,female,4.8,4.44,13.1,90.3,214.0,14.0,5.397605346934028e-79,31.0,0.65,57.46,97.0,9.31,9.36
IQ-LAB-96422,66.0,female,7.4,3.72,11.5,89.9,308.0,26.0,5.397605346934028e-79,22.0,0.87,76.91,,,2.28
IQ-LAB-96423,2.0,male,12.1,5.59,10.0,55.9,442.0,,,,,,,,0.36
IQ-LAB-96425,15.0,male,5.8,5.5,13.9,79.5,214.0,12.0,5.397605346934028e-79,20.0,0.89,78.68,104.0,29.25,0.29
IQ-LAB-96426,80.0,male,4.9,3.32,11.3,104.3,216.0,11.0,5.397605346934028e-79,13.0,1.34,118.46,,,1.14
IQ-LAB-96428,37.0,female,9.0,4.57,12.9,86.0,289.0,10.0,5.397605346934028e-79,13.0,0.66,58.34,,,0.65
IQ-LAB-96430,8.0,male,6.2,4.57,12.4,82.3,243.0,,,,,,,,0.75
IQ-LAB-96431,47.0,male,12.1,5.58,15.0,81.4,274.0,17.0,5.397605346934028e-79,15.0,0.89,78.68,,,10.76
IQ-LAB-96432,47.0,female,7.0,4.66,15.0,93.9,256.0,10.0,5.397605346934028e-79,15.0,0.93,82.21,117.0,15.51,1.21
IQ-LAB-96433,35.0,female,6.3,4.61,13.7,91.0,213.0,13.0,5.397605346934028e-79,17.0,0.63,55.69,99.0,8.42,3.66
IQ-LAB-96434,3.0,female,7.2,4.46,12.6,83.9,288.0,,,,,,,,1.05
IQ-LAB-96435,10.0,female,4.9,5.12,14.6,86.3,263.0,,,,,,,,0.91
IQ-LAB-96436,74.0,male,7.4,4.75,13.9,87.4,164.0,14.0,5.397605346934028e-79,20.0,0.94,83.1,162.0,12.02,2.85
IQ-LAB-96437,3.0,female,9.2,4.79,12.2,76.1,518.0,,,,,,,,0.11
IQ-LAB-96441,61.0,female,8.1,5.02,13.5,84.6,287.0,17.0,5.397605346934028e-79,15.0,0.77,68.07,77.0,5.92,0.76
IQ-LAB-96442,14.0,male,6.4,5.52,16.5,87.2,218.0,79.0,5.397605346934028e-79,47.0,0.56,49.5,,,1.39
IQ-LAB-96443,24.0,female,6.4,4.89,14.7,86.3,237.0,18.0,5.397605346934028e-79,20.0,0.67,59.23,81.0,12.01,0.54
IQ-LAB-96444,21.0,female,7.5,4.75,14.3,88.4,208.0,31.0,5.397605346934028e-79,24.0,0.57,50.39,99.0,8.58,0.34
IQ-LAB-96445,66.0,male,9.7,5.33,16.4,91.2,197.0,19.0,5.397605346934028e-79,14.0,0.94,83.1,,,0.74
IQ-LAB-96446,62.0,female,4.8,4.49,14.1,92.1,297.0,23.0,5.397605346934028e-79,27.0,0.61,53.92,,,3.17
IQ-LAB-96448,50.0,female,8.9,4.45,14.1,94.2,266.0,15.0,5.397605346934028e-79,15.0,0.76,67.18,,,0.63
IQ-LAB-96449,61.0,female,7.4,3.89,11.3,89.5,224.0,28.0,5.397605346934028e-79,25.0,2.19,193.6,98.0,23.88,4.54
IQ-LAB-96450,53.0,female,11.1,5.17,15.9,91.5,215.0,39.0,5.397605346934028e-79,24.0,0.65,57.46,153.0,58.75,5.75
IQ-LAB-96451,80.0,female,5.5,3.02,9.6,93.1,232.0,28.0,5.397605346934028e-79,30.0,1.01,89.28,,,0.85
IQ-LAB-96452,38.0,male,5.0,5.34,16.6,89.6,251.0,16.0,5.397605346934028e-79,20.0,0.73,64.53,113.0,5.11,0.55
IQ-LAB-96453,24.0,female,7.6,4.03,12.4,89.5,267.0,11.0,5.397605346934028e-79,12.0,0.72,63.65,,,0.68
IQ-LAB-96455,34.0,male,6.4,5.72,16.7,87.1,223.0,24.0,5.397605346934028e-79,19.0,0.87,76.91,,,2.38
IQ-LAB-96456,69.0,female,6.6,4.11,13.4,93.1,192.0,14.0,5.397605346934028e-79,17.0,1.15,101.66,,,1.11
IQ-LAB-96457,58.0,male,9.2,4.86,14.5,85.8,225.0,25.0,5.397605346934028e-79,23.0,0.87,76.91,,,1.08
IQ-LAB-96459,5.0,female,6.6,4.27,11.9,83.2,248.0,,,,,,,,0.23
IQ-LAB-96460,2.0,female,12.4,4.33,12.2,80.8,363.0,,,,,,,,14.77
IQ-LAB-96461,3.0,male,7.7,4.7,12.9,79.1,335.0,,,,,,,,0.27
IQ-LAB-96462,65.0,male,7.8,4.88,15.3,94.0,154.0,8.0,5.397605346934028e-79,23.0,0.87,76.91,,,6.59
IQ-LAB-96463,26.0,male,7.9,4.56,15.8,97.5,203.0,9.0,5.397605346934028e-79,13.0,0.99,87.52,,,0.34
IQ-LAB-96465,41.0,female,4.3,4.19,13.4,94.8,228.0,34.0,5.397605346934028e-79,29.0,0.73,64.53,101.0,5.49,0.93
IQ-LAB-96466,31.0,female,6.5,4.34,12.2,84.6,247.0,13.0,5.397605346934028e-79,22.0,0.7,61.88,,,10.76
IQ-LAB-96467,16.0,female,8.6,4.96,14.0,84.0,244.0,8.0,5.397605346934028e-79,11.0,0.7,61.88,98.0,7.02,1.32
IQ-LAB-96468,66.0,female,3.2,5.17,13.9,82.9,286.0,17.0,5.397605346934028e-79,19.0,1.05,92.82,,,1.1
IQ-LAB-96469,42.0,female,8.0,4.36,13.6,89.3,276.0,14.0,5.397605346934028e-79,17.0,0.57,50.39,,,1.0
IQ-LAB-96470,47.0,male,13.3,4.87,14.3,87.9,337.0,24.0,5.397605346934028e-79,25.0,0.89,78.68,,,5.89
IQ-LAB-96471,65.0,male,10.3,4.79,14.0,88.2,172.0,8.0,5.397605346934028e-79,11.0,1.03,91.05,,,6.46
IQ-LAB-96472,5.0,male,9.7,4.08,12.6,88.4,359.0,,,,,,,,1.73
IQ-LAB-96473,79.0,male,10.0,5.75,10.6,59.7,368.0,16.0,5.397605346934028e-79,18.0,1.15,101.66,,,94.21
IQ-LAB-96474,37.0,female,9.1,4.46,12.8,86.4,243.0,15.0,5.397605346934028e-79,17.0,0.69,61.0,,,0.46
IQ-LAB-96475,51.0,male,9.0,4.54,14.6,94.0,270.0,22.0,5.397605346934028e-79,17.0,1.07,94.59,,,0.99
IQ-LAB-96476,37.0,female,7.6,4.61,11.4,77.5,401.0,11.0,5.397605346934028e-79,16.0,0.83,73.37,,,3.37
IQ-LAB-96477,65.0,male,3.4,4.85,14.0,87.3,158.0,12.0,5.397605346934028e-79,21.0,1.08,95.47,96.0,15.33,2.54
IQ-LAB-96478,18.0,male,10.0,5.95,17.1,86.7,283.0,26.0,5.397605346934028e-79,18.0,0.59,52.16,,,1.66
IQ-LAB-96479,56.0,female,5.5,4.25,13.3,93.2,206.0,15.0,5.397605346934028e-79,28.0,1.07,94.59,96.0,6.4,0.99
IQ-LAB-96480,65.0,male,7.8,4.77,14.0,89.6,265.0,11.0,5.397605346934028e-79,22.0,0.96,84.86,,,1.05
IQ-LAB-96481,29.0,male,6.2,4.72,15.6,95.9,185.0,20.0,5.397605346934028e-79,14.0,0.78,68.95,,,2.12
IQ-LAB-96482,11.0,male,6.0,4.52,12.6,83.6,268.0,,,,,,,,0.42
IQ-LAB-96483,49.0,female,7.7,4.9,13.0,80.6,250.0,14.0,5.397605346934028e-79,15.0,0.8,70.72,,,0.48
IQ-LAB-96484,27.0,male,6.5,4.84,14.5,89.6,275.0,14.0,5.397605346934028e-79,17.0,1.0,88.4,,,0.59
IQ-LAB-96485,21.0,female,9.9,5.28,15.0,83.2,244.0,14.0,5.397605346934028e-79,18.0,0.86,76.02,,,1.41
IQ-LAB-96486,77.0,male,9.6,5.56,16.5,88.2,154.0,25.0,5.397605346934028e-79,17.0,0.9,79.56,112.0,13.19,4.42
IQ-LAB-96487,19.0,male,7.3,5.11,15.6,90.6,195.0,11.0,5.397605346934028e-79,14.0,1.0,88.4,,,0.46
IQ-LAB-96488,62.0,male,7.3,4.29,15.1,99.7,243.0,35.0,5.397605346934028e-79,23.0,0.88,77.79,,,2.61
IQ-LAB-96489,57.0,female,5.5,4.42,14.4,95.3,324.0,16.0,5.397605346934028e-79,20.0,0.53,46.85,131.0,17.16,1.72
IQ-LAB-96490,39.0,female,10.7,4.74,13.7,83.9,236.0,6.0,5.397605346934028e-79,11.0,0.74,65.42,,,5.6
IQ-LAB-96491,53.0,female,4.5,4.21,11.5,82.9,263.0,17.0,5.397605346934028e-79,20.0,0.53,46.85,,,0.66
IQ-LAB-96492,4.0,male,9.0,4.54,12.6,84.6,331.0,,,,,,,,4.19
IQ-LAB-96493,8.0,male,5.2,4.39,11.3,76.8,273.0,,,,,,,,0.23
IQ-LAB-96495,22.0,male,4.8,5.22,15.8,90.6,165.0,109.0,5.397605346934028e-79,63.0,1.06,93.7,,,0.37
IQ-LAB-96496,1.0,male,8.9,5.0,11.5,71.6,439.0,,,,,,,,0.42
IQ-LAB-96497,22.0,female,14.5,4.21,12.4,87.8,255.0,13.0,5.397605346934028e-79,16.0,0.59,52.16,83.0,12.15,5.66
IQ-LAB-96498,10.0,male,10.8,4.92,13.4,81.3,341.0,,,,,,,,
IQ-LAB-96500,24.0,male,6.4,5.23,15.3,85.1,284.0,11.0,5.397605346934028e-79,17.0,0.88,77.79,,,0.42
IQ-LAB-96501,50.0,male,6.2,5.5,16.4,87.4,104.0,58.0,5.397605346934028e-79,35.0,0.49,43.32,236.0,13.99,10.8
IQ-LAB-96502,60.0,female,4.4,4.82,14.2,88.1,272.0,12.0,5.397605346934028e-79,17.0,0.75,66.3,,,1.08
IQ-LAB-96503,72.0,female,7.7,4.86,14.7,88.7,216.0,25.0,5.397605346934028e-79,20.0,0.66,58.34,,,8.07
IQ-LAB-96504,13.0,female,6.3,5.04,14.7,87.0,263.0,18.0,5.397605346934028e-79,21.0,0.57,50.39,,,0.27
IQ-LAB-96505,40.0,female,12.6,5.08,14.4,86.8,300.0,11.0,5.397605346934028e-79,12.0,0.84,74.26,88.0,17.14,6.75
IQ-LAB-96508,46.0,female,5.3,4.58,14.1,91.3,287.0,15.0,5.397605346934028e-79,13.0,0.53,46.85,92.0,7.0,1.58
IQ-LAB-96509,21.0,male,6.6,4.9,15.1,92.5,207.0,20.0,5.397605346934028e-79,22.0,0.58,51.27,,,1.5
IQ-LAB-96510,32.0,female,13.2,4.46,13.9,91.3,382.0,23.0,5.397605346934028e-79,19.0,0.82,72.49,,,1.56
IQ-LAB-96511,41.0,male,9.2,6.06,15.6,77.4,262.0,32.0,5.397605346934028e-79,23.0,1.17,103.43,,,1.74
IQ-LAB-96512,64.0,male,7.8,4.77,15.8,96.8,166.0,26.0,5.397605346934028e-79,22.0,0.91,80.44,,,1.98
IQ-LAB-96513,24.0,male,6.3,4.93,14.6,88.2,239.0,16.0,5.397605346934028e-79,23.0,0.93,82.21,,,0.63
IQ-LAB-96514,80.0,female,4.2,5.3,15.1,86.1,151.0,17.0,5.397605346934028e-79,20.0,1.04,91.94,,,2.03
IQ-LAB-96515,69.0,male,5.0,4.5,14.0,93.9,215.0,17.0,5.397605346934028e-79,24.0,0.91,80.44,93.0,3.5,1.17
IQ-LAB-96516,18.0,female,6.5,4.89,13.5,84.3,257.0,15.0,5.397605346934028e-79,21.0,0.7,61.88,84.0,7.3,3.08
IQ-LAB-96517,54.0,female,7.9,5.08,14.7,84.8,349.0,13.0,5.397605346934028e-79,25.0,0.78,68.95,104.0,13.66,3.15
IQ-LAB-96519,33.0,female,6.4,4.22,12.7,88.8,286.0,11.0,5.397605346934028e-79,16.0,0.71,62.76,89.0,5.49,2.68
IQ-LAB-96521,62.0,male,10.0,4.63,13.3,85.3,311.0,23.0,5.397605346934028e-79,16.0,1.03,91.05,109.0,8.06,81.45
IQ-LAB-96522,52.0,female,7.2,4.7,13.9,88.5,244.0,14.0,5.397605346934028e-79,20.0,0.68,60.11,,,1.09
IQ-LAB-96523,21.0,female,7.1,4.96,13.4,82.3,249.0,22.0,5.397605346934028e-79,19.0,0.67,59.23,87.0,23.55,11.97
IQ-LAB-96524,8.0,male,6.7,5.01,14.6,82.8,238.0,,,,,,,,1.19
IQ-LAB-96525,80.0,male,6.2,3.96,12.7,93.8,215.0,19.0,5.397605346934028e-79,21.0,1.45,128.18,116.0,10.66,2.31
IQ-LAB-96527,6.0,male,5.1,5.52,13.4,73.6,324.0,,,,,,,,
IQ-LAB-96529,66.0,male,6.3,6.35,12.8,65.6,216.0,26.0,5.397605346934028e-79,21.0,0.88,77.79,159.0,8.08,0.54
IQ-LAB-96530,8.0,male,5.3,4.31,11.9,81.3,287.0,,,,,,,,0.27
IQ-LAB-96532,45.0,female,8.3,5.1,15.0,85.8,322.0,16.0,5.397605346934028e-79,14.0,0.69,61.0,,,7.18
IQ-LAB-96534,48.0,female,8.4,4.6,10.7,75.6,313.0,26.0,5.397605346934028e-79,36.0,0.76,67.18,,,0.72
IQ-LAB-96535,4.0,male,6.1,4.54,12.8,80.5,278.0,,,,,,,,0.34
IQ-LAB-96537,66.0,female,10.8,4.28,14.0,95.7,235.0,12.0,5.397605346934028e-79,28.0,0.75,66.3,,,1.15
IQ-LAB-96538,51.0,female,6.9,4.53,13.8,89.9,322.0,9.0,5.397605346934028e-79,18.0,0.61,53.92,,,4.18
IQ-LAB-96539,9.0,female,4.7,4.56,12.8,83.5,206.0,,,,,,,,0.55
IQ-LAB-96540,66.0,male,6.5,5.07,15.5,87.2,203.0,25.0,5.397605346934028e-79,28.0,0.79,69.84,105.0,11.58,0.52
IQ-LAB-96541,5.0,male,5.2,4.16,11.5,81.6,299.0,,,,,,,,0.11
IQ-LAB-96542,17.0,female,7.0,4.1,12.7,90.2,287.0,8.0,5.397605346934028e-79,13.0,0.61,53.92,97.0,6.15,14.35
IQ-LAB-96543,46.0,female,5.1,4.09,13.0,95.4,218.0,16.0,5.397605346934028e-79,18.0,0.71,62.76,,,2.09
IQ-LAB-96544,13.0,male,10.2,5.15,15.2,83.3,233.0,12.0,5.397605346934028e-79,20.0,0.5,44.2,,,0.34
IQ-LAB-96545,17.0,female,7.7,4.94,13.1,81.3,265.0,62.0,5.397605346934028e-79,29.0,0.62,54.81,,,0.67
IQ-LAB-96547,44.0,female,7.5,4.83,13.9,87.7,307.0,13.0,5.397605346934028e-79,15.0,0.64,56.58,,,1.98
IQ-LAB-96548,28.0,female,6.7,4.65,13.6,88.0,146.0,9.0,5.397605346934028e-79,12.0,0.71,62.76,113.0,12.59,0.74
IQ-LAB-96550,15.0,male,7.7,5.84,17.3,82.8,251.0,34.0,5.397605346934028e-79,26.0,0.79,69.84,,,0.15
IQ-LAB-96551,36.0,female,6.3,4.85,14.6,82.8,324.0,61.0,5.397605346934028e-79,67.0,0.64,56.58,,,4.95
IQ-LAB-96552,43.0,male,4.0,4.8,13.0,83.8,193.0,17.0,5.397605346934028e-79,20.0,0.93,82.21,95.0,5.71,1.21
IQ-LAB-96553,58.0,male,7.6,5.62,16.3,84.7,253.0,29.0,5.397605346934028e-79,22.0,0.67,59.23,113.0,9.83,1.44
IQ-LAB-96554,31.0,male,6.1,4.8,14.4,87.7,265.0,24.0,5.397605346934028e-79,22.0,1.06,93.7,113.0,31.77,5.88
IQ-LAB-96555,46.0,male,5.5,5.13,14.3,85.5,256.0,13.0,5.397605346934028e-79,13.0,0.83,73.37,,,1.12
IQ-LAB-96557,38.0,male,6.8,4.48,14.1,89.2,253.0,28.0,5.397605346934028e-79,20.0,1.22,107.85,,,2.54
IQ-LAB-96558,29.0,male,5.7,5.48,16.7,90.2,246.0,17.0,5.397605346934028e-79,19.0,1.11,98.12,97.0,15.83,5.64
IQ-LAB-96559,13.0,male,6.6,5.28,14.4,84.7,294.0,7.0,5.397605346934028e-79,17.0,0.63,55.69,83.0,10.93,0.41
IQ-LAB-96560,71.0,male,8.3,4.67,15.2,99.6,271.0,11.0,5.397605346934028e-79,23.0,1.25,110.5,119.0,2.84,1.1
IQ-LAB-96561,53.0,male,17.1,5.19,15.7,91.3,353.0,12.0,5.397605346934028e-79,8.0,1.35,119.34,,,182.82
IQ-LAB-96562,9.0,female,8.2,4.89,13.3,84.1,305.0,,,,,,,,7.22
IQ-LAB-96563,15.0,female,5.4,4.84,14.3,87.4,228.0,9.0,5.397605346934028e-79,15.0,0.62,54.81,89.0,3.21,0.34
IQ-LAB-96565,18.0,female,4.5,4.4,13.5,91.5,172.0,14.0,5.397605346934028e-79,18.0,0.75,66.3,96.0,17.63,0.38
IQ-LAB-96566,23.0,male,5.7,5.12,14.9,86.5,199.0,25.0,5.397605346934028e-79,18.0,1.37,121.11,101.0,11.48,1.03
IQ-LAB-96567,2.0,female,10.6,4.4,11.7,80.1,348.0,,,,,,,,0.32
IQ-LAB-96568,80.0,male,6.2,4.6,14.9,94.9,229.0,33.0,5.397605346934028e-79,34.0,1.13,99.89,,,0.72
IQ-LAB-96569,77.0,male,7.2,4.78,15.9,97.6,279.0,16.0,5.397605346934028e-79,18.0,0.96,84.86,,,2.78
IQ-LAB-96571,58.0,female,11.7,4.7,13.9,86.0,260.0,37.0,5.397605346934028e-79,43.0,0.58,51.27,,,11.34
IQ-LAB-96572,8.0,male,5.6,5.08,14.1,80.3,276.0,,,,,,,,0.2
IQ-LAB-96573,46.0,female,5.8,4.44,15.2,97.6,288.0,11.0,5.397605346934028e-79,15.0,0.83,73.37,110.0,5.95,1.03
IQ-LAB-96574,39.0,female,8.2,4.69,13.6,86.7,370.0,10.0,5.397605346934028e-79,13.0,0.77,68.07,97.0,5.25,0.58
IQ-LAB-96576,56.0,male,6.4,5.06,15.9,90.7,157.0,47.0,5.397605346934028e-79,32.0,1.15,101.66,113.0,19.02,3.63
IQ-LAB-96577,9.0,male,7.1,4.41,13.6,89.9,293.0,,,,,,,,3.22
IQ-LAB-96578,54.0,male,5.5,5.26,14.4,83.2,281.0,40.0,5.397605346934028e-79,33.0,0.81,71.6,,,1.39
IQ-LAB-96580,27.0,male,7.4,5.09,14.8,84.8,160.0,15.0,5.397605346934028e-79,12.0,0.96,84.86,,,1.92
IQ-LAB-96581,9.0,male,6.2,3.88,11.7,89.8,194.0,,,,,,,,7.12
IQ-LAB-96582,47.0,male,7.2,4.93,14.5,87.1,262.0,28.0,5.397605346934028e-79,45.0,0.99,87.52,107.0,13.89,1.7
IQ-LAB-96583,79.0,male,6.6,5.47,13.2,77.1,223.0,16.0,5.397605346934028e-79,20.0,1.34,118.46,105.0,3.93,0.99
IQ-LAB-96584,10.0,female,7.8,4.38,14.3,95.2,231.0,,,,,,,,0.32
IQ-LAB-96585,62.0,male,6.1,5.3,15.9,91.3,233.0,35.0,5.397605346934028e-79,30.0,0.84,74.26,115.0,5.11,1.94
IQ-LAB-96586,65.0,female,6.0,4.33,11.7,83.3,414.0,16.0,5.397605346934028e-79,17.0,0.68,60.11,99.0,7.54,30.82
IQ-LAB-96587,30.0,male,8.8,4.96,14.8,86.8,262.0,59.0,5.397605346934028e-79,29.0,0.75,66.3,268.0,46.42,6.43
IQ-LAB-96588,40.0,male,8.9,4.63,14.2,90.7,170.0,26.0,5.397605346934028e-79,33.0,0.96,84.86,,,0.75
IQ-LAB-96589,15.0,female,11.3,5.14,13.6,80.0,284.0,33.0,5.397605346934028e-79,24.0,0.61,53.92,91.0,16.56,2.11
IQ-LAB-96590,27.0,female,5.8,4.96,13.4,83.5,262.0,15.0,5.397605346934028e-79,14.0,0.52,45.97,105.0,13.25,2.08
IQ-LAB-96591,1.0,male,9.1,4.69,12.4,76.9,385.0,,,,,,,,0.6
IQ-LAB-96592,80.0,male,9.1,4.1,12.0,89.4,284.0,14.0,5.397605346934028e-79,12.0,1.0,88.4,259.0,19.2,1.69
IQ-LAB-96593,30.0,male,5.8,4.86,14.3,89.7,217.0,19.0,5.397605346934028e-79,17.0,1.0,88.4,118.0,7.84,0.63
IQ-LAB-96595,64.0,female,10.9,4.6,13.7,88.3,305.0,27.0,5.397605346934028e-79,26.0,0.57,50.39,,,4.77
IQ-LAB-96596,35.0,male,9.2,5.62,17.0,87.1,248.0,37.0,5.397605346934028e-79,23.0,0.86,76.02,,,1.14
IQ-LAB-96597,4.0,female,10.1,5.26,12.6,71.7,329.0,,,,,,,,7.63
IQ-LAB-96598,67.0,female,5.2,4.74,13.5,86.6,191.0,10.0,5.397605346934028e-79,13.0,0.79,69.84,,,0.6
IQ-LAB-96599,72.0,male,6.5,5.94,13.6,72.1,191.0,39.0,5.397605346934028e-79,31.0,0.82,72.49,163.0,29.72,10.61
IQ-LAB-96600,25.0,female,10.8,4.63,13.6,89.9,289.0,16.0,5.397605346934028e-79,14.0,0.72,63.65,96.0,9.11,2.25
IQ-LAB-96601,3.0,male,12.1,3.93,10.7,81.2,507.0,,,,,,,,0.25
IQ-LAB-96602,80.0,male,7.2,4.16,12.8,93.6,195.0,14.0,5.397605346934028e-79,22.0,1.32,116.69,99.0,3.68,2.36
IQ-LAB-96603,60.0,male,10.3,5.62,16.0,82.6,235.0,20.0,5.397605346934028e-79,16.0,0.94,83.1,,,4.5
IQ-LAB-96606,14.0,male,6.4,5.14,14.7,81.8,290.0,16.0,5.397605346934028e-79,22.0,0.54,47.74,,,0.38
IQ-LAB-96607,71.0,male,5.9,5.68,17.6,89.2,128.0,26.0,5.397605346934028e-79,25.0,1.15,101.66,142.0,10.61,1.9
IQ-LAB-96609,36.0,female,4.4,4.3,10.6,78.1,320.0,10.0,5.397605346934028e-79,16.0,0.79,69.84,104.0,12.37,2.4
IQ-LAB-96612,5.0,female,8.6,4.84,12.1,77.4,330.0,,,,,,,,0.37
IQ-LAB-96613,7.0,female,7.6,4.38,11.5,81.7,252.0,,,,,,,,0.53
IQ-LAB-96614,79.0,male,5.8,3.58,9.9,89.6,620.0,,,,,,127.0,,
IQ-LAB-96615,62.0,male,8.5,5.49,16.9,91.7,296.0,29.0,5.397605346934028e-79,24.0,0.83,73.37,110.0,8.92,2.37
IQ-LAB-96616,51.0,male,7.5,5.31,15.4,87.6,253.0,34.0,5.397605346934028e-79,24.0,0.8,70.72,,,4.24
IQ-LAB-96618,36.0,female,8.9,3.71,12.2,93.9,197.0,65.0,5.397605346934028e-79,61.0,0.57,50.39,,,0.27
IQ-LAB-96619,23.0,female,5.8,4.17,13.0,91.3,295.0,9.0,5.397605346934028e-79,12.0,0.74,65.42,,,0.23
IQ-LAB-96620,2.0,male,7.4,4.57,12.2,77.2,269.0,,,,,,,,
IQ-LAB-96622,40.0,female,11.1,5.32,12.3,74.3,335.0,10.0,5.397605346934028e-79,9.0,0.76,67.18,110.0,45.89,14.73
IQ-LAB-96623,53.0,male,11.3,4.79,16.2,98.8,254.0,18.0,5.397605346934028e-79,14.0,0.85,75.14,,,4.77
IQ-LAB-96624,36.0,male,7.6,5.23,16.0,89.0,288.0,26.0,5.397605346934028e-79,19.0,0.93,82.21,121.0,11.52,0.57
IQ-LAB-96625,26.0,male,6.5,5.1,14.2,82.4,236.0,37.0,5.397605346934028e-79,25.0,0.75,66.3,,,2.94
IQ-LAB-96626,23.0,male,7.7,5.3,16.2,87.7,172.0,32.0,5.397605346934028e-79,19.0,0.85,75.14,,,0.34
IQ-LAB-96628,32.0,male,5.3,4.89,15.5,92.9,170.0,12.0,5.397605346934028e-79,16.0,0.95,83.98,103.0,16.52,4.91
IQ-LAB-96629,46.0,female,5.6,4.64,13.2,86.3,222.0,13.0,5.397605346934028e-79,19.0,0.88,77.79,96.0,5.86,4.25
IQ-LAB-96630,41.0,male,8.0,5.54,16.6,88.7,256.0,47.0,5.397605346934028e-79,28.0,0.74,65.42,124.0,27.33,5.43
IQ-LAB-96631,37.0,male,6.7,5.17,15.2,86.5,153.0,94.0,5.397605346934028e-79,48.0,0.95,83.98,,,2.25
IQ-LAB-96633,65.0,male,5.2,4.54,13.4,86.0,227.0,11.0,5.397605346934028e-79,15.0,1.35,119.34,92.0,3.08,1.31
IQ-LAB-96634,59.0,male,5.5,5.38,16.8,92.7,168.0,25.0,5.397605346934028e-79,21.0,0.84,74.26,132.0,5.14,0.52
IQ-LAB-96636,40.0,female,10.7,4.58,13.5,88.4,300.0,10.0,5.397605346934028e-79,12.0,0.8,70.72,,,1.16
IQ-LAB-96637,17.0,male,5.9,4.72,14.3,91.0,193.0,15.0,5.397605346934028e-79,24.0,0.94,83.1,95.0,2.4,4.86
IQ-LAB-96638,58.0,male,3.1,4.51,15.8,100.8,143.0,115.0,5.397605346934028e-79,104.0,0.7,61.88,114.0,9.13,1.05
IQ-LAB-96639,78.0,male,11.2,4.55,13.3,89.0,306.0,16.0,5.397605346934028e-79,21.0,1.05,92.82,112.0,7.64,14.4
IQ-LAB-96641,35.0,male,7.3,4.8,14.5,92.5,231.0,17.0,5.397605346934028e-79,24.0,1.09,96.36,83.0,2.48,0.76
IQ-LAB-96642,67.0,male,4.1,4.56,14.9,94.9,162.0,17.0,5.397605346934028e-79,17.0,0.87,76.91,95.0,1.81,0.35
IQ-LAB-96643,2.0,male,9.0,5.08,10.2,63.9,249.0,,,,,,,,
IQ-LAB-96644,66.0,male,7.6,5.53,16.8,90.4,178.0,32.0,5.397605346934028e-79,22.0,1.44,127.3,112.0,16.09,1.2
IQ-LAB-96646,44.0,male,8.9,4.7,14.2,87.4,210.0,22.0,5.397605346934028e-79,21.0,0.87,76.91,,,1.24
IQ-LAB-96647,14.0,female,3.5,4.76,13.7,87.8,298.0,12.0,5.397605346934028e-79,16.0,0.66,58.34,108.0,17.71,0.55
IQ-LAB-96649,51.0,male,7.6,5.13,14.8,85.6,173.0,18.0,5.397605346934028e-79,19.0,2.53,223.65,,,7.22
IQ-LAB-96650,1.0,female,8.4,4.89,11.3,71.4,386.0,,,,,,,,0.25
IQ-LAB-96651,49.0,female,8.2,4.94,13.6,83.6,326.0,13.0,5.397605346934028e-79,11.0,0.94,83.1,102.0,9.65,14.31
IQ-LAB-96652,63.0,male,11.3,5.48,17.0,88.8,184.0,28.0,5.397605346934028e-79,18.0,0.86,76.02,,,1.65
IQ-LAB-96654,80.0,male,7.5,5.14,16.8,97.3,167.0,20.0,5.397605346934028e-79,28.0,0.88,77.79,,,3.07
IQ-LAB-96655,13.0,male,10.5,4.75,13.9,87.4,268.0,17.0,5.397605346934028e-79,30.0,0.64,56.58,,,2.29
IQ-LAB-96656,24.0,male,8.0,5.45,16.6,87.6,320.0,45.0,5.397605346934028e-79,34.0,1.14,100.78,,,14.27
IQ-LAB-96657,26.0,male,5.1,4.98,12.6,77.9,293.0,37.0,5.397605346934028e-79,44.0,0.93,82.21,93.0,15.91,0.89
IQ-LAB-96658,60.0,male,11.1,5.11,15.6,88.7,204.0,38.0,5.397605346934028e-79,37.0,1.11,98.12,,,1.04
IQ-LAB-96659,58.0,female,5.6,4.36,13.7,93.8,209.0,18.0,5.397605346934028e-79,24.0,0.93,82.21,101.0,7.28,4.01
IQ-LAB-96660,61.0,female,7.2,4.49,13.4,89.3,223.0,20.0,5.397605346934028e-79,20.0,0.64,56.58,,,1.02
IQ-LAB-96661,24.0,female,12.1,4.22,12.4,88.7,291.0,8.0,5.397605346934028e-79,13.0,0.69,61.0,,,0.96
IQ-LAB-96663,20.0,female,4.8,4.58,13.4,88.1,248.0,13.0,5.397605346934028e-79,18.0,0.85,75.14,93.0,6.38,0.67
IQ-LAB-96664,1.0,female,9.0,4.52,12.4,82.4,328.0,,,,,,,,0.34
IQ-LAB-96666,52.0,male,10.6,5.44,14.8,83.9,335.0,,,,,,,,
IQ-LAB-96667,69.0,male,3.1,3.73,13.8,106.2,356.0,18.0,5.397605346934028e-79,14.0,0.84,74.26,105.0,8.44,1.36
IQ-LAB-96669,55.0,female,7.8,4.24,12.8,89.0,306.0,12.0,5.397605346934028e-79,22.0,0.69,61.0,,,0.46
IQ-LAB-96670,12.0,female,7.4,4.72,13.7,86.4,213.0,21.0,5.397605346934028e-79,21.0,0.47,41.55,100.0,18.45,0.33
IQ-LAB-96671,37.0,female,7.4,4.01,12.2,94.1,215.0,17.0,5.397605346934028e-79,18.0,0.55,48.62,,,1.8
IQ-LAB-96672,32.0,male,8.0,5.7,16.0,80.0,317.0,24.0,5.397605346934028e-79,18.0,1.08,95.47,113.0,15.98,0.64
IQ-LAB-96673,6.0,male,6.9,4.88,13.6,82.8,248.0,,,,,,,,0.28
IQ-LAB-96674,30.0,male,6.7,4.84,14.4,89.0,208.0,45.0,5.397605346934028e-79,29.0,1.18,104.31,,,3.14
IQ-LAB-96675,18.0,female,5.0,4.61,13.5,86.5,189.0,15.0,5.397605346934028e-79,17.0,0.83,73.37,,,1.62
IQ-LAB-96677,25.0,female,7.7,5.13,14.6,80.3,218.0,17.0,5.397605346934028e-79,16.0,0.85,75.14,,,3.44
IQ-LAB-96679,30.0,female,9.5,4.45,13.9,91.7,227.0,17.0,5.397605346934028e-79,18.0,0.7,61.88,,,0.34
IQ-LAB-96680,6.0,female,11.1,4.83,12.8,78.9,294.0,,,,,,,,0.87
IQ-LAB-96681,33.0,female,11.1,4.86,13.3,83.4,298.0,16.0,5.397605346934028e-79,15.0,0.73,64.53,107.0,23.89,10.76
IQ-LAB-96682,10.0,male,8.9,4.79,13.3,82.4,224.0,,,,,,,,0.46
IQ-LAB-96683,41.0,female,9.1,4.32,14.2,93.2,242.0,25.0,5.397605346934028e-79,18.0,0.7,61.88,188.0,18.16,3.25
IQ-LAB-96685,17.0,female,8.6,4.33,12.0,82.6,350.0,20.0,5.397605346934028e-79,26.0,0.69,61.0,,,0.37
IQ-LAB-96687,80.0,female,6.3,5.31,15.1,89.0,280.0,9.0,5.397605346934028e-79,17.0,0.87,76.91,159.0,7.15,1.11
IQ-LAB-96688,58.0,male,5.1,5.03,15.0,86.7,148.0,27.0,5.397605346934028e-79,25.0,1.07,94.59,,,3.65
IQ-LAB-96689,11.0,female,8.8,4.12,12.4,88.9,307.0,,,,,,,,0.35
IQ-LAB-96690,5.0,female,9.0,4.93,14.2,83.7,387.0,,,,,,,,0.31
IQ-LAB-96691,5.0,male,8.6,4.14,11.8,81.6,337.0,,,,,,,,0.11
IQ-LAB-96692,29.0,male,5.7,4.91,15.2,88.5,286.0,63.0,5.397605346934028e-79,26.0,0.97,85.75,,,0.6
IQ-LAB-96693,18.0,female,6.7,4.51,12.9,86.0,213.0,7.0,5.397605346934028e-79,17.0,0.7,61.88,,,1.5
IQ-LAB-96694,39.0,male,12.2,5.3,15.6,88.9,320.0,33.0,5.397605346934028e-79,23.0,0.85,75.14,,,2.41
IQ-LAB-96695,25.0,female,6.0,4.23,12.7,91.6,220.0,13.0,5.397605346934028e-79,14.0,0.69,61.0,95.0,7.01,0.34
IQ-LAB-96696,18.0,male,9.0,5.58,15.9,85.8,298.0,52.0,5.397605346934028e-79,27.0,0.65,57.46,,,2.68
IQ-LAB-96697,25.0,male,5.9,4.93,15.2,87.4,192.0,15.0,5.397605346934028e-79,19.0,0.74,65.42,,,0.55
IQ-LAB-96698,40.0,male,6.1,4.68,15.0,94.5,215.0,23.0,5.397605346934028e-79,17.0,0.89,78.68,,,7.52
IQ-LAB-96699,59.0,female,5.4,4.78,13.9,85.4,214.0,8.0,5.397605346934028e-79,12.0,0.97,85.75,,,0.95
IQ-LAB-96700,68.0,male,6.7,5.04,15.3,92.2,186.0,24.0,5.397605346934028e-79,22.0,1.2,106.08,109.0,25.25,5.06
IQ-LAB-96701,74.0,male,4.4,4.66,13.8,88.7,158.0,3.0,5.397605346934028e-79,14.0,1.32,116.69,99.0,5.44,4.71
IQ-LAB-96704,80.0,female,8.7,3.95,11.1,81.0,229.0,8.0,5.397605346934028e-79,16.0,2.61,230.72,102.0,8.82,1.36
IQ-LAB-96705,40.0,male,6.2,4.47,14.2,90.6,239.0,16.0,5.397605346934028e-79,21.0,0.88,77.79,92.0,6.29,6.82
IQ-LAB-96706,40.0,male,7.9,4.63,15.0,93.7,315.0,27.0,5.397605346934028e-79,20.0,0.93,82.21,,,0.92
IQ-LAB-96707,64.0,female,11.1,5.12,14.0,79.9,335.0,16.0,5.397605346934028e-79,20.0,1.19,105.2,,,3.33
IQ-LAB-96708,52.0,female,5.4,4.64,14.7,92.0,193.0,63.0,5.397605346934028e-79,57.0,0.75,66.3,88.0,3.51,0.42
IQ-LAB-96709,1.0,male,4.5,4.21,11.7,77.2,333.0,,,,,,,,
IQ-LAB-96711,36.0,female,8.5,4.77,14.6,88.6,263.0,19.0,5.397605346934028e-79,23.0,0.72,63.65,,,0.83
IQ-LAB-96712,80.0,female,6.5,4.65,13.3,85.6,213.0,11.0,5.397605346934028e-79,16.0,1.13,99.89,105.0,18.89,4.29
IQ-LAB-96715,13.0,male,7.6,4.86,13.8,85.5,276.0,18.0,5.397605346934028e-79,20.0,0.67,59.23,97.0,6.33,3.73
IQ-LAB-96716,3.0,female,8.5,4.77,13.9,82.9,298.0,,,,,,,,0.47
IQ-LAB-96718,80.0,male,9.6,4.52,14.0,91.1,171.0,16.0,5.397605346934028e-79,17.0,0.96,84.86,,,1.19
IQ-LAB-96719,50.0,female,9.5,5.4,14.3,80.1,341.0,12.0,5.397605346934028e-79,11.0,0.55,48.62,121.0,21.48,17.39
IQ-LAB-96720,80.0,male,6.0,5.24,15.9,89.8,168.0,30.0,5.397605346934028e-79,24.0,1.02,90.17,114.0,18.08,2.49
IQ-LAB-96721,32.0,female,8.8,4.48,13.6,88.3,255.0,14.0,5.397605346934028e-79,11.0,0.58,51.27,147.0,27.62,5.78
IQ-LAB-96722,68.0,male,9.7,5.46,16.8,91.0,210.0,25.0,5.397605346934028e-79,21.0,0.86,76.02,,,2.47
IQ-LAB-96723,38.0,female,7.3,4.0,13.4,99.0,184.0,11.0,5.397605346934028e-79,14.0,0.53,46.85,,,0.4
IQ-LAB-96724,8.0,female,8.7,4.99,14.4,83.6,203.0,,,,,,,,2.21
IQ-LAB-96725,33.0,female,5.4,4.73,14.0,88.6,235.0,31.0,5.397605346934028e-79,23.0,0.62,54.81,95.0,12.87,1.1
IQ-LAB-96726,61.0,female,7.2,5.81,15.0,80.7,243.0,32.0,5.397605346934028e-79,27.0,0.83,73.37,,,6.96
IQ-LAB-96727,76.0,female,5.7,3.12,10.7,105.2,180.0,11.0,5.397605346934028e-79,19.0,1.78,157.35,149.0,7.6,15.65
IQ-LAB-96728,6.0,male,9.8,5.19,13.6,78.1,332.0,,,,,,,,1.61
IQ-LAB-96729,8.0,female,8.7,5.26,12.8,74.7,251.0,,,,,,,,1.21
IQ-LAB-96730,53.0,female,6.7,4.18,14.3,98.7,198.0,15.0,5.397605346934028e-79,16.0,0.94,83.1,,,1.09
IQ-LAB-96731,41.0,male,5.4,4.74,14.5,90.8,163.0,18.0,5.397605346934028e-79,16.0,1.07,94.59,,,1.68
IQ-LAB-96732,57.0,male,11.3,5.23,16.1,92.2,255.0,21.0,5.397605346934028e-79,23.0,1.17,103.43,,,7.89
IQ-LAB-96734,19.0,female,8.2,4.37,12.6,87.8,233.0,8.0,5.397605346934028e-79,12.0,0.73,64.53,,,0.36
IQ-LAB-96735,3.0,male,8.9,4.56,12.3,79.5,439.0,,,,,,,,0.29
IQ-LAB-96736,72.0,male,5.7,4.84,15.2,93.4,190.0,20.0,5.397605346934028e-79,20.0,0.9,79.56,,,0.85
IQ-LAB-96737,34.0,female,7.1,4.22,12.9,89.2,248.0,11.0,5.397605346934028e-79,16.0,0.64,56.58,,,0.97
IQ-LAB-96740,27.0,male,9.9,5.35,15.4,87.1,374.0,78.0,5.397605346934028e-79,59.0,0.58,51.27,,,6.36
IQ-LAB-96741,10.0,female,7.7,5.11,13.3,77.3,224.0,,,,,,,,0.41
IQ-LAB-96743,33.0,male,7.3,5.37,16.2,87.7,285.0,34.0,5.397605346934028e-79,24.0,0.97,85.75,111.0,17.06,3.51
IQ-LAB-96744,33.0,male,9.3,5.61,15.4,79.9,297.0,33.0,5.397605346934028e-79,29.0,0.98,86.63,,,10.09
IQ-LAB-96745,52.0,female,3.6,3.87,12.6,98.1,223.0,14.0,5.397605346934028e-79,14.0,0.94,83.1,109.0,11.98,6.84
IQ-LAB-96746,17.0,male,4.7,5.44,15.1,85.7,199.0,15.0,5.397605346934028e-79,18.0,1.15,101.66,,,0.43
IQ-LAB-96748,37.0,female,6.0,4.37,11.7,82.5,234.0,15.0,5.397605346934028e-79,14.0,0.71,62.76,88.0,10.32,4.15
IQ-LAB-96749,8.0,male,7.4,4.55,12.8,81.3,258.0,,,,,,,,0.48
IQ-LAB-96750,53.0,female,9.7,5.15,14.8,86.4,306.0,13.0,5.397605346934028e-79,14.0,0.49,43.32,113.0,12.58,13.82
IQ-LAB-96751,12.0,female,9.7,4.65,13.7,85.2,235.0,9.0,5.397605346934028e-79,15.0,0.74,65.42,,,2.69
IQ-LAB-96752,54.0,female,5.2,4.7,14.6,93.4,229.0,26.0,5.397605346934028e-79,41.0,0.51,45.08,104.0,27.69,7.8
IQ-LAB-96753,78.0,male,7.8,3.73,11.7,93.6,210.0,11.0,5.397605346934028e-79,18.0,1.79,158.24,,,3.16
IQ-LAB-96754,79.0,female,7.7,4.46,13.1,87.3,217.0,12.0,5.397605346934028e-79,17.0,0.84,74.26,,,0.51
IQ-LAB-96756,23.0,female,8.4,4.63,12.8,84.2,259.0,29.0,5.397605346934028e-79,21.0,0.8,70.72,100.0,29.44,19.76
IQ-LAB-96758,47.0,male,13.7,4.75,15.1,94.9,296.0,17.0,5.397605346934028e-79,15.0,0.78,68.95,,,4.21
IQ-LAB-96759,19.0,female,7.0,4.98,14.6,84.6,286.0,30.0,5.397605346934028e-79,18.0,0.61,53.92,94.0,18.69,8.8
IQ-LAB-96760,48.0,male,7.0,5.26,15.4,86.0,168.0,46.0,5.397605346934028e-79,33.0,0.77,68.07,,,2.08
IQ-LAB-96761,7.0,female,6.5,4.6,13.6,87.0,341.0,,,,,,,,0.34
IQ-LAB-96762,8.0,male,9.2,5.03,12.4,75.7,278.0,,,,,,,,2.66
IQ-LAB-96763,14.0,male,7.0,5.69,14.8,80.3,234.0,16.0,5.397605346934028e-79,21.0,0.73,64.53,,,0.29
IQ-LAB-96764,27.0,male,6.6,5.71,14.1,75.8,132.0,36.0,5.397605346934028e-79,27.0,1.0,88.4,,,0.48
IQ-LAB-96766,52.0,female,8.3,3.99,12.3,92.4,339.0,9.0,5.397605346934028e-79,16.0,0.81,71.6,86.0,11.98,10.21
IQ-LAB-96768,56.0,female,4.6,4.55,12.8,84.3,211.0,12.0,5.397605346934028e-79,17.0,0.9,79.56,,,2.57
IQ-LAB-96770,78.0,female,5.8,4.49,13.3,87.9,192.0,15.0,5.397605346934028e-79,24.0,0.7,61.88,110.0,12.69,1.26
IQ-LAB-96771,67.0,female,6.3,4.32,14.1,98.9,220.0,22.0,5.397605346934028e-79,24.0,0.89,78.68,,,0.6
IQ-LAB-96773,5.0,female,8.3,4.81,13.8,82.7,298.0,,,,,,,,1.69
IQ-LAB-96774,28.0,female,4.8,4.74,13.8,89.1,270.0,9.0,5.397605346934028e-79,11.0,0.52,45.97,92.0,4.37,0.22
IQ-LAB-96775,80.0,female,12.0,4.19,12.6,93.1,194.0,,,,,,,,
IQ-LAB-96776,19.0,male,10.2,5.56,16.8,87.9,237.0,19.0,5.397605346934028e-79,22.0,0.76,67.18,,,11.17
IQ-LAB-96777,60.0,male,5.3,4.69,14.2,88.9,230.0,31.0,5.397605346934028e-79,25.0,0.86,76.02,,,3.14
IQ-LAB-96778,17.0,female,5.3,4.92,13.1,81.2,115.0,11.0,5.397605346934028e-79,19.0,0.82,72.49,83.0,6.96,10.18
IQ-LAB-96780,80.0,male,5.9,4.58,15.6,98.1,219.0,22.0,5.397605346934028e-79,22.0,0.92,81.33,122.0,8.3,1.1
IQ-LAB-96781,7.0,male,10.2,4.82,13.3,83.0,335.0,,,,,,,,0.41
IQ-LAB-96782,10.0,male,10.8,4.47,12.6,83.8,362.0,,,,,,,,1.78
IQ-LAB-96783,58.0,female,7.3,4.23,13.7,94.3,248.0,12.0,5.397605346934028e-79,14.0,0.7,61.88,,,1.24
IQ-LAB-96784,74.0,male,5.1,4.69,14.2,89.9,183.0,15.0,5.397605346934028e-79,15.0,0.67,59.23,134.0,14.34,0.64
IQ-LAB-96787,79.0,female,6.1,4.15,13.8,94.6,213.0,16.0,5.397605346934028e-79,19.0,0.6,53.04,,,0.64
IQ-LAB-96788,29.0,female,4.2,4.64,14.1,88.5,373.0,21.0,5.397605346934028e-79,22.0,0.83,73.37,,,1.95
IQ-LAB-96789,80.0,female,7.4,4.09,13.7,99.9,136.0,10.0,5.397605346934028e-79,19.0,1.23,108.73,,,6.92
IQ-LAB-96790,34.0,male,8.7,4.41,12.6,87.2,263.0,22.0,5.397605346934028e-79,18.0,0.74,65.42,,,6.61
IQ-LAB-96792,61.0,female,5.0,4.92,12.8,80.2,188.0,11.0,5.397605346934028e-79,14.0,0.75,66.3,,,1.23
IQ-LAB-96793,54.0,male,5.0,4.74,13.1,85.9,141.0,17.0,5.397605346934028e-79,19.0,0.91,80.44,106.0,20.93,0.8
IQ-LAB-96794,8.0,male,5.6,4.83,14.1,83.0,292.0,,,,,,,,0.79
IQ-LAB-96795,22.0,male,11.6,5.55,16.5,87.8,264.0,118.0,5.397605346934028e-79,49.0,0.94,83.1,,,1.77
IQ-LAB-96798,70.0,male,10.0,5.12,14.9,90.4,306.0,32.0,5.397605346934028e-79,20.0,1.13,99.89,,,5.31
IQ-LAB-96799,75.0,male,9.3,5.03,15.2,90.4,177.0,13.0,5.397605346934028e-79,19.0,1.44,127.3,141.0,101.83,4.27
IQ-LAB-96800,53.0,male,5.2,5.47,17.1,93.5,254.0,25.0,5.397605346934028e-79,22.0,1.2,106.08,119.0,29.49,1.84
IQ-LAB-96801,5.0,male,8.2,4.38,11.8,76.6,385.0,,,,,,,,1.11
IQ-LAB-96802,5.0,female,6.3,4.71,13.3,80.5,309.0,,,,,,,,0.11
IQ-LAB-96804,67.0,male,4.4,4.44,13.3,88.0,107.0,22.0,5.397605346934028e-79,19.0,1.19,105.2,,,0.82
IQ-LAB-96805,64.0,female,5.5,4.95,14.4,89.7,270.0,16.0,5.397605346934028e-79,18.0,0.75,66.3,114.0,9.58,4.79
IQ-LAB-96806,14.0,male,6.3,4.81,13.8,89.1,247.0,,,,,,,,
IQ-LAB-96808,5.0,male,9.9,4.72,13.6,84.8,307.0,,,,,,,,0.23
IQ-LAB-96809,80.0,male,5.9,4.64,14.3,93.5,122.0,15.0,5.397605346934028e-79,19.0,1.07,94.59,116.0,11.71,2.08
IQ-LAB-96810,39.0,female,6.7,4.44,13.8,96.3,291.0,9.0,5.397605346934028e-79,12.0,0.53,46.85,102.0,8.26,0.5
IQ-LAB-96812,72.0,male,6.7,4.75,13.2,83.7,220.0,20.0,5.397605346934028e-79,28.0,1.43,126.41,,,0.88
IQ-LAB-96813,30.0,male,6.8,5.32,15.7,88.7,244.0,,,,,,,,
IQ-LAB-96815,77.0,male,10.7,5.16,16.2,90.5,252.0,15.0,5.397605346934028e-79,13.0,0.92,81.33,,,1.58
IQ-LAB-96816,60.0,female,5.7,5.35,13.7,78.1,242.0,14.0,5.397605346934028e-79,13.0,0.66,58.34,380.0,4.91,2.85
IQ-LAB-96817,13.0,female,6.3,4.42,13.7,91.8,245.0,18.0,5.397605346934028e-79,15.0,0.57,50.39,92.0,6.47,0.28
IQ-LAB-96818,49.0,male,4.4,4.58,13.5,91.1,282.0,17.0,5.397605346934028e-79,36.0,1.16,102.54,,,0.71
IQ-LAB-96819,6.0,female,6.3,4.88,13.4,82.5,301.0,,,,,,,,0.34
IQ-LAB-96820,47.0,male,7.2,4.85,16.0,94.1,337.0,10.0,5.397605346934028e-79,13.0,0.96,84.86,,,1.13
IQ-LAB-96821,21.0,male,5.0,5.06,15.2,88.2,282.0,16.0,5.397605346934028e-79,16.0,0.99,87.52,96.0,11.03,0.52
IQ-LAB-96822,19.0,male,8.2,5.71,17.2,89.1,274.0,20.0,5.397605346934028e-79,19.0,0.84,74.26,119.0,16.47,0.44
IQ-LAB-96823,18.0,male,6.3,4.85,14.9,88.9,193.0,8.0,5.397605346934028e-79,22.0,0.8,70.72,104.0,3.41,0.6
IQ-LAB-96826,29.0,male,9.7,4.55,15.0,97.2,217.0,19.0,5.397605346934028e-79,17.0,0.69,61.0,101.0,6.86,0.98
IQ-LAB-96827,73.0,male,9.2,4.67,15.5,93.0,320.0,38.0,5.397605346934028e-79,35.0,0.34,30.06,,,0.51
IQ-LAB-96828,11.0,male,6.4,4.72,12.9,79.2,266.0,,,,,,,,0.33
IQ-LAB-96829,38.0,female,10.4,4.72,15.4,98.8,290.0,17.0,5.397605346934028e-79,14.0,0.72,63.65,,,2.19
IQ-LAB-96830,63.0,male,7.5,4.86,15.2,90.0,120.0,58.0,5.397605346934028e-79,47.0,0.98,86.63,,,1.17
IQ-LAB-96831,4.0,female,4.6,4.26,13.3,89.3,235.0,,,,,,,,1.31
IQ-LAB-96833,34.0,female,8.7,4.57,14.3,93.5,230.0,23.0,5.397605346934028e-79,19.0,0.62,54.81,160.0,17.57,3.94
IQ-LAB-96834,77.0,male,10.0,4.76,14.3,87.5,203.0,34.0,5.397605346934028e-79,36.0,1.83,161.77,95.0,67.4,8.84
IQ-LAB-96835,68.0,female,5.2,4.73,14.3,91.0,202.0,17.0,5.397605346934028e-79,18.0,0.68,60.11,100.0,6.32,1.28
IQ-LAB-96836,59.0,female,7.1,4.48,13.9,91.0,207.0,14.0,5.397605346934028e-79,13.0,0.76,67.18,158.0,17.71,2.26
IQ-LAB-96837,8.0,male,9.2,4.76,13.9,84.0,387.0,,,,,,,,0.41
IQ-LAB-96838,32.0,female,5.3,4.96,13.8,82.1,312.0,10.0,5.397605346934028e-79,14.0,0.67,59.23,109.0,13.84,0.77
IQ-LAB-96839,22.0,female,11.3,5.05,13.5,80.5,319.0,13.0,5.397605346934028e-79,11.0,0.74,65.42,110.0,44.88,10.21
IQ-LAB-96840,67.0,male,5.2,5.1,15.3,90.1,200.0,36.0,5.397605346934028e-79,30.0,0.95,83.98,,,0.23
IQ-LAB-96841,74.0,male,6.9,4.76,14.5,92.1,210.0,14.0,5.397605346934028e-79,17.0,0.68,60.11,112.0,5.45,0.82
IQ-LAB-96842,75.0,female,5.4,4.42,13.9,94.9,269.0,20.0,5.397605346934028e-79,21.0,0.79,69.84,103.0,4.6,0.72
IQ-LAB-96843,16.0,male,5.4,5.07,14.9,88.9,186.0,40.0,5.397605346934028e-79,28.0,0.81,71.6,95.0,6.25,1.52
IQ-LAB-96844,55.0,male,5.9,5.2,14.6,81.9,173.0,32.0,5.397605346934028e-79,23.0,0.88,77.79,197.0,30.48,2.25
IQ-LAB-96846,5.0,female,6.5,4.68,13.1,84.4,270.0,,,,,,,,0.24
IQ-LAB-96847,44.0,female,5.2,3.84,10.5,85.8,300.0,11.0,5.397605346934028e-79,17.0,0.95,83.98,,,0.33
IQ-LAB-96848,56.0,female,9.2,4.44,14.0,95.9,301.0,11.0,5.397605346934028e-79,14.0,0.56,49.5,96.0,97.5,5.96
IQ-LAB-96849,11.0,female,7.0,4.57,13.2,85.9,305.0,,,,,,,,2.57
IQ-LAB-96850,17.0,male,6.3,4.82,15.3,92.5,225.0,53.0,5.397605346934028e-79,24.0,0.8,70.72,,,0.4
IQ-LAB-96851,61.0,female,7.9,4.55,13.3,87.8,252.0,23.0,5.397605346934028e-79,20.0,0.8,70.72,134.0,12.99,2.93
IQ-LAB-96852,35.0,male,8.0,4.85,14.0,85.1,231.0,51.0,5.397605346934028e-79,40.0,0.75,66.3,104.0,17.45,36.84
IQ-LAB-96855,80.0,female,3.7,3.91,11.1,86.6,172.0,,,,,,106.0,,
IQ-LAB-96857,1.0,female,15.7,4.07,10.9,79.8,519.0,,,,,,,,0.54
IQ-LAB-96858,11.0,male,5.3,4.8,13.3,84.6,215.0,,,,,,,,0.57
IQ-LAB-96859,17.0,male,6.4,4.85,15.2,90.7,216.0,9.0,5.397605346934028e-79,18.0,0.85,75.14,,,4.29
IQ-LAB-96860,22.0,female,5.5,4.48,13.1,87.3,212.0,10.0,5.397605346934028e-79,15.0,0.73,64.53,95.0,5.84,9.59
IQ-LAB-96862,51.0,female,6.5,4.59,11.3,77.4,281.0,14.0,5.397605346934028e-79,18.0,0.72,63.65,,,2.72
IQ-LAB-96863,56.0,male,6.3,5.13,15.9,91.7,230.0,32.0,5.397605346934028e-79,24.0,1.19,105.2,,,1.83
IQ-LAB-96864,6.0,female,6.5,4.56,12.4,83.8,289.0,,,,,,,,
IQ-LAB-96865,28.0,female,7.2,4.91,12.4,80.1,270.0,12.0,5.397605346934028e-79,16.0,0.76,67.18,93.0,3.05,0.29
IQ-LAB-96866,80.0,male,7.0,4.21,13.9,99.3,189.0,30.0,5.397605346934028e-79,32.0,0.93,82.21,122.0,8.0,0.52
IQ-LAB-96867,5.0,female,8.2,4.6,12.8,82.2,271.0,,,,,,,,0.9
IQ-LAB-96869,49.0,male,8.1,4.16,11.5,84.3,236.0,22.0,5.397605346934028e-79,18.0,1.47,129.95,145.0,115.86,10.37
IQ-LAB-96871,72.0,male,7.8,4.72,14.5,91.8,234.0,13.0,5.397605346934028e-79,21.0,1.6,141.44,,,29.19
IQ-LAB-96872,2.0,male,7.1,5.5,11.4,64.4,257.0,,,,,,,,0.59
IQ-LAB-96873,80.0,female,3.7,4.27,12.8,91.2,160.0,19.0,5.397605346934028e-79,21.0,0.98,86.63,131.0,58.43,2.53
IQ-LAB-96874,55.0,female,5.6,4.34,13.8,90.7,277.0,11.0,5.397605346934028e-79,14.0,0.79,69.84,,,0.91
IQ-LAB-96875,56.0,female,8.8,4.34,13.3,92.2,365.0,23.0,5.397605346934028e-79,26.0,0.68,60.11,,,5.47
IQ-LAB-96876,60.0,female,6.3,4.09,11.9,89.0,180.0,25.0,5.397605346934028e-79,27.0,1.19,105.2,88.0,11.0,7.03
IQ-LAB-96877,60.0,male,7.4,4.34,9.1,70.3,251.0,13.0,5.397605346934028e-79,16.0,1.09,96.36,103.0,11.23,2.07
IQ-LAB-96878,80.0,male,8.1,4.55,13.5,86.8,189.0,15.0,5.397605346934028e-79,19.0,1.16,102.54,110.0,9.54,0.61
IQ-LAB-96879,25.0,female,12.0,4.09,12.4,90.9,219.0,16.0,5.397605346934028e-79,20.0,0.52,45.97,,,8.05
IQ-LAB-96881,16.0,female,9.4,4.56,11.7,80.2,319.0,14.0,5.397605346934028e-79,25.0,0.74,65.42,89.0,29.2,5.37
IQ-LAB-96882,44.0,female,11.9,4.6,11.8,78.9,374.0,14.0,5.397605346934028e-79,16.0,0.64,56.58,,,7.05
IQ-LAB-96884,55.0,female,4.8,4.81,13.2,82.7,204.0,11.0,5.397605346934028e-79,16.0,0.86,76.02,98.0,14.97,1.06
IQ-LAB-96885,24.0,male,6.3,5.84,16.1,82.3,215.0,29.0,5.397605346934028e-79,19.0,0.58,51.27,101.0,14.25,1.1
IQ-LAB-96886,1.0,female,9.3,4.43,12.0,79.4,369.0,,,,,,,,0.3
IQ-LAB-96887,57.0,female,8.1,4.71,13.2,87.0,382.0,24.0,5.397605346934028e-79,31.0,0.64,56.58,115.0,11.2,5.46
IQ-LAB-96889,5.0,female,5.2,4.14,12.1,85.6,294.0,,,,,,,,1.18
IQ-LAB-96890,20.0,male,13.7,5.2,16.3,94.7,161.0,15.0,5.397605346934028e-79,17.0,0.9,79.56,95.0,6.38,0.56
IQ-LAB-96891,41.0,male,8.0,5.45,13.2,77.5,239.0,10.0,5.397605346934028e-79,12.0,0.8,70.72,,,3.04
IQ-LAB-96892,65.0,female,5.2,4.38,13.6,91.0,355.0,30.0,5.397605346934028e-79,20.0,0.75,66.3,,,1.17
IQ-LAB-96893,42.0,male,7.0,4.95,15.2,88.2,178.0,48.0,5.397605346934028e-79,32.0,0.73,64.53,107.0,25.13,1.07
IQ-LAB-96894,48.0,male,7.3,5.56,16.0,86.1,282.0,,,,,,82.0,,
IQ-LAB-96895,60.0,female,6.3,5.1,16.0,91.3,239.0,33.0,5.397605346934028e-79,23.0,0.73,64.53,101.0,12.95,1.68
IQ-LAB-96896,80.0,female,5.9,4.37,12.8,87.0,238.0,12.0,5.397605346934028e-79,14.0,0.78,68.95,115.0,5.21,2.49
IQ-LAB-96897,15.0,male,6.4,5.57,14.7,81.2,210.0,12.0,5.397605346934028e-79,17.0,0.64,56.58,99.0,5.81,0.27
IQ-LAB-96898,56.0,male,8.2,5.17,15.2,86.5,173.0,15.0,5.397605346934028e-79,20.0,0.91,80.44,95.0,11.34,2.01
IQ-LAB-96899,21.0,male,5.9,4.33,13.3,92.8,184.0,29.0,5.397605346934028e-79,30.0,1.12,99.01,88.0,6.89,4.56
IQ-LAB-96900,24.0,male,11.5,5.64,17.0,88.6,239.0,48.0,5.397605346934028e-79,30.0,0.86,76.02,,,1.07
IQ-LAB-96901,33.0,female,5.9,4.26,13.1,89.8,269.0,10.0,5.397605346934028e-79,12.0,0.61,53.92,87.0,2.43,0.3
IQ-LAB-96902,75.0,male,7.9,5.46,15.9,86.0,279.0,28.0,5.397605346934028e-79,,0.77,68.07,103.0,15.18,2.66
IQ-LAB-96905,3.0,female,10.5,4.28,11.1,76.5,370.0,,,,,,,,0.33
IQ-LAB-96906,74.0,male,6.6,4.83,14.1,85.0,217.0,18.0,5.397605346934028e-79,21.0,1.01,89.28,,,8.15
IQ-LAB-96907,35.0,female,9.4,4.85,14.0,86.4,327.0,13.0,5.397605346934028e-79,16.0,0.85,75.14,95.0,12.19,14.18
IQ-LAB-96908,73.0,female,7.3,4.18,15.0,101.2,251.0,45.0,5.397605346934028e-79,36.0,0.67,59.23,,,2.39
IQ-LAB-96910,10.0,female,6.2,4.24,13.1,90.3,404.0,,,,,,,,0.61
IQ-LAB-96912,50.0,male,4.9,5.0,12.8,81.0,190.0,20.0,5.397605346934028e-79,27.0,0.81,71.6,,,4.59
IQ-LAB-96913,25.0,female,13.8,4.84,14.6,89.0,254.0,12.0,5.397605346934028e-79,15.0,0.64,56.58,,,4.9
IQ-LAB-96914,4.0,female,5.7,4.09,12.9,87.8,330.0,,,,,,,,0.6
IQ-LAB-96915,49.0,male,6.3,4.74,14.7,90.1,214.0,22.0,5.397605346934028e-79,17.0,1.0,88.4,,,4.31
IQ-LAB-96916,69.0,female,5.3,4.31,13.6,96.6,215.0,14.0,5.397605346934028e-79,22.0,0.66,58.34,107.0,13.69,0.87
IQ-LAB-96917,3.0,male,6.4,4.49,11.9,78.1,256.0,,,,,,,,0.5
IQ-LAB-96919,12.0,female,8.1,4.58,12.5,80.3,180.0,11.0,5.397605346934028e-79,22.0,0.43,38.01,,,0.26
IQ-LAB-96921,57.0,male,7.3,5.09,14.9,85.4,195.0,26.0,5.397605346934028e-79,21.0,1.13,99.89,,,8.94
IQ-LAB-96922,57.0,male,4.6,4.68,14.3,90.9,161.0,44.0,5.397605346934028e-79,29.0,0.86,76.02,98.0,4.41,1.38
IQ-LAB-96923,9.0,female,6.0,4.16,11.7,85.2,241.0,,,,,,,,
IQ-LAB-96924,16.0,female,7.4,4.78,14.0,88.3,386.0,8.0,5.397605346934028e-79,13.0,0.49,43.32,,,1.64
IQ-LAB-96925,27.0,male,10.3,5.15,16.8,91.6,222.0,181.0,5.397605346934028e-79,69.0,0.75,66.3,126.0,28.25,5.1
IQ-LAB-96926,59.0,male,4.6,5.06,15.0,87.2,232.0,19.0,5.397605346934028e-79,17.0,0.98,86.63,108.0,4.06,1.09
IQ-LAB-96927,70.0,male,6.4,5.09,16.9,96.6,177.0,26.0,5.397605346934028e-79,17.0,0.94,83.1,107.0,9.91,0.78
IQ-LAB-96928,71.0,male,4.2,4.71,13.3,87.4,264.0,9.0,5.397605346934028e-79,15.0,1.03,91.05,,,1.13
IQ-LAB-96929,7.0,female,5.0,4.3,12.1,85.6,246.0,,,,,,,,0.41
IQ-LAB-96930,70.0,male,5.5,4.56,13.6,90.2,191.0,13.0,5.397605346934028e-79,18.0,0.95,83.98,,,1.3
IQ-LAB-96931,10.0,female,11.4,4.5,12.7,86.3,239.0,,,,,,,,0.2
IQ-LAB-96932,1.0,male,7.1,5.19,12.9,75.0,322.0,,,,,,,,
IQ-LAB-96933,59.0,male,7.0,4.74,13.5,89.3,225.0,24.0,5.397605346934028e-79,31.0,0.64,56.58,,,3.76
IQ-LAB-96934,55.0,female,5.6,3.89,11.7,90.9,247.0,42.0,5.397605346934028e-79,109.0,0.37,32.71,102.0,6.3,
IQ-LAB-96935,41.0,male,12.3,4.85,15.8,95.1,220.0,19.0,5.397605346934028e-79,17.0,0.83,73.37,,,4.4
IQ-LAB-96936,7.0,female,6.3,5.03,14.3,81.9,255.0,,,,,,,,1.9
IQ-LAB-96937,13.0,male,9.7,5.11,15.0,83.5,250.0,15.0,5.397605346934028e-79,21.0,0.73,64.53,,,0.51
IQ-LAB-96938,65.0,female,5.7,4.35,13.8,92.9,235.0,19.0,5.397605346934028e-79,15.0,0.66,58.34,105.0,9.04,1.26
IQ-LAB-96939,32.0,female,7.3,4.28,13.7,95.3,204.0,9.0,5.397605346934028e-79,12.0,0.56,49.5,95.0,5.04,5.55
IQ-LAB-96940,59.0,female,4.9,4.29,13.0,88.5,164.0,23.0,5.397605346934028e-79,30.0,0.82,72.49,,,1.01
IQ-LAB-96941,39.0,female,5.3,4.6,13.4,89.8,421.0,14.0,5.397605346934028e-79,18.0,0.78,68.95,,,8.02
IQ-LAB-96942,15.0,male,5.3,5.22,14.7,83.1,325.0,11.0,5.397605346934028e-79,18.0,0.79,69.84,101.0,17.3,2.9
IQ-LAB-96943,9.0,male,10.1,4.21,12.9,87.6,315.0,,,,,,,,0.11
IQ-LAB-96944,70.0,female,6.1,4.4,10.6,78.9,164.0,33.0,5.397605346934028e-79,42.0,1.41,124.64,136.0,33.56,2.02
IQ-LAB-96945,18.0,male,7.5,5.23,14.9,85.0,236.0,33.0,5.397605346934028e-79,24.0,0.88,77.79,,,2.53
IQ-LAB-96946,77.0,male,7.1,4.58,14.4,89.1,158.0,64.0,5.397605346934028e-79,39.0,1.54,136.14,125.0,10.86,2.41
IQ-LAB-96951,36.0,female,7.9,5.04,15.0,87.2,305.0,15.0,5.397605346934028e-79,16.0,0.79,69.84,100.0,8.34,5.25
IQ-LAB-96952,63.0,female,8.0,4.75,15.4,96.3,225.0,27.0,5.397605346934028e-79,22.0,0.71,62.76,,,2.24
IQ-LAB-96953,60.0,female,9.5,4.97,14.9,87.6,381.0,13.0,5.397605346934028e-79,17.0,0.92,81.33,,,6.3
IQ-LAB-96954,55.0,male,7.6,5.14,14.9,85.1,201.0,52.0,5.397605346934028e-79,31.0,0.62,54.81,258.0,8.67,1.57
IQ-LAB-96955,64.0,male,9.1,5.15,18.0,100.5,230.0,14.0,5.397605346934028e-79,13.0,0.86,76.02,122.0,10.36,6.94
IQ-LAB-96957,9.0,male,9.7,4.51,13.1,85.7,318.0,,,,,,,,0.11
IQ-LAB-96958,24.0,female,8.5,4.51,12.4,84.0,351.0,10.0,5.397605346934028e-79,12.0,0.67,59.23,,,29.12
IQ-LAB-96959,33.0,male,7.0,5.27,15.1,83.2,210.0,19.0,5.397605346934028e-79,15.0,0.94,83.1,,,1.04
IQ-LAB-96960,47.0,female,9.0,4.5,13.5,88.9,222.0,18.0,5.397605346934028e-79,12.0,0.77,68.07,,,10.54
IQ-LAB-96961,15.0,male,4.2,4.68,13.6,86.5,241.0,15.0,5.397605346934028e-79,21.0,0.78,68.95,91.0,10.18,0.93
IQ-LAB-96962,71.0,female,4.6,4.66,14.2,89.7,235.0,22.0,5.397605346934028e-79,,0.69,61.0,108.0,4.8,0.5
IQ-LAB-96964,65.0,female,6.1,4.5,13.4,89.3,211.0,17.0,5.397605346934028e-79,18.0,1.04,91.94,,,1.76
IQ-LAB-96965,52.0,male,10.5,5.44,16.6,87.5,253.0,21.0,5.397605346934028e-79,17.0,1.23,108.73,,,5.08
IQ-LAB-96966,25.0,female,7.7,3.95,12.9,94.5,166.0,5.0,5.397605346934028e-79,10.0,0.56,49.5,100.0,3.56,4.94
IQ-LAB-96967,21.0,female,6.6,4.31,13.3,91.6,214.0,12.0,5.397605346934028e-79,14.0,0.4,35.36,,,0.44
IQ-LAB-96968,13.0,male,8.5,4.95,13.6,84.0,180.0,16.0,5.397605346934028e-79,15.0,0.57,50.39,97.0,27.13,4.49
IQ-LAB-96969,38.0,male,6.4,4.58,14.3,90.2,230.0,26.0,5.397605346934028e-79,21.0,0.72,63.65,,,0.72
IQ-LAB-96970,49.0,female,10.4,4.51,13.4,88.1,491.0,9.0,5.397605346934028e-79,9.0,0.5,44.2,130.0,3.63,0.5
IQ-LAB-96971,16.0,male,6.6,5.16,15.3,85.4,248.0,13.0,5.397605346934028e-79,22.0,0.71,62.76,98.0,17.88,0.35
IQ-LAB-96972,62.0,female,5.2,4.05,12.0,90.0,225.0,,,,,,,,
IQ-LAB-96975,30.0,female,7.4,5.57,12.8,71.9,143.0,,,,,,,,
IQ-LAB-96976,63.0,male,6.5,4.86,15.6,95.1,190.0,18.0,5.397605346934028e-79,16.0,0.91,80.44,119.0,10.26,2.99
IQ-LAB-96977,7.0,female,4.3,4.68,13.0,79.8,246.0,,,,,,,,4.14
IQ-LAB-96978,60.0,male,6.1,4.8,15.6,93.5,195.0,14.0,5.397605346934028e-79,10.0,1.18,104.31,97.0,7.57,2.94
IQ-LAB-96979,34.0,female,13.6,4.51,13.3,87.4,315.0,12.0,5.397605346934028e-79,14.0,0.64,56.58,,,7.54
IQ-LAB-96980,15.0,male,13.2,5.3,14.8,83.1,303.0,28.0,5.397605346934028e-79,24.0,0.73,64.53,,,2.85
IQ-LAB-96981,13.0,male,12.6,6.27,11.5,57.8,276.0,20.0,5.397605346934028e-79,20.0,0.6,53.04,,,1.18
IQ-LAB-96983,80.0,male,6.5,5.04,14.2,85.0,181.0,20.0,5.397605346934028e-79,18.0,1.03,91.05,108.0,14.92,2.99
IQ-LAB-96984,38.0,female,4.8,4.56,13.6,87.8,293.0,12.0,5.397605346934028e-79,17.0,0.78,68.95,,,11.37
IQ-LAB-96985,80.0,female,5.0,4.34,12.7,88.3,184.0,14.0,5.397605346934028e-79,22.0,1.34,118.46,,,2.41
IQ-LAB-96988,3.0,male,9.6,4.85,12.7,79.1,324.0,,,,,,,,0.24
IQ-LAB-96989,64.0,female,8.8,5.32,14.1,81.5,172.0,17.0,5.397605346934028e-79,17.0,0.76,67.18,136.0,23.2,3.86
IQ-LAB-96990,30.0,male,6.9,5.19,15.7,87.1,276.0,49.0,5.397605346934028e-79,24.0,0.84,74.26,104.0,8.44,0.92
IQ-LAB-96991,4.0,female,9.5,4.65,13.1,83.3,320.0,,,,,,,,0.11
IQ-LAB-96992,28.0,male,5.5,6.02,14.4,75.8,214.0,17.0,5.397605346934028e-79,17.0,1.12,99.01,94.0,8.79,1.75
IQ-LAB-96993,52.0,male,8.4,5.17,16.5,92.0,195.0,64.0,5.397605346934028e-79,40.0,0.93,82.21,116.0,24.83,16.33
IQ-LAB-96994,61.0,male,4.2,4.61,14.5,93.7,163.0,13.0,5.397605346934028e-79,11.0,0.85,75.14,,,3.15
IQ-LAB-96995,6.0,female,9.2,4.75,13.5,83.2,349.0,,,,,,,,0.81
IQ-LAB-96996,38.0,female,10.1,4.64,14.1,87.2,301.0,20.0,5.397605346934028e-79,19.0,0.57,50.39,,,11.43
IQ-LAB-96997,9.0,male,8.2,4.84,14.2,82.1,268.0,,,,,,,,0.97
IQ-LAB-96998,68.0,female,7.1,4.92,13.7,84.7,362.0,16.0,5.397605346934028e-79,14.0,0.61,53.92,141.0,73.91,9.01
IQ-LAB-96999,2.0,female,7.7,5.07,12.6,75.9,313.0,,,,,,,,
IQ-LAB-97000,33.0,male,8.0,5.21,14.5,81.9,227.0,37.0,5.397605346934028e-79,33.0,0.92,81.33,93.0,11.94,2.22
IQ-LAB-97001,11.0,male,8.5,4.89,13.9,82.1,353.0,,,,,,,,0.88
IQ-LAB-97002,4.0,female,7.4,4.56,12.9,81.9,346.0,,,,,,,,0.51
IQ-LAB-97003,20.0,male,4.3,5.43,15.8,85.4,159.0,12.0,5.397605346934028e-79,18.0,0.92,81.33,89.0,3.85,0.36
IQ-LAB-97004,16.0,female,9.3,5.06,14.4,85.0,246.0,9.0,5.397605346934028e-79,17.0,0.59,52.16,,,0.31
IQ-LAB-97006,5.0,male,11.5,4.37,12.5,85.4,257.0,,,,,,,,0.29
IQ-LAB-97007,6.0,male,6.6,4.25,11.9,84.9,281.0,,,,,,,,0.65
IQ-LAB-97008,13.0,male,7.3,5.17,15.1,86.8,334.0,31.0,5.397605346934028e-79,25.0,0.4,35.36,,,0.63
IQ-LAB-97011,26.0,female,7.3,5.16,14.7,82.7,189.0,19.0,5.397605346934028e-79,25.0,0.81,71.6,93.0,10.87,0.85
IQ-LAB-97012,14.0,female,6.0,4.92,12.6,78.3,212.0,7.0,5.397605346934028e-79,17.0,0.77,68.07,,,0.11
IQ-LAB-97013,50.0,male,5.9,5.19,15.8,91.7,106.0,25.0,5.397605346934028e-79,51.0,0.75,66.3,104.0,17.99,2.86
IQ-LAB-97014,4.0,female,8.9,5.29,12.5,72.8,345.0,,,,,,,,
IQ-LAB-97015,72.0,female,6.5,4.47,11.7,82.5,246.0,15.0,5.397605346934028e-79,14.0,0.98,86.63,125.0,70.4,5.35
IQ-LAB-97016,4.0,female,6.6,4.38,12.4,85.0,272.0,,,,,,,,
IQ-LAB-97017,66.0,female,6.0,4.45,13.9,92.7,234.0,23.0,5.397605346934028e-79,24.0,0.75,66.3,110.0,21.84,2.15
IQ-LAB-97018,27.0,male,5.7,5.49,13.9,76.6,211.0,16.0,5.397605346934028e-79,19.0,0.93,82.21,,,0.36
IQ-LAB-97020,12.0,male,9.9,5.29,13.3,78.7,362.0,14.0,5.397605346934028e-79,16.0,0.38,33.59,,,2.52
IQ-LAB-97021,27.0,male,12.2,5.95,17.4,87.8,298.0,34.0,5.397605346934028e-79,20.0,1.16,102.54,,,0.5
IQ-LAB-97022,46.0,male,8.4,5.51,16.6,87.5,258.0,35.0,5.397605346934028e-79,21.0,0.83,73.37,,,4.43
IQ-LAB-97023,80.0,female,5.6,3.69,12.0,98.0,209.0,13.0,5.397605346934028e-79,18.0,0.79,69.84,90.0,1.27,0.51
IQ-LAB-97024,55.0,female,8.2,4.1,12.6,91.4,202.0,27.0,5.397605346934028e-79,28.0,0.8,70.72,,,1.33
IQ-LAB-97025,36.0,female,7.1,5.32,11.8,71.2,162.0,16.0,5.397605346934028e-79,19.0,0.43,38.01,189.0,7.25,5.94
IQ-LAB-97026,80.0,female,4.7,3.75,10.9,89.0,231.0,25.0,5.397605346934028e-79,22.0,1.13,99.89,,,0.43
IQ-LAB-97027,26.0,female,7.4,4.51,14.2,89.4,375.0,8.0,5.397605346934028e-79,14.0,0.75,66.3,,,0.48
IQ-LAB-97028,17.0,male,12.0,5.02,16.1,92.3,258.0,15.0,5.397605346934028e-79,16.0,0.8,70.72,,,12.59
IQ-LAB-97029,55.0,male,6.8,6.53,14.4,70.0,260.0,24.0,5.397605346934028e-79,32.0,1.11,98.12,,,0.54
IQ-LAB-97030,57.0,female,6.8,4.13,12.7,90.0,299.0,28.0,5.397605346934028e-79,25.0,0.68,60.11,,,6.87
IQ-LAB-97031,70.0,male,4.1,4.28,13.2,92.8,184.0,15.0,5.397605346934028e-79,18.0,0.79,69.84,98.0,6.18,1.46
IQ-LAB-97032,50.0,male,10.5,4.68,14.9,93.9,393.0,17.0,5.397605346934028e-79,23.0,0.93,82.21,98.0,11.98,0.87
IQ-LAB-97033,12.0,male,8.5,4.84,12.6,77.8,262.0,20.0,5.397605346934028e-79,18.0,0.58,51.27,,,8.86
IQ-LAB-97034,31.0,female,6.3,4.51,13.6,89.8,282.0,14.0,5.397605346934028e-79,17.0,0.65,57.46,94.0,4.6,0.36
IQ-LAB-97035,36.0,female,8.7,4.57,13.5,87.2,199.0,20.0,5.397605346934028e-79,18.0,0.79,69.84,,,1.63
IQ-LAB-97036,28.0,female,6.8,4.27,13.5,95.8,252.0,,,,,,,,
IQ-LAB-97039,76.0,male,9.3,5.32,16.4,85.9,253.0,31.0,5.397605346934028e-79,23.0,0.64,56.58,,,0.68
IQ-LAB-97040,58.0,female,7.9,4.87,13.5,83.9,199.0,47.0,5.397605346934028e-79,39.0,0.91,80.44,,,2.01
IQ-LAB-97041,26.0,female,3.8,4.25,13.3,92.6,272.0,8.0,5.397605346934028e-79,12.0,0.73,64.53,91.0,11.27,1.3
IQ-LAB-97042,33.0,female,6.6,4.34,14.2,95.6,121.0,15.0,5.397605346934028e-79,29.0,0.72,63.65,91.0,2.37,0.62
IQ-LAB-97043,17.0,female,7.7,4.69,9.8,67.6,337.0,9.0,5.397605346934028e-79,12.0,0.63,55.69,,,0.32
IQ-LAB-97044,30.0,female,6.4,4.57,12.3,82.7,179.0,9.0,5.397605346934028e-79,14.0,0.63,55.69,95.0,4.77,0.16
IQ-LAB-97045,8.0,male,3.6,4.78,14.2,86.2,228.0,,,,,,,,0.23
IQ-LAB-97046,61.0,male,6.8,5.31,15.0,85.1,223.0,16.0,5.397605346934028e-79,16.0,1.3,114.92,107.0,19.45,3.74
IQ-LAB-97048,34.0,female,8.2,4.44,12.7,87.7,280.0,11.0,5.397605346934028e-79,14.0,0.83,73.37,98.0,11.13,4.83
IQ-LAB-97049,52.0,male,8.0,5.41,14.7,79.3,288.0,23.0,5.397605346934028e-79,20.0,0.86,76.02,,,2.22
IQ-LAB-97050,13.0,male,6.5,4.71,13.2,85.1,218.0,17.0,5.397605346934028e-79,19.0,0.58,51.27,,,1.3
IQ-LAB-97051,68.0,male,5.4,4.29,13.6,93.7,193.0,30.0,5.397605346934028e-79,23.0,0.85,75.14,,,1.01
IQ-LAB-97052,7.0,male,9.1,4.6,12.2,78.6,325.0,,,,,,,,0.25
IQ-LAB-97053,4.0,female,8.2,4.69,12.5,79.0,318.0,,,,,,,,0.34
IQ-LAB-97054,40.0,male,8.4,5.07,15.9,94.9,197.0,28.0,5.397605346934028e-79,27.0,0.91,80.44,,,2.31
IQ-LAB-97055,53.0,male,9.6,5.06,15.5,90.3,279.0,38.0,5.397605346934028e-79,36.0,0.86,76.02,,,6.77
IQ-LAB-97056,72.0,female,9.5,3.36,10.4,97.2,283.0,8.0,5.397605346934028e-79,6.0,10.96,968.86,174.0,9.25,13.23
IQ-LAB-97057,26.0,female,6.6,4.79,14.2,88.0,294.0,16.0,5.397605346934028e-79,21.0,0.73,64.53,89.0,4.46,1.73
IQ-LAB-97058,80.0,female,7.2,4.46,13.4,91.5,231.0,,,,,,,,
IQ-LAB-97059,44.0,male,6.4,4.14,13.2,97.2,195.0,17.0,5.397605346934028e-79,17.0,0.96,84.86,91.0,10.77,7.17
IQ-LAB-97060,20.0,male,4.6,4.31,14.4,98.4,235.0,17.0,5.397605346934028e-79,23.0,0.97,85.75,86.0,4.25,2.24
IQ-LAB-97061,1.0,male,6.4,5.11,12.9,75.9,298.0,,,,,,,,1.01
IQ-LAB-97062,4.0,male,8.3,5.25,13.0,74.8,338.0,,,,,,,,0.28
IQ-LAB-97063,51.0,male,4.1,4.83,14.2,87.0,128.0,19.0,5.397605346934028e-79,23.0,1.02,90.17,83.0,0.71,0.59
IQ-LAB-97064,24.0,male,5.9,4.79,14.2,87.3,253.0,17.0,5.397605346934028e-79,20.0,0.84,74.26,95.0,8.61,2.97
IQ-LAB-97065,42.0,male,7.2,5.69,13.8,75.6,223.0,16.0,5.397605346934028e-79,21.0,0.98,86.63,113.0,13.82,2.22
IQ-LAB-97067,59.0,male,8.9,5.98,16.2,84.2,246.0,20.0,5.397605346934028e-79,16.0,1.0,88.4,118.0,11.61,0.8
IQ-LAB-97068,2.0,female,12.7,5.59,13.1,69.5,409.0,,,,,,,,0.4
IQ-LAB-97070,16.0,male,6.5,5.51,17.1,86.9,260.0,18.0,5.397605346934028e-79,23.0,0.9,79.56,96.0,13.95,0.27
IQ-LAB-97071,31.0,female,10.3,4.43,13.9,89.8,271.0,13.0,5.397605346934028e-79,13.0,0.61,53.92,,,3.71
IQ-LAB-97072,2.0,male,6.3,4.79,12.0,76.7,353.0,,,,,,,,0.48
IQ-LAB-97076,19.0,male,9.4,5.97,18.0,85.5,230.0,38.0,5.397605346934028e-79,26.0,1.22,107.85,,,9.82
IQ-LAB-97077,52.0,female,6.6,5.05,11.0,68.9,355.0,13.0,5.397605346934028e-79,14.0,0.86,76.02,122.0,7.56,28.5
IQ-LAB-97078,28.0,female,4.8,4.32,13.4,91.9,241.0,13.0,5.397605346934028e-79,16.0,0.78,68.95,,,0.24
IQ-LAB-97079,5.0,female,5.4,5.17,13.3,78.4,209.0,,,,,,,,0.56
IQ-LAB-97080,80.0,female,6.4,4.37,12.5,87.3,235.0,9.0,5.397605346934028e-79,28.0,0.66,58.34,,,1.16
IQ-LAB-97087,7.0,female,6.4,4.78,11.5,75.6,220.0,,,,,,,,1.6
IQ-LAB-97088,60.0,male,7.6,4.89,14.9,91.8,265.0,16.0,5.397605346934028e-79,14.0,0.94,83.1,108.0,5.36,0.34
IQ-LAB-97090,10.0,male,3.2,4.46,12.5,83.3,175.0,,,,,,,,3.37
IQ-LAB-97091,9.0,female,4.7,4.36,13.6,94.4,397.0,,,,,,,,0.62
IQ-LAB-97092,31.0,female,4.8,3.96,12.8,97.5,394.0,14.0,5.397605346934028e-79,15.0,0.63,55.69,,,5.19
IQ-LAB-97093,35.0,female,6.2,4.43,12.4,85.0,395.0,7.0,5.397605346934028e-79,15.0,0.81,71.6,100.0,9.52,5.68
IQ-LAB-97094,30.0,female,6.0,4.19,13.4,90.4,316.0,17.0,5.397605346934028e-79,14.0,0.6,53.04,92.0,7.61,0.56
IQ-LAB-97095,44.0,female,11.6,5.04,15.7,92.9,320.0,30.0,5.397605346934028e-79,29.0,0.68,60.11,107.0,6.11,1.4
IQ-LAB-97096,69.0,female,10.4,5.08,15.4,90.5,272.0,18.0,5.397605346934028e-79,19.0,0.74,65.42,,,4.66
IQ-LAB-97097,53.0,male,6.9,4.9,14.8,86.4,154.0,32.0,5.397605346934028e-79,21.0,0.79,69.84,164.0,13.44,1.32
IQ-LAB-97098,19.0,male,8.0,5.11,16.3,94.4,206.0,16.0,5.397605346934028e-79,,0.83,73.37,,,0.8
IQ-LAB-97099,77.0,female,5.5,3.79,11.3,87.7,326.0,17.0,5.397605346934028e-79,25.0,0.96,84.86,100.0,5.97,1.64
IQ-LAB-97100,22.0,female,10.1,4.54,14.0,91.7,312.0,38.0,5.397605346934028e-79,28.0,0.93,82.21,,,4.26
IQ-LAB-97101,2.0,female,9.3,5.04,13.2,77.4,317.0,,,,,,,,0.47
IQ-LAB-97102,70.0,female,7.7,3.43,13.2,111.8,193.0,27.0,5.397605346934028e-79,39.0,0.81,71.6,91.0,5.93,6.2
IQ-LAB-97103,31.0,female,7.1,4.78,14.6,91.7,270.0,14.0,5.397605346934028e-79,15.0,0.83,73.37,,,0.87
IQ-LAB-97104,38.0,male,6.6,5.53,14.6,79.4,164.0,44.0,5.397605346934028e-79,25.0,1.05,92.82,,,2.07
IQ-LAB-97105,56.0,male,7.5,5.32,16.1,87.1,218.0,25.0,5.397605346934028e-79,18.0,1.02,90.17,,,1.56
IQ-LAB-97106,20.0,female,6.1,4.61,14.3,90.2,220.0,10.0,5.397605346934028e-79,13.0,0.76,67.18,,,1.39
IQ-LAB-97108,51.0,male,6.6,5.52,16.3,87.7,197.0,23.0,5.397605346934028e-79,21.0,0.88,77.79,119.0,27.52,0.55
IQ-LAB-97109,74.0,female,7.8,4.67,13.9,86.3,258.0,14.0,5.397605346934028e-79,20.0,0.96,84.86,87.0,14.09,3.33
IQ-LAB-97111,43.0,male,8.4,4.95,14.8,86.3,155.0,48.0,5.397605346934028e-79,30.0,0.97,85.75,,,0.64
IQ-LAB-97112,16.0,male,5.8,4.83,13.2,81.9,357.0,14.0,5.397605346934028e-79,18.0,0.73,64.53,,,0.35
IQ-LAB-97113,2.0,female,6.6,4.51,13.2,83.0,373.0,,,,,,,,0.25
IQ-LAB-97114,17.0,female,5.5,4.35,13.3,91.8,331.0,2.0,1.0,12.0,0.54,47.74,,,0.3
IQ-LAB-97115,65.0,male,11.5,5.59,16.8,87.7,181.0,42.0,5.397605346934028e-79,28.0,0.83,73.37,117.0,11.76,0.72
IQ-LAB-97116,23.0,female,13.0,4.68,13.4,85.6,287.0,15.0,5.397605346934028e-79,15.0,0.63,55.69,,,10.88
IQ-LAB-97117,63.0,female,4.9,5.23,15.3,88.2,187.0,33.0,5.397605346934028e-79,31.0,0.74,65.42,156.0,14.21,0.81
IQ-LAB-97118,72.0,male,8.8,4.97,14.5,86.1,218.0,15.0,5.397605346934028e-79,18.0,0.93,82.21,,,18.37
IQ-LAB-97119,3.0,female,5.2,4.83,12.0,73.9,402.0,,,,,,,,0.92
IQ-LAB-97120,80.0,female,6.2,4.07,12.5,91.0,257.0,11.0,5.397605346934028e-79,17.0,0.82,72.49,112.0,8.81,6.48
IQ-LAB-97121,44.0,female,8.5,4.88,14.5,87.9,238.0,57.0,5.397605346934028e-79,40.0,0.75,66.3,,,2.54
IQ-LAB-97122,29.0,female,5.0,4.59,11.3,78.0,207.0,15.0,5.397605346934028e-79,18.0,0.72,63.65,,,0.96
IQ-LAB-97123,45.0,female,4.3,4.3,12.8,87.5,248.0,12.0,5.397605346934028e-79,18.0,0.46,40.66,,,2.17
IQ-LAB-97124,62.0,female,7.2,4.65,13.0,83.8,219.0,26.0,5.397605346934028e-79,16.0,1.12,99.01,,,0.57
IQ-LAB-97125,57.0,male,6.5,5.81,17.8,91.9,176.0,23.0,5.397605346934028e-79,28.0,1.0,88.4,106.0,18.13,2.28
IQ-LAB-97126,3.0,male,7.0,4.34,12.7,81.3,245.0,,,,,,,,
IQ-LAB-97127,19.0,male,4.9,5.38,16.0,87.8,165.0,16.0,5.397605346934028e-79,13.0,0.92,81.33,104.0,11.83,0.57
IQ-LAB-97128,29.0,female,8.0,4.26,12.3,86.4,370.0,19.0,5.397605346934028e-79,19.0,0.58,51.27,,,7.54
IQ-LAB-97129,40.0,female,8.5,4.03,12.9,91.5,288.0,14.0,5.397605346934028e-79,16.0,0.59,52.16,,,0.84
IQ-LAB-97130,19.0,male,8.9,5.49,16.4,87.2,204.0,34.0,5.397605346934028e-79,,0.91,80.44,,,1.42
IQ-LAB-97131,53.0,female,4.9,4.59,12.9,87.5,236.0,13.0,5.397605346934028e-79,18.0,0.76,67.18,101.0,6.04,1.12
IQ-LAB-97133,65.0,female,5.7,4.72,14.6,90.4,141.0,42.0,5.397605346934028e-79,52.0,0.52,45.97,189.0,35.0,1.01
IQ-LAB-97135,14.0,male,5.6,5.18,13.9,81.3,176.0,13.0,5.397605346934028e-79,17.0,0.69,61.0,90.0,3.25,1.29
IQ-LAB-97137,39.0,female,5.3,4.68,14.6,93.6,150.0,19.0,5.397605346934028e-79,29.0,0.95,83.98,99.0,8.61,1.21
IQ-LAB-97138,47.0,female,4.8,4.5,13.8,89.1,217.0,16.0,5.397605346934028e-79,21.0,0.8,70.72,95.0,3.42,0.77
IQ-LAB-97139,29.0,male,5.3,5.07,15.2,86.1,243.0,19.0,5.397605346934028e-79,20.0,0.99,87.52,,,0.48
IQ-LAB-97140,43.0,female,7.1,4.67,13.5,87.1,252.0,25.0,5.397605346934028e-79,19.0,0.58,51.27,,,4.55
IQ-LAB-97142,44.0,female,7.3,4.17,10.8,78.6,199.0,17.0,5.397605346934028e-79,22.0,0.6,53.04,,,13.14
IQ-LAB-97143,61.0,male,6.8,4.36,12.9,87.4,195.0,12.0,5.397605346934028e-79,15.0,1.02,90.17,171.0,9.68,2.52
IQ-LAB-97144,18.0,male,6.3,5.31,16.2,90.4,221.0,16.0,5.397605346934028e-79,13.0,0.92,81.33,104.0,6.45,0.52
IQ-LAB-97145,46.0,female,5.7,4.31,11.1,80.3,218.0,22.0,5.397605346934028e-79,21.0,0.76,67.18,,,8.93
IQ-LAB-97146,19.0,female,4.9,4.55,14.0,92.1,135.0,14.0,5.397605346934028e-79,16.0,0.69,61.0,99.0,12.75,0.15
IQ-LAB-97147,37.0,female,9.8,4.42,13.9,94.3,306.0,10.0,5.397605346934028e-79,15.0,0.45,39.78,97.0,6.96,2.2
IQ-LAB-97148,4.0,female,4.8,4.46,12.5,83.0,270.0,,,,,,,,0.26
IQ-LAB-97149,66.0,female,6.2,4.67,14.2,90.9,226.0,12.0,5.397605346934028e-79,25.0,0.67,59.23,,,0.88
IQ-LAB-97150,58.0,male,5.5,4.97,15.7,91.7,140.0,30.0,5.397605346934028e-79,32.0,1.15,101.66,,,3.99
IQ-LAB-97151,6.0,female,5.0,4.63,12.4,80.6,326.0,,,,,,,,0.31
IQ-LAB-97152,45.0,female,9.1,4.62,14.3,87.7,260.0,14.0,5.397605346934028e-79,17.0,0.63,55.69,,,1.33
IQ-LAB-97153,30.0,male,7.6,5.3,17.1,93.8,261.0,36.0,5.397605346934028e-79,23.0,1.11,98.12,107.0,15.06,1.47
IQ-LAB-97154,3.0,male,7.8,4.05,10.9,78.3,248.0,,,,,,,,0.21
IQ-LAB-97155,52.0,male,4.2,4.73,14.1,87.1,216.0,12.0,5.397605346934028e-79,18.0,0.96,84.86,,,2.16
IQ-LAB-97156,45.0,female,11.4,4.75,13.1,83.9,412.0,31.0,5.397605346934028e-79,22.0,0.73,64.53,,,6.62
IQ-LAB-97157,23.0,male,5.0,4.88,15.3,93.2,299.0,21.0,5.397605346934028e-79,19.0,0.91,80.44,90.0,4.47,0.36
IQ-LAB-97158,1.0,male,8.2,4.6,13.1,80.6,305.0,,,,,,,,0.24
IQ-LAB-97159,6.0,female,5.1,4.7,11.8,77.1,291.0,,,,,,,,0.31
IQ-LAB-97160,16.0,female,5.0,4.97,15.2,89.4,334.0,16.0,5.397605346934028e-79,17.0,0.77,68.07,89.0,5.04,0.33
IQ-LAB-97161,60.0,male,6.1,4.98,15.1,89.7,147.0,92.0,5.397605346934028e-79,134.0,0.82,72.49,113.0,33.98,5.42
IQ-LAB-97163,55.0,male,6.9,5.29,15.7,84.5,247.0,33.0,5.397605346934028e-79,23.0,0.86,76.02,,,2.51
IQ-LAB-97164,62.0,male,11.8,5.08,15.3,91.1,457.0,10.0,5.397605346934028e-79,14.0,0.63,55.69,,,13.18
IQ-LAB-97165,66.0,female,7.2,5.14,13.6,79.2,389.0,,,,,,78.0,,
IQ-LAB-97166,40.0,female,9.2,4.67,14.0,90.1,261.0,10.0,5.397605346934028e-79,12.0,0.73,64.53,114.0,17.98,3.55
IQ-LAB-97168,54.0,male,9.7,4.35,13.5,90.3,222.0,16.0,5.397605346934028e-79,19.0,1.02,90.17,,,43.76
IQ-LAB-97169,67.0,female,7.8,4.86,12.6,81.6,277.0,13.0,5.397605346934028e-79,14.0,0.7,61.88,,,8.05
IQ-LAB-97170,10.0,male,8.3,4.69,13.2,85.1,309.0,,,,,,,,0.11
IQ-LAB-97171,74.0,female,8.0,4.61,14.2,93.3,252.0,14.0,5.397605346934028e-79,15.0,0.64,56.58,170.0,14.84,0.74
IQ-LAB-97172,6.0,female,5.1,4.28,12.3,84.3,197.0,,,,,,,,0.37
IQ-LAB-97173,18.0,female,7.8,4.47,10.7,76.6,406.0,13.0,5.397605346934028e-79,17.0,0.79,69.84,104.0,10.55,2.27
IQ-LAB-97174,26.0,female,3.8,4.18,12.9,89.2,192.0,16.0,5.397605346934028e-79,21.0,0.7,61.88,100.0,11.29,0.5
IQ-LAB-97176,58.0,female,7.1,4.71,13.2,82.7,284.0,21.0,5.397605346934028e-79,20.0,0.51,45.08,,,15.28
IQ-LAB-97177,41.0,male,5.8,6.09,17.5,85.5,210.0,71.0,5.397605346934028e-79,43.0,0.92,81.33,118.0,32.99,3.3
IQ-LAB-97178,55.0,female,9.8,5.23,14.5,83.5,327.0,15.0,5.397605346934028e-79,14.0,0.65,57.46,104.0,10.8,8.19
IQ-LAB-97179,13.0,female,6.3,4.81,12.6,80.3,240.0,16.0,5.397605346934028e-79,17.0,0.48,42.43,97.0,7.81,0.61
IQ-LAB-97180,80.0,female,7.0,4.81,14.7,90.3,232.0,15.0,5.397605346934028e-79,16.0,0.91,80.44,,,3.37
IQ-LAB-97181,65.0,male,4.9,4.86,15.0,92.1,189.0,15.0,5.397605346934028e-79,14.0,0.86,76.02,105.0,5.01,0.52
IQ-LAB-97182,19.0,male,6.2,4.85,14.8,88.3,324.0,16.0,5.397605346934028e-79,20.0,0.79,69.84,,,0.94
IQ-LAB-97183,27.0,female,8.1,4.66,13.6,87.4,346.0,,,,,,,,
IQ-LAB-97184,19.0,female,4.2,4.28,12.5,87.0,282.0,7.0,5.397605346934028e-79,17.0,0.77,68.07,94.0,13.33,1.0
IQ-LAB-97185,9.0,female,10.2,4.7,12.9,85.1,243.0,,,,,,,,7.08
IQ-LAB-97186,46.0,male,7.2,5.18,16.9,92.8,217.0,50.0,5.397605346934028e-79,42.0,0.91,80.44,221.0,24.83,2.03
IQ-LAB-97187,14.0,male,8.6,5.13,13.2,75.3,286.0,22.0,5.397605346934028e-79,18.0,0.54,47.74,,,11.75
IQ-LAB-97188,80.0,female,8.9,4.37,12.0,84.8,244.0,14.0,5.397605346934028e-79,16.0,0.92,81.33,93.0,8.54,2.28
IQ-LAB-97189,71.0,male,5.6,4.54,13.0,89.7,242.0,18.0,5.397605346934028e-79,22.0,0.85,75.14,,,2.14
IQ-LAB-97191,44.0,female,8.3,5.03,14.7,87.2,375.0,14.0,5.397605346934028e-79,17.0,0.66,58.34,,,1.38
IQ-LAB-97192,67.0,female,4.1,3.87,12.4,93.6,278.0,22.0,5.397605346934028e-79,30.0,1.3,114.92,94.0,6.67,3.16
IQ-LAB-97193,28.0,male,15.2,6.23,19.9,94.5,348.0,42.0,5.397605346934028e-79,31.0,0.85,75.14,,,5.7
IQ-LAB-97194,69.0,male,6.0,5.59,16.6,89.3,148.0,22.0,5.397605346934028e-79,19.0,0.86,76.02,150.0,12.74,0.66
IQ-LAB-97197,61.0,female,8.0,4.32,13.1,92.7,226.0,,,,,,,,
IQ-LAB-97198,73.0,female,8.6,4.61,13.7,89.4,230.0,17.0,5.397605346934028e-79,22.0,1.01,89.28,,,3.2
IQ-LAB-97199,15.0,male,7.2,4.82,14.0,85.2,243.0,15.0,5.397605346934028e-79,14.0,0.7,61.88,99.0,10.4,0.6
IQ-LAB-97200,56.0,male,5.7,5.52,16.2,87.9,234.0,17.0,5.397605346934028e-79,21.0,1.41,124.64,,,0.86
IQ-LAB-97201,60.0,male,4.2,3.49,12.1,103.0,185.0,20.0,5.397605346934028e-79,29.0,0.96,84.86,95.0,3.36,0.28
IQ-LAB-97202,6.0,male,10.7,4.91,13.7,83.8,348.0,,,,,,,,0.41
IQ-LAB-97204,80.0,female,5.0,4.55,14.3,93.3,200.0,11.0,5.397605346934028e-79,20.0,1.02,90.17,90.0,4.0,3.24
IQ-LAB-97205,1.0,female,5.5,5.48,11.5,66.1,437.0,,,,,,,,0.42
IQ-LAB-97206,69.0,male,5.9,5.29,17.1,94.8,182.0,28.0,5.397605346934028e-79,27.0,1.21,106.96,117.0,7.59,0.51
IQ-LAB-97207,2.0,female,10.2,4.88,10.9,70.1,390.0,,,,,,,,1.47
IQ-LAB-97208,30.0,male,7.4,4.96,13.9,87.1,295.0,27.0,5.397605346934028e-79,26.0,1.09,96.36,,,1.14
IQ-LAB-97209,71.0,female,8.3,4.47,14.1,94.3,210.0,13.0,5.397605346934028e-79,18.0,0.71,62.76,,,0.81
IQ-LAB-97210,47.0,male,6.1,5.02,14.3,82.0,170.0,76.0,5.397605346934028e-79,76.0,0.64,56.58,,,6.77
IQ-LAB-97211,54.0,female,4.4,4.22,13.6,95.5,196.0,11.0,5.397605346934028e-79,17.0,2.01,177.68,,,0.59
IQ-LAB-97212,13.0,male,6.4,5.05,13.9,81.1,322.0,15.0,5.397605346934028e-79,25.0,0.74,65.42,,,0.72
IQ-LAB-97213,7.0,female,3.6,4.59,13.4,85.8,220.0,,,,,,,,0.22
IQ-LAB-97215,71.0,female,7.0,3.66,10.7,85.5,335.0,10.0,5.397605346934028e-79,15.0,1.77,156.47,,,2.73
IQ-LAB-97216,69.0,female,8.2,5.24,13.0,75.1,169.0,17.0,5.397605346934028e-79,18.0,0.7,61.88,,,2.89
IQ-LAB-97217,29.0,female,5.1,4.29,12.9,90.2,288.0,9.0,5.397605346934028e-79,14.0,0.66,58.34,83.0,5.13,3.13
IQ-LAB-97218,15.0,male,4.6,5.65,15.7,79.8,238.0,12.0,5.397605346934028e-79,16.0,0.81,71.6,,,0.46
IQ-LAB-97219,10.0,male,6.8,4.12,12.5,90.1,315.0,,,,,,,,0.89
IQ-LAB-97220,11.0,male,7.0,4.55,11.8,80.9,248.0,,,,,,,,1.64
IQ-LAB-97221,78.0,male,16.3,4.53,13.2,84.0,225.0,21.0,5.397605346934028e-79,26.0,0.93,82.21,101.0,6.9,58.31
IQ-LAB-97222,53.0,female,10.7,4.17,12.4,90.8,446.0,20.0,5.397605346934028e-79,14.0,0.65,57.46,,,39.38
IQ-LAB-97223,26.0,male,5.6,5.25,14.4,82.9,187.0,15.0,5.397605346934028e-79,20.0,1.25,110.5,92.0,1.49,1.21
IQ-LAB-97224,72.0,female,7.7,3.14,11.3,106.6,244.0,17.0,5.397605346934028e-79,29.0,1.11,98.12,,,1.88
IQ-LAB-97225,80.0,female,6.4,4.21,13.3,97.7,129.0,18.0,5.397605346934028e-79,23.0,0.7,61.88,97.0,,
IQ-LAB-97226,1.0,female,6.9,4.09,11.4,79.4,375.0,,,,,,,,0.11
IQ-LAB-97228,49.0,male,5.5,4.54,15.3,97.6,254.0,8.0,5.397605346934028e-79,14.0,0.78,68.95,103.0,16.96,28.68
IQ-LAB-97229,80.0,female,5.6,3.92,11.9,90.9,299.0,12.0,5.397605346934028e-79,22.0,1.24,109.62,100.0,3.89,2.21
IQ-LAB-97230,10.0,male,7.0,4.64,12.6,79.6,276.0,,,,,,,,
IQ-LAB-97231,27.0,female,8.9,4.77,14.4,84.4,273.0,29.0,5.397605346934028e-79,46.0,0.52,45.97,117.0,81.53,4.25
IQ-LAB-97232,16.0,male,4.4,5.74,16.7,84.7,190.0,11.0,5.397605346934028e-79,18.0,0.96,84.86,102.0,11.69,0.55
IQ-LAB-97233,69.0,male,5.6,4.96,15.0,87.2,259.0,24.0,5.397605346934028e-79,22.0,0.65,57.46,121.0,10.53,0.16
IQ-LAB-97234,32.0,female,6.0,4.79,13.1,83.0,260.0,17.0,5.397605346934028e-79,19.0,0.67,59.23,97.0,16.89,3.2
IQ-LAB-97235,35.0,female,11.5,4.61,14.2,91.6,381.0,15.0,5.397605346934028e-79,12.0,0.79,69.84,,,6.12
IQ-LAB-97236,45.0,male,5.2,5.57,15.9,86.0,164.0,15.0,5.397605346934028e-79,18.0,1.13,99.89,109.0,11.4,0.59
IQ-LAB-97237,80.0,female,4.7,4.45,13.1,90.2,276.0,13.0,5.397605346934028e-79,17.0,0.87,76.91,102.0,10.08,0.73
IQ-LAB-97238,8.0,female,7.6,4.2,11.6,83.6,318.0,,,,,,,,0.65
IQ-LAB-97239,13.0,female,7.7,4.42,12.5,85.7,258.0,12.0,5.397605346934028e-79,17.0,0.68,60.11,,,0.34
IQ-LAB-97240,17.0,female,5.6,4.54,12.6,82.6,228.0,11.0,5.397605346934028e-79,14.0,0.73,64.53,,,0.61
IQ-LAB-97242,75.0,male,8.4,5.19,16.5,92.5,206.0,14.0,5.397605346934028e-79,16.0,1.08,95.47,104.0,8.84,1.44
IQ-LAB-97243,9.0,female,5.6,4.57,13.5,86.7,304.0,,,,,,,,0.11
IQ-LAB-97244,13.0,female,6.6,4.45,14.3,95.0,351.0,15.0,5.397605346934028e-79,18.0,0.67,59.23,,,1.09
IQ-LAB-97245,39.0,male,9.4,4.82,14.9,90.9,219.0,14.0,5.397605346934028e-79,9.0,0.89,78.68,,,5.32
IQ-LAB-97246,6.0,female,5.1,5.43,12.9,73.6,316.0,,,,,,,,0.26
IQ-LAB-97247,45.0,male,4.3,5.49,15.8,84.7,184.0,25.0,5.397605346934028e-79,16.0,1.03,91.05,112.0,6.65,3.19
IQ-LAB-97248,68.0,female,7.2,3.89,12.5,94.6,203.0,35.0,5.397605346934028e-79,21.0,1.16,102.54,105.0,12.62,1.48
IQ-LAB-97249,20.0,female,7.6,4.81,13.3,86.3,347.0,8.0,5.397605346934028e-79,10.0,0.63,55.69,90.0,8.15,2.3
IQ-LAB-97250,32.0,male,6.2,4.98,14.8,88.9,307.0,21.0,5.397605346934028e-79,18.0,0.94,83.1,,,0.74
IQ-LAB-97251,41.0,male,6.3,4.85,13.4,82.4,254.0,28.0,5.397605346934028e-79,26.0,1.18,104.31,,,0.61
IQ-LAB-97252,69.0,female,7.3,4.08,11.7,87.4,192.0,11.0,5.397605346934028e-79,16.0,0.68,60.11,,,1.44
IQ-LAB-97253,57.0,female,6.1,5.09,13.2,80.3,317.0,25.0,5.397605346934028e-79,28.0,1.06,93.7,,,6.39
IQ-LAB-97255,29.0,male,6.5,5.15,13.3,81.0,288.0,56.0,5.397605346934028e-79,54.0,0.31,27.4,105.0,9.65,1.24
IQ-LAB-97256,57.0,male,11.0,4.92,16.0,97.7,237.0,19.0,5.397605346934028e-79,21.0,0.81,71.6,,,0.18
IQ-LAB-97257,26.0,female,5.9,4.28,11.8,85.4,260.0,16.0,5.397605346934028e-79,21.0,0.88,77.79,,,1.79
IQ-LAB-97258,13.0,female,5.9,4.58,13.7,87.2,243.0,12.0,5.397605346934028e-79,18.0,0.66,58.34,95.0,7.17,0.3
IQ-LAB-97259,57.0,male,5.5,4.22,13.5,97.9,160.0,29.0,5.397605346934028e-79,40.0,0.66,58.34,,,1.18
IQ-LAB-97260,45.0,female,7.7,4.82,13.7,85.5,289.0,17.0,5.397605346934028e-79,15.0,0.69,61.0,127.0,22.07,1.1
IQ-LAB-97261,19.0,male,7.7,5.71,16.4,83.9,208.0,50.0,5.397605346934028e-79,27.0,0.99,87.52,112.0,8.99,1.1
IQ-LAB-97262,16.0,female,8.1,4.46,12.9,87.1,247.0,20.0,5.397605346934028e-79,17.0,0.65,57.46,,,1.15
IQ-LAB-97263,41.0,female,5.6,4.6,13.9,88.0,292.0,13.0,5.397605346934028e-79,21.0,0.68,60.11,,,0.47
IQ-LAB-97264,67.0,female,6.5,4.33,13.2,89.2,113.0,54.0,5.397605346934028e-79,87.0,0.6,53.04,133.0,62.01,10.26
IQ-LAB-97266,43.0,male,3.7,4.89,13.5,84.5,133.0,17.0,5.397605346934028e-79,21.0,0.89,78.68,99.0,5.69,5.48
IQ-LAB-97267,6.0,male,7.4,5.02,13.9,80.8,408.0,,,,,,,,0.36
IQ-LAB-97268,80.0,male,9.3,3.68,11.7,94.4,325.0,6.0,5.397605346934028e-79,13.0,0.87,76.91,138.0,9.92,3.46
IQ-LAB-97270,36.0,female,4.5,4.28,12.0,88.0,262.0,12.0,5.397605346934028e-79,15.0,0.78,68.95,112.0,9.84,3.83
IQ-LAB-97271,7.0,female,10.5,5.22,13.4,78.1,274.0,,,,,,,,0.75
IQ-LAB-97272,80.0,female,8.1,4.17,11.7,84.8,206.0,42.0,5.397605346934028e-79,38.0,1.81,160.0,100.0,11.14,5.85
IQ-LAB-97274,80.0,male,7.7,4.9,16.5,99.3,254.0,16.0,5.397605346934028e-79,21.0,0.84,74.26,109.0,11.83,0.81
IQ-LAB-97275,39.0,female,2.8,3.8,8.2,70.9,235.0,10.0,5.397605346934028e-79,15.0,0.52,45.97,91.0,2.4,0.27
IQ-LAB-97277,47.0,male,8.9,5.11,15.3,88.5,141.0,26.0,5.397605346934028e-79,21.0,0.79,69.84,113.0,23.07,1.4
IQ-LAB-97278,27.0,female,6.4,4.27,10.9,80.4,289.0,11.0,5.397605346934028e-79,15.0,0.78,68.95,,,0.44
IQ-LAB-97279,17.0,female,7.2,5.06,14.3,83.3,275.0,18.0,5.397605346934028e-79,19.0,0.78,68.95,,,1.1
IQ-LAB-97280,48.0,male,7.8,4.86,13.9,83.4,208.0,45.0,5.397605346934028e-79,37.0,0.8,70.72,158.0,37.63,4.78
IQ-LAB-97281,11.0,female,4.8,4.51,13.5,92.8,258.0,,,,,,,,0.39
IQ-LAB-97284,52.0,female,7.4,4.39,14.4,94.2,328.0,13.0,5.397605346934028e-79,19.0,0.78,68.95,92.0,2.2,0.4
IQ-LAB-97285,19.0,male,8.6,5.48,16.1,88.4,317.0,20.0,5.397605346934028e-79,20.0,0.83,73.37,,,2.33
IQ-LAB-97286,2.0,male,5.4,5.02,13.3,79.6,289.0,,,,,,,,0.33
IQ-LAB-97287,17.0,female,6.4,4.66,7.6,56.3,507.0,17.0,5.397605346934028e-79,14.0,0.55,48.62,93.0,8.33,0.81
IQ-LAB-97289,48.0,female,5.5,3.92,13.2,101.1,218.0,15.0,5.397605346934028e-79,18.0,0.91,80.44,,,0.92
IQ-LAB-97290,11.0,male,8.9,4.66,14.0,90.7,288.0,,,,,,,,0.78
IQ-LAB-97292,15.0,male,4.5,5.35,13.6,77.5,240.0,,,,,,,,
IQ-LAB-97293,27.0,female,7.6,5.01,13.1,81.8,389.0,21.0,5.397605346934028e-79,22.0,0.61,53.92,103.0,7.6,6.2
IQ-LAB-97296,2.0,male,6.1,4.44,11.9,77.3,332.0,,,,,,,,0.11
IQ-LAB-97297,62.0,female,6.3,4.75,14.3,91.4,176.0,31.0,5.397605346934028e-79,31.0,0.51,45.08,,,2.48
IQ-LAB-97298,14.0,female,8.0,5.04,12.9,78.9,417.0,11.0,5.397605346934028e-79,20.0,0.52,45.97,105.0,29.01,2.0
IQ-LAB-97299,59.0,male,6.5,5.16,16.3,90.3,220.0,27.0,5.397605346934028e-79,20.0,0.82,72.49,101.0,16.02,2.07
IQ-LAB-97301,64.0,male,5.4,4.34,14.1,93.0,215.0,52.0,5.397605346934028e-79,37.0,1.34,118.46,,,6.01
IQ-LAB-97302,12.0,male,5.5,4.98,13.2,80.1,376.0,22.0,5.397605346934028e-79,23.0,0.42,37.13,99.0,5.63,1.15
IQ-LAB-97304,26.0,female,8.5,4.66,13.3,86.3,306.0,7.0,5.397605346934028e-79,12.0,0.71,62.76,106.0,13.5,2.27
IQ-LAB-97305,64.0,male,5.0,4.47,14.8,94.2,134.0,21.0,5.397605346934028e-79,24.0,0.94,83.1,104.0,5.04,0.74
IQ-LAB-97306,20.0,female,8.5,4.51,13.0,89.0,291.0,19.0,5.397605346934028e-79,19.0,0.75,66.3,109.0,29.19,5.02
IQ-LAB-97307,63.0,male,7.4,4.06,13.4,98.6,176.0,27.0,5.397605346934028e-79,27.0,0.81,71.6,,,2.2
IQ-LAB-97308,51.0,female,8.1,4.25,13.5,92.1,242.0,13.0,5.397605346934028e-79,15.0,0.69,61.0,,,2.18
IQ-LAB-97309,2.0,female,6.8,5.31,11.1,65.0,275.0,,,,,,,,0.22
IQ-LAB-97310,2.0,female,6.7,5.49,11.6,64.9,361.0,,,,,,,,0.27
IQ-LAB-97311,1.0,male,13.6,3.91,10.6,79.6,318.0,,,,,,,,11.88
IQ-LAB-97313,18.0,female,6.9,4.22,12.5,90.8,241.0,12.0,5.397605346934028e-79,14.0,0.77,68.07,95.0,6.45,3.76
IQ-LAB-97316,27.0,male,10.4,4.87,14.0,84.3,226.0,40.0,5.397605346934028e-79,28.0,0.81,71.6,,,6.43
IQ-LAB-97319,32.0,male,13.4,5.04,15.0,85.3,235.0,31.0,5.397605346934028e-79,20.0,0.99,87.52,,,9.66
IQ-LAB-97320,65.0,male,6.8,4.96,14.2,87.1,294.0,15.0,5.397605346934028e-79,18.0,0.77,68.07,92.0,5.09,1.62
IQ-LAB-97321,37.0,male,7.5,4.69,13.3,81.4,401.0,21.0,5.397605346934028e-79,23.0,0.84,74.26,,,5.76
IQ-LAB-97322,32.0,female,6.4,4.66,13.2,83.0,290.0,107.0,5.397605346934028e-79,92.0,0.87,76.91,,,5.09
IQ-LAB-97323,67.0,female,7.6,5.91,13.3,72.1,205.0,16.0,5.397605346934028e-79,21.0,0.54,47.74,,,0.71
IQ-LAB-97325,27.0,female,8.0,4.5,13.7,89.0,195.0,41.0,5.397605346934028e-79,29.0,0.67,59.23,,,1.01
IQ-LAB-97326,64.0,male,7.3,4.58,13.9,91.9,317.0,14.0,5.397605346934028e-79,14.0,0.71,62.76,108.0,5.2,4.27
IQ-LAB-97327,76.0,male,8.4,4.27,14.4,99.2,181.0,13.0,5.397605346934028e-79,16.0,1.62,143.21,,,7.79
IQ-LAB-97328,9.0,female,5.2,4.46,12.9,88.7,273.0,,,,,,,,2.04
IQ-LAB-97329,17.0,female,6.6,4.3,13.6,91.3,213.0,14.0,5.397605346934028e-79,19.0,0.63,55.69,,,0.26
IQ-LAB-97330,72.0,male,8.9,4.68,13.1,82.3,263.0,19.0,5.397605346934028e-79,14.0,0.95,83.98,,,6.38
IQ-LAB-97332,80.0,female,6.6,3.93,11.5,88.7,143.0,7.0,5.397605346934028e-79,13.0,1.22,107.85,94.0,4.33,1.8
IQ-LAB-97333,48.0,female,5.5,3.94,9.6,76.5,329.0,8.0,5.397605346934028e-79,13.0,0.49,43.32,,,0.55
IQ-LAB-97334,72.0,female,8.6,3.87,12.3,96.4,193.0,31.0,5.397605346934028e-79,32.0,1.35,119.34,96.0,12.62,38.87
IQ-LAB-97336,58.0,female,5.6,5.27,17.2,95.1,250.0,19.0,5.397605346934028e-79,21.0,0.81,71.6,,,0.29
IQ-LAB-97337,71.0,male,6.2,4.62,14.3,91.5,209.0,21.0,5.397605346934028e-79,22.0,1.89,167.08,,,32.06
IQ-LAB-97338,37.0,female,7.5,4.73,14.1,87.6,274.0,23.0,5.397605346934028e-79,22.0,0.65,57.46,106.0,31.56,2.61
IQ-LAB-97339,80.0,male,6.8,5.26,15.9,87.7,230.0,14.0,5.397605346934028e-79,19.0,1.02,90.17,,,1.08
IQ-LAB-97341,9.0,male,6.9,4.92,13.6,81.5,214.0,,,,,,,,0.64
IQ-LAB-97343,57.0,female,10.3,4.72,13.5,84.8,283.0,11.0,5.397605346934028e-79,16.0,0.74,65.42,,,6.0
IQ-LAB-97344,11.0,male,5.2,5.17,14.2,81.3,413.0,,,,,,,,0.17
IQ-LAB-97345,18.0,male,6.2,4.99,15.4,89.6,260.0,12.0,5.397605346934028e-79,18.0,0.78,68.95,,,0.35
IQ-LAB-97348,68.0,female,8.6,3.99,13.0,96.6,184.0,17.0,5.397605346934028e-79,27.0,0.98,86.63,,,3.34
IQ-LAB-97349,31.0,female,8.5,4.75,13.7,88.6,342.0,13.0,5.397605346934028e-79,12.0,0.49,43.32,106.0,12.07,4.15
IQ-LAB-97350,10.0,female,9.8,4.43,12.8,83.8,496.0,,,,,,,,1.79
IQ-LAB-97351,12.0,female,5.8,4.93,13.4,80.9,308.0,15.0,5.397605346934028e-79,20.0,0.56,49.5,100.0,20.67,0.59
IQ-LAB-97352,45.0,male,4.9,5.45,15.8,85.8,178.0,25.0,5.397605346934028e-79,26.0,1.02,90.17,107.0,6.32,0.8
IQ-LAB-97353,80.0,male,6.9,3.71,11.8,95.9,186.0,16.0,5.397605346934028e-79,23.0,1.98,175.03,98.0,5.64,0.72
IQ-LAB-97354,31.0,female,8.0,4.42,13.0,87.1,250.0,21.0,5.397605346934028e-79,13.0,0.62,54.81,,,5.31
IQ-LAB-97356,29.0,female,10.1,4.82,13.1,81.9,303.0,17.0,5.397605346934028e-79,18.0,0.45,39.78,,,7.3
IQ-LAB-97357,62.0,male,6.3,4.95,14.3,88.0,231.0,16.0,5.397605346934028e-79,16.0,1.24,109.62,106.0,11.06,36.77
IQ-LAB-97358,16.0,female,7.4,4.63,13.1,86.1,269.0,14.0,5.397605346934028e-79,14.0,0.73,64.53,114.0,14.51,0.96
IQ-LAB-97359,17.0,female,2.6,3.25,8.2,79.2,282.0,,,,,,,,
IQ-LAB-97360,63.0,male,7.2,4.32,13.7,93.8,259.0,21.0,5.397605346934028e-79,19.0,0.92,81.33,,,1.8
IQ-LAB-97361,54.0,male,5.7,5.28,16.0,88.4,181.0,15.0,5.397605346934028e-79,17.0,1.0,88.4,111.0,13.59,0.54
IQ-LAB-97362,22.0,male,4.4,5.39,14.7,82.4,193.0,10.0,5.397605346934028e-79,15.0,1.1,97.24,96.0,7.19,0.44
IQ-LAB-97363,4.0,male,12.7,4.69,12.9,82.7,334.0,,,,,,,,0.69
IQ-LAB-97364,33.0,female,7.6,5.31,12.2,70.7,201.0,13.0,5.397605346934028e-79,16.0,0.88,77.79,,,0.39
IQ-LAB-97365,49.0,female,7.1,4.24,13.0,89.6,270.0,8.0,5.397605346934028e-79,15.0,0.71,62.76,,,5.39
IQ-LAB-97366,11.0,male,8.3,4.33,12.4,87.1,256.0,,,,,,,,1.13
IQ-LAB-97367,61.0,female,5.9,5.18,17.1,95.4,224.0,10.0,5.397605346934028e-79,15.0,0.8,70.72,102.0,2.95,5.2
IQ-LAB-97368,9.0,female,6.5,4.98,14.5,83.7,294.0,,,,,,,,0.22
IQ-LAB-97370,62.0,female,6.7,4.42,13.9,99.8,159.0,28.0,5.397605346934028e-79,21.0,0.73,64.53,,,1.11
IQ-LAB-97371,57.0,female,6.3,4.35,13.8,90.9,296.0,23.0,5.397605346934028e-79,20.0,0.61,53.92,,,0.44
IQ-LAB-97372,17.0,female,6.2,4.31,12.1,84.2,253.0,12.0,5.397605346934028e-79,15.0,0.66,58.34,,,0.81
IQ-LAB-97373,41.0,female,11.0,5.09,16.2,93.6,194.0,10.0,5.397605346934028e-79,14.0,0.85,75.14,,,2.35
IQ-LAB-97374,65.0,male,10.4,5.11,14.8,86.5,369.0,13.0,5.397605346934028e-79,13.0,1.07,94.59,,,8.75
IQ-LAB-97375,71.0,male,8.2,5.66,15.4,84.4,184.0,37.0,5.397605346934028e-79,30.0,1.21,106.96,120.0,21.08,1.05
IQ-LAB-97377,15.0,female,6.0,4.18,11.0,79.1,260.0,15.0,5.397605346934028e-79,17.0,0.71,62.76,,,1.07
IQ-LAB-97378,19.0,female,7.3,4.13,12.3,85.9,231.0,10.0,5.397605346934028e-79,14.0,0.62,54.81,95.0,8.74,5.26
IQ-LAB-97379,38.0,male,6.8,5.32,14.4,80.3,180.0,39.0,5.397605346934028e-79,29.0,0.92,81.33,99.0,7.37,1.13
IQ-LAB-97380,22.0,male,6.9,5.54,16.6,87.6,195.0,49.0,5.397605346934028e-79,18.0,0.74,65.42,101.0,17.61,0.44
IQ-LAB-97381,69.0,male,4.6,4.7,13.2,85.1,210.0,17.0,5.397605346934028e-79,23.0,1.4,123.76,93.0,11.42,0.18
IQ-LAB-97382,36.0,male,7.8,4.75,14.5,91.5,321.0,29.0,5.397605346934028e-79,22.0,1.1,97.24,,,1.42
IQ-LAB-97383,54.0,male,12.5,4.78,13.9,86.5,336.0,19.0,5.397605346934028e-79,14.0,1.15,101.66,120.0,16.4,1.56
IQ-LAB-97384,31.0,male,4.8,4.91,14.6,87.3,268.0,21.0,5.397605346934028e-79,19.0,0.87,76.91,,,0.42
IQ-LAB-97385,12.0,female,6.6,4.58,13.0,82.1,342.0,10.0,5.397605346934028e-79,18.0,0.57,50.39,,,0.55
IQ-LAB-97386,60.0,male,5.6,4.8,12.7,80.8,249.0,15.0,5.397605346934028e-79,12.0,1.27,112.27,,,3.15
IQ-LAB-97387,13.0,male,7.5,5.37,14.6,81.5,335.0,37.0,5.397605346934028e-79,33.0,0.7,61.88,,,0.57
IQ-LAB-97389,80.0,male,4.1,3.55,11.8,96.7,193.0,11.0,5.397605346934028e-79,24.0,0.83,73.37,,,2.61
IQ-LAB-97390,76.0,male,9.8,5.01,15.2,90.1,300.0,21.0,5.397605346934028e-79,22.0,0.96,84.86,112.0,31.66,1.97
IQ-LAB-97391,67.0,male,4.9,4.38,15.6,104.2,114.0,27.0,5.397605346934028e-79,29.0,0.89,78.68,,,2.5
IQ-LAB-97393,3.0,male,7.6,4.49,12.7,80.7,339.0,,,,,,,,0.52
IQ-LAB-97394,15.0,male,4.8,5.13,15.1,89.4,267.0,20.0,5.397605346934028e-79,31.0,0.82,72.49,89.0,1.91,0.64
IQ-LAB-97396,47.0,male,5.8,6.36,14.4,73.3,222.0,34.0,5.397605346934028e-79,23.0,0.97,85.75,,,2.68
IQ-LAB-97398,69.0,male,5.9,4.3,13.1,90.5,167.0,24.0,5.397605346934028e-79,22.0,1.15,101.66,,,0.6
IQ-LAB-97399,6.0,female,8.4,4.91,12.3,76.2,294.0,,,,,,,,1.77
IQ-LAB-97400,19.0,male,7.9,5.05,15.0,86.9,326.0,14.0,5.397605346934028e-79,19.0,0.86,76.02,,,0.46
IQ-LAB-97401,10.0,male,7.0,4.44,12.4,83.6,284.0,,,,,,,,2.13
IQ-LAB-97402,23.0,female,6.1,4.59,13.3,85.5,224.0,26.0,5.397605346934028e-79,22.0,0.67,59.23,,,0.63
IQ-LAB-97403,80.0,male,8.9,4.29,11.7,84.0,225.0,13.0,5.397605346934028e-79,21.0,1.14,100.78,111.0,4.32,1.39
IQ-LAB-97404,9.0,female,9.6,5.05,14.6,83.0,301.0,,,,,,,,0.4
IQ-LAB-97405,4.0,female,8.5,4.47,12.4,80.8,354.0,,,,,,,,1.38
IQ-LAB-97406,7.0,female,5.2,4.58,12.8,84.2,251.0,,,,,,,,4.06
IQ-LAB-97407,55.0,male,8.9,5.34,12.5,71.8,195.0,35.0,5.397605346934028e-79,35.0,0.84,74.26,,,2.6
IQ-LAB-97408,67.0,male,9.3,4.98,15.4,92.6,251.0,28.0,5.397605346934028e-79,27.0,1.58,139.67,,,1.49
IQ-LAB-97409,32.0,male,9.5,5.13,14.6,83.2,385.0,22.0,5.397605346934028e-79,35.0,1.01,89.28,,,2.5
IQ-LAB-97410,46.0,female,7.7,4.95,14.4,86.0,246.0,14.0,5.397605346934028e-79,16.0,0.5,44.2,102.0,4.82,0.42
IQ-LAB-97411,15.0,female,6.4,5.42,11.7,67.9,242.0,22.0,5.397605346934028e-79,17.0,0.44,38.9,101.0,19.36,0.74
IQ-LAB-97412,73.0,male,6.7,5.09,15.6,88.2,180.0,19.0,5.397605346934028e-79,21.0,1.1,97.24,,,1.62
IQ-LAB-97413,9.0,male,4.6,4.08,10.6,79.8,302.0,,,,,,,,0.4
IQ-LAB-97414,3.0,male,8.9,4.66,13.8,88.6,387.0,,,,,,,,1.3
IQ-LAB-97415,54.0,male,6.0,5.25,15.0,85.3,186.0,21.0,5.397605346934028e-79,19.0,1.11,98.12,127.0,16.38,2.41
IQ-LAB-97417,77.0,female,10.2,4.88,14.3,86.4,296.0,18.0,5.397605346934028e-79,13.0,0.57,50.39,177.0,11.1,31.55
IQ-LAB-97418,47.0,female,7.9,4.71,14.6,92.0,279.0,13.0,5.397605346934028e-79,14.0,0.67,59.23,120.0,8.77,2.89
IQ-LAB-97419,55.0,female,5.6,4.42,13.6,93.0,221.0,17.0,5.397605346934028e-79,21.0,0.57,50.39,103.0,7.42,0.43
IQ-LAB-97420,51.0,male,5.9,5.23,15.2,86.8,168.0,16.0,5.397605346934028e-79,19.0,1.24,109.62,101.0,10.57,2.15
IQ-LAB-97422,80.0,male,4.6,3.81,12.6,99.5,148.0,12.0,5.397605346934028e-79,22.0,1.27,112.27,105.0,6.22,0.78
IQ-LAB-97423,32.0,female,6.1,4.47,12.3,82.7,212.0,16.0,5.397605346934028e-79,18.0,0.63,55.69,,,6.68
IQ-LAB-97424,38.0,female,8.9,4.65,11.5,76.7,286.0,16.0,5.397605346934028e-79,13.0,1.24,109.62,,,9.32
IQ-LAB-97425,19.0,male,8.0,5.18,16.5,94.3,215.0,11.0,5.397605346934028e-79,13.0,1.0,88.4,104.0,12.97,1.28
IQ-LAB-97426,4.0,male,11.1,4.07,12.3,87.4,360.0,,,,,,,,1.5
IQ-LAB-97427,9.0,male,6.0,4.49,12.8,81.7,352.0,,,,,,,,7.0
IQ-LAB-97428,77.0,male,7.3,5.35,15.5,85.2,146.0,21.0,5.397605346934028e-79,18.0,0.74,65.42,130.0,26.32,2.49
IQ-LAB-97429,51.0,male,10.2,4.8,14.8,90.3,286.0,26.0,5.397605346934028e-79,22.0,0.95,83.98,,,5.37
IQ-LAB-97430,32.0,male,9.2,5.25,15.7,86.8,295.0,38.0,5.397605346934028e-79,21.0,0.93,82.21,,,1.13
IQ-LAB-97431,11.0,female,8.5,6.1,12.5,65.6,368.0,,,,,,,,0.34
IQ-LAB-97432,19.0,male,5.0,4.59,15.0,93.0,156.0,24.0,5.397605346934028e-79,20.0,0.93,82.21,,,
IQ-LAB-97433,4.0,female,8.2,4.63,13.1,82.7,350.0,,,,,,,,0.68
IQ-LAB-97435,4.0,male,9.5,4.59,12.7,83.0,347.0,,,,,,,,3.35
IQ-LAB-97436,45.0,male,5.6,4.34,11.7,82.0,327.0,12.0,5.397605346934028e-79,16.0,0.88,77.79,101.0,7.41,1.55
IQ-LAB-97437,48.0,male,3.9,5.53,15.8,83.2,149.0,22.0,5.397605346934028e-79,24.0,0.94,83.1,,,0.69
IQ-LAB-97438,11.0,male,6.8,4.83,13.3,82.3,297.0,,,,,,,,0.38
IQ-LAB-97439,3.0,male,9.3,4.59,11.8,77.4,311.0,,,,,,,,1.49
IQ-LAB-97440,7.0,female,5.2,4.97,13.0,79.4,223.0,,,,,,,,0.53
IQ-LAB-97441,61.0,male,11.6,4.71,14.5,93.8,278.0,30.0,5.397605346934028e-79,22.0,0.82,72.49,96.0,7.68,0.76
IQ-LAB-97443,56.0,female,4.8,4.75,14.7,90.4,278.0,20.0,5.397605346934028e-79,18.0,0.86,76.02,103.0,8.44,3.36
IQ-LAB-97444,58.0,male,6.7,4.85,14.9,89.6,207.0,23.0,5.397605346934028e-79,21.0,0.91,80.44,134.0,6.85,0.65
IQ-LAB-97445,51.0,male,8.3,4.77,15.0,94.0,213.0,23.0,5.397605346934028e-79,19.0,1.34,118.46,,,2.08
IQ-LAB-97446,52.0,male,5.5,5.36,17.1,92.1,195.0,17.0,5.397605346934028e-79,18.0,1.23,108.73,98.0,10.09,1.58
IQ-LAB-97448,15.0,male,5.7,4.86,15.0,92.5,274.0,12.0,5.397605346934028e-79,17.0,0.8,70.72,92.0,3.58,0.43
IQ-LAB-97449,37.0,female,10.2,4.58,13.5,89.5,396.0,13.0,5.397605346934028e-79,14.0,0.66,58.34,,,2.81
IQ-LAB-97450,27.0,female,4.4,4.65,13.3,85.7,271.0,18.0,5.397605346934028e-79,17.0,0.63,55.69,98.0,9.97,13.46
IQ-LAB-97451,34.0,female,4.6,4.04,12.6,92.3,183.0,12.0,5.397605346934028e-79,15.0,0.6,53.04,,,1.7
IQ-LAB-97452,47.0,female,8.9,4.12,12.7,91.7,214.0,15.0,5.397605346934028e-79,16.0,0.6,53.04,101.0,10.2,3.01
IQ-LAB-97454,9.0,male,4.7,4.03,11.4,87.0,248.0,,,,,,,,
IQ-LAB-97455,80.0,female,7.6,5.11,14.2,85.0,240.0,10.0,5.397605346934028e-79,14.0,0.81,71.6,153.0,4.87,9.25
IQ-LAB-97456,38.0,female,5.1,4.29,13.7,93.1,220.0,20.0,5.397605346934028e-79,21.0,1.22,107.85,98.0,4.11,0.43
IQ-LAB-97458,35.0,female,7.8,4.53,13.5,88.8,325.0,11.0,5.397605346934028e-79,12.0,0.71,62.76,,,3.54
IQ-LAB-97459,1.0,male,6.5,4.68,12.8,78.2,313.0,,,,,,,,2.85
IQ-LAB-97460,61.0,female,8.7,4.72,11.7,77.5,250.0,8.0,5.397605346934028e-79,14.0,0.97,85.75,89.0,5.15,1.47
IQ-LAB-97462,50.0,male,6.5,5.34,15.3,82.7,275.0,41.0,5.397605346934028e-79,29.0,0.85,75.14,113.0,8.07,4.92
IQ-LAB-97463,34.0,female,7.6,4.38,14.0,95.4,262.0,11.0,5.397605346934028e-79,17.0,0.49,43.32,97.0,9.53,0.31
IQ-LAB-97464,55.0,male,7.3,4.96,15.1,87.7,222.0,19.0,5.397605346934028e-79,14.0,0.8,70.72,,,1.14
IQ-LAB-97465,38.0,male,6.0,4.88,14.9,90.1,232.0,18.0,5.397605346934028e-79,17.0,0.92,81.33,106.0,6.06,3.11
IQ-LAB-97466,4.0,female,8.3,4.11,12.0,86.4,360.0,,,,,,,,0.66
IQ-LAB-97467,9.0,female,5.2,3.97,12.3,91.7,286.0,,,,,,,,0.33
IQ-LAB-97468,46.0,male,10.1,5.13,16.5,96.3,228.0,42.0,5.397605346934028e-79,37.0,0.89,78.68,99.0,5.17,1.58
IQ-LAB-97469,28.0,female,8.1,5.46,14.2,78.0,301.0,11.0,5.397605346934028e-79,17.0,0.93,82.21,,,0.89
IQ-LAB-97471,80.0,female,8.3,4.18,12.3,89.9,261.0,9.0,5.397605346934028e-79,13.0,0.87,76.91,,,2.1
IQ-LAB-97472,57.0,male,5.1,4.93,15.0,88.0,168.0,21.0,5.397605346934028e-79,22.0,0.93,82.21,,,0.9
IQ-LAB-97473,53.0,male,5.1,4.95,15.0,88.7,290.0,14.0,5.397605346934028e-79,16.0,0.76,67.18,,,0.34
IQ-LAB-97474,20.0,male,5.5,5.64,17.1,91.2,235.0,72.0,5.397605346934028e-79,33.0,0.81,71.6,,,1.03
IQ-LAB-97475,11.0,male,4.3,5.45,14.8,81.0,339.0,,,,,,,,0.27
IQ-LAB-97477,11.0,female,7.2,4.64,14.0,87.9,238.0,,,,,,,,12.2
IQ-LAB-97478,47.0,female,6.5,4.37,12.8,87.5,265.0,20.0,5.397605346934028e-79,21.0,0.71,62.76,114.0,12.35,0.91
IQ-LAB-97479,2.0,female,6.2,5.05,13.3,75.2,233.0,,,,,,,,0.59
IQ-LAB-97481,80.0,male,8.5,4.5,13.0,86.4,226.0,8.0,5.397605346934028e-79,11.0,1.01,89.28,,,8.55
IQ-LAB-97482,70.0,female,5.3,4.19,12.2,91.8,171.0,19.0,5.397605346934028e-79,18.0,0.95,83.98,121.0,32.26,4.06
IQ-LAB-97483,19.0,male,7.8,5.62,15.8,82.7,297.0,37.0,5.397605346934028e-79,21.0,0.98,86.63,97.0,17.86,4.73
IQ-LAB-97484,56.0,male,6.3,4.88,14.6,90.6,161.0,15.0,5.397605346934028e-79,15.0,1.05,92.82,,,0.44
IQ-LAB-97485,33.0,female,5.4,4.99,14.7,88.4,155.0,19.0,5.397605346934028e-79,17.0,0.64,56.58,96.0,5.78,0.55
IQ-LAB-97486,69.0,female,5.3,4.36,13.2,89.7,409.0,15.0,5.397605346934028e-79,15.0,0.73,64.53,,,5.27
IQ-LAB-97487,53.0,female,4.9,4.45,13.6,89.3,236.0,24.0,5.397605346934028e-79,17.0,0.64,56.58,108.0,7.84,0.66
IQ-LAB-97488,80.0,female,6.9,4.53,14.7,95.4,238.0,13.0,5.397605346934028e-79,19.0,0.82,72.49,,,1.14
IQ-LAB-97490,17.0,male,7.5,5.71,16.4,83.9,253.0,13.0,5.397605346934028e-79,18.0,1.03,91.05,,,0.75
IQ-LAB-97491,4.0,female,13.2,4.43,12.7,84.3,331.0,,,,,,,,1.79
IQ-LAB-97492,45.0,male,5.2,4.98,15.8,92.0,178.0,13.0,5.397605346934028e-79,22.0,1.12,99.01,99.0,3.23,3.34
IQ-LAB-97493,2.0,female,7.0,4.31,12.0,79.1,316.0,,,,,,,,0.11
IQ-LAB-97494,9.0,female,5.8,4.93,13.4,79.8,225.0,,,,,,,,0.25
IQ-LAB-97495,43.0,female,7.9,4.68,12.3,79.8,246.0,11.0,5.397605346934028e-79,13.0,0.72,63.65,,,29.46
IQ-LAB-97496,11.0,female,9.3,4.69,13.7,90.9,307.0,,,,,,,,1.76
IQ-LAB-97497,24.0,male,5.7,5.45,15.3,83.4,283.0,18.0,5.397605346934028e-79,19.0,1.4,123.76,97.0,9.38,1.19
IQ-LAB-97498,11.0,female,9.9,5.39,14.8,80.9,321.0,,,,,,,,1.74
IQ-LAB-97499,4.0,female,5.3,4.44,13.5,88.2,312.0,,,,,,,,0.27
IQ-LAB-97500,74.0,female,7.4,3.92,12.0,91.7,295.0,15.0,5.397605346934028e-79,16.0,1.49,131.72,,,10.42
IQ-LAB-97501,54.0,female,5.9,5.35,15.1,84.4,286.0,31.0,5.397605346934028e-79,17.0,0.72,63.65,100.0,19.54,17.74
IQ-LAB-97503,9.0,male,8.3,4.61,13.0,83.5,407.0,,,,,,,,4.49
IQ-LAB-97504,10.0,male,7.6,4.81,13.5,81.5,242.0,,,,,,,,0.37
IQ-LAB-97505,73.0,male,4.7,4.82,14.2,88.7,241.0,36.0,5.397605346934028e-79,40.0,1.18,104.31,151.0,15.47,49.95
IQ-LAB-97506,69.0,male,7.6,4.57,13.4,90.0,274.0,11.0,5.397605346934028e-79,11.0,0.86,76.02,175.0,3.74,0.49
IQ-LAB-97507,20.0,female,8.4,4.35,13.6,94.0,242.0,8.0,5.397605346934028e-79,13.0,0.59,52.16,,,0.63
IQ-LAB-97509,47.0,female,6.2,4.78,14.8,90.1,255.0,18.0,5.397605346934028e-79,18.0,0.67,59.23,,,6.97
IQ-LAB-97510,61.0,female,8.8,4.29,12.9,89.5,243.0,13.0,5.397605346934028e-79,19.0,0.79,69.84,91.0,15.18,2.62
IQ-LAB-97512,80.0,male,8.2,4.14,11.6,84.7,251.0,37.0,5.397605346934028e-79,27.0,0.85,75.14,,,0.53
IQ-LAB-97513,54.0,male,7.1,4.63,10.8,75.7,258.0,17.0,5.397605346934028e-79,20.0,1.0,88.4,,,1.29
IQ-LAB-97514,7.0,female,4.5,5.09,14.2,82.3,239.0,,,,,,,,0.32
IQ-LAB-97516,62.0,female,6.3,4.89,14.1,86.2,219.0,12.0,5.397605346934028e-79,12.0,0.87,76.91,107.0,13.81,2.54
IQ-LAB-97517,16.0,male,7.1,5.71,16.4,86.2,252.0,16.0,5.397605346934028e-79,14.0,0.94,83.1,,,0.21
IQ-LAB-97518,80.0,male,7.8,6.16,16.1,80.4,215.0,13.0,5.397605346934028e-79,20.0,1.09,96.36,,,1.71
IQ-LAB-97520,57.0,female,9.3,4.88,13.7,84.3,267.0,11.0,5.397605346934028e-79,16.0,0.97,85.75,106.0,41.03,11.32
IQ-LAB-97521,53.0,male,6.0,4.7,14.0,86.9,195.0,32.0,5.397605346934028e-79,24.0,0.99,87.52,,,2.75
IQ-LAB-97522,20.0,female,10.8,4.37,13.5,88.8,232.0,11.0,5.397605346934028e-79,15.0,0.82,72.49,,,0.68
IQ-LAB-97523,80.0,male,5.3,4.59,14.2,92.6,141.0,26.0,5.397605346934028e-79,31.0,1.15,101.66,,,0.52
IQ-LAB-97524,44.0,female,9.4,4.25,13.1,92.2,216.0,13.0,5.397605346934028e-79,16.0,0.72,63.65,,,0.88
IQ-LAB-97527,63.0,male,4.4,5.28,12.5,74.1,172.0,17.0,5.397605346934028e-79,15.0,0.93,82.21,124.0,11.92,12.8
IQ-LAB-97529,5.0,female,6.5,4.2,12.2,86.5,247.0,,,,,,,,0.55
IQ-LAB-97530,11.0,female,6.2,4.84,13.2,80.1,214.0,,,,,,,,0.11
IQ-LAB-97532,28.0,male,3.4,5.2,14.1,81.9,183.0,13.0,5.397605346934028e-79,22.0,1.17,103.43,,,0.9
IQ-LAB-97533,30.0,male,5.0,5.57,16.7,88.5,150.0,23.0,5.397605346934028e-79,19.0,1.01,89.28,99.0,6.43,0.45
IQ-LAB-97535,63.0,female,8.0,4.43,13.7,89.2,250.0,15.0,5.397605346934028e-79,17.0,0.61,53.92,99.0,19.75,3.88
IQ-LAB-97536,80.0,male,4.5,4.73,14.4,89.6,202.0,12.0,5.397605346934028e-79,19.0,0.76,67.18,96.0,2.89,1.93
IQ-LAB-97537,39.0,female,9.1,3.85,10.8,85.0,252.0,9.0,5.397605346934028e-79,14.0,0.47,41.55,,,5.73
IQ-LAB-97538,54.0,female,6.4,4.82,13.5,83.0,237.0,47.0,5.397605346934028e-79,32.0,0.7,61.88,,,1.24
IQ-LAB-97539,41.0,male,6.7,5.45,16.4,88.0,229.0,46.0,5.397605346934028e-79,23.0,1.15,101.66,,,34.76
IQ-LAB-97540,2.0,female,6.8,4.85,13.4,81.2,275.0,,,,,,,,
IQ-LAB-97541,38.0,male,9.9,5.45,12.9,75.2,307.0,22.0,5.397605346934028e-79,15.0,0.77,68.07,,,62.19
IQ-LAB-97542,7.0,female,9.2,4.49,13.2,85.7,315.0,,,,,,,,1.08
IQ-LAB-97544,19.0,male,4.6,5.08,15.0,88.8,276.0,23.0,5.397605346934028e-79,20.0,0.84,74.26,,,2.8
IQ-LAB-97548,50.0,female,9.1,4.25,12.6,90.0,216.0,20.0,5.397605346934028e-79,23.0,0.88,77.79,,,0.48
IQ-LAB-97549,13.0,female,4.0,4.52,12.3,81.4,226.0,6.0,5.397605346934028e-79,14.0,0.69,61.0,100.0,9.35,0.25
IQ-LAB-97550,47.0,female,2.3,4.16,13.2,95.9,151.0,25.0,5.397605346934028e-79,39.0,0.86,76.02,93.0,3.83,0.36
IQ-LAB-97551,13.0,female,6.7,4.64,13.4,84.2,289.0,10.0,5.397605346934028e-79,14.0,0.58,51.27,100.0,7.61,0.41
IQ-LAB-97554,49.0,male,6.9,4.93,15.4,92.7,223.0,50.0,5.397605346934028e-79,41.0,0.55,48.62,,,7.7
IQ-LAB-97555,48.0,female,6.1,4.48,8.2,64.0,359.0,9.0,5.397605346934028e-79,14.0,0.69,61.0,101.0,13.54,0.9
IQ-LAB-97556,1.0,male,8.4,5.23,13.4,73.5,386.0,,,,,,,,0.24
IQ-LAB-97557,64.0,female,11.4,4.5,13.6,86.8,327.0,14.0,5.397605346934028e-79,14.0,1.05,92.82,,,2.39
IQ-LAB-97558,56.0,female,5.6,4.02,14.0,100.7,172.0,23.0,5.397605346934028e-79,26.0,0.65,57.46,,,0.51
IQ-LAB-97560,55.0,male,6.7,4.92,15.5,93.7,211.0,28.0,5.397605346934028e-79,21.0,1.07,94.59,110.0,13.25,0.83
IQ-LAB-97561,46.0,male,4.9,4.54,13.5,89.2,130.0,25.0,5.397605346934028e-79,43.0,0.84,74.26,,,4.32
IQ-LAB-97562,8.0,male,7.0,4.62,12.8,82.3,308.0,,,,,,,,0.37
IQ-LAB-97563,61.0,female,8.5,4.95,14.6,84.8,209.0,16.0,5.397605346934028e-79,16.0,0.65,57.46,116.0,9.25,5.88
IQ-LAB-97564,15.0,male,4.8,5.2,15.2,86.7,266.0,49.0,5.397605346934028e-79,28.0,0.59,52.16,101.0,21.07,0.49
IQ-LAB-97567,1.0,female,11.6,4.33,12.1,81.0,449.0,,,,,,,,0.44
IQ-LAB-97568,41.0,male,8.8,5.07,13.8,80.9,301.0,35.0,5.397605346934028e-79,27.0,0.94,83.1,,,6.3
IQ-LAB-97569,42.0,male,6.7,5.89,15.3,79.3,267.0,18.0,5.397605346934028e-79,17.0,1.24,109.62,,,1.37
IQ-LAB-97570,50.0,female,8.3,4.93,13.9,85.7,253.0,17.0,5.397605346934028e-79,17.0,0.57,50.39,,,4.49
IQ-LAB-97571,54.0,male,9.4,5.55,19.2,98.8,224.0,58.0,5.397605346934028e-79,98.0,0.99,87.52,,,0.63
IQ-LAB-97572,50.0,male,4.9,5.28,15.6,87.9,231.0,42.0,5.397605346934028e-79,18.0,0.89,78.68,102.0,6.21,0.83
IQ-LAB-97573,62.0,female,4.2,4.53,12.1,80.9,255.0,18.0,5.397605346934028e-79,21.0,0.56,49.5,115.0,9.6,3.06
IQ-LAB-97574,44.0,female,8.2,4.03,11.5,87.4,306.0,31.0,5.397605346934028e-79,25.0,0.6,53.04,,,1.0
IQ-LAB-97575,24.0,female,8.7,4.76,13.9,88.9,260.0,12.0,5.397605346934028e-79,19.0,0.86,76.02,,,1.68
IQ-LAB-97576,32.0,male,13.4,5.56,17.1,90.1,275.0,56.0,5.397605346934028e-79,35.0,1.09,96.36,,,1.42
IQ-LAB-97577,56.0,female,4.7,5.06,13.1,79.4,189.0,11.0,5.397605346934028e-79,20.0,1.77,156.47,100.0,14.51,11.26
IQ-LAB-97578,41.0,male,4.4,4.53,14.5,96.2,256.0,19.0,5.397605346934028e-79,20.0,0.82,72.49,100.0,6.57,0.47
IQ-LAB-97579,2.0,female,6.2,4.74,13.0,79.2,200.0,,,,,,,,0.54
IQ-LAB-97580,26.0,male,6.8,5.22,16.2,88.9,272.0,44.0,5.397605346934028e-79,26.0,0.83,73.37,97.0,4.78,0.63
IQ-LAB-97582,63.0,male,6.0,4.57,14.0,92.0,179.0,14.0,5.397605346934028e-79,18.0,0.86,76.02,,,1.92
IQ-LAB-97583,9.0,female,7.0,4.74,13.6,83.2,307.0,,,,,,,,
IQ-LAB-97584,15.0,female,7.2,4.67,11.3,77.1,321.0,17.0,5.397605346934028e-79,38.0,0.79,69.84,,,14.89
IQ-LAB-97585,21.0,male,6.3,5.26,16.0,88.8,217.0,21.0,5.397605346934028e-79,21.0,0.84,74.26,107.0,7.12,1.58
IQ-LAB-97586,8.0,female,5.0,5.1,15.0,85.3,297.0,,,,,,,,0.52
IQ-LAB-97588,56.0,male,10.3,4.79,14.5,90.8,280.0,26.0,5.397605346934028e-79,16.0,0.95,83.98,,,27.07
IQ-LAB-97589,19.0,female,9.7,4.55,13.6,87.5,261.0,15.0,5.397605346934028e-79,22.0,0.79,69.84,87.0,3.32,0.63
IQ-LAB-97591,29.0,male,6.0,5.18,15.8,89.1,189.0,18.0,5.397605346934028e-79,16.0,1.02,90.17,,,0.42
IQ-LAB-97592,63.0,male,7.4,5.22,14.5,86.0,238.0,16.0,5.397605346934028e-79,15.0,0.82,72.49,115.0,7.49,0.69
IQ-LAB-97593,60.0,female,6.2,4.83,14.9,92.5,205.0,19.0,5.397605346934028e-79,20.0,0.92,81.33,94.0,13.76,3.85
IQ-LAB-97594,56.0,female,4.4,4.55,13.9,90.3,121.0,43.0,5.397605346934028e-79,37.0,0.7,61.88,,,0.85
IQ-LAB-97595,36.0,male,8.3,5.13,16.0,90.8,208.0,49.0,5.397605346934028e-79,42.0,0.93,82.21,90.0,4.83,1.12
IQ-LAB-97597,77.0,female,5.4,4.39,13.5,89.6,206.0,8.0,5.397605346934028e-79,19.0,1.03,91.05,105.0,6.68,6.67
IQ-LAB-97598,40.0,female,6.6,4.64,13.9,87.7,229.0,16.0,5.397605346934028e-79,18.0,0.7,61.88,102.0,5.49,3.53
IQ-LAB-97600,23.0,female,11.8,4.49,12.8,84.7,280.0,68.0,5.397605346934028e-79,40.0,0.59,52.16,,,5.43
IQ-LAB-97602,40.0,female,3.2,4.79,11.0,71.7,251.0,9.0,5.397605346934028e-79,10.0,0.86,76.02,107.0,13.49,6.39
IQ-LAB-97605,67.0,female,8.4,4.79,15.1,92.3,218.0,18.0,5.397605346934028e-79,20.0,0.73,64.53,99.0,7.91,3.6
IQ-LAB-97606,80.0,female,6.6,3.16,9.5,88.7,260.0,6.0,5.397605346934028e-79,14.0,1.4,123.76,100.0,8.43,19.57
IQ-LAB-97607,16.0,male,8.8,4.8,14.8,90.5,192.0,21.0,5.397605346934028e-79,25.0,0.87,76.91,,,0.56
IQ-LAB-97608,79.0,male,8.2,4.55,14.2,90.3,154.0,26.0,5.397605346934028e-79,23.0,1.08,95.47,,,2.04
IQ-LAB-97609,66.0,male,7.8,4.28,12.7,89.8,221.0,12.0,5.397605346934028e-79,15.0,0.93,82.21,177.0,9.78,2.54
IQ-LAB-97610,28.0,male,5.5,4.82,14.7,87.0,205.0,19.0,5.397605346934028e-79,18.0,1.25,110.5,,,2.8
IQ-LAB-97611,68.0,male,7.3,4.44,12.5,86.3,319.0,30.0,5.397605346934028e-79,32.0,0.96,84.86,,,2.56
IQ-LAB-97613,7.0,female,7.2,4.83,14.0,85.1,310.0,,,,,,,,1.8
IQ-LAB-97617,30.0,male,11.4,4.93,14.1,87.1,282.0,13.0,5.397605346934028e-79,15.0,0.8,70.72,,,2.54
IQ-LAB-97618,64.0,male,4.8,5.03,15.9,93.8,196.0,35.0,5.397605346934028e-79,27.0,0.92,81.33,102.0,7.83,4.25
IQ-LAB-97619,65.0,male,10.2,4.7,15.0,88.2,241.0,16.0,5.397605346934028e-79,15.0,0.85,75.14,,,0.69
IQ-LAB-97620,41.0,female,7.1,4.6,12.3,79.8,309.0,14.0,5.397605346934028e-79,17.0,0.7,61.88,149.0,12.6,13.69
IQ-LAB-97621,19.0,female,3.1,4.9,12.9,80.8,252.0,11.0,5.397605346934028e-79,17.0,0.75,66.3,,,0.36
IQ-LAB-97622,8.0,male,10.9,4.73,13.6,81.6,262.0,,,,,,,,1.19
IQ-LAB-97623,71.0,female,7.4,4.67,14.6,91.3,242.0,27.0,5.397605346934028e-79,23.0,0.67,59.23,132.0,12.81,0.81
IQ-LAB-97624,32.0,female,9.6,4.86,12.3,75.0,230.0,12.0,5.397605346934028e-79,13.0,0.78,68.95,98.0,5.52,0.75
IQ-LAB-97625,13.0,male,8.9,4.95,15.7,92.4,346.0,12.0,5.397605346934028e-79,31.0,0.86,76.02,107.0,19.59,0.61
IQ-LAB-97626,73.0,female,7.4,4.62,14.2,91.8,258.0,10.0,5.397605346934028e-79,18.0,0.81,71.6,,,0.6
IQ-LAB-97627,34.0,female,9.3,4.73,12.6,80.7,264.0,60.0,5.397605346934028e-79,54.0,0.69,61.0,,,12.34
IQ-LAB-97630,78.0,female,6.3,4.83,14.9,93.9,152.0,13.0,5.397605346934028e-79,16.0,1.2,106.08,133.0,16.93,2.46
IQ-LAB-97631,18.0,female,7.5,4.05,12.2,90.0,305.0,12.0,5.397605346934028e-79,17.0,0.9,79.56,,,6.4
IQ-LAB-97632,11.0,male,7.2,5.03,12.7,77.8,385.0,,,,,,,,4.71
IQ-LAB-97635,56.0,female,5.6,4.98,14.8,85.9,254.0,12.0,5.397605346934028e-79,16.0,0.71,62.76,106.0,16.61,2.64
IQ-LAB-97637,1.0,female,8.4,4.86,11.7,72.5,243.0,,,,,,,,16.63
IQ-LAB-97638,51.0,male,5.0,5.69,16.2,84.3,170.0,9.0,5.397605346934028e-79,14.0,1.39,122.88,91.0,6.36,1.26
IQ-LAB-97639,60.0,male,5.9,3.91,13.3,101.8,164.0,15.0,5.397605346934028e-79,16.0,1.14,100.78,101.0,9.04,5.47
IQ-LAB-97640,41.0,male,6.6,5.32,14.6,82.3,274.0,20.0,5.397605346934028e-79,23.0,0.69,61.0,102.0,10.93,3.18
IQ-LAB-97641,49.0,female,10.2,4.34,13.5,92.8,246.0,17.0,5.397605346934028e-79,26.0,0.93,82.21,,,5.11
IQ-LAB-97642,74.0,male,7.2,5.38,14.8,85.0,216.0,15.0,5.397605346934028e-79,13.0,1.14,100.78,96.0,23.77,2.61
IQ-LAB-97643,40.0,female,7.6,4.89,12.0,74.6,158.0,15.0,5.397605346934028e-79,18.0,0.84,74.26,91.0,16.86,13.65
IQ-LAB-97644,24.0,male,9.0,5.05,14.8,85.3,304.0,16.0,5.397605346934028e-79,20.0,1.04,91.94,,,0.27
IQ-LAB-97646,9.0,female,12.0,4.54,12.9,85.8,332.0,,,,,,,,0.29
IQ-LAB-97647,14.0,female,9.1,5.21,11.6,70.7,271.0,16.0,5.397605346934028e-79,16.0,0.63,55.69,,,0.38
IQ-LAB-97648,32.0,female,11.4,4.94,14.0,84.0,237.0,15.0,5.397605346934028e-79,15.0,0.91,80.44,97.0,10.27,0.71
IQ-LAB-97650,69.0,female,6.5,3.71,10.9,91.3,248.0,11.0,5.397605346934028e-79,19.0,1.34,118.46,,,5.89
IQ-LAB-97651,15.0,female,7.8,4.17,11.3,82.6,250.0,25.0,5.397605346934028e-79,31.0,0.46,40.66,86.0,4.59,3.66
IQ-LAB-97652,17.0,male,7.8,4.67,13.8,87.6,234.0,12.0,5.397605346934028e-79,17.0,0.83,73.37,,,0.31
IQ-LAB-97654,2.0,female,4.9,6.33,10.8,53.6,399.0,,,,,,,,6.94
IQ-LAB-97656,60.0,male,8.6,5.73,16.7,85.7,243.0,28.0,5.397605346934028e-79,23.0,0.76,67.18,,,2.37
IQ-LAB-97657,60.0,female,5.4,4.91,15.0,91.4,274.0,31.0,5.397605346934028e-79,60.0,0.66,58.34,98.0,6.96,3.98
IQ-LAB-97658,5.0,female,8.7,4.4,12.8,86.8,299.0,,,,,,,,0.3
IQ-LAB-97659,46.0,male,11.4,5.66,14.9,81.1,204.0,17.0,5.397605346934028e-79,23.0,0.98,86.63,105.0,4.84,3.43
IQ-LAB-97660,5.0,female,6.6,4.47,13.1,84.4,356.0,,,,,,,,0.38
IQ-LAB-97662,73.0,male,6.8,5.86,17.2,87.5,173.0,18.0,5.397605346934028e-79,19.0,0.86,76.02,107.0,8.19,3.24
IQ-LAB-97663,2.0,male,7.9,4.65,12.7,79.0,255.0,,,,,,,,0.45
IQ-LAB-97665,2.0,female,11.2,4.29,12.0,82.7,415.0,,,,,,,,0.32
IQ-LAB-97666,69.0,male,4.9,5.48,15.3,81.3,175.0,31.0,5.397605346934028e-79,27.0,1.33,117.57,109.0,22.23,7.44
IQ-LAB-97667,62.0,female,8.7,4.71,14.3,90.0,285.0,13.0,5.397605346934028e-79,14.0,1.0,88.4,100.0,17.51,8.61
IQ-LAB-97668,77.0,male,4.5,4.06,12.6,94.3,191.0,10.0,5.397605346934028e-79,16.0,1.5,132.6,,,7.13
IQ-LAB-97669,15.0,female,6.8,4.89,13.7,84.0,302.0,28.0,5.397605346934028e-79,21.0,0.59,52.16,93.0,16.59,1.37
IQ-LAB-97670,27.0,female,8.4,4.21,12.5,88.7,351.0,23.0,5.397605346934028e-79,19.0,0.56,49.5,,,5.24
IQ-LAB-97671,20.0,female,14.8,4.41,12.0,81.5,360.0,9.0,5.397605346934028e-79,13.0,0.71,62.76,,,8.69
IQ-LAB-97672,45.0,female,7.5,4.47,10.3,71.9,335.0,13.0,5.397605346934028e-79,17.0,0.7,61.88,,,3.0
IQ-LAB-97674,9.0,female,7.7,4.3,12.6,87.7,230.0,,,,,,,,2.68
IQ-LAB-97675,41.0,female,5.9,4.23,10.2,77.2,297.0,7.0,5.397605346934028e-79,17.0,0.79,69.84,108.0,10.7,1.4
IQ-LAB-97676,63.0,male,5.5,3.81,14.6,111.2,71.0,28.0,5.397605346934028e-79,27.0,0.85,75.14,134.0,29.09,0.53
IQ-LAB-97677,7.0,male,5.8,4.58,13.6,84.9,249.0,,,,,,,,0.3
IQ-LAB-97678,11.0,male,9.7,4.44,12.2,81.4,336.0,,,,,,,,3.32
IQ-LAB-97679,4.0,female,10.2,4.51,11.7,78.6,328.0,,,,,,,,5.82
IQ-LAB-97681,5.0,male,5.7,4.36,12.6,82.0,228.0,,,,,,,,0.26
IQ-LAB-97683,49.0,female,7.3,4.38,13.9,90.8,175.0,12.0,5.397605346934028e-79,19.0,1.13,99.89,,,0.91
IQ-LAB-97684,47.0,female,10.1,5.1,11.4,71.8,277.0,17.0,5.397605346934028e-79,14.0,0.55,48.62,,,5.75
IQ-LAB-97685,23.0,male,10.4,5.66,15.4,81.9,219.0,159.0,5.397605346934028e-79,77.0,0.85,75.14,104.0,19.34,4.53
IQ-LAB-97686,8.0,female,4.7,5.16,13.8,81.3,292.0,,,,,,,,1.12
IQ-LAB-97688,56.0,female,11.6,5.1,12.5,76.8,456.0,17.0,5.397605346934028e-79,13.0,0.69,61.0,234.0,12.15,18.44
IQ-LAB-97689,60.0,male,5.4,4.81,14.3,89.2,223.0,16.0,5.397605346934028e-79,22.0,0.87,76.91,93.0,9.1,3.6
IQ-LAB-97691,29.0,female,5.0,4.1,11.9,88.2,205.0,10.0,5.397605346934028e-79,17.0,0.71,62.76,97.0,10.37,
IQ-LAB-97692,31.0,male,5.5,5.5,15.8,84.3,209.0,29.0,5.397605346934028e-79,26.0,0.93,82.21,97.0,5.45,0.87
IQ-LAB-97693,80.0,male,7.9,4.69,12.8,85.4,247.0,11.0,5.397605346934028e-79,21.0,1.61,142.32,,,2.08
IQ-LAB-97694,19.0,female,7.9,4.7,13.2,83.5,258.0,12.0,5.397605346934028e-79,15.0,0.62,54.81,,,6.84
IQ-LAB-97695,52.0,female,6.5,3.91,12.2,90.2,362.0,12.0,5.397605346934028e-79,17.0,1.43,126.41,83.0,6.95,0.67
IQ-LAB-97696,15.0,male,10.7,5.49,16.1,84.9,261.0,26.0,5.397605346934028e-79,73.0,0.96,84.86,,,0.41
IQ-LAB-97698,47.0,female,6.0,4.07,11.4,84.8,342.0,14.0,5.397605346934028e-79,16.0,0.62,54.81,104.0,13.85,2.98
IQ-LAB-97699,55.0,female,4.7,4.12,12.3,90.2,230.0,15.0,5.397605346934028e-79,14.0,0.65,57.46,108.0,14.33,1.01
IQ-LAB-97700,5.0,female,5.9,4.54,13.4,85.4,328.0,,,,,,,,0.36
IQ-LAB-97701,42.0,male,10.5,4.96,14.5,86.5,316.0,31.0,5.397605346934028e-79,19.0,1.19,105.2,,,11.22
IQ-LAB-97702,21.0,female,6.7,4.34,12.1,85.7,278.0,13.0,5.397605346934028e-79,18.0,0.76,67.18,,,0.91
IQ-LAB-97703,35.0,male,5.3,5.26,15.1,83.6,268.0,26.0,5.397605346934028e-79,25.0,0.82,72.49,114.0,7.7,3.1
IQ-LAB-97704,54.0,female,6.1,4.57,13.8,92.0,235.0,13.0,5.397605346934028e-79,18.0,0.66,58.34,92.0,10.05,3.42
IQ-LAB-97705,33.0,female,7.1,4.31,11.4,82.9,238.0,14.0,5.397605346934028e-79,19.0,0.85,75.14,,,0.67
IQ-LAB-97706,50.0,male,8.4,5.02,15.6,90.5,212.0,30.0,5.397605346934028e-79,14.0,0.83,73.37,230.0,57.39,0.67
IQ-LAB-97707,6.0,female,5.8,4.73,13.0,81.1,333.0,,,,,,,,1.32
IQ-LAB-97708,76.0,male,7.9,5.23,15.4,90.1,216.0,24.0,5.397605346934028e-79,28.0,0.83,73.37,99.0,9.64,0.45
IQ-LAB-97709,22.0,female,6.1,4.66,12.4,82.3,283.0,18.0,5.397605346934028e-79,15.0,0.63,55.69,94.0,9.28,1.38
IQ-LAB-97710,5.0,female,5.0,4.27,12.3,85.8,418.0,,,,,,,,
IQ-LAB-97711,80.0,female,6.5,3.79,12.0,95.6,177.0,10.0,5.397605346934028e-79,16.0,2.33,205.97,96.0,7.74,0.97
IQ-LAB-97712,69.0,female,4.1,3.28,9.0,81.6,211.0,7.0,5.397605346934028e-79,10.0,1.86,164.42,,,1.96
IQ-LAB-97713,80.0,female,6.9,4.3,13.0,93.5,205.0,18.0,5.397605346934028e-79,21.0,1.02,90.17,,,0.77
IQ-LAB-97714,47.0,male,6.8,5.0,14.8,87.6,296.0,40.0,5.397605346934028e-79,22.0,0.74,65.42,,,2.76
IQ-LAB-97715,11.0,male,6.5,5.57,15.5,80.6,205.0,,,,,,,,
IQ-LAB-97716,29.0,female,6.3,3.81,13.0,99.2,424.0,13.0,5.397605346934028e-79,21.0,0.59,52.16,,,1.27
IQ-LAB-97717,12.0,male,7.0,5.77,15.7,80.9,244.0,45.0,5.397605346934028e-79,33.0,0.48,42.43,,,1.23
IQ-LAB-97719,80.0,male,6.7,4.65,14.9,96.7,169.0,8.0,5.397605346934028e-79,18.0,0.9,79.56,,,1.02
IQ-LAB-97720,15.0,male,7.1,5.04,15.2,88.3,214.0,9.0,5.397605346934028e-79,13.0,0.83,73.37,100.0,12.46,1.79
IQ-LAB-97721,1.0,female,8.2,4.81,13.4,78.5,362.0,,,,,,,,
IQ-LAB-97722,24.0,female,2.8,4.53,14.8,95.9,174.0,13.0,5.397605346934028e-79,19.0,0.75,66.3,89.0,5.84,0.83
IQ-LAB-97723,19.0,female,8.6,5.11,14.7,86.4,159.0,36.0,5.397605346934028e-79,26.0,0.6,53.04,,,3.89
IQ-LAB-97724,80.0,male,10.4,4.53,15.3,99.8,301.0,9.0,5.397605346934028e-79,15.0,0.9,79.56,,,3.65
IQ-LAB-97725,1.0,female,8.1,4.81,13.2,77.4,382.0,,,,,,,,0.22
IQ-LAB-97726,39.0,female,7.3,4.83,14.2,86.7,315.0,12.0,5.397605346934028e-79,13.0,0.65,57.46,,,6.14
IQ-LAB-97727,53.0,male,8.9,4.59,14.7,92.4,268.0,11.0,5.397605346934028e-79,21.0,1.3,114.92,,,4.45
IQ-LAB-97728,79.0,male,11.0,3.98,11.9,91.0,311.0,,,,,,85.0,,
IQ-LAB-97729,16.0,female,8.4,5.06,14.7,84.6,368.0,23.0,5.397605346934028e-79,21.0,0.88,77.79,102.0,15.05,7.78
IQ-LAB-97730,19.0,female,9.6,3.89,11.8,90.2,235.0,13.0,5.397605346934028e-79,16.0,0.29,25.64,,,33.87
IQ-LAB-97732,10.0,female,18.2,4.84,12.8,79.7,353.0,,,,,,,,1.11
IQ-LAB-97734,1.0,male,4.5,4.84,13.7,80.5,315.0,,,,,,,,0.11
IQ-LAB-97735,30.0,male,9.8,5.11,16.2,93.9,224.0,20.0,5.397605346934028e-79,20.0,1.23,108.73,99.0,10.09,1.01
IQ-LAB-97736,9.0,male,6.1,4.59,12.5,79.5,348.0,,,,,,,,3.59
IQ-LAB-97737,57.0,male,5.7,5.16,16.7,94.3,213.0,20.0,5.397605346934028e-79,25.0,0.91,80.44,91.0,1.75,0.67
IQ-LAB-97739,36.0,female,6.1,3.72,11.4,92.7,443.0,14.0,5.397605346934028e-79,18.0,0.92,81.33,,,0.33
IQ-LAB-97740,52.0,female,6.5,4.45,14.0,93.8,416.0,18.0,5.397605346934028e-79,16.0,0.62,54.81,,,4.21
IQ-LAB-97741,36.0,female,6.0,4.55,13.4,89.3,221.0,31.0,5.397605346934028e-79,34.0,0.67,59.23,105.0,6.01,0.6
IQ-LAB-97742,12.0,female,4.3,4.33,13.3,89.2,292.0,9.0,5.397605346934028e-79,19.0,0.67,59.23,,,0.49
IQ-LAB-97744,55.0,male,5.0,4.56,14.2,90.7,197.0,19.0,5.397605346934028e-79,19.0,0.98,86.63,,,0.49
IQ-LAB-97745,66.0,male,11.8,5.51,17.1,91.6,258.0,23.0,5.397605346934028e-79,28.0,1.0,88.4,,,7.32
IQ-LAB-97746,71.0,male,6.3,5.81,16.9,84.9,211.0,52.0,5.397605346934028e-79,57.0,0.96,84.86,,,0.71
IQ-LAB-97747,47.0,male,4.2,4.9,14.8,88.3,193.0,20.0,5.397605346934028e-79,27.0,1.2,106.08,104.0,6.47,0.63
IQ-LAB-97748,50.0,female,5.5,6.01,13.2,69.3,212.0,20.0,5.397605346934028e-79,20.0,0.79,69.84,,,1.13
IQ-LAB-97750,67.0,male,6.9,4.44,13.3,90.9,347.0,,,,,,,,
IQ-LAB-97751,54.0,female,4.6,4.55,14.0,93.3,262.0,20.0,5.397605346934028e-79,25.0,0.62,54.81,,,1.27
IQ-LAB-97752,77.0,male,7.8,4.59,13.6,89.2,192.0,13.0,5.397605346934028e-79,16.0,1.33,117.57,220.0,14.7,1.63
IQ-LAB-97753,62.0,male,5.3,4.91,15.5,90.1,156.0,17.0,5.397605346934028e-79,18.0,0.9,79.56,,,1.75
IQ-LAB-97754,12.0,male,8.9,5.19,14.4,82.7,357.0,14.0,5.397605346934028e-79,23.0,0.6,53.04,96.0,7.69,0.56
IQ-LAB-97755,13.0,female,5.1,4.72,14.1,86.6,280.0,11.0,5.397605346934028e-79,15.0,0.56,49.5,92.0,4.88,0.28
IQ-LAB-97756,23.0,female,9.8,4.41,12.1,84.1,425.0,36.0,5.397605346934028e-79,29.0,0.68,60.11,,,9.42
IQ-LAB-97758,54.0,female,5.8,5.32,11.1,64.6,260.0,18.0,5.397605346934028e-79,20.0,0.62,54.81,96.0,15.79,6.73
IQ-LAB-97760,55.0,female,8.2,4.15,12.3,89.1,296.0,23.0,5.397605346934028e-79,19.0,0.67,59.23,,,6.66
IQ-LAB-97761,56.0,female,9.6,4.14,13.3,98.4,282.0,19.0,5.397605346934028e-79,21.0,0.83,73.37,,,0.97
IQ-LAB-97762,50.0,female,12.1,4.68,13.6,85.9,329.0,22.0,5.397605346934028e-79,18.0,0.77,68.07,,,6.52
IQ-LAB-97763,21.0,female,6.4,4.49,13.7,91.8,236.0,26.0,5.397605346934028e-79,,0.93,82.21,97.0,6.67,1.37
IQ-LAB-97764,45.0,male,7.1,5.21,16.4,91.2,187.0,13.0,5.397605346934028e-79,23.0,1.16,102.54,,,1.8
IQ-LAB-97765,53.0,female,4.7,4.6,13.3,87.5,218.0,24.0,5.397605346934028e-79,22.0,0.46,40.66,,,0.86
IQ-LAB-97766,65.0,male,8.5,4.44,13.3,89.3,239.0,57.0,5.397605346934028e-79,89.0,1.05,92.82,,,6.76
IQ-LAB-97768,56.0,female,6.2,4.72,14.6,92.5,231.0,46.0,5.397605346934028e-79,35.0,0.88,77.79,110.0,9.62,2.34
IQ-LAB-97769,80.0,male,8.0,4.71,13.0,84.6,276.0,11.0,5.397605346934028e-79,13.0,1.33,117.57,,,0.98
IQ-LAB-97770,61.0,female,6.0,4.5,14.4,95.8,166.0,17.0,5.397605346934028e-79,21.0,0.73,64.53,,,1.44
IQ-LAB-97771,31.0,female,14.9,4.21,11.3,80.5,305.0,11.0,5.397605346934028e-79,12.0,0.55,48.62,,,18.63
IQ-LAB-97772,16.0,male,4.7,5.56,15.1,83.8,235.0,51.0,5.397605346934028e-79,33.0,0.92,81.33,,,1.09
IQ-LAB-97773,26.0,female,8.5,4.44,13.1,91.0,238.0,6.0,5.397605346934028e-79,10.0,0.85,75.14,,,1.13
IQ-LAB-97774,33.0,male,6.4,5.69,17.3,89.3,245.0,21.0,5.397605346934028e-79,14.0,0.62,54.81,109.0,6.36,0.36
IQ-LAB-97775,67.0,male,8.5,4.77,14.4,90.0,202.0,13.0,5.397605346934028e-79,18.0,0.9,79.56,,,0.59
IQ-LAB-97776,58.0,female,6.3,4.39,12.8,86.5,233.0,27.0,5.397605346934028e-79,21.0,0.71,62.76,,,2.62
IQ-LAB-97777,60.0,male,4.9,4.91,14.1,85.5,226.0,15.0,5.397605346934028e-79,16.0,1.13,99.89,,,1.32
IQ-LAB-97778,14.0,female,5.1,4.32,12.8,89.0,233.0,10.0,5.397605346934028e-79,17.0,0.64,56.58,96.0,5.21,0.43
IQ-LAB-97781,6.0,female,4.7,5.66,12.3,69.0,241.0,,,,,,,,2.97
IQ-LAB-97782,39.0,female,4.8,4.16,10.9,81.7,233.0,7.0,5.397605346934028e-79,18.0,0.91,80.44,77.0,6.72,0.42
IQ-LAB-97783,46.0,female,8.8,4.01,11.3,87.5,319.0,11.0,5.397605346934028e-79,15.0,0.81,71.6,92.0,5.79,3.33
IQ-LAB-97784,31.0,male,10.8,5.25,15.6,85.6,318.0,45.0,5.397605346934028e-79,30.0,0.93,82.21,,,4.45
IQ-LAB-97785,16.0,female,7.5,4.75,14.8,90.2,320.0,,,,,,108.0,,
IQ-LAB-97786,13.0,male,5.0,5.39,15.7,84.5,258.0,19.0,5.397605346934028e-79,27.0,0.78,68.95,,,0.72
IQ-LAB-97787,52.0,male,8.4,4.74,13.4,84.7,279.0,10.0,5.397605346934028e-79,10.0,0.91,80.44,84.0,5.65,13.76
IQ-LAB-97788,73.0,male,8.0,4.7,14.8,91.5,208.0,19.0,5.397605346934028e-79,21.0,1.2,106.08,95.0,6.68,1.09
IQ-LAB-97790,60.0,male,7.8,4.92,15.9,95.6,222.0,19.0,5.397605346934028e-79,21.0,0.91,80.44,,,1.88
IQ-LAB-97792,14.0,male,5.3,5.28,12.6,75.8,282.0,19.0,5.397605346934028e-79,22.0,0.57,50.39,95.0,11.09,1.86
IQ-LAB-97793,19.0,male,6.1,5.8,15.7,81.6,232.0,24.0,5.397605346934028e-79,19.0,0.81,71.6,110.0,6.69,0.46
IQ-LAB-97794,45.0,female,4.2,4.75,14.5,90.9,175.0,13.0,5.397605346934028e-79,15.0,0.56,49.5,94.0,2.46,4.27
IQ-LAB-97795,33.0,female,6.2,4.02,12.3,89.1,213.0,9.0,5.397605346934028e-79,17.0,0.71,62.76,,,0.31
IQ-LAB-97796,13.0,female,5.4,4.69,12.2,79.0,384.0,11.0,5.397605346934028e-79,11.0,0.5,44.2,100.0,37.3,0.66
IQ-LAB-97797,15.0,female,5.8,4.45,13.2,88.8,259.0,12.0,5.397605346934028e-79,26.0,0.6,53.04,,,0.46
IQ-LAB-97798,17.0,male,6.7,5.36,14.8,81.6,248.0,29.0,5.397605346934028e-79,25.0,0.73,64.53,,,1.34
IQ-LAB-97799,18.0,male,5.4,5.63,14.5,78.2,165.0,20.0,5.397605346934028e-79,31.0,1.15,101.66,98.0,8.14,0.65
IQ-LAB-97800,17.0,male,6.1,5.27,16.1,88.7,395.0,70.0,5.397605346934028e-79,23.0,0.87,76.91,,,0.57
IQ-LAB-97801,80.0,male,7.5,4.92,15.7,92.9,216.0,15.0,5.397605346934028e-79,20.0,1.23,108.73,102.0,11.09,2.25
IQ-LAB-97802,71.0,male,6.0,4.65,14.1,90.5,209.0,19.0,5.397605346934028e-79,21.0,1.67,147.63,206.0,6.46,0.57
IQ-LAB-97805,16.0,male,7.1,4.69,14.6,92.4,308.0,15.0,5.397605346934028e-79,21.0,0.8,70.72,,,0.53
IQ-LAB-97806,18.0,female,8.0,5.02,10.2,66.2,267.0,10.0,5.397605346934028e-79,16.0,0.67,59.23,,,0.36
IQ-LAB-97807,11.0,male,15.1,4.89,12.6,77.3,363.0,,,,,,,,
IQ-LAB-97809,71.0,male,8.6,4.75,14.9,92.5,211.0,38.0,5.397605346934028e-79,30.0,0.94,83.1,,,1.39
IQ-LAB-97810,57.0,male,5.5,4.56,14.8,95.3,239.0,20.0,5.397605346934028e-79,16.0,0.89,78.68,,,0.6
IQ-LAB-97811,26.0,female,6.3,4.21,13.9,97.6,259.0,13.0,5.397605346934028e-79,19.0,0.88,77.79,,,2.51
IQ-LAB-97812,10.0,male,11.6,4.69,12.6,80.7,388.0,,,,,,,,2.41
IQ-LAB-97813,60.0,female,8.4,5.5,15.2,84.1,279.0,29.0,5.397605346934028e-79,32.0,0.86,76.02,102.0,13.9,8.24
IQ-LAB-97816,9.0,male,5.3,4.22,13.3,90.2,183.0,,,,,,,,0.33
IQ-LAB-97817,64.0,female,5.2,3.67,12.1,98.2,216.0,13.0,5.397605346934028e-79,19.0,0.64,56.58,,,0.17
IQ-LAB-97819,13.0,female,7.3,4.14,12.3,88.7,311.0,16.0,5.397605346934028e-79,18.0,0.64,56.58,96.0,27.25,3.62
IQ-LAB-97820,2.0,female,9.1,4.66,11.9,76.8,456.0,,,,,,,,1.74
IQ-LAB-97822,42.0,female,9.0,4.88,14.4,87.5,261.0,,,,,,,,
IQ-LAB-97823,29.0,male,5.1,4.88,14.0,84.0,226.0,18.0,5.397605346934028e-79,18.0,0.93,82.21,,,0.81
IQ-LAB-97824,3.0,male,8.1,4.56,12.1,80.4,338.0,,,,,,,,11.52
IQ-LAB-97825,18.0,male,5.5,5.44,16.0,87.6,240.0,15.0,5.397605346934028e-79,14.0,1.02,90.17,97.0,16.12,0.41
IQ-LAB-97827,50.0,male,4.2,4.86,14.1,85.2,207.0,25.0,5.397605346934028e-79,26.0,0.92,81.33,107.0,5.52,0.57
IQ-LAB-97828,74.0,male,6.3,4.96,14.4,88.1,277.0,13.0,5.397605346934028e-79,20.0,1.09,96.36,,,0.74
IQ-LAB-97829,24.0,male,10.0,4.3,12.9,90.1,302.0,18.0,5.397605346934028e-79,26.0,0.93,82.21,90.0,49.18,12.2
IQ-LAB-97830,60.0,male,8.7,4.95,15.7,94.5,165.0,54.0,5.397605346934028e-79,38.0,1.31,115.8,152.0,29.47,4.46
IQ-LAB-97832,73.0,male,8.4,4.21,13.1,92.7,158.0,20.0,5.397605346934028e-79,24.0,0.82,72.49,,,1.48
IQ-LAB-97833,3.0,male,5.3,4.97,13.3,79.2,233.0,,,,,,,,0.3
IQ-LAB-97834,1.0,male,8.8,4.78,12.8,78.1,213.0,,,,,,,,0.29
IQ-LAB-97836,11.0,female,5.5,4.41,13.3,88.9,322.0,,,,,,,,0.75
IQ-LAB-97840,32.0,male,8.0,5.26,14.5,81.9,238.0,24.0,5.397605346934028e-79,19.0,1.02,90.17,,,1.77
IQ-LAB-97841,44.0,female,8.1,4.42,13.8,91.8,157.0,13.0,5.397605346934028e-79,18.0,0.57,50.39,,,2.66
IQ-LAB-97845,47.0,male,20.6,5.94,18.6,93.5,299.0,37.0,5.397605346934028e-79,49.0,0.67,59.23,101.0,11.43,16.65
IQ-LAB-97846,9.0,female,10.3,4.87,13.3,81.5,243.0,,,,,,,,3.2
IQ-LAB-97847,65.0,female,5.7,4.48,14.0,93.0,289.0,15.0,5.397605346934028e-79,21.0,0.73,64.53,79.0,4.35,1.08
IQ-LAB-97848,30.0,female,3.8,4.52,12.6,81.8,241.0,16.0,5.397605346934028e-79,16.0,0.76,67.18,,,0.44
IQ-LAB-97849,5.0,male,9.0,4.49,12.7,83.3,198.0,,,,,,,,0.26
IQ-LAB-97850,64.0,female,7.6,4.31,12.1,85.5,174.0,22.0,5.397605346934028e-79,26.0,0.76,67.18,122.0,28.3,2.56
IQ-LAB-97851,23.0,male,5.3,4.68,13.6,88.6,201.0,20.0,5.397605346934028e-79,18.0,0.93,82.21,114.0,21.47,1.13
IQ-LAB-97852,11.0,female,5.0,4.61,12.8,80.9,322.0,,,,,,,,0.43
IQ-LAB-97853,20.0,female,9.3,4.23,12.0,85.5,167.0,7.0,5.397605346934028e-79,12.0,0.39,34.48,,,11.36
IQ-LAB-97855,9.0,male,5.8,4.54,13.0,84.7,206.0,,,,,,,,0.16
IQ-LAB-97856,6.0,male,5.3,4.86,13.8,83.1,328.0,,,,,,,,0.28
IQ-LAB-97859,60.0,male,5.6,4.99,15.7,90.2,230.0,16.0,5.397605346934028e-79,16.0,0.89,78.68,145.0,5.58,0.25
IQ-LAB-97860,3.0,male,6.8,4.32,12.2,80.0,299.0,,,,,,,,0.37
IQ-LAB-97862,19.0,male,4.9,4.59,12.8,84.6,173.0,9.0,5.397605346934028e-79,17.0,1.27,112.27,,,0.32
IQ-LAB-97863,13.0,male,8.7,4.99,14.4,82.3,282.0,30.0,5.397605346934028e-79,22.0,0.65,57.46,,,1.84
IQ-LAB-97866,39.0,male,9.7,5.51,14.5,79.8,281.0,43.0,5.397605346934028e-79,30.0,1.02,90.17,,,5.36
IQ-LAB-97869,80.0,female,6.9,4.01,11.6,86.8,184.0,15.0,5.397605346934028e-79,19.0,1.35,119.34,117.0,13.35,5.8
IQ-LAB-97870,8.0,female,7.3,3.65,10.4,85.9,162.0,,,,,,,,4.36
IQ-LAB-97871,64.0,female,7.3,4.58,13.3,87.0,204.0,213.0,5.397605346934028e-79,182.0,0.51,45.08,,,2.34
IQ-LAB-97874,55.0,female,6.2,4.43,13.9,91.3,192.0,,,,,,104.0,,
IQ-LAB-97875,7.0,female,8.0,4.5,13.2,86.4,383.0,,,,,,,,0.75
IQ-LAB-97876,58.0,male,10.5,4.91,13.6,85.7,350.0,17.0,5.397605346934028e-79,14.0,0.93,82.21,79.0,9.81,6.76
IQ-LAB-97877,29.0,female,7.0,4.07,12.0,87.5,221.0,12.0,5.397605346934028e-79,19.0,0.66,58.34,,,1.73
IQ-LAB-97878,49.0,female,8.7,5.3,15.4,83.4,332.0,19.0,5.397605346934028e-79,14.0,0.92,81.33,183.0,10.01,26.0
IQ-LAB-97879,4.0,female,8.4,4.84,12.5,78.1,248.0,,,,,,,,0.37
IQ-LAB-97881,13.0,male,8.0,5.32,15.2,82.6,237.0,13.0,5.397605346934028e-79,24.0,0.81,71.6,,,1.08
IQ-LAB-97882,18.0,female,7.2,4.96,14.7,86.6,375.0,15.0,5.397605346934028e-79,18.0,0.63,55.69,,,5.98
IQ-LAB-97883,71.0,female,7.0,5.1,15.9,91.9,190.0,18.0,5.397605346934028e-79,20.0,0.71,62.76,,,1.29
IQ-LAB-97886,54.0,female,6.4,4.75,14.6,89.8,186.0,12.0,5.397605346934028e-79,16.0,0.61,53.92,115.0,21.97,0.75
IQ-LAB-97889,10.0,male,4.8,5.02,14.2,81.4,181.0,,,,,,,,0.28
IQ-LAB-97890,11.0,female,5.8,4.66,12.9,83.7,251.0,,,,,,,,0.46
IQ-LAB-97891,69.0,male,5.5,5.19,15.7,88.1,223.0,16.0,5.397605346934028e-79,14.0,1.18,104.31,,,3.04
IQ-LAB-97892,15.0,female,9.6,4.58,12.9,85.7,364.0,12.0,5.397605346934028e-79,17.0,0.7,61.88,,,3.98
IQ-LAB-97894,67.0,female,6.4,4.23,13.1,91.6,209.0,10.0,5.397605346934028e-79,15.0,0.6,53.04,,,1.3
IQ-LAB-97895,63.0,male,12.2,3.82,10.0,82.3,373.0,16.0,5.397605346934028e-79,14.0,1.07,94.59,,,11.3
IQ-LAB-97896,57.0,female,9.2,4.74,14.3,89.5,284.0,9.0,5.397605346934028e-79,13.0,0.67,59.23,114.0,6.02,4.37
IQ-LAB-97897,58.0,male,7.5,5.63,14.8,78.1,227.0,28.0,5.397605346934028e-79,24.0,0.83,73.37,99.0,19.21,9.63
IQ-LAB-97900,1.0,male,9.7,4.69,12.1,78.9,696.0,,,,,,,,4.45
IQ-LAB-97901,45.0,male,6.4,4.79,15.5,93.2,192.0,22.0,5.397605346934028e-79,20.0,0.94,83.1,107.0,10.43,0.45
IQ-LAB-97902,62.0,male,8.2,4.75,15.1,93.0,202.0,18.0,5.397605346934028e-79,14.0,0.85,75.14,203.0,16.39,1.14
IQ-LAB-97903,78.0,female,9.0,5.04,14.2,85.2,217.0,23.0,5.397605346934028e-79,31.0,1.2,106.08,,,0.37
IQ-LAB-97904,34.0,male,4.1,5.78,14.0,74.7,229.0,30.0,5.397605346934028e-79,52.0,1.3,114.92,,,1.84
IQ-LAB-97905,64.0,female,6.4,3.87,12.9,97.2,249.0,17.0,5.397605346934028e-79,15.0,1.06,93.7,,,14.95
IQ-LAB-97906,7.0,male,11.4,4.28,12.1,83.1,235.0,,,,,,,,1.32
IQ-LAB-97908,62.0,male,4.9,5.02,15.6,91.3,163.0,16.0,5.397605346934028e-79,17.0,0.9,79.56,90.0,11.23,0.47
IQ-LAB-97909,45.0,female,7.4,4.7,13.1,86.3,318.0,18.0,5.397605346934028e-79,13.0,0.61,53.92,107.0,15.94,1.95
IQ-LAB-97910,12.0,male,4.5,5.0,14.0,83.5,211.0,10.0,5.397605346934028e-79,24.0,0.6,53.04,,,0.35
IQ-LAB-97911,10.0,female,4.9,4.76,11.8,75.5,300.0,,,,,,,,4.32
IQ-LAB-97914,6.0,female,8.2,4.6,12.8,84.6,319.0,,,,,,,,1.42
IQ-LAB-97915,42.0,female,7.2,4.96,13.3,81.4,180.0,25.0,5.397605346934028e-79,25.0,0.54,47.74,,,3.55
IQ-LAB-97916,73.0,female,7.6,4.88,14.7,91.6,168.0,10.0,5.397605346934028e-79,14.0,0.7,61.88,107.0,20.0,2.65
IQ-LAB-97918,18.0,female,6.1,4.25,12.5,87.2,314.0,23.0,5.397605346934028e-79,18.0,0.56,49.5,87.0,6.09,1.25
IQ-LAB-97919,70.0,female,3.8,4.37,13.6,90.2,135.0,10.0,5.397605346934028e-79,16.0,0.63,55.69,129.0,5.77,1.14
IQ-LAB-97921,6.0,female,8.9,4.23,11.8,84.0,200.0,,,,,,,,5.85
IQ-LAB-97922,9.0,male,9.0,4.75,13.6,85.3,273.0,,,,,,,,5.98
IQ-LAB-97923,43.0,female,7.6,3.65,11.8,98.5,236.0,41.0,5.397605346934028e-79,173.0,0.35,30.94,,,0.48
IQ-LAB-97925,14.0,female,6.7,4.86,14.2,86.9,307.0,9.0,5.397605346934028e-79,17.0,0.65,57.46,108.0,17.6,0.21
IQ-LAB-97926,80.0,male,5.9,5.35,16.1,89.0,180.0,16.0,5.397605346934028e-79,22.0,1.17,103.43,114.0,9.94,1.1
IQ-LAB-97927,10.0,female,7.0,5.43,13.6,76.5,421.0,,,,,,,,0.37
IQ-LAB-97928,56.0,male,6.5,5.56,16.8,90.1,154.0,23.0,5.397605346934028e-79,20.0,1.04,91.94,110.0,9.31,0.43
IQ-LAB-97929,76.0,female,8.4,4.93,14.4,88.3,145.0,15.0,5.397605346934028e-79,15.0,0.57,50.39,,,1.61
IQ-LAB-97930,32.0,male,8.4,5.63,16.8,86.9,342.0,32.0,5.397605346934028e-79,22.0,1.1,97.24,,,1.07
IQ-LAB-97931,16.0,female,6.2,4.32,13.4,91.9,269.0,14.0,5.397605346934028e-79,22.0,0.83,73.37,96.0,4.55,0.38
IQ-LAB-97933,14.0,male,10.7,5.22,15.1,84.8,331.0,30.0,5.397605346934028e-79,24.0,0.58,51.27,,,1.2
IQ-LAB-97934,25.0,male,6.7,4.73,14.4,89.1,245.0,15.0,5.397605346934028e-79,20.0,0.76,67.18,109.0,24.07,1.85
IQ-LAB-97935,22.0,male,8.1,4.98,14.4,89.6,371.0,,,,,,97.0,,
IQ-LAB-97937,61.0,female,5.0,4.55,14.6,95.8,236.0,15.0,5.397605346934028e-79,22.0,0.61,53.92,110.0,9.93,0.75
IQ-LAB-97938,35.0,male,6.1,4.54,12.1,85.7,250.0,11.0,5.397605346934028e-79,16.0,0.88,77.79,96.0,17.64,39.94
IQ-LAB-97939,1.0,female,10.1,4.32,11.9,78.8,354.0,,,,,,,,0.51
IQ-LAB-97940,29.0,male,5.1,4.92,14.1,86.4,225.0,34.0,5.397605346934028e-79,23.0,0.77,68.07,105.0,5.76,2.48
IQ-LAB-97941,28.0,female,11.4,4.66,13.9,87.3,305.0,11.0,5.397605346934028e-79,18.0,0.92,81.33,,,2.56
IQ-LAB-97943,19.0,female,5.9,5.07,15.2,88.5,328.0,21.0,5.397605346934028e-79,16.0,0.74,65.42,,,0.41
IQ-LAB-97944,63.0,female,8.0,4.93,15.4,93.9,282.0,11.0,5.397605346934028e-79,13.0,0.76,67.18,112.0,6.48,7.01
IQ-LAB-97945,28.0,female,6.4,4.3,13.1,89.9,215.0,21.0,5.397605346934028e-79,16.0,0.49,43.32,90.0,6.91,2.34
IQ-LAB-97946,34.0,female,5.5,4.73,14.2,89.1,203.0,17.0,5.397605346934028e-79,16.0,0.79,69.84,,,0.44
IQ-LAB-97947,80.0,female,8.3,4.49,13.5,89.3,241.0,16.0,5.397605346934028e-79,18.0,0.86,76.02,,,4.31
IQ-LAB-97948,32.0,female,9.0,3.92,11.9,91.6,319.0,12.0,5.397605346934028e-79,18.0,0.69,61.0,,,1.12
IQ-LAB-97949,30.0,female,6.9,4.32,13.0,89.3,253.0,7.0,5.397605346934028e-79,17.0,0.72,63.65,,,0.66
IQ-LAB-97950,69.0,female,6.7,4.65,15.0,98.5,231.0,14.0,5.397605346934028e-79,17.0,1.04,91.94,94.0,5.89,6.14
IQ-LAB-97951,24.0,female,3.9,4.95,14.7,89.9,183.0,14.0,5.397605346934028e-79,17.0,0.83,73.37,87.0,11.75,0.67
IQ-LAB-97952,57.0,male,5.1,5.05,13.8,82.3,199.0,14.0,5.397605346934028e-79,14.0,1.11,98.12,117.0,22.63,5.75
IQ-LAB-97953,7.0,female,6.4,4.6,12.6,83.0,332.0,,,,,,,,0.53
IQ-LAB-97954,67.0,female,9.5,5.31,16.3,89.5,220.0,53.0,5.397605346934028e-79,46.0,0.47,41.55,,,3.39
IQ-LAB-97955,65.0,male,8.1,5.54,17.0,91.5,251.0,82.0,5.397605346934028e-79,83.0,0.67,59.23,117.0,31.67,0.29
IQ-LAB-97956,80.0,male,9.6,4.83,15.1,93.4,219.0,23.0,5.397605346934028e-79,27.0,1.78,157.35,,,1.1
IQ-LAB-97958,24.0,female,6.0,4.26,11.5,83.9,271.0,11.0,5.397605346934028e-79,10.0,0.8,70.72,114.0,28.88,0.95
IQ-LAB-97959,80.0,male,6.5,4.37,14.2,96.1,189.0,11.0,5.397605346934028e-79,19.0,0.8,70.72,150.0,6.64,1.13
IQ-LAB-97963,29.0,male,5.4,5.09,14.9,84.4,190.0,12.0,5.397605346934028e-79,19.0,1.03,91.05,104.0,2.86,0.6
IQ-LAB-97964,74.0,male,5.6,4.59,13.3,91.0,201.0,14.0,5.397605346934028e-79,19.0,1.01,89.28,,,7.46
IQ-LAB-97965,32.0,male,11.0,5.16,15.7,88.4,373.0,34.0,5.397605346934028e-79,21.0,1.01,89.28,,,3.72
IQ-LAB-97966,54.0,female,6.6,4.47,14.4,93.6,242.0,25.0,5.397605346934028e-79,24.0,0.71,62.76,,,0.75
IQ-LAB-97967,40.0,female,5.0,4.3,12.8,88.7,228.0,16.0,5.397605346934028e-79,16.0,0.69,61.0,,,1.03
IQ-LAB-97969,62.0,female,7.7,4.84,13.6,85.3,266.0,18.0,5.397605346934028e-79,16.0,0.72,63.65,,,1.25
IQ-LAB-97970,61.0,female,4.1,4.74,13.2,87.5,215.0,17.0,5.397605346934028e-79,17.0,0.95,83.98,92.0,17.5,2.28
IQ-LAB-97971,71.0,male,9.3,5.01,16.9,96.8,146.0,44.0,5.397605346934028e-79,41.0,0.95,83.98,,,1.77
IQ-LAB-97972,30.0,female,6.5,4.57,11.8,79.4,251.0,8.0,5.397605346934028e-79,11.0,0.7,61.88,109.0,25.07,5.75
IQ-LAB-97973,64.0,male,8.3,5.08,14.6,87.0,143.0,27.0,5.397605346934028e-79,22.0,1.08,95.47,115.0,15.77,4.25
IQ-LAB-97974,44.0,female,8.8,4.31,13.8,95.2,299.0,14.0,5.397605346934028e-79,18.0,0.63,55.69,104.0,6.93,1.53
IQ-LAB-97975,4.0,male,9.8,4.42,12.8,85.1,374.0,,,,,,,,0.55
IQ-LAB-97976,62.0,male,3.8,4.05,12.9,92.0,224.0,23.0,5.397605346934028e-79,31.0,0.53,46.85,,,4.57
IQ-LAB-97978,41.0,female,8.3,4.91,13.5,85.2,583.0,21.0,5.397605346934028e-79,19.0,0.78,68.95,,,5.89
IQ-LAB-97979,14.0,male,5.9,4.97,14.2,84.7,237.0,21.0,5.397605346934028e-79,27.0,0.67,59.23,,,1.57
IQ-LAB-97980,78.0,male,5.8,4.52,13.4,90.8,139.0,17.0,5.397605346934028e-79,21.0,1.14,100.78,144.0,3.92,1.13
IQ-LAB-97981,5.0,male,6.7,4.23,11.7,82.3,271.0,,,,,,,,0.33
IQ-LAB-97982,52.0,female,9.5,4.71,15.2,95.6,325.0,22.0,5.397605346934028e-79,25.0,0.81,71.6,,,1.1
IQ-LAB-97983,61.0,male,8.4,5.55,14.4,78.9,285.0,18.0,5.397605346934028e-79,15.0,0.98,86.63,,,7.31
IQ-LAB-97984,9.0,male,7.1,5.44,12.9,73.7,308.0,,,,,,,,0.48
IQ-LAB-97985,80.0,female,4.9,3.98,12.0,89.8,258.0,11.0,5.397605346934028e-79,20.0,1.29,114.04,,,2.29
IQ-LAB-97986,29.0,female,9.0,4.52,12.5,84.9,313.0,11.0,5.397605346934028e-79,12.0,0.89,78.68,86.0,16.15,5.96
IQ-LAB-97987,58.0,female,8.1,4.29,12.9,90.3,155.0,19.0,5.397605346934028e-79,20.0,0.98,86.63,,,2.76
IQ-LAB-97988,14.0,male,8.2,4.66,12.2,80.3,193.0,15.0,5.397605346934028e-79,30.0,1.14,100.78,,,0.45
IQ-LAB-97989,16.0,female,4.9,5.01,14.6,89.0,260.0,,,,,,96.0,,
IQ-LAB-97991,18.0,male,6.4,5.31,15.2,83.8,284.0,8.0,5.397605346934028e-79,15.0,0.78,68.95,104.0,11.83,0.18
IQ-LAB-97993,16.0,female,6.4,4.7,14.4,89.5,278.0,11.0,5.397605346934028e-79,17.0,0.64,56.58,98.0,6.2,0.99
IQ-LAB-97995,47.0,male,7.4,5.34,16.3,92.5,274.0,,,,,,113.0,,
IQ-LAB-97996,75.0,female,8.1,5.34,14.7,83.4,255.0,48.0,5.397605346934028e-79,34.0,0.87,76.91,88.0,11.6,0.52
IQ-LAB-97997,70.0,female,9.3,4.18,12.6,88.7,316.0,18.0,5.397605346934028e-79,18.0,0.77,68.07,,,2.4
IQ-LAB-97999,80.0,female,10.9,5.29,11.7,69.2,289.0,11.0,5.397605346934028e-79,14.0,1.77,156.47,,,6.76
IQ-LAB-98000,7.0,female,7.0,5.19,13.8,81.0,255.0,,,,,,,,0.73
IQ-LAB-98001,16.0,male,7.9,4.96,15.4,93.3,180.0,10.0,5.397605346934028e-79,13.0,0.77,68.07,102.0,11.8,1.2
IQ-LAB-98002,16.0,male,7.6,5.0,13.6,84.5,321.0,11.0,5.397605346934028e-79,27.0,1.03,91.05,,,2.1
IQ-LAB-98004,17.0,female,10.4,4.25,12.2,85.8,197.0,9.0,5.397605346934028e-79,18.0,0.73,64.53,,,2.78
IQ-LAB-98005,67.0,male,8.4,5.63,17.1,90.3,172.0,16.0,5.397605346934028e-79,18.0,1.18,104.31,147.0,199.32,1.79
IQ-LAB-98006,36.0,male,6.0,4.12,14.1,100.7,121.0,16.0,5.397605346934028e-79,23.0,1.22,107.85,,,0.75
IQ-LAB-98007,31.0,male,8.8,5.21,13.5,80.5,301.0,,,,,,90.0,,
IQ-LAB-98008,80.0,female,6.7,4.41,14.2,95.4,259.0,11.0,5.397605346934028e-79,18.0,0.91,80.44,95.0,10.78,3.43
IQ-LAB-98009,57.0,male,8.2,4.88,15.9,92.9,337.0,19.0,5.397605346934028e-79,25.0,1.06,93.7,,,1.57
IQ-LAB-98010,27.0,female,10.1,4.68,12.8,81.9,260.0,14.0,5.397605346934028e-79,19.0,0.57,50.39,,,1.02
IQ-LAB-98011,3.0,male,11.0,3.97,11.8,92.4,336.0,,,,,,,,2.89
IQ-LAB-98012,13.0,male,8.6,5.26,14.6,80.2,325.0,13.0,5.397605346934028e-79,20.0,0.56,49.5,,,2.79
IQ-LAB-98013,4.0,female,7.8,4.1,11.2,79.4,420.0,,,,,,,,1.53
IQ-LAB-98014,59.0,female,10.9,5.64,15.8,82.3,312.0,23.0,5.397605346934028e-79,17.0,0.41,36.24,,,30.45
IQ-LAB-98015,49.0,male,8.2,4.65,14.5,88.4,256.0,26.0,5.397605346934028e-79,21.0,0.83,73.37,,,3.94
IQ-LAB-98018,22.0,male,7.6,4.98,13.7,85.6,182.0,5.0,5.397605346934028e-79,12.0,1.02,90.17,99.0,8.2,0.62
IQ-LAB-98019,80.0,male,8.3,5.33,13.3,78.5,280.0,11.0,5.397605346934028e-79,12.0,1.05,92.82,,,0.36
IQ-LAB-98021,9.0,female,5.8,5.5,12.3,69.6,264.0,,,,,,,,
IQ-LAB-98022,18.0,female,8.5,4.64,12.5,78.9,215.0,18.0,5.397605346934028e-79,24.0,0.62,54.81,,,0.73
IQ-LAB-98023,37.0,female,5.4,4.34,14.0,98.9,277.0,19.0,5.397605346934028e-79,16.0,0.81,71.6,90.0,23.32,0.76
IQ-LAB-98024,61.0,female,5.6,4.12,12.8,92.0,238.0,14.0,5.397605346934028e-79,17.0,0.66,58.34,105.0,15.35,3.18
IQ-LAB-98025,15.0,male,5.9,5.02,13.4,79.9,267.0,21.0,5.397605346934028e-79,30.0,0.77,68.07,,,0.72
IQ-LAB-98026,4.0,female,8.2,3.93,11.6,84.4,365.0,,,,,,,,0.52
IQ-LAB-98027,6.0,male,5.9,4.82,13.1,79.1,258.0,,,,,,,,5.3
IQ-LAB-98028,34.0,female,8.7,3.82,12.4,91.6,386.0,19.0,5.397605346934028e-79,18.0,0.76,67.18,,,4.2
IQ-LAB-98029,66.0,female,7.4,4.09,13.2,94.5,303.0,11.0,5.397605346934028e-79,15.0,0.68,60.11,101.0,3.81,1.36
IQ-LAB-98030,24.0,female,7.4,4.98,12.7,79.5,248.0,12.0,5.397605346934028e-79,15.0,0.58,51.27,99.0,6.74,2.18
IQ-LAB-98031,31.0,male,8.5,5.56,17.0,88.2,245.0,63.0,5.397605346934028e-79,38.0,0.85,75.14,,,6.22
IQ-LAB-98032,72.0,male,5.0,5.34,15.7,89.8,142.0,15.0,5.397605346934028e-79,20.0,0.93,82.21,130.0,13.24,0.46
IQ-LAB-98033,42.0,female,4.3,4.2,12.1,87.0,161.0,11.0,5.397605346934028e-79,25.0,0.79,69.84,87.0,7.9,0.64
IQ-LAB-98035,35.0,female,5.8,4.14,13.0,89.6,246.0,10.0,5.397605346934028e-79,13.0,0.6,53.04,95.0,8.25,2.01
IQ-LAB-98036,38.0,female,8.5,4.37,12.7,85.3,266.0,12.0,5.397605346934028e-79,13.0,0.75,66.3,,,1.14
IQ-LAB-98037,6.0,female,6.4,4.06,11.7,88.3,302.0,,,,,,,,0.85
IQ-LAB-98038,15.0,female,5.1,4.61,13.0,84.2,284.0,16.0,5.397605346934028e-79,23.0,0.54,47.74,98.0,6.59,0.11
IQ-LAB-98040,65.0,male,10.7,4.7,14.3,90.4,243.0,21.0,5.397605346934028e-79,20.0,1.21,106.96,,,1.27
IQ-LAB-98041,55.0,female,10.0,4.79,14.3,89.5,226.0,17.0,5.397605346934028e-79,21.0,0.71,62.76,,,17.6
IQ-LAB-98043,61.0,male,7.0,5.1,13.8,85.1,279.0,28.0,5.397605346934028e-79,24.0,0.78,68.95,101.0,7.1,0.83
IQ-LAB-98044,12.0,male,7.7,5.15,12.9,74.9,278.0,,,,,,86.0,,
IQ-LAB-98045,40.0,female,7.6,4.48,13.0,86.7,225.0,15.0,5.397605346934028e-79,16.0,0.58,51.27,,,0.87
IQ-LAB-98046,49.0,female,9.7,4.82,14.1,87.0,254.0,14.0,5.397605346934028e-79,14.0,0.59,52.16,124.0,20.98,19.95
IQ-LAB-98047,53.0,male,7.7,4.98,13.7,84.6,272.0,30.0,5.397605346934028e-79,25.0,0.93,82.21,113.0,12.14,4.05
IQ-LAB-98048,30.0,female,7.9,4.94,14.5,89.0,271.0,,,,,,89.0,,
IQ-LAB-98049,67.0,male,4.6,4.13,13.5,98.0,190.0,7.0,5.397605346934028e-79,20.0,1.11,98.12,103.0,2.28,1.24
IQ-LAB-98051,9.0,male,9.1,4.92,14.1,82.2,363.0,,,,,,,,0.39
IQ-LAB-98052,26.0,female,7.7,4.28,12.2,85.8,389.0,9.0,5.397605346934028e-79,14.0,0.74,65.42,,,1.7
IQ-LAB-98054,43.0,male,10.0,4.34,14.0,91.4,205.0,76.0,5.397605346934028e-79,36.0,0.74,65.42,,,0.89
IQ-LAB-98056,34.0,female,8.7,4.53,11.4,78.9,319.0,17.0,5.397605346934028e-79,13.0,0.67,59.23,91.0,9.02,6.26
IQ-LAB-98057,21.0,male,10.5,5.23,15.8,86.6,338.0,25.0,5.397605346934028e-79,15.0,0.81,71.6,,,4.71
IQ-LAB-98058,80.0,female,6.4,4.27,13.0,91.8,248.0,10.0,5.397605346934028e-79,19.0,0.73,64.53,,,0.54
IQ-LAB-98060,80.0,male,5.7,5.05,15.3,88.8,193.0,25.0,5.397605346934028e-79,28.0,0.89,78.68,,,0.98
IQ-LAB-98061,19.0,male,1.9,4.98,15.0,90.2,183.0,9.0,5.397605346934028e-79,15.0,1.01,89.28,,,0.27
IQ-LAB-98062,80.0,female,6.5,4.69,13.8,88.2,221.0,15.0,5.397605346934028e-79,13.0,0.78,68.95,142.0,16.18,3.2
IQ-LAB-98063,3.0,female,9.5,4.08,11.7,82.2,288.0,,,,,,,,0.34
IQ-LAB-98065,29.0,female,5.0,4.33,11.6,81.4,217.0,14.0,5.397605346934028e-79,15.0,0.78,68.95,,,0.3
IQ-LAB-98066,19.0,male,7.9,5.49,16.6,87.6,215.0,17.0,5.397605346934028e-79,21.0,0.81,71.6,,,1.84
IQ-LAB-98068,14.0,female,10.9,4.48,13.4,89.4,329.0,15.0,5.397605346934028e-79,13.0,0.56,49.5,98.0,13.71,0.67
IQ-LAB-98069,2.0,female,7.5,4.54,12.7,81.3,317.0,,,,,,,,
IQ-LAB-98071,61.0,female,10.6,4.88,14.9,90.3,234.0,12.0,5.397605346934028e-79,19.0,0.69,61.0,,,10.01
IQ-LAB-98072,6.0,male,5.3,5.01,13.4,80.4,314.0,,,,,,,,0.33
IQ-LAB-98073,23.0,female,7.5,4.54,13.6,87.2,377.0,19.0,5.397605346934028e-79,27.0,0.74,65.42,,,1.43
IQ-LAB-98074,2.0,male,9.5,5.04,12.7,72.3,379.0,,,,,,,,0.64
IQ-LAB-98075,66.0,female,4.4,4.8,14.6,87.4,126.0,16.0,5.397605346934028e-79,15.0,1.08,95.47,95.0,7.98,0.6
IQ-LAB-98076,2.0,female,6.7,4.91,12.2,73.8,212.0,,,,,,,,14.47
IQ-LAB-98077,31.0,male,5.3,5.2,15.8,90.7,247.0,,,,,,86.0,,
IQ-LAB-98080,5.0,male,5.9,4.47,12.6,81.5,297.0,,,,,,,,0.44
IQ-LAB-98081,56.0,male,3.1,4.25,11.7,85.9,180.0,15.0,5.397605346934028e-79,23.0,1.09,96.36,106.0,8.51,1.21
IQ-LAB-98082,46.0,female,7.3,5.31,15.3,84.5,164.0,46.0,5.397605346934028e-79,30.0,0.62,54.81,313.0,41.66,5.83
IQ-LAB-98083,54.0,female,5.9,4.34,12.6,88.3,285.0,156.0,5.397605346934028e-79,150.0,0.91,80.44,,,0.88
IQ-LAB-98084,80.0,female,6.7,4.48,12.8,86.6,201.0,13.0,5.397605346934028e-79,15.0,1.23,108.73,,,49.22
IQ-LAB-98085,59.0,male,12.9,4.47,13.8,92.7,354.0,19.0,5.397605346934028e-79,17.0,0.64,56.58,125.0,39.59,7.56
IQ-LAB-98087,74.0,female,5.2,4.28,13.8,92.6,226.0,12.0,5.397605346934028e-79,18.0,0.96,84.86,,,2.52
IQ-LAB-98088,33.0,male,6.0,5.36,16.7,93.6,215.0,40.0,5.397605346934028e-79,24.0,0.94,83.1,100.0,16.32,1.28
IQ-LAB-98091,3.0,female,9.9,4.26,12.2,83.0,212.0,,,,,,,,0.74
IQ-LAB-98092,41.0,male,9.8,5.32,16.8,91.0,225.0,50.0,5.397605346934028e-79,24.0,0.65,57.46,133.0,26.41,6.25
IQ-LAB-98093,7.0,male,6.0,5.1,13.7,80.8,244.0,,,,,,,,0.71
IQ-LAB-98094,45.0,female,6.4,4.47,12.2,84.7,315.0,26.0,5.397605346934028e-79,28.0,0.56,49.5,,,2.62
IQ-LAB-98095,80.0,female,6.8,4.63,14.5,93.9,194.0,16.0,5.397605346934028e-79,19.0,0.94,83.1,,,0.57
IQ-LAB-98096,36.0,female,6.8,4.05,13.2,94.9,252.0,31.0,5.397605346934028e-79,19.0,0.67,59.23,,,1.39
IQ-LAB-98097,29.0,male,8.0,5.37,16.3,88.9,256.0,44.0,5.397605346934028e-79,29.0,0.87,76.91,,,0.76
IQ-LAB-98099,54.0,male,6.3,5.22,14.3,83.1,207.0,18.0,5.397605346934028e-79,21.0,0.99,87.52,111.0,5.06,2.85
IQ-LAB-98100,33.0,male,6.3,5.19,15.6,89.6,263.0,16.0,5.397605346934028e-79,19.0,0.88,77.79,111.0,27.77,1.34
IQ-LAB-98102,35.0,female,10.1,4.49,11.5,78.5,350.0,18.0,5.397605346934028e-79,20.0,0.58,51.27,101.0,13.41,7.45
IQ-LAB-98103,37.0,male,7.3,5.19,16.2,92.2,288.0,14.0,5.397605346934028e-79,14.0,1.12,99.01,89.0,8.45,1.36
IQ-LAB-98105,1.0,male,6.8,4.11,11.9,85.1,323.0,,,,,,,,0.29
IQ-LAB-98106,76.0,female,8.2,5.0,13.8,84.8,222.0,33.0,5.397605346934028e-79,38.0,0.58,51.27,119.0,43.52,11.23
IQ-LAB-98107,61.0,male,7.5,5.12,15.9,89.4,172.0,19.0,5.397605346934028e-79,20.0,0.67,59.23,,,1.42
IQ-LAB-98108,1.0,male,13.2,4.73,12.1,78.0,280.0,,,,,,,,0.5
IQ-LAB-98109,77.0,male,9.3,4.11,13.4,95.2,179.0,20.0,5.397605346934028e-79,32.0,1.52,134.37,112.0,148.59,0.43
IQ-LAB-98111,19.0,female,7.3,4.57,14.1,89.2,285.0,40.0,5.397605346934028e-79,27.0,0.77,68.07,,,4.64
IQ-LAB-98113,25.0,female,7.4,4.77,13.4,84.1,276.0,11.0,5.397605346934028e-79,16.0,0.68,60.11,89.0,15.28,7.16
IQ-LAB-98115,4.0,female,8.9,4.94,13.6,83.1,430.0,,,,,,,,0.51
IQ-LAB-98117,8.0,female,5.5,4.66,13.2,83.1,330.0,,,,,,,,0.52
IQ-LAB-98118,7.0,male,7.2,4.3,12.7,83.2,285.0,,,,,,,,4.35
IQ-LAB-98119,30.0,female,11.5,4.13,12.1,89.2,308.0,22.0,5.397605346934028e-79,16.0,0.54,47.74,,,7.79
IQ-LAB-98120,41.0,female,14.0,4.61,13.6,87.8,225.0,16.0,5.397605346934028e-79,12.0,0.78,68.95,,,5.73
IQ-LAB-98121,73.0,male,6.7,3.92,11.8,92.1,225.0,15.0,5.397605346934028e-79,19.0,1.3,114.92,170.0,7.28,2.94
IQ-LAB-98122,14.0,male,3.7,5.07,13.7,83.2,219.0,7.0,5.397605346934028e-79,18.0,0.79,69.84,,,0.28
IQ-LAB-98123,4.0,male,8.5,4.59,12.4,78.6,342.0,,,,,,,,0.4
IQ-LAB-98124,31.0,male,6.7,5.01,16.1,91.0,288.0,29.0,5.397605346934028e-79,27.0,0.85,75.14,,,5.16
IQ-LAB-98125,76.0,female,6.3,4.71,14.7,90.8,224.0,15.0,5.397605346934028e-79,18.0,0.81,71.6,,,2.11
IQ-LAB-98128,9.0,female,6.7,5.51,13.0,73.9,187.0,,,,,,,,1.18
IQ-LAB-98129,14.0,female,5.2,4.61,13.2,86.4,226.0,9.0,5.397605346934028e-79,13.0,0.55,48.62,101.0,11.79,0.24
IQ-LAB-98130,68.0,male,6.1,4.56,15.0,98.7,161.0,31.0,5.397605346934028e-79,33.0,0.81,71.6,104.0,7.83,0.95
IQ-LAB-98131,40.0,female,7.2,3.98,11.7,89.2,436.0,16.0,5.397605346934028e-79,16.0,0.89,78.68,,,53.83
IQ-LAB-98132,15.0,male,8.3,5.06,14.7,83.9,192.0,8.0,5.397605346934028e-79,14.0,0.66,58.34,,,1.29
IQ-LAB-98133,80.0,female,8.9,3.85,12.5,98.0,239.0,11.0,5.397605346934028e-79,20.0,0.78,68.95,99.0,4.93,1.86
IQ-LAB-98134,62.0,male,9.7,4.5,13.9,92.6,237.0,28.0,5.397605346934028e-79,29.0,1.0,88.4,96.0,10.35,3.16
IQ-LAB-98135,42.0,female,7.4,4.25,11.7,82.4,313.0,13.0,5.397605346934028e-79,12.0,0.72,63.65,101.0,29.72,31.95
IQ-LAB-98137,78.0,female,4.5,4.43,14.6,100.9,239.0,25.0,5.397605346934028e-79,25.0,0.87,76.91,100.0,4.69,0.65
IQ-LAB-98138,40.0,male,6.4,4.89,15.6,96.5,144.0,30.0,5.397605346934028e-79,22.0,0.85,75.14,102.0,18.27,4.64
IQ-LAB-98139,60.0,male,6.0,4.38,13.6,91.1,191.0,17.0,5.397605346934028e-79,26.0,0.87,76.91,,,0.51
IQ-LAB-98141,56.0,female,8.2,4.4,13.1,88.3,206.0,20.0,5.397605346934028e-79,18.0,0.69,61.0,112.0,22.37,0.63
IQ-LAB-98142,65.0,male,3.8,4.06,13.1,95.5,198.0,15.0,5.397605346934028e-79,33.0,1.24,109.62,,,0.76
IQ-LAB-98143,80.0,female,7.5,4.49,14.4,92.8,235.0,17.0,5.397605346934028e-79,26.0,1.23,108.73,89.0,6.69,2.39
IQ-LAB-98144,45.0,female,9.9,4.73,13.9,91.2,221.0,11.0,5.397605346934028e-79,12.0,0.73,64.53,97.0,9.25,7.46
IQ-LAB-98145,24.0,female,7.3,4.43,14.2,92.2,199.0,13.0,5.397605346934028e-79,25.0,0.72,63.65,,,0.57
IQ-LAB-98147,29.0,male,4.4,5.28,15.3,82.7,205.0,69.0,5.397605346934028e-79,38.0,1.15,101.66,106.0,11.42,3.09
IQ-LAB-98148,37.0,female,11.3,4.83,14.8,91.2,230.0,12.0,5.397605346934028e-79,19.0,0.89,78.68,96.0,9.41,0.7
IQ-LAB-98149,15.0,male,7.6,5.08,15.8,93.2,243.0,,,,,,87.0,,
IQ-LAB-98150,14.0,male,5.1,5.25,15.6,85.3,270.0,8.0,5.397605346934028e-79,10.0,0.74,65.42,93.0,7.37,0.97
IQ-LAB-98152,62.0,male,6.4,4.49,13.5,90.1,436.0,14.0,5.397605346934028e-79,18.0,1.04,91.94,,,1.75
IQ-LAB-98153,55.0,male,7.7,5.3,14.4,82.1,216.0,17.0,5.397605346934028e-79,21.0,0.93,82.21,,,0.55
IQ-LAB-98154,7.0,male,7.9,4.89,14.5,82.8,259.0,,,,,,,,0.39
IQ-LAB-98155,1.0,male,16.4,4.33,11.9,82.3,407.0,,,,,,,,0.25
IQ-LAB-98156,46.0,female,7.1,4.62,13.6,88.0,318.0,19.0,5.397605346934028e-79,15.0,0.55,48.62,127.0,34.01,2.09
IQ-LAB-98157,6.0,female,3.9,4.22,12.1,82.6,251.0,,,,,,,,0.22
IQ-LAB-98158,69.0,male,4.4,3.95,12.7,96.5,104.0,11.0,5.397605346934028e-79,16.0,1.24,109.62,,,4.67
IQ-LAB-98160,4.0,female,9.0,4.53,12.2,79.4,463.0,,,,,,,,2.53
IQ-LAB-98161,43.0,female,8.5,4.49,15.3,99.8,237.0,9.0,5.397605346934028e-79,12.0,0.67,59.23,97.0,6.13,5.51
IQ-LAB-98162,70.0,female,6.0,5.03,13.4,80.4,175.0,14.0,5.397605346934028e-79,19.0,0.73,64.53,122.0,13.41,1.22
IQ-LAB-98163,17.0,female,10.2,4.88,13.3,80.7,229.0,15.0,5.397605346934028e-79,19.0,0.64,56.58,,,1.53
IQ-LAB-98164,14.0,female,8.6,4.36,12.0,85.6,292.0,8.0,5.397605346934028e-79,13.0,0.64,56.58,,,0.97
IQ-LAB-98165,55.0,male,4.6,4.5,14.1,89.8,171.0,31.0,5.397605346934028e-79,28.0,0.86,76.02,,,2.32
IQ-LAB-98167,5.0,female,9.5,4.58,12.5,82.7,423.0,,,,,,,,
IQ-LAB-98168,55.0,female,6.2,4.42,12.8,87.5,145.0,41.0,5.397605346934028e-79,23.0,0.67,59.23,104.0,4.86,1.14
IQ-LAB-98169,28.0,female,7.1,4.17,12.9,92.2,259.0,14.0,5.397605346934028e-79,16.0,0.41,36.24,,,3.93
IQ-LAB-98170,18.0,female,8.1,4.54,12.7,84.7,285.0,13.0,5.397605346934028e-79,14.0,0.69,61.0,,,2.08
IQ-LAB-98172,62.0,male,7.7,5.21,14.9,86.2,328.0,15.0,5.397605346934028e-79,23.0,0.77,68.07,,,1.01
IQ-LAB-98173,71.0,female,4.7,4.23,12.6,90.1,216.0,23.0,5.397605346934028e-79,26.0,0.41,36.24,,,4.74
IQ-LAB-98174,48.0,male,7.7,4.07,12.6,91.9,365.0,37.0,5.397605346934028e-79,42.0,0.95,83.98,,,2.42
IQ-LAB-98175,69.0,female,12.9,4.93,13.5,84.7,288.0,16.0,5.397605346934028e-79,16.0,0.73,64.53,101.0,16.49,3.59
IQ-LAB-98176,13.0,male,3.8,4.75,13.9,86.6,229.0,14.0,5.397605346934028e-79,18.0,0.75,66.3,109.0,18.35,0.44
IQ-LAB-98177,15.0,female,7.9,5.89,11.2,60.3,328.0,9.0,5.397605346934028e-79,14.0,0.71,62.76,,,0.47
IQ-LAB-98178,47.0,male,6.0,4.69,14.9,90.9,196.0,20.0,5.397605346934028e-79,22.0,0.98,86.63,,,4.06
IQ-LAB-98180,49.0,male,7.7,4.84,15.8,94.6,208.0,85.0,5.397605346934028e-79,46.0,0.69,61.0,,,5.97
IQ-LAB-98183,6.0,female,12.4,4.0,11.1,84.0,314.0,,,,,,,,0.74
IQ-LAB-98184,15.0,female,6.8,4.45,12.4,83.8,392.0,18.0,5.397605346934028e-79,16.0,0.61,53.92,105.0,26.13,3.27
IQ-LAB-98186,11.0,female,6.9,4.86,12.5,78.0,328.0,,,,,,,,0.45
IQ-LAB-98187,32.0,female,10.9,4.43,13.0,86.2,302.0,24.0,5.397605346934028e-79,20.0,0.47,41.55,,,2.91
IQ-LAB-98188,10.0,male,7.2,4.85,14.2,85.7,374.0,,,,,,,,2.29
IQ-LAB-98189,43.0,male,5.8,4.6,15.1,92.4,262.0,17.0,5.397605346934028e-79,18.0,0.85,75.14,101.0,3.47,0.28
IQ-LAB-98190,12.0,male,7.5,5.38,14.8,79.4,433.0,19.0,5.397605346934028e-79,20.0,0.48,42.43,,,0.34
IQ-LAB-98191,2.0,female,8.9,4.27,12.2,81.7,421.0,,,,,,,,0.75
IQ-LAB-98195,28.0,male,3.4,5.44,14.1,80.4,201.0,35.0,5.397605346934028e-79,28.0,1.06,93.7,115.0,4.93,1.03
IQ-LAB-98196,1.0,male,7.1,4.37,11.2,76.7,446.0,,,,,,,,
IQ-LAB-98197,69.0,male,5.2,5.53,17.3,91.7,163.0,44.0,5.397605346934028e-79,,1.3,114.92,,,3.74
IQ-LAB-98198,80.0,male,7.0,4.21,13.0,94.6,158.0,18.0,5.397605346934028e-79,23.0,0.92,81.33,,,1.27
IQ-LAB-98199,19.0,female,4.6,4.35,13.0,88.3,214.0,13.0,5.397605346934028e-79,16.0,0.87,76.91,93.0,9.12,0.6
IQ-LAB-98202,50.0,male,3.1,5.31,12.3,78.0,231.0,14.0,5.397605346934028e-79,19.0,1.17,103.43,106.0,6.88,4.17
IQ-LAB-98203,35.0,male,7.8,4.93,15.1,89.4,219.0,27.0,5.397605346934028e-79,23.0,0.84,74.26,,,6.44
IQ-LAB-98204,60.0,male,5.4,4.95,15.1,91.5,190.0,15.0,5.397605346934028e-79,17.0,1.1,97.24,96.0,5.72,0.2
IQ-LAB-98205,80.0,female,6.1,4.53,13.0,88.9,220.0,13.0,5.397605346934028e-79,14.0,0.97,85.75,,,1.02
IQ-LAB-98207,46.0,male,10.7,5.01,15.9,92.4,300.0,38.0,5.397605346934028e-79,28.0,1.18,104.31,,,5.86
IQ-LAB-98208,39.0,female,13.9,5.05,15.7,94.3,259.0,10.0,5.397605346934028e-79,15.0,0.77,68.07,107.0,7.78,0.79
IQ-LAB-98209,58.0,male,5.9,5.0,14.8,87.3,138.0,33.0,5.397605346934028e-79,29.0,0.99,87.52,,,0.47
IQ-LAB-98210,17.0,male,3.7,5.06,13.2,79.9,203.0,14.0,5.397605346934028e-79,14.0,1.05,92.82,,,0.18
IQ-LAB-98211,74.0,male,5.2,4.08,10.0,79.4,228.0,15.0,5.397605346934028e-79,18.0,0.98,86.63,110.0,10.0,1.08
IQ-LAB-98212,18.0,female,7.1,4.81,14.1,85.8,241.0,8.0,5.397605346934028e-79,15.0,0.76,67.18,,,1.12
IQ-LAB-98213,15.0,male,5.1,5.22,16.0,86.7,218.0,10.0,5.397605346934028e-79,17.0,1.02,90.17,101.0,3.07,0.94
IQ-LAB-98215,51.0,female,5.7,4.74,14.0,89.0,262.0,13.0,5.397605346934028e-79,13.0,0.66,58.34,,,0.73
IQ-LAB-98216,47.0,male,6.3,4.75,14.3,87.1,225.0,26.0,5.397605346934028e-79,20.0,1.06,93.7,,,1.15
IQ-LAB-98219,6.0,female,5.1,4.92,12.5,79.1,246.0,,,,,,,,0.16
IQ-LAB-98220,50.0,male,8.3,4.57,13.4,86.6,213.0,27.0,5.397605346934028e-79,27.0,0.9,79.56,,,7.26
IQ-LAB-98221,17.0,male,7.1,5.23,15.4,86.4,290.0,14.0,5.397605346934028e-79,16.0,0.92,81.33,,,1.29
IQ-LAB-98222,26.0,female,6.6,4.2,13.8,96.6,227.0,29.0,5.397605346934028e-79,23.0,0.96,84.86,,,4.43
IQ-LAB-98223,52.0,male,10.0,5.46,14.4,82.2,280.0,24.0,5.397605346934028e-79,18.0,1.0,88.4,,,3.29
IQ-LAB-98224,14.0,female,6.1,5.36,13.0,76.7,259.0,16.0,5.397605346934028e-79,19.0,0.83,73.37,,,0.11
IQ-LAB-98225,26.0,male,9.8,4.84,13.7,85.4,247.0,23.0,5.397605346934028e-79,18.0,1.03,91.05,88.0,13.52,4.36
IQ-LAB-98226,11.0,female,5.8,4.93,13.4,81.3,241.0,,,,,,,,1.05
IQ-LAB-98227,61.0,female,4.7,5.04,13.7,81.7,168.0,10.0,5.397605346934028e-79,14.0,0.79,69.84,89.0,11.94,1.16
IQ-LAB-98228,52.0,female,9.5,5.23,11.2,68.0,232.0,17.0,5.397605346934028e-79,14.0,0.78,68.95,113.0,16.42,52.45
IQ-LAB-98229,10.0,female,7.6,4.89,13.8,81.9,218.0,,,,,,,,0.73
IQ-LAB-98230,61.0,female,9.3,3.59,11.5,96.5,498.0,13.0,5.397605346934028e-79,17.0,0.77,68.07,,,0.74
IQ-LAB-98231,16.0,female,4.7,4.1,12.6,90.5,266.0,10.0,5.397605346934028e-79,15.0,0.67,59.23,75.0,5.47,1.08
IQ-LAB-98232,1.0,male,8.0,4.48,12.4,80.3,417.0,,,,,,,,1.23
IQ-LAB-98234,3.0,male,8.5,4.72,11.8,77.2,399.0,,,,,,,,
IQ-LAB-98235,10.0,female,6.6,5.02,12.5,76.4,218.0,,,,,,,,0.34
IQ-LAB-98236,80.0,female,8.4,4.71,13.5,86.5,307.0,11.0,5.397605346934028e-79,19.0,0.77,68.07,,,0.92
IQ-LAB-98238,44.0,female,5.3,4.91,12.6,76.0,220.0,20.0,5.397605346934028e-79,23.0,0.3,26.52,107.0,5.92,0.88
IQ-LAB-98241,32.0,male,4.5,4.95,13.9,85.5,174.0,25.0,5.397605346934028e-79,23.0,1.1,97.24,101.0,6.2,0.61
IQ-LAB-98242,53.0,female,6.3,4.8,13.6,84.6,247.0,28.0,5.397605346934028e-79,31.0,0.91,80.44,116.0,13.32,3.96
IQ-LAB-98243,35.0,male,9.0,5.84,16.6,85.1,205.0,56.0,5.397605346934028e-79,32.0,0.92,81.33,113.0,24.89,3.29
IQ-LAB-98244,80.0,male,7.4,4.57,15.2,97.2,310.0,14.0,5.397605346934028e-79,21.0,0.92,81.33,,,5.65
IQ-LAB-98245,1.0,female,6.3,4.65,12.4,79.2,374.0,,,,,,,,
IQ-LAB-98246,11.0,female,5.5,4.49,13.4,90.0,240.0,,,,,,,,0.19
IQ-LAB-98248,7.0,female,4.7,4.47,12.4,82.6,243.0,,,,,,,,0.65
IQ-LAB-98249,11.0,male,4.9,4.95,15.3,88.1,289.0,,,,,,,,0.3
IQ-LAB-98250,80.0,male,5.7,4.21,13.7,97.3,226.0,14.0,5.397605346934028e-79,16.0,0.93,82.21,,,0.65
IQ-LAB-98251,47.0,male,10.2,4.61,13.7,86.5,267.0,27.0,5.397605346934028e-79,23.0,1.16,102.54,,,2.3
IQ-LAB-98252,17.0,male,7.1,6.32,16.8,80.5,207.0,38.0,5.397605346934028e-79,26.0,0.9,79.56,98.0,15.85,0.46
IQ-LAB-98253,59.0,female,5.8,4.22,12.2,88.3,280.0,17.0,5.397605346934028e-79,21.0,0.64,56.58,109.0,5.8,3.21
IQ-LAB-98254,2.0,female,10.7,4.52,12.4,80.2,351.0,,,,,,,,2.72
IQ-LAB-98255,19.0,female,10.2,4.45,12.5,83.4,352.0,14.0,5.397605346934028e-79,26.0,0.84,74.26,,,2.87
IQ-LAB-98256,25.0,female,8.0,4.78,11.0,73.7,362.0,9.0,5.397605346934028e-79,15.0,0.65,57.46,97.0,7.6,1.22
IQ-LAB-98257,71.0,male,7.9,5.24,16.2,90.5,202.0,14.0,5.397605346934028e-79,20.0,1.19,105.2,105.0,5.47,2.18
IQ-LAB-98258,73.0,male,5.5,4.86,14.4,86.5,182.0,26.0,5.397605346934028e-79,30.0,1.17,103.43,,,0.47
IQ-LAB-98259,52.0,female,10.7,4.17,12.2,87.2,289.0,13.0,5.397605346934028e-79,18.0,0.84,74.26,,,31.53
IQ-LAB-98260,16.0,male,6.5,5.3,15.9,88.4,224.0,9.0,5.397605346934028e-79,17.0,1.11,98.12,88.0,4.33,0.5
IQ-LAB-98261,6.0,male,9.6,4.74,12.8,82.4,274.0,,,,,,,,0.25
IQ-LAB-98262,59.0,male,5.1,4.74,15.5,97.6,225.0,24.0,5.397605346934028e-79,25.0,0.93,82.21,103.0,8.72,0.51
IQ-LAB-98263,8.0,female,7.9,5.08,13.3,80.0,337.0,,,,,,,,6.76
IQ-LAB-98264,72.0,male,5.0,4.64,14.9,90.7,156.0,14.0,5.397605346934028e-79,22.0,0.93,82.21,,,1.21
IQ-LAB-98265,1.0,male,8.0,4.44,12.2,79.4,281.0,,,,,,,,0.3
IQ-LAB-98266,41.0,female,6.6,4.12,10.2,77.3,323.0,12.0,5.397605346934028e-79,16.0,0.62,54.81,,,0.78
IQ-LAB-98267,49.0,male,5.4,4.86,14.6,93.2,207.0,23.0,5.397605346934028e-79,18.0,0.99,87.52,99.0,7.63,1.61
IQ-LAB-98268,15.0,male,5.7,5.36,16.3,87.7,246.0,16.0,5.397605346934028e-79,21.0,0.82,72.49,93.0,5.41,2.98
IQ-LAB-98269,76.0,male,8.8,4.52,14.5,95.2,212.0,10.0,5.397605346934028e-79,17.0,0.7,61.88,,,0.81
IQ-LAB-98270,62.0,female,5.0,4.6,13.8,91.9,224.0,24.0,5.397605346934028e-79,26.0,0.69,61.0,98.0,3.82,0.95
IQ-LAB-98271,50.0,male,5.6,4.54,13.9,90.1,218.0,21.0,5.397605346934028e-79,17.0,0.84,74.26,107.0,18.97,0.6
IQ-LAB-98272,55.0,male,6.4,5.41,15.2,84.5,224.0,40.0,5.397605346934028e-79,29.0,1.08,95.47,,,2.77
IQ-LAB-98274,52.0,female,10.0,4.84,13.4,83.3,304.0,17.0,5.397605346934028e-79,14.0,0.74,65.42,,,7.16
IQ-LAB-98275,3.0,male,5.5,3.83,10.5,80.4,375.0,,,,,,,,0.39
IQ-LAB-98276,7.0,male,7.4,4.86,12.6,78.4,356.0,,,,,,,,0.17
IQ-LAB-98277,18.0,female,8.0,4.44,13.0,88.8,230.0,9.0,5.397605346934028e-79,16.0,0.69,61.0,,,14.4
IQ-LAB-98279,8.0,female,9.1,4.34,11.7,82.6,318.0,,,,,,,,0.27
IQ-LAB-98280,31.0,female,8.7,4.24,10.3,77.9,414.0,14.0,5.397605346934028e-79,14.0,0.45,39.78,119.0,15.09,5.6
IQ-LAB-98281,5.0,male,10.7,4.67,13.2,82.8,339.0,,,,,,,,0.23
IQ-LAB-98282,11.0,male,6.7,4.66,13.2,82.2,331.0,,,,,,,,0.74
IQ-LAB-98283,10.0,female,5.6,5.12,14.4,83.1,282.0,,,,,,,,0.36
IQ-LAB-98284,38.0,female,9.2,4.32,11.7,81.3,304.0,21.0,5.397605346934028e-79,17.0,0.72,63.65,,,13.54
IQ-LAB-98285,24.0,female,7.9,4.38,11.8,82.6,250.0,8.0,5.397605346934028e-79,14.0,0.72,63.65,,,0.57
IQ-LAB-98286,2.0,male,8.8,4.25,12.0,81.4,404.0,,,,,,,,0.29
IQ-LAB-98287,61.0,female,7.6,4.68,13.0,84.9,184.0,18.0,5.397605346934028e-79,15.0,0.79,69.84,,,10.02
IQ-LAB-98288,64.0,male,6.5,5.3,16.2,90.6,199.0,16.0,5.397605346934028e-79,16.0,1.26,111.38,,,0.85
IQ-LAB-98289,71.0,male,10.1,5.21,15.9,92.4,253.0,19.0,5.397605346934028e-79,26.0,1.13,99.89,,,2.34
IQ-LAB-98291,5.0,male,7.6,4.21,12.4,88.1,384.0,,,,,,,,1.11
IQ-LAB-98292,42.0,female,8.7,4.26,13.4,94.2,297.0,9.0,5.397605346934028e-79,12.0,0.79,69.84,98.0,12.26,1.84
IQ-LAB-98293,52.0,female,6.1,4.06,11.3,83.0,270.0,18.0,5.397605346934028e-79,19.0,0.93,82.21,139.0,24.27,6.7
IQ-LAB-98295,23.0,female,10.2,4.22,12.2,85.8,376.0,19.0,5.397605346934028e-79,19.0,0.65,57.46,,,2.86
IQ-LAB-98296,12.0,male,5.2,4.79,13.6,84.7,348.0,18.0,5.397605346934028e-79,22.0,0.43,38.01,105.0,13.91,0.22
IQ-LAB-98297,10.0,female,10.1,4.63,13.5,84.1,323.0,,,,,,,,0.72
IQ-LAB-98298,28.0,female,8.7,5.02,13.8,81.1,261.0,13.0,5.397605346934028e-79,13.0,0.66,58.34,96.0,19.07,6.03
IQ-LAB-98299,64.0,male,10.1,5.63,14.3,79.1,282.0,,,,,,,,
IQ-LAB-98300,48.0,female,5.5,4.36,13.4,92.7,330.0,20.0,5.397605346934028e-79,17.0,0.82,72.49,115.0,10.55,2.49
IQ-LAB-98301,68.0,female,5.6,4.05,12.1,89.9,338.0,18.0,5.397605346934028e-79,19.0,0.86,76.02,112.0,28.24,0.95
IQ-LAB-98302,29.0,male,8.4,4.7,15.0,90.9,280.0,36.0,5.397605346934028e-79,21.0,0.79,69.84,,,2.25
IQ-LAB-98303,34.0,female,9.9,4.33,12.5,85.2,249.0,10.0,5.397605346934028e-79,14.0,0.68,60.11,89.0,13.66,7.54
IQ-LAB-98304,79.0,female,5.2,4.82,15.4,94.8,242.0,26.0,5.397605346934028e-79,23.0,0.56,49.5,110.0,5.95,1.47
IQ-LAB-98305,14.0,female,7.3,3.9,11.6,87.0,312.0,8.0,5.397605346934028e-79,14.0,0.56,49.5,,,2.34
IQ-LAB-98306,1.0,male,8.7,4.8,12.9,77.3,282.0,,,,,,,,0.41
IQ-LAB-98307,1.0,female,13.6,5.14,12.7,78.6,697.0,,,,,,,,0.23
IQ-LAB-98308,35.0,male,6.4,4.85,15.0,89.6,243.0,13.0,5.397605346934028e-79,17.0,0.75,66.3,,,0.37
IQ-LAB-98309,73.0,female,4.1,3.6,11.1,93.9,96.0,24.0,5.397605346934028e-79,30.0,1.26,111.38,120.0,14.18,3.24
IQ-LAB-98310,47.0,female,6.9,4.97,14.7,89.1,306.0,22.0,5.397605346934028e-79,14.0,0.58,51.27,,,7.52
IQ-LAB-98311,13.0,female,5.2,4.51,12.6,84.7,265.0,13.0,5.397605346934028e-79,23.0,0.61,53.92,92.0,16.5,9.8
IQ-LAB-98312,9.0,male,8.7,5.02,14.5,81.9,356.0,,,,,,,,1.44
IQ-LAB-98314,25.0,male,5.7,5.61,16.0,84.0,233.0,39.0,5.397605346934028e-79,19.0,0.93,82.21,93.0,20.0,0.87
IQ-LAB-98316,63.0,female,9.8,4.38,14.2,96.2,224.0,53.0,5.397605346934028e-79,40.0,0.82,72.49,,,0.89
IQ-LAB-98317,10.0,male,7.6,4.72,13.7,84.2,238.0,,,,,,,,1.08
IQ-LAB-98318,40.0,male,8.6,5.18,16.3,90.3,227.0,73.0,5.397605346934028e-79,43.0,1.17,103.43,120.0,15.8,5.84
IQ-LAB-98319,3.0,female,4.8,4.31,11.4,80.7,442.0,,,,,,,,0.4
IQ-LAB-98320,48.0,female,8.6,4.88,13.0,82.5,233.0,18.0,5.397605346934028e-79,21.0,0.69,61.0,100.0,19.47,4.44
IQ-LAB-98321,2.0,female,8.0,4.3,11.7,80.7,219.0,,,,,,,,
IQ-LAB-98322,29.0,female,8.3,5.76,9.9,58.9,256.0,18.0,5.397605346934028e-79,19.0,0.61,53.92,106.0,21.2,4.56
IQ-LAB-98323,31.0,female,7.1,4.25,12.8,90.1,260.0,12.0,5.397605346934028e-79,14.0,0.7,61.88,,,3.96
IQ-LAB-98325,17.0,male,10.1,5.63,17.1,88.9,321.0,50.0,5.397605346934028e-79,29.0,0.86,76.02,,,0.53
IQ-LAB-98326,55.0,female,5.2,5.41,14.2,78.7,272.0,17.0,5.397605346934028e-79,22.0,0.71,62.76,,,1.25
IQ-LAB-98327,12.0,female,6.6,4.49,13.2,87.9,232.0,13.0,5.397605346934028e-79,18.0,0.44,38.9,,,0.29
IQ-LAB-98328,30.0,female,8.8,3.22,10.7,98.4,260.0,21.0,5.397605346934028e-79,20.0,0.47,41.55,90.0,10.86,1.56
IQ-LAB-98330,16.0,male,6.7,4.93,12.1,77.6,254.0,49.0,5.397605346934028e-79,50.0,0.72,63.65,108.0,17.26,0.76
IQ-LAB-98331,64.0,female,5.8,4.32,13.5,91.4,177.0,19.0,5.397605346934028e-79,20.0,0.66,58.34,,,0.78
IQ-LAB-98332,34.0,female,10.0,4.48,13.2,85.8,260.0,12.0,5.397605346934028e-79,14.0,0.92,81.33,,,1.46
IQ-LAB-98334,62.0,male,4.9,4.97,14.5,87.3,187.0,25.0,5.397605346934028e-79,24.0,1.05,92.82,102.0,10.08,1.76
IQ-LAB-98335,1.0,female,15.1,4.48,12.4,81.1,384.0,,,,,,,,0.74
IQ-LAB-98336,41.0,female,7.8,4.54,10.9,74.0,291.0,61.0,5.397605346934028e-79,31.0,1.07,94.59,118.0,22.98,9.07
IQ-LAB-98337,6.0,female,9.8,4.9,13.1,78.7,314.0,,,,,,,,1.48
IQ-LAB-98338,54.0,male,10.7,4.97,14.5,88.7,240.0,45.0,5.397605346934028e-79,40.0,1.22,107.85,,,0.74
IQ-LAB-98339,80.0,male,8.6,5.04,16.3,92.0,193.0,24.0,5.397605346934028e-79,22.0,1.07,94.59,,,5.21
IQ-LAB-98340,13.0,female,6.9,4.57,12.5,84.5,287.0,13.0,5.397605346934028e-79,16.0,0.58,51.27,103.0,13.23,0.92
IQ-LAB-98341,71.0,male,8.9,5.07,16.0,92.5,204.0,18.0,5.397605346934028e-79,26.0,0.73,64.53,126.0,5.13,2.57
IQ-LAB-98342,9.0,female,6.6,4.8,14.0,86.3,463.0,,,,,,,,0.96
IQ-LAB-98343,31.0,female,10.5,5.06,13.2,80.0,272.0,12.0,5.397605346934028e-79,16.0,0.64,56.58,119.0,7.53,2.74
IQ-LAB-98344,80.0,male,9.2,4.46,14.7,98.3,217.0,6.0,5.397605346934028e-79,18.0,2.1,185.64,,,0.97
IQ-LAB-98345,22.0,male,8.4,6.08,15.4,74.9,240.0,16.0,5.397605346934028e-79,20.0,1.07,94.59,,,63.7
IQ-LAB-98346,7.0,female,8.5,4.31,12.2,85.5,313.0,,,,,,,,0.28
IQ-LAB-98347,80.0,male,9.4,3.92,12.8,93.6,197.0,31.0,5.397605346934028e-79,43.0,1.34,118.46,,,0.54
IQ-LAB-98349,16.0,female,7.9,4.13,12.4,88.8,250.0,10.0,5.397605346934028e-79,17.0,0.74,65.42,,,0.59
IQ-LAB-98350,36.0,female,12.1,4.9,14.1,85.1,296.0,61.0,5.397605346934028e-79,52.0,0.64,56.58,215.0,24.6,11.63
IQ-LAB-98351,38.0,female,11.7,4.39,12.7,87.2,233.0,13.0,5.397605346934028e-79,15.0,0.7,61.88,,,2.79
IQ-LAB-98352,18.0,male,5.9,5.13,15.8,91.2,258.0,10.0,5.397605346934028e-79,12.0,0.95,83.98,,,0.54
IQ-LAB-98353,68.0,female,5.7,4.13,13.9,99.4,168.0,31.0,5.397605346934028e-79,28.0,0.65,57.46,,,1.22
IQ-LAB-98354,57.0,female,6.3,4.43,13.5,91.0,359.0,13.0,5.397605346934028e-79,19.0,0.74,65.42,115.0,11.11,5.45
IQ-LAB-98355,53.0,female,7.9,4.33,13.3,88.5,211.0,13.0,5.397605346934028e-79,19.0,0.54,47.74,,,3.67
IQ-LAB-98357,21.0,male,4.6,4.7,14.7,91.5,242.0,17.0,5.397605346934028e-79,49.0,0.98,86.63,,,0.65
IQ-LAB-98358,33.0,male,6.5,5.53,14.8,82.6,345.0,29.0,5.397605346934028e-79,20.0,0.91,80.44,104.0,10.64,1.73
IQ-LAB-98359,16.0,male,8.2,5.01,14.3,83.5,228.0,12.0,5.397605346934028e-79,16.0,0.68,60.11,,,0.46
IQ-LAB-98360,71.0,male,6.4,3.54,12.0,99.2,125.0,12.0,5.397605346934028e-79,20.0,1.15,101.66,,,2.88
IQ-LAB-98361,1.0,female,9.2,4.97,13.5,79.9,477.0,,,,,,,,10.26
IQ-LAB-98363,10.0,male,5.0,4.42,12.6,85.4,318.0,,,,,,,,0.48
IQ-LAB-98364,37.0,male,4.8,4.68,15.0,91.7,254.0,15.0,5.397605346934028e-79,14.0,0.82,72.49,,,6.18
IQ-LAB-98366,80.0,female,2.4,3.63,11.9,98.1,63.0,8.0,5.397605346934028e-79,19.0,4.76,420.78,,,6.59
IQ-LAB-98367,6.0,female,6.2,4.8,13.2,81.0,256.0,,,,,,,,0.4
IQ-LAB-98368,80.0,male,11.3,5.26,15.8,92.1,287.0,17.0,5.397605346934028e-79,19.0,1.11,98.12,181.0,10.75,28.64
IQ-LAB-98369,69.0,male,6.4,4.01,11.6,88.8,455.0,18.0,5.397605346934028e-79,22.0,1.12,99.01,125.0,5.49,2.73
IQ-LAB-98370,20.0,male,7.3,5.93,15.7,82.7,230.0,,,,,,109.0,,
IQ-LAB-98371,63.0,female,12.0,4.32,13.3,93.4,314.0,19.0,5.397605346934028e-79,22.0,0.59,52.16,173.0,41.8,32.4
IQ-LAB-98372,70.0,male,8.0,4.46,12.3,86.4,192.0,12.0,5.397605346934028e-79,15.0,0.95,83.98,107.0,3.61,1.32
IQ-LAB-98373,62.0,female,7.0,4.17,13.1,93.3,292.0,12.0,5.397605346934028e-79,20.0,1.04,91.94,,,2.43
IQ-LAB-98374,42.0,female,11.6,4.27,9.1,69.7,430.0,10.0,5.397605346934028e-79,12.0,0.87,76.91,111.0,23.51,2.7
IQ-LAB-98375,19.0,male,5.9,5.25,15.7,86.3,190.0,30.0,5.397605346934028e-79,27.0,0.92,81.33,,,1.42
IQ-LAB-98376,20.0,male,5.9,4.96,15.7,93.4,277.0,11.0,5.397605346934028e-79,20.0,0.89,78.68,91.0,4.8,1.03
IQ-LAB-98377,7.0,female,3.2,4.44,11.4,80.0,310.0,,,,,,,,3.17
IQ-LAB-98378,17.0,female,13.9,5.01,12.9,82.1,340.0,30.0,5.397605346934028e-79,23.0,0.7,61.88,,,3.74
IQ-LAB-98379,63.0,female,8.6,3.97,12.6,93.7,202.0,13.0,5.397605346934028e-79,10.0,0.84,74.26,,,6.27
IQ-LAB-98380,12.0,male,11.3,5.01,13.7,81.4,285.0,16.0,5.397605346934028e-79,17.0,0.86,76.02,,,4.71
IQ-LAB-98381,40.0,male,7.0,5.28,14.6,82.3,242.0,29.0,5.397605346934028e-79,21.0,0.94,83.1,104.0,27.91,1.34
IQ-LAB-98382,10.0,female,8.3,4.82,13.7,82.2,291.0,,,,,,,,0.44
IQ-LAB-98383,69.0,male,5.1,3.62,12.4,95.3,111.0,27.0,5.397605346934028e-79,36.0,0.95,83.98,421.0,14.99,3.42
IQ-LAB-98384,54.0,female,10.5,4.94,15.0,88.9,355.0,14.0,5.397605346934028e-79,21.0,0.8,70.72,,,6.28
IQ-LAB-98385,61.0,male,5.0,4.77,15.7,96.0,168.0,45.0,5.397605346934028e-79,27.0,1.06,93.7,116.0,52.08,0.81
IQ-LAB-98386,15.0,female,9.5,4.47,13.5,87.8,366.0,,,,,,,,2.29
IQ-LAB-98387,5.0,male,5.7,4.17,11.5,82.4,295.0,,,,,,,,0.28
IQ-LAB-98388,8.0,male,8.8,4.71,12.4,79.5,220.0,,,,,,,,0.44
IQ-LAB-98389,11.0,male,7.3,5.19,15.0,85.1,249.0,,,,,,,,1.0
IQ-LAB-98390,65.0,female,6.7,4.24,12.3,89.5,235.0,12.0,5.397605346934028e-79,16.0,0.99,87.52,117.0,24.82,6.28
IQ-LAB-98391,80.0,female,6.1,4.24,12.7,89.6,223.0,12.0,5.397605346934028e-79,24.0,0.81,71.6,,,1.83
IQ-LAB-98392,47.0,male,4.8,5.15,14.4,84.3,234.0,19.0,5.397605346934028e-79,17.0,1.38,121.99,,,0.43
IQ-LAB-98393,80.0,female,8.4,4.87,14.8,89.1,226.0,13.0,5.397605346934028e-79,17.0,0.79,69.84,,,0.88
IQ-LAB-98394,38.0,female,6.1,4.38,13.7,92.8,226.0,16.0,5.397605346934028e-79,20.0,0.62,54.81,,,0.45
IQ-LAB-98395,24.0,female,10.8,3.59,8.1,72.5,263.0,6.0,5.397605346934028e-79,14.0,0.41,36.24,,,0.48
IQ-LAB-98396,12.0,female,8.7,5.11,14.6,86.0,310.0,13.0,5.397605346934028e-79,19.0,0.52,45.97,98.0,14.67,0.36
IQ-LAB-98397,16.0,male,10.2,5.06,13.7,83.0,250.0,20.0,5.397605346934028e-79,23.0,0.91,80.44,,,0.39
IQ-LAB-98398,10.0,female,9.1,4.35,12.7,84.2,315.0,,,,,,,,5.04
IQ-LAB-98399,54.0,male,5.3,4.82,15.1,93.3,232.0,45.0,5.397605346934028e-79,31.0,0.98,86.63,,,0.39
IQ-LAB-98400,10.0,male,7.8,4.74,12.8,81.3,314.0,,,,,,,,3.42
IQ-LAB-98401,41.0,male,6.0,4.77,13.9,87.8,173.0,18.0,5.397605346934028e-79,31.0,1.21,106.96,,,0.56
IQ-LAB-98402,22.0,male,13.8,5.64,15.7,80.4,287.0,25.0,5.397605346934028e-79,18.0,0.75,66.3,104.0,25.8,6.12
IQ-LAB-98403,27.0,male,7.8,5.38,15.5,85.2,191.0,25.0,5.397605346934028e-79,23.0,1.11,98.12,,,1.98
IQ-LAB-98404,14.0,male,9.3,5.76,14.8,75.1,318.0,20.0,5.397605346934028e-79,21.0,0.85,75.14,,,0.95
IQ-LAB-98407,4.0,male,8.2,4.79,12.8,78.6,292.0,,,,,,,,
IQ-LAB-98408,19.0,female,6.5,4.05,12.7,90.9,214.0,9.0,5.397605346934028e-79,14.0,0.69,61.0,98.0,9.45,0.8
IQ-LAB-98410,10.0,female,6.6,4.29,12.4,83.7,254.0,,,,,,,,1.69
IQ-LAB-98411,18.0,female,8.9,5.09,9.8,61.8,332.0,19.0,5.397605346934028e-79,19.0,0.57,50.39,,,15.18
IQ-LAB-98412,67.0,female,7.5,5.82,12.5,69.1,254.0,9.0,5.397605346934028e-79,11.0,0.78,68.95,116.0,6.07,2.1
IQ-LAB-98413,80.0,male,8.1,4.63,14.3,89.2,239.0,55.0,5.397605346934028e-79,48.0,1.64,144.98,,,2.13
IQ-LAB-98414,70.0,female,8.7,4.24,12.3,88.3,363.0,28.0,5.397605346934028e-79,40.0,0.76,67.18,,,70.99
IQ-LAB-98415,5.0,male,5.6,4.33,12.6,80.4,368.0,,,,,,,,0.65
IQ-LAB-98416,25.0,female,6.3,4.63,14.0,89.6,197.0,9.0,5.397605346934028e-79,15.0,0.63,55.69,87.0,2.24,0.33
IQ-LAB-98417,79.0,female,13.4,4.36,12.5,85.4,260.0,7.0,5.397605346934028e-79,14.0,0.8,70.72,,,8.32
IQ-LAB-98418,14.0,male,8.2,5.13,15.9,87.7,336.0,10.0,5.397605346934028e-79,17.0,0.85,75.14,,,0.27
IQ-LAB-98419,12.0,male,11.4,5.22,13.1,75.3,327.0,15.0,5.397605346934028e-79,19.0,0.46,40.66,,,1.79
IQ-LAB-98420,27.0,female,7.0,4.22,12.7,89.3,221.0,17.0,5.397605346934028e-79,20.0,0.65,57.46,91.0,2.14,0.51
IQ-LAB-98421,62.0,male,4.7,4.95,15.4,91.5,161.0,29.0,5.397605346934028e-79,23.0,1.1,97.24,133.0,8.53,0.92
IQ-LAB-98422,63.0,female,5.9,4.65,14.9,96.1,242.0,21.0,5.397605346934028e-79,24.0,0.73,64.53,101.0,4.73,4.25
IQ-LAB-98423,80.0,female,4.9,4.24,11.4,84.9,224.0,13.0,5.397605346934028e-79,23.0,0.82,72.49,97.0,14.02,1.29
IQ-LAB-98424,80.0,male,8.9,4.43,9.4,70.9,257.0,14.0,5.397605346934028e-79,17.0,1.86,164.42,111.0,14.13,3.08
IQ-LAB-98425,9.0,male,7.2,4.47,13.3,87.1,243.0,,,,,,,,0.29
IQ-LAB-98426,28.0,male,3.8,5.1,14.2,85.5,229.0,45.0,5.397605346934028e-79,41.0,1.05,92.82,93.0,7.47,0.88
IQ-LAB-98427,18.0,male,7.8,5.41,16.3,90.7,301.0,13.0,5.397605346934028e-79,16.0,0.92,81.33,,,0.41
IQ-LAB-98428,25.0,female,7.5,4.86,14.9,90.5,220.0,12.0,5.397605346934028e-79,18.0,0.8,70.72,,,0.75
IQ-LAB-98429,80.0,female,5.5,4.19,13.1,97.1,208.0,11.0,5.397605346934028e-79,19.0,1.21,106.96,103.0,9.54,1.04
IQ-LAB-98430,8.0,female,9.1,4.51,12.5,83.2,374.0,,,,,,,,0.34
IQ-LAB-98431,69.0,female,9.9,4.89,14.0,87.7,255.0,10.0,5.397605346934028e-79,13.0,0.67,59.23,325.0,20.5,9.71
IQ-LAB-98433,71.0,male,4.8,4.92,14.7,85.8,146.0,50.0,5.397605346934028e-79,37.0,0.98,86.63,114.0,14.76,1.09
IQ-LAB-98434,4.0,male,7.2,4.72,12.5,80.1,264.0,,,,,,,,0.48
IQ-LAB-98435,21.0,female,5.2,4.27,12.7,87.1,331.0,12.0,5.397605346934028e-79,18.0,0.94,83.1,,,0.24
IQ-LAB-98436,36.0,male,6.3,4.69,14.2,90.2,228.0,24.0,5.397605346934028e-79,17.0,1.02,90.17,,,1.09
IQ-LAB-98437,32.0,female,9.1,4.23,13.7,100.6,220.0,21.0,5.397605346934028e-79,17.0,0.66,58.34,103.0,6.22,2.35
IQ-LAB-98438,62.0,female,7.7,3.58,10.8,90.6,327.0,11.0,5.397605346934028e-79,16.0,1.1,97.24,,,12.86
IQ-LAB-98439,3.0,male,9.3,4.87,12.5,76.7,387.0,,,,,,,,1.15
IQ-LAB-98440,19.0,female,3.6,3.87,11.7,90.3,229.0,12.0,5.397605346934028e-79,23.0,0.91,80.44,89.0,3.86,1.45
IQ-LAB-98441,22.0,male,8.7,5.12,13.7,81.4,351.0,42.0,5.397605346934028e-79,24.0,0.94,83.1,,,15.39
IQ-LAB-98442,22.0,female,4.9,4.12,10.3,79.7,535.0,7.0,5.397605346934028e-79,9.0,0.68,60.11,93.0,27.06,3.93
IQ-LAB-98443,21.0,female,12.4,4.35,12.8,88.7,216.0,11.0,5.397605346934028e-79,14.0,0.68,60.11,,,3.33
IQ-LAB-98444,59.0,female,8.0,4.51,13.6,89.8,263.0,12.0,5.397605346934028e-79,11.0,0.93,82.21,106.0,7.03,2.99
IQ-LAB-98445,25.0,female,11.5,4.05,12.1,91.3,271.0,3.0,5.397605346934028e-79,13.0,0.69,61.0,,,0.88
IQ-LAB-98446,13.0,male,6.5,4.94,15.1,88.7,211.0,11.0,5.397605346934028e-79,20.0,0.6,53.04,,,0.18
IQ-LAB-98447,32.0,male,9.5,5.1,14.9,87.7,261.0,18.0,5.397605346934028e-79,19.0,0.87,76.91,,,14.76
IQ-LAB-98448,24.0,female,4.7,4.51,13.2,89.5,332.0,,,,,,,,
IQ-LAB-98449,12.0,female,8.0,4.55,12.9,86.3,271.0,9.0,5.397605346934028e-79,15.0,0.52,45.97,,,0.27
IQ-LAB-98451,6.0,male,5.7,4.65,13.1,80.9,267.0,,,,,,,,0.24
IQ-LAB-98452,52.0,male,4.3,4.61,14.4,93.6,128.0,139.0,5.397605346934028e-79,272.0,1.06,93.7,93.0,2.71,1.11
IQ-LAB-98453,7.0,male,6.6,4.82,13.3,80.7,411.0,,,,,,,,0.56
IQ-LAB-98454,63.0,female,4.3,4.0,11.2,84.7,164.0,10.0,5.397605346934028e-79,16.0,1.07,94.59,,,0.88
IQ-LAB-98455,5.0,female,7.7,4.24,11.3,79.1,349.0,,,,,,,,1.41
IQ-LAB-98456,36.0,male,5.5,5.18,14.4,83.7,209.0,27.0,5.397605346934028e-79,25.0,0.77,68.07,,,1.01
IQ-LAB-98457,80.0,male,7.9,4.18,13.1,91.9,305.0,,,,,,,,
IQ-LAB-98458,24.0,male,10.8,5.03,15.4,87.7,353.0,50.0,5.397605346934028e-79,25.0,0.83,73.37,,,2.22
IQ-LAB-98460,27.0,female,10.2,5.12,14.9,88.3,342.0,20.0,5.397605346934028e-79,19.0,0.67,59.23,,,6.36
IQ-LAB-98461,54.0,female,9.2,3.82,11.5,94.8,223.0,15.0,5.397605346934028e-79,18.0,4.74,419.02,,,9.11
IQ-LAB-98462,71.0,male,6.4,4.54,15.1,96.9,176.0,24.0,5.397605346934028e-79,18.0,0.85,75.14,,,0.45
IQ-LAB-98463,66.0,female,5.7,4.8,13.4,84.6,284.0,14.0,5.397605346934028e-79,17.0,1.07,94.59,98.0,11.38,2.78
IQ-LAB-98464,7.0,male,7.7,5.03,14.3,82.5,359.0,,,,,,,,0.11
IQ-LAB-98465,14.0,female,4.1,4.43,13.7,93.0,224.0,10.0,5.397605346934028e-79,17.0,0.59,52.16,71.0,37.98,0.84
IQ-LAB-98467,3.0,female,5.0,4.69,13.5,83.4,248.0,,,,,,,,1.36
IQ-LAB-98468,14.0,female,5.6,4.36,12.0,85.5,269.0,13.0,5.397605346934028e-79,14.0,0.51,45.08,100.0,24.47,0.35
IQ-LAB-98469,41.0,male,8.7,4.73,15.0,90.9,301.0,27.0,5.397605346934028e-79,24.0,0.93,82.21,,,0.84
IQ-LAB-98470,38.0,female,4.1,4.14,12.5,93.3,208.0,17.0,5.397605346934028e-79,20.0,0.7,61.88,,,0.58
IQ-LAB-98473,65.0,female,7.8,4.62,13.9,90.4,344.0,16.0,5.397605346934028e-79,18.0,0.61,53.92,,,1.27
IQ-LAB-98474,35.0,male,6.5,4.68,15.5,95.6,205.0,8.0,5.397605346934028e-79,14.0,1.07,94.59,106.0,7.46,0.98
IQ-LAB-98475,22.0,male,6.0,5.59,16.5,86.3,269.0,44.0,5.397605346934028e-79,22.0,1.16,102.54,101.0,7.48,1.76
IQ-LAB-98478,3.0,female,7.1,4.44,12.1,83.4,440.0,,,,,,,,0.53
IQ-LAB-98479,27.0,male,6.8,5.52,14.8,81.2,233.0,48.0,5.397605346934028e-79,19.0,0.99,87.52,,,0.69
IQ-LAB-98483,26.0,female,6.8,4.77,14.2,88.2,238.0,16.0,5.397605346934028e-79,20.0,0.68,60.11,99.0,9.03,1.16
IQ-LAB-98484,13.0,female,8.2,4.73,13.9,86.6,323.0,11.0,5.397605346934028e-79,19.0,0.59,52.16,,,0.53
IQ-LAB-98485,21.0,male,6.5,5.45,16.7,87.2,314.0,14.0,5.397605346934028e-79,16.0,1.11,98.12,94.0,3.2,0.39
IQ-LAB-98486,12.0,female,7.4,4.81,14.0,86.7,205.0,10.0,5.397605346934028e-79,15.0,0.53,46.85,,,30.5
IQ-LAB-98488,7.0,male,7.4,4.6,12.4,79.5,434.0,,,,,,,,1.75
IQ-LAB-98489,55.0,female,9.0,4.37,12.2,81.7,319.0,14.0,5.397605346934028e-79,16.0,0.68,60.11,,,8.24
IQ-LAB-98490,24.0,male,11.1,5.43,15.3,83.7,251.0,38.0,5.397605346934028e-79,20.0,1.09,96.36,,,3.5
IQ-LAB-98491,61.0,female,5.7,4.82,13.4,86.0,300.0,21.0,5.397605346934028e-79,18.0,0.54,47.74,109.0,11.71,5.88
IQ-LAB-98493,18.0,female,7.1,4.38,13.8,92.2,231.0,35.0,5.397605346934028e-79,30.0,0.66,58.34,,,1.02
IQ-LAB-98494,25.0,female,7.8,5.19,13.8,80.6,261.0,12.0,5.397605346934028e-79,15.0,0.79,69.84,100.0,10.3,0.39
IQ-LAB-98495,48.0,male,4.5,4.4,13.8,90.7,196.0,13.0,5.397605346934028e-79,15.0,1.02,90.17,102.0,6.72,0.88
IQ-LAB-98497,2.0,male,9.4,4.69,12.5,77.1,349.0,,,,,,,,0.11
IQ-LAB-98498,74.0,female,6.0,4.33,12.7,89.2,235.0,12.0,5.397605346934028e-79,19.0,0.84,74.26,,,2.99
IQ-LAB-98499,12.0,male,5.7,4.87,14.5,84.7,306.0,11.0,5.397605346934028e-79,21.0,0.47,41.55,103.0,10.3,0.34
IQ-LAB-98500,56.0,female,9.1,4.53,13.9,92.6,213.0,19.0,5.397605346934028e-79,19.0,0.63,55.69,128.0,12.16,3.38
IQ-LAB-98501,68.0,female,9.1,4.67,13.5,87.2,265.0,13.0,5.397605346934028e-79,14.0,0.6,53.04,204.0,51.22,5.67
IQ-LAB-98502,80.0,female,7.3,4.62,12.3,81.7,145.0,13.0,5.397605346934028e-79,21.0,0.8,70.72,,,3.96
IQ-LAB-98503,1.0,male,5.2,5.01,12.2,73.4,295.0,,,,,,,,7.63
IQ-LAB-98505,16.0,male,5.8,5.01,15.6,89.5,195.0,16.0,5.397605346934028e-79,21.0,1.04,91.94,90.0,4.95,1.18
IQ-LAB-98506,64.0,female,6.4,4.49,11.7,79.1,209.0,33.0,5.397605346934028e-79,35.0,1.22,107.85,,,2.3
IQ-LAB-98507,16.0,female,8.8,4.87,14.5,87.3,299.0,9.0,5.397605346934028e-79,16.0,0.7,61.88,,,1.8
IQ-LAB-98508,62.0,male,3.9,4.74,15.5,96.0,179.0,41.0,5.397605346934028e-79,27.0,0.89,78.68,114.0,3.41,0.11
IQ-LAB-98509,28.0,female,13.0,4.92,15.3,92.9,225.0,16.0,5.397605346934028e-79,15.0,0.52,45.97,,,3.41
IQ-LAB-98510,10.0,male,8.3,4.43,13.0,86.9,336.0,,,,,,,,3.18
IQ-LAB-98511,12.0,female,5.1,4.0,12.3,89.0,180.0,13.0,5.397605346934028e-79,21.0,0.54,47.74,,,0.26
IQ-LAB-98512,32.0,female,5.2,4.42,13.4,90.7,319.0,41.0,5.397605346934028e-79,19.0,0.65,57.46,253.0,17.13,32.67
IQ-LAB-98514,32.0,male,7.9,5.45,16.1,86.2,210.0,54.0,5.397605346934028e-79,24.0,0.84,74.26,,,2.77
IQ-LAB-98515,3.0,female,7.7,4.15,11.8,81.5,293.0,,,,,,,,0.23
IQ-LAB-98517,80.0,female,7.3,3.99,12.6,94.6,225.0,9.0,5.397605346934028e-79,12.0,1.43,126.41,,,0.75
IQ-LAB-98518,2.0,male,6.4,5.58,11.9,67.4,289.0,,,,,,,,1.23
IQ-LAB-98520,16.0,male,4.9,4.9,15.5,93.2,242.0,12.0,5.397605346934028e-79,17.0,0.86,76.02,,,0.28
IQ-LAB-98521,40.0,male,8.7,5.48,14.8,82.4,214.0,37.0,5.397605346934028e-79,31.0,1.07,94.59,,,2.71
IQ-LAB-98522,17.0,male,5.3,5.98,14.9,77.5,282.0,36.0,5.397605346934028e-79,21.0,0.92,81.33,,,1.61
IQ-LAB-98524,49.0,female,11.4,5.01,13.2,76.9,250.0,24.0,5.397605346934028e-79,21.0,0.76,67.18,,,4.58
IQ-LAB-98526,67.0,male,4.7,4.89,16.0,94.2,255.0,19.0,5.397605346934028e-79,20.0,1.22,107.85,101.0,7.0,0.51
IQ-LAB-98527,30.0,female,6.8,5.44,11.8,68.1,202.0,12.0,5.397605346934028e-79,12.0,0.71,62.76,,,0.53
IQ-LAB-98528,32.0,male,11.1,5.44,16.7,90.5,366.0,20.0,5.397605346934028e-79,16.0,0.81,71.6,,,0.96
IQ-LAB-98529,70.0,female,9.3,4.65,15.2,94.3,306.0,13.0,5.397605346934028e-79,17.0,0.79,69.84,,,7.22
IQ-LAB-98530,60.0,male,10.2,4.82,13.7,86.3,258.0,17.0,5.397605346934028e-79,19.0,0.8,70.72,120.0,91.22,3.82
IQ-LAB-98531,20.0,female,8.5,5.13,14.5,83.6,193.0,12.0,5.397605346934028e-79,16.0,0.51,45.08,89.0,3.45,1.63
IQ-LAB-98533,3.0,female,7.2,4.47,12.4,79.9,327.0,,,,,,,,0.11
IQ-LAB-98535,80.0,female,9.7,3.95,13.0,93.6,261.0,11.0,5.397605346934028e-79,15.0,0.73,64.53,,,0.89
IQ-LAB-98536,77.0,female,6.4,4.41,13.1,88.5,198.0,32.0,5.397605346934028e-79,22.0,0.84,74.26,103.0,14.2,0.76
IQ-LAB-98537,59.0,female,11.2,4.94,14.0,83.6,239.0,32.0,5.397605346934028e-79,21.0,0.63,55.69,,,5.16
IQ-LAB-98539,4.0,female,9.3,4.68,13.5,82.8,435.0,,,,,,,,0.22
IQ-LAB-98540,63.0,male,8.1,6.04,15.1,78.0,196.0,13.0,5.397605346934028e-79,19.0,0.98,86.63,95.0,1.67,7.07
IQ-LAB-98541,68.0,female,6.3,4.3,13.0,88.1,269.0,14.0,5.397605346934028e-79,21.0,0.82,72.49,,,6.29
IQ-LAB-98542,54.0,female,4.5,4.56,11.9,80.3,227.0,30.0,5.397605346934028e-79,29.0,0.72,63.65,121.0,6.72,0.39
IQ-LAB-98545,36.0,female,4.6,3.98,13.2,94.4,200.0,15.0,5.397605346934028e-79,18.0,0.7,61.88,91.0,6.1,0.53
IQ-LAB-98546,10.0,female,3.6,4.39,13.9,88.5,241.0,,,,,,,,0.2
IQ-LAB-98547,8.0,male,9.7,4.54,12.8,82.2,288.0,,,,,,,,
IQ-LAB-98548,43.0,male,4.7,4.61,14.9,95.4,223.0,34.0,5.397605346934028e-79,26.0,0.8,70.72,116.0,10.4,5.81
IQ-LAB-98549,63.0,female,6.4,4.26,13.1,90.8,195.0,16.0,5.397605346934028e-79,17.0,0.62,54.81,,,1.47
IQ-LAB-98550,40.0,male,5.8,4.34,13.2,88.1,291.0,26.0,5.397605346934028e-79,17.0,0.87,76.91,,,8.95
IQ-LAB-98551,32.0,female,6.3,4.85,12.2,76.8,323.0,14.0,5.397605346934028e-79,16.0,0.65,57.46,93.0,8.39,1.96
IQ-LAB-98553,40.0,female,5.9,4.41,13.0,88.1,217.0,9.0,5.397605346934028e-79,17.0,0.77,68.07,90.0,6.7,2.43
IQ-LAB-98554,63.0,female,5.9,5.11,13.6,81.5,272.0,18.0,5.397605346934028e-79,19.0,0.52,45.97,,,3.11
IQ-LAB-98556,48.0,male,5.4,4.88,15.1,90.2,198.0,31.0,5.397605346934028e-79,22.0,1.17,103.43,,,1.32
IQ-LAB-98557,80.0,male,5.0,5.72,12.5,69.2,154.0,10.0,5.397605346934028e-79,13.0,1.24,109.62,105.0,7.3,0.87
IQ-LAB-98558,63.0,female,5.7,4.61,13.4,86.0,256.0,19.0,5.397605346934028e-79,19.0,0.84,74.26,127.0,10.89,8.18
IQ-LAB-98559,8.0,female,6.3,5.11,11.7,72.0,268.0,,,,,,,,1.3
IQ-LAB-98560,16.0,male,5.0,5.03,14.6,85.1,279.0,11.0,5.397605346934028e-79,21.0,0.69,61.0,102.0,18.06,0.72
IQ-LAB-98561,44.0,male,7.9,5.02,15.6,92.2,167.0,23.0,5.397605346934028e-79,20.0,1.17,103.43,110.0,8.3,0.67
IQ-LAB-98562,67.0,female,10.3,4.37,13.1,87.2,282.0,9.0,5.397605346934028e-79,13.0,1.0,88.4,,,8.81
IQ-LAB-98563,17.0,female,7.5,4.51,9.9,72.0,267.0,12.0,5.397605346934028e-79,17.0,0.7,61.88,,,0.28
IQ-LAB-98564,39.0,female,7.2,4.16,13.4,93.9,225.0,10.0,5.397605346934028e-79,18.0,0.69,61.0,,,0.42
IQ-LAB-98565,57.0,female,9.0,4.89,14.9,92.2,221.0,12.0,5.397605346934028e-79,16.0,0.68,60.11,99.0,6.15,2.49
IQ-LAB-98566,3.0,female,7.6,4.41,12.9,86.5,310.0,,,,,,,,0.28
IQ-LAB-98568,78.0,male,5.8,4.32,14.1,95.8,257.0,18.0,5.397605346934028e-79,23.0,1.16,102.54,103.0,6.44,0.7
IQ-LAB-98569,65.0,male,7.2,3.48,11.7,99.1,146.0,27.0,5.397605346934028e-79,53.0,1.14,100.78,86.0,1.26,4.18
IQ-LAB-98571,28.0,female,5.7,4.11,13.4,92.3,243.0,9.0,5.397605346934028e-79,11.0,0.77,68.07,88.0,9.67,1.0
IQ-LAB-98574,56.0,female,4.9,4.38,13.1,87.0,123.0,16.0,5.397605346934028e-79,22.0,0.75,66.3,,,0.74
IQ-LAB-98575,5.0,male,11.2,5.14,13.7,79.1,342.0,,,,,,,,
IQ-LAB-98576,7.0,male,10.7,4.26,12.2,80.2,299.0,,,,,,,,0.39
IQ-LAB-98577,11.0,female,4.7,4.28,12.7,88.0,491.0,,,,,,,,0.63
IQ-LAB-98578,16.0,female,10.1,4.46,11.6,79.6,395.0,9.0,5.397605346934028e-79,17.0,0.56,49.5,,,0.6
IQ-LAB-98581,67.0,female,7.9,4.52,14.9,95.2,265.0,29.0,5.397605346934028e-79,45.0,1.28,113.15,,,9.2
IQ-LAB-98582,8.0,female,8.7,4.87,13.0,79.7,348.0,,,,,,,,0.19
IQ-LAB-98583,17.0,male,5.7,5.28,14.5,82.1,226.0,8.0,5.397605346934028e-79,12.0,0.83,73.37,93.0,10.22,0.43
IQ-LAB-98584,11.0,female,8.9,4.05,11.0,83.2,235.0,,,,,,,,0.82
IQ-LAB-98585,51.0,female,12.9,4.68,15.3,97.4,241.0,21.0,5.397605346934028e-79,24.0,1.02,90.17,,,0.99
IQ-LAB-98586,72.0,male,9.3,4.6,14.4,93.1,132.0,17.0,5.397605346934028e-79,17.0,0.9,79.56,111.0,5.33,0.58
IQ-LAB-98587,10.0,female,5.5,4.62,13.7,89.3,291.0,,,,,,,,0.35
IQ-LAB-98588,6.0,male,8.7,4.51,11.3,77.5,397.0,,,,,,,,0.47
IQ-LAB-98589,21.0,female,8.9,4.79,13.2,82.7,318.0,20.0,5.397605346934028e-79,16.0,0.67,59.23,,,18.92
IQ-LAB-98591,11.0,female,8.9,4.86,12.7,75.4,325.0,,,,,,,,0.61
IQ-LAB-98592,68.0,female,7.0,4.73,14.5,92.2,281.0,15.0,5.397605346934028e-79,23.0,1.03,91.05,118.0,12.41,4.44
IQ-LAB-98594,38.0,female,8.4,4.52,9.6,69.9,350.0,13.0,5.397605346934028e-79,14.0,0.59,52.16,,,4.26
IQ-LAB-98595,50.0,female,7.6,4.53,13.1,86.4,263.0,22.0,5.397605346934028e-79,21.0,0.64,56.58,,,1.27
IQ-LAB-98597,66.0,female,10.5,4.52,11.2,77.9,328.0,13.0,5.397605346934028e-79,18.0,0.48,42.43,,,4.64
IQ-LAB-98598,65.0,male,6.4,4.75,13.1,85.7,126.0,28.0,5.397605346934028e-79,41.0,0.97,85.75,99.0,7.8,1.01
IQ-LAB-98599,80.0,male,9.0,4.62,14.8,96.2,185.0,20.0,5.397605346934028e-79,23.0,1.37,121.11,135.0,11.84,2.26
IQ-LAB-98600,80.0,male,7.1,4.29,13.0,94.1,100.0,21.0,5.397605346934028e-79,27.0,1.21,106.96,,,3.24
IQ-LAB-98601,41.0,female,7.8,4.02,13.3,94.2,355.0,40.0,5.397605346934028e-79,58.0,0.98,86.63,,,5.38
IQ-LAB-98602,64.0,female,9.7,3.92,11.6,89.6,361.0,12.0,5.397605346934028e-79,15.0,1.76,155.58,,,35.67
IQ-LAB-98603,69.0,female,6.8,5.08,14.7,89.0,127.0,14.0,5.397605346934028e-79,20.0,0.84,74.26,,,2.9
IQ-LAB-98605,55.0,female,4.7,5.46,13.7,78.3,217.0,28.0,5.397605346934028e-79,24.0,0.96,84.86,97.0,24.21,12.15
IQ-LAB-98607,8.0,female,4.8,4.38,12.2,83.9,347.0,,,,,,,,0.29
IQ-LAB-98608,19.0,male,10.2,5.62,15.8,82.5,379.0,50.0,5.397605346934028e-79,27.0,0.87,76.91,,,1.36
IQ-LAB-98609,62.0,female,5.2,4.4,13.5,91.1,221.0,13.0,5.397605346934028e-79,17.0,0.72,63.65,108.0,8.01,1.13
IQ-LAB-98610,77.0,male,10.9,5.32,15.9,89.4,188.0,23.0,5.397605346934028e-79,17.0,1.17,103.43,189.0,14.23,2.58
IQ-LAB-98611,59.0,female,3.6,4.4,12.7,87.5,239.0,23.0,5.397605346934028e-79,21.0,0.73,64.53,115.0,11.53,2.93
IQ-LAB-98613,10.0,male,6.0,4.79,14.2,85.8,232.0,,,,,,,,0.26
IQ-LAB-98615,60.0,male,7.3,5.24,14.3,81.6,231.0,31.0,5.397605346934028e-79,24.0,0.96,84.86,,,4.99
IQ-LAB-98616,44.0,female,5.1,4.58,13.1,87.9,268.0,9.0,5.397605346934028e-79,13.0,0.66,58.34,,,0.28
IQ-LAB-98617,55.0,female,5.8,4.16,12.7,94.6,309.0,29.0,5.397605346934028e-79,31.0,0.62,54.81,,,0.32
IQ-LAB-98618,18.0,male,9.9,5.62,16.4,86.7,257.0,14.0,5.397605346934028e-79,15.0,0.94,83.1,,,0.59
IQ-LAB-98621,1.0,male,14.3,4.17,12.0,86.2,427.0,,,,,,,,0.29
IQ-LAB-98622,59.0,female,6.4,4.91,12.1,74.1,199.0,10.0,5.397605346934028e-79,16.0,1.05,92.82,88.0,20.76,6.68
IQ-LAB-98623,15.0,female,7.9,4.69,14.5,88.6,282.0,15.0,5.397605346934028e-79,16.0,0.71,62.76,92.0,,
IQ-LAB-98624,53.0,male,6.4,5.11,15.2,86.0,224.0,16.0,5.397605346934028e-79,21.0,1.17,103.43,,,0.72
IQ-LAB-98627,53.0,male,8.2,5.23,15.4,88.1,231.0,58.0,5.397605346934028e-79,31.0,0.86,76.02,,,0.43
IQ-LAB-98628,48.0,male,9.6,4.61,14.4,93.6,198.0,36.0,5.397605346934028e-79,28.0,0.94,83.1,,,4.79
IQ-LAB-98629,45.0,male,10.4,4.71,15.5,95.8,274.0,15.0,5.397605346934028e-79,18.0,0.93,82.21,,,1.25
IQ-LAB-98630,64.0,male,4.1,5.37,14.9,85.8,206.0,20.0,5.397605346934028e-79,21.0,1.26,111.38,101.0,45.1,1.75
IQ-LAB-98631,43.0,female,7.0,4.43,13.9,94.1,247.0,11.0,5.397605346934028e-79,15.0,0.62,54.81,,,1.25
IQ-LAB-98632,4.0,male,6.4,4.22,11.8,80.0,217.0,,,,,,,,0.43
IQ-LAB-98634,75.0,female,5.9,4.86,14.6,87.5,222.0,14.0,5.397605346934028e-79,15.0,0.56,49.5,,,3.29
IQ-LAB-98635,13.0,male,5.3,4.73,13.2,83.5,254.0,16.0,5.397605346934028e-79,22.0,0.65,57.46,,,0.37
IQ-LAB-98636,2.0,female,6.2,4.58,11.8,75.4,285.0,,,,,,,,0.64
IQ-LAB-98638,65.0,male,6.5,4.36,15.2,101.3,133.0,9.0,5.397605346934028e-79,12.0,1.13,99.89,127.0,10.16,1.31
IQ-LAB-98639,6.0,male,5.2,4.31,12.4,83.8,312.0,,,,,,,,0.31
IQ-LAB-98640,12.0,male,5.5,4.97,14.4,87.1,251.0,19.0,5.397605346934028e-79,18.0,0.52,45.97,,,4.21
IQ-LAB-98641,67.0,male,7.7,3.77,12.1,97.7,305.0,13.0,5.397605346934028e-79,14.0,1.05,92.82,,,1.46
IQ-LAB-98642,12.0,male,4.0,4.83,13.3,82.5,216.0,11.0,5.397605346934028e-79,21.0,0.5,44.2,,,0.28
IQ-LAB-98643,9.0,male,9.9,4.66,13.6,87.0,291.0,,,,,,,,0.68
IQ-LAB-98644,10.0,female,8.5,4.49,13.7,88.2,256.0,,,,,,,,0.35
IQ-LAB-98645,75.0,female,8.2,5.08,15.7,87.9,251.0,14.0,5.397605346934028e-79,15.0,0.66,58.34,,,2.5
IQ-LAB-98646,43.0,female,9.3,4.5,13.7,89.1,263.0,9.0,5.397605346934028e-79,14.0,0.77,68.07,,,8.36
IQ-LAB-98647,8.0,male,9.2,4.83,13.1,77.8,310.0,,,,,,,,2.58
IQ-LAB-98648,80.0,female,7.2,4.66,13.7,86.9,204.0,17.0,5.397605346934028e-79,33.0,1.07,94.59,,,1.41
IQ-LAB-98649,75.0,male,8.5,5.28,16.6,94.2,258.0,20.0,5.397605346934028e-79,22.0,1.15,101.66,,,
IQ-LAB-98650,72.0,male,6.7,4.84,14.5,91.3,209.0,20.0,5.397605346934028e-79,20.0,1.13,99.89,101.0,8.0,0.43
IQ-LAB-98652,2.0,male,9.1,5.24,13.1,72.3,340.0,,,,,,,,0.84
IQ-LAB-98653,57.0,male,6.8,4.64,14.2,91.3,295.0,19.0,5.397605346934028e-79,21.0,1.3,114.92,,,4.54
IQ-LAB-98654,17.0,male,12.7,5.85,16.1,82.1,281.0,39.0,5.397605346934028e-79,45.0,0.97,85.75,95.0,25.23,4.29
IQ-LAB-98656,54.0,male,9.2,4.77,15.0,90.5,224.0,49.0,5.397605346934028e-79,32.0,0.89,78.68,,,1.79
IQ-LAB-98657,55.0,male,7.9,4.39,13.7,93.0,237.0,36.0,5.397605346934028e-79,29.0,1.06,93.7,,,1.1
IQ-LAB-98659,7.0,female,5.3,4.78,14.1,86.5,269.0,,,,,,,,0.61
IQ-LAB-98660,2.0,male,9.8,4.99,13.2,76.3,446.0,,,,,,,,0.28
IQ-LAB-98661,31.0,female,4.1,3.8,13.0,97.7,186.0,7.0,5.397605346934028e-79,16.0,0.8,70.72,93.0,3.05,0.27
IQ-LAB-98662,66.0,female,6.7,4.73,15.0,92.4,224.0,26.0,5.397605346934028e-79,29.0,0.73,64.53,,,2.99
IQ-LAB-98663,4.0,female,10.0,4.51,12.9,88.0,352.0,,,,,,,,1.43
IQ-LAB-98664,7.0,male,8.1,4.82,13.3,83.2,309.0,,,,,,,,
IQ-LAB-98666,53.0,male,7.8,5.76,16.5,85.4,235.0,53.0,5.397605346934028e-79,24.0,1.03,91.05,,,4.81
IQ-LAB-98667,80.0,female,6.8,4.3,13.4,93.6,222.0,21.0,5.397605346934028e-79,28.0,0.94,83.1,,,3.38
IQ-LAB-98669,63.0,male,9.5,4.35,13.2,87.4,136.0,10.0,5.397605346934028e-79,15.0,1.3,114.92,,,75.58
IQ-LAB-98671,11.0,female,4.5,5.01,12.2,76.3,263.0,,,,,,,,1.53
IQ-LAB-98673,55.0,female,7.8,7.04,13.3,60.5,181.0,13.0,5.397605346934028e-79,15.0,0.52,45.97,102.0,13.04,7.36
IQ-LAB-98674,8.0,male,6.4,4.14,12.2,86.3,222.0,,,,,,,,1.25
IQ-LAB-98675,61.0,male,4.9,4.53,14.2,93.6,180.0,19.0,5.397605346934028e-79,17.0,0.57,50.39,163.0,4.84,0.34
IQ-LAB-98676,13.0,male,7.3,4.67,13.5,85.7,204.0,11.0,5.397605346934028e-79,16.0,0.53,46.85,,,0.67
IQ-LAB-98677,23.0,male,7.1,4.99,16.1,94.9,333.0,35.0,5.397605346934028e-79,22.0,1.0,88.4,84.0,21.43,1.92
IQ-LAB-98679,65.0,male,7.6,4.94,15.2,89.7,261.0,26.0,5.397605346934028e-79,26.0,0.94,83.1,160.0,18.5,0.82
IQ-LAB-98680,37.0,female,7.4,4.83,12.5,77.3,351.0,13.0,5.397605346934028e-79,12.0,0.69,61.0,83.0,12.22,2.38
IQ-LAB-98681,80.0,female,6.0,4.74,12.5,81.5,181.0,16.0,5.397605346934028e-79,21.0,0.72,63.65,,,1.2
IQ-LAB-98682,64.0,male,6.4,4.87,13.8,87.5,252.0,45.0,5.397605346934028e-79,32.0,0.73,64.53,154.0,9.25,0.77
IQ-LAB-98684,71.0,male,7.8,4.02,13.0,95.7,265.0,9.0,5.397605346934028e-79,19.0,0.88,77.79,,,4.09
IQ-LAB-98685,64.0,female,9.9,4.54,13.6,90.0,381.0,11.0,5.397605346934028e-79,18.0,0.92,81.33,,,3.25
IQ-LAB-98686,2.0,male,7.7,4.28,12.1,82.8,343.0,,,,,,,,0.33
IQ-LAB-98687,30.0,female,5.5,4.91,13.8,86.1,207.0,21.0,5.397605346934028e-79,20.0,0.73,64.53,,,1.1
IQ-LAB-98688,17.0,female,5.6,4.37,13.7,92.4,244.0,8.0,5.397605346934028e-79,12.0,0.85,75.14,,,0.8
IQ-LAB-98689,35.0,male,8.4,5.45,16.0,89.3,258.0,28.0,5.397605346934028e-79,20.0,0.79,69.84,106.0,18.86,1.68
IQ-LAB-98690,80.0,male,6.0,4.18,12.9,93.8,176.0,19.0,5.397605346934028e-79,23.0,1.57,138.79,,,4.05
IQ-LAB-98691,56.0,male,6.5,5.12,15.0,85.6,243.0,28.0,5.397605346934028e-79,26.0,0.74,65.42,,,4.32
IQ-LAB-98692,25.0,male,5.1,4.38,14.5,95.5,211.0,19.0,5.397605346934028e-79,26.0,0.99,87.52,,,0.4
IQ-LAB-98693,56.0,female,5.2,4.45,14.4,94.3,177.0,21.0,5.397605346934028e-79,27.0,0.67,59.23,,,0.59
IQ-LAB-98694,54.0,female,9.1,4.68,13.4,88.0,294.0,16.0,5.397605346934028e-79,15.0,0.69,61.0,,,5.71
IQ-LAB-98695,18.0,male,3.8,5.49,14.4,81.3,210.0,,,,,,,,
IQ-LAB-98696,9.0,female,7.2,4.83,12.4,77.2,246.0,,,,,,,,3.73
IQ-LAB-98697,18.0,male,7.2,5.02,14.5,84.5,220.0,15.0,5.397605346934028e-79,23.0,1.1,97.24,,,1.02
IQ-LAB-98698,27.0,female,7.0,3.97,12.6,92.5,283.0,10.0,5.397605346934028e-79,17.0,0.86,76.02,,,2.23
IQ-LAB-98699,68.0,female,9.5,3.98,12.8,97.2,254.0,22.0,5.397605346934028e-79,26.0,0.91,80.44,112.0,6.77,4.16
IQ-LAB-98700,8.0,female,6.1,5.42,14.6,78.2,284.0,,,,,,,,3.02
IQ-LAB-98701,74.0,female,5.1,4.05,13.5,101.1,265.0,15.0,5.397605346934028e-79,20.0,0.64,56.58,,,0.79
IQ-LAB-98702,17.0,female,6.1,4.38,13.0,90.0,219.0,9.0,5.397605346934028e-79,15.0,0.66,58.34,98.0,6.82,0.78
IQ-LAB-98703,69.0,female,6.6,4.87,13.7,84.0,182.0,,,,,,,,
IQ-LAB-98704,9.0,male,4.8,4.95,12.9,77.1,320.0,,,,,,,,0.7
IQ-LAB-98706,2.0,female,9.2,4.33,12.1,83.9,333.0,,,,,,,,0.22
IQ-LAB-98707,63.0,female,4.4,4.13,13.0,91.8,254.0,22.0,5.397605346934028e-79,35.0,0.74,65.42,99.0,8.37,0.77
IQ-LAB-98708,43.0,male,6.4,4.69,15.0,91.0,234.0,12.0,5.397605346934028e-79,25.0,0.83,73.37,,,0.78
IQ-LAB-98710,24.0,male,8.5,5.02,15.2,86.6,335.0,28.0,5.397605346934028e-79,20.0,0.89,78.68,,,3.25
IQ-LAB-98711,53.0,male,8.4,4.76,15.5,92.7,199.0,14.0,5.397605346934028e-79,13.0,0.8,70.72,,,5.94
IQ-LAB-98713,59.0,female,3.9,4.42,11.9,82.6,228.0,20.0,5.397605346934028e-79,23.0,0.97,85.75,,,0.52
IQ-LAB-98714,40.0,female,6.5,4.26,13.0,91.8,279.0,35.0,5.397605346934028e-79,23.0,0.68,60.11,,,6.1
IQ-LAB-98716,41.0,female,9.1,4.54,13.1,83.7,234.0,15.0,5.397605346934028e-79,16.0,0.59,52.16,,,1.81
IQ-LAB-98717,64.0,male,7.5,5.15,15.2,86.1,170.0,27.0,5.397605346934028e-79,22.0,0.9,79.56,,,0.47
IQ-LAB-98718,35.0,female,5.6,4.05,11.8,86.5,261.0,12.0,5.397605346934028e-79,16.0,0.76,67.18,,,4.14
IQ-LAB-98720,15.0,male,6.4,5.27,15.4,84.5,284.0,39.0,5.397605346934028e-79,28.0,1.09,96.36,,,4.53
IQ-LAB-98721,55.0,female,5.9,4.27,12.3,86.2,287.0,21.0,5.397605346934028e-79,24.0,0.73,64.53,,,4.6
IQ-LAB-98722,57.0,female,9.6,4.71,12.5,84.2,267.0,15.0,5.397605346934028e-79,16.0,0.75,66.3,,,17.22
IQ-LAB-98724,22.0,male,11.8,5.57,17.2,88.9,258.0,34.0,5.397605346934028e-79,20.0,0.65,57.46,,,1.83
IQ-LAB-98725,68.0,male,6.5,5.14,15.8,88.6,166.0,53.0,5.397605346934028e-79,31.0,1.1,97.24,107.0,9.03,1.59
IQ-LAB-98726,38.0,male,4.1,4.77,14.0,87.7,202.0,25.0,5.397605346934028e-79,27.0,1.15,101.66,101.0,3.49,0.53
IQ-LAB-98727,4.0,female,10.9,4.9,13.3,80.2,367.0,,,,,,,,1.67
IQ-LAB-98728,41.0,male,6.4,5.03,14.4,80.7,237.0,18.0,5.397605346934028e-79,22.0,0.8,70.72,106.0,7.58,0.27
IQ-LAB-98729,30.0,female,7.3,5.17,13.6,79.7,298.0,7.0,5.397605346934028e-79,22.0,0.9,79.56,85.0,9.47,4.53
IQ-LAB-98730,8.0,male,4.6,4.49,13.2,85.5,245.0,,,,,,,,0.61
IQ-LAB-98731,4.0,male,5.3,5.13,12.5,73.7,333.0,,,,,,,,
IQ-LAB-98732,66.0,male,6.4,4.0,12.7,94.1,195.0,17.0,5.397605346934028e-79,16.0,6.19,547.2,,,23.69
IQ-LAB-98733,36.0,female,6.2,4.36,13.5,89.5,269.0,17.0,5.397605346934028e-79,14.0,0.56,49.5,97.0,12.12,1.57
IQ-LAB-98734,32.0,male,10.9,5.5,16.6,90.4,261.0,39.0,5.397605346934028e-79,25.0,1.08,95.47,,,3.62
IQ-LAB-98736,4.0,male,7.5,4.4,13.1,87.5,258.0,,,,,,,,0.27
IQ-LAB-98738,8.0,female,5.3,4.82,13.1,80.8,257.0,,,,,,,,0.86
IQ-LAB-98739,10.0,male,6.5,4.6,12.8,81.8,284.0,,,,,,,,1.81
IQ-LAB-98740,31.0,male,6.0,5.73,13.7,73.1,224.0,25.0,5.397605346934028e-79,22.0,1.22,107.85,,,1.28
IQ-LAB-98741,64.0,female,10.3,4.13,11.7,88.9,308.0,6.0,5.397605346934028e-79,16.0,0.78,68.95,,,36.89
IQ-LAB-98742,80.0,female,5.5,4.12,12.6,93.7,241.0,10.0,5.397605346934028e-79,19.0,1.19,105.2,79.0,6.96,2.93
IQ-LAB-98743,61.0,male,4.7,5.02,15.6,90.5,199.0,15.0,5.397605346934028e-79,18.0,1.04,91.94,95.0,13.06,2.1
IQ-LAB-98744,64.0,female,6.3,4.33,13.3,91.6,191.0,20.0,5.397605346934028e-79,20.0,0.74,65.42,,,2.8
IQ-LAB-98745,60.0,female,7.8,4.87,12.6,79.2,292.0,10.0,5.397605346934028e-79,14.0,0.84,74.26,,,11.41
IQ-LAB-98746,60.0,female,5.2,3.87,12.5,94.8,216.0,14.0,5.397605346934028e-79,26.0,1.04,91.94,,,0.88
IQ-LAB-98747,21.0,male,5.7,5.0,16.4,97.9,223.0,10.0,5.397605346934028e-79,14.0,1.05,92.82,84.0,4.04,0.98
IQ-LAB-98748,50.0,male,6.9,4.98,15.8,93.1,288.0,9.0,5.397605346934028e-79,18.0,1.11,98.12,93.0,2.05,0.5
IQ-LAB-98749,37.0,male,12.7,5.71,17.2,88.2,251.0,24.0,5.397605346934028e-79,26.0,0.81,71.6,,,1.4
IQ-LAB-98751,42.0,male,5.1,5.6,16.8,88.3,180.0,25.0,5.397605346934028e-79,22.0,0.89,78.68,99.0,4.59,0.58
IQ-LAB-98752,68.0,male,11.2,3.92,13.2,97.5,316.0,17.0,5.397605346934028e-79,15.0,1.22,107.85,151.0,28.08,0.8
IQ-LAB-98753,15.0,male,10.5,5.15,15.5,88.2,285.0,27.0,5.397605346934028e-79,18.0,0.89,78.68,,,6.28
IQ-LAB-98755,68.0,female,5.1,4.81,14.7,89.7,187.0,25.0,5.397605346934028e-79,26.0,0.61,53.92,,,1.22
IQ-LAB-98756,80.0,male,4.4,3.93,12.3,92.5,134.0,9.0,5.397605346934028e-79,17.0,2.0,176.8,95.0,4.2,2.27
IQ-LAB-98757,41.0,male,5.5,4.59,13.4,85.5,164.0,14.0,5.397605346934028e-79,17.0,0.8,70.72,,,2.47
IQ-LAB-98759,80.0,male,5.2,5.25,13.5,82.3,152.0,13.0,5.397605346934028e-79,14.0,0.55,48.62,151.0,6.59,0.46
IQ-LAB-98762,28.0,male,5.0,5.06,14.9,86.7,212.0,31.0,5.397605346934028e-79,21.0,0.91,80.44,111.0,10.07,0.8
IQ-LAB-98765,4.0,male,9.6,4.64,13.5,85.2,348.0,,,,,,,,1.08
IQ-LAB-98766,4.0,female,9.7,4.4,12.5,83.9,316.0,,,,,,,,1.3
IQ-LAB-98767,63.0,female,10.7,4.19,13.7,97.5,225.0,16.0,5.397605346934028e-79,23.0,0.78,68.95,,,0.57
IQ-LAB-98768,76.0,female,10.0,5.07,14.5,88.6,302.0,8.0,5.397605346934028e-79,17.0,1.1,97.24,,,1.38
IQ-LAB-98769,41.0,male,7.0,5.78,15.8,78.8,257.0,35.0,5.397605346934028e-79,22.0,0.95,83.98,,,1.63
IQ-LAB-98770,46.0,female,12.2,4.41,11.9,83.9,300.0,10.0,5.397605346934028e-79,14.0,0.71,62.76,,,8.1
IQ-LAB-98772,59.0,male,6.3,4.42,14.7,99.5,356.0,13.0,5.397605346934028e-79,12.0,0.78,68.95,111.0,6.02,18.3
IQ-LAB-98773,14.0,male,14.6,5.25,15.1,84.6,242.0,33.0,5.397605346934028e-79,24.0,0.81,71.6,,,1.73
IQ-LAB-98774,6.0,female,9.1,4.79,12.0,75.9,501.0,,,,,,,,0.48
IQ-LAB-98775,26.0,male,8.6,5.37,15.3,83.8,185.0,21.0,5.397605346934028e-79,19.0,0.86,76.02,103.0,11.6,4.21
IQ-LAB-98776,45.0,female,6.3,4.17,13.6,94.8,143.0,9.0,5.397605346934028e-79,16.0,0.78,68.95,,,2.92
IQ-LAB-98777,7.0,male,7.1,4.38,11.8,79.4,366.0,,,,,,,,0.28
IQ-LAB-98778,42.0,male,4.4,4.67,15.1,96.9,148.0,13.0,5.397605346934028e-79,15.0,0.84,74.26,95.0,3.02,2.11
IQ-LAB-98780,45.0,male,8.9,6.26,14.2,70.4,178.0,41.0,5.397605346934028e-79,23.0,1.02,90.17,105.0,20.3,2.75
IQ-LAB-98781,55.0,female,6.5,4.24,14.1,97.6,243.0,14.0,5.397605346934028e-79,18.0,0.83,73.37,101.0,8.4,2.9
IQ-LAB-98782,43.0,female,8.0,4.31,7.0,54.0,403.0,11.0,5.397605346934028e-79,20.0,0.69,61.0,,,0.51
IQ-LAB-98783,40.0,female,11.3,5.35,16.1,89.3,270.0,27.0,5.397605346934028e-79,16.0,0.92,81.33,,,6.02
IQ-LAB-98784,25.0,female,6.7,4.63,12.7,83.6,189.0,14.0,5.397605346934028e-79,15.0,0.68,60.11,,,9.48
IQ-LAB-98786,17.0,male,5.0,5.35,16.0,86.5,145.0,12.0,5.397605346934028e-79,15.0,0.84,74.26,107.0,8.18,0.42
IQ-LAB-98787,9.0,female,6.1,4.95,12.9,77.9,217.0,,,,,,,,0.53
IQ-LAB-98788,20.0,female,10.0,4.22,13.1,89.7,261.0,10.0,5.397605346934028e-79,13.0,0.57,50.39,86.0,26.91,1.28
IQ-LAB-98789,53.0,female,4.4,4.12,12.3,87.9,210.0,14.0,5.397605346934028e-79,20.0,0.68,60.11,,,0.54
IQ-LAB-98790,44.0,male,6.0,4.52,14.5,92.8,192.0,21.0,5.397605346934028e-79,18.0,0.95,83.98,,,20.0
IQ-LAB-98791,54.0,male,4.4,5.43,16.4,90.7,168.0,30.0,5.397605346934028e-79,29.0,0.85,75.14,96.0,2.41,0.38
IQ-LAB-98792,9.0,male,3.5,4.3,12.2,84.7,195.0,,,,,,,,
IQ-LAB-98793,46.0,female,5.7,4.3,14.0,96.5,190.0,25.0,5.397605346934028e-79,31.0,0.57,50.39,111.0,6.71,1.29
IQ-LAB-98794,14.0,male,2.9,4.77,13.4,83.3,237.0,12.0,5.397605346934028e-79,17.0,0.8,70.72,113.0,8.06,0.39
IQ-LAB-98795,16.0,female,9.2,5.15,13.3,77.3,368.0,9.0,5.397605346934028e-79,14.0,0.62,54.81,,,0.35
IQ-LAB-98796,21.0,female,5.1,4.94,11.1,70.3,284.0,7.0,5.397605346934028e-79,10.0,0.69,61.0,,,0.37
IQ-LAB-98797,55.0,female,5.8,4.39,13.6,90.3,165.0,32.0,5.397605346934028e-79,23.0,0.68,60.11,,,2.89
IQ-LAB-98798,10.0,female,6.5,4.84,12.5,77.9,256.0,,,,,,,,0.26
IQ-LAB-98799,32.0,female,7.1,4.67,13.9,87.3,354.0,14.0,5.397605346934028e-79,14.0,0.66,58.34,,,44.63
IQ-LAB-98801,14.0,male,6.7,5.29,15.2,82.5,310.0,10.0,5.397605346934028e-79,21.0,0.82,72.49,,,1.36
IQ-LAB-98802,15.0,male,6.8,4.96,13.6,82.1,276.0,,,,,,,,
IQ-LAB-98803,45.0,male,7.7,5.23,16.6,89.8,195.0,40.0,5.397605346934028e-79,27.0,0.8,70.72,,,1.77
IQ-LAB-98804,39.0,female,5.4,4.77,8.4,60.1,233.0,24.0,5.397605346934028e-79,19.0,0.72,63.65,101.0,26.4,1.18
IQ-LAB-98805,2.0,male,7.6,4.46,12.1,79.2,326.0,,,,,,,,
IQ-LAB-98806,72.0,female,14.1,4.86,12.5,78.8,370.0,10.0,5.397605346934028e-79,10.0,0.51,45.08,,,78.53
IQ-LAB-98807,29.0,female,9.2,4.5,13.8,88.4,220.0,13.0,5.397605346934028e-79,15.0,0.83,73.37,,,1.89
IQ-LAB-98808,4.0,male,7.5,4.54,12.8,81.5,366.0,,,,,,,,1.07
IQ-LAB-98810,55.0,female,6.3,4.21,13.0,92.8,237.0,9.0,5.397605346934028e-79,14.0,0.78,68.95,,,18.17
IQ-LAB-98811,1.0,male,8.7,4.78,13.4,80.0,297.0,,,,,,,,0.11
IQ-LAB-98812,31.0,female,5.9,4.69,14.1,89.6,247.0,24.0,5.397605346934028e-79,22.0,0.57,50.39,,,0.41
IQ-LAB-98813,67.0,male,9.2,4.76,14.2,89.4,291.0,19.0,5.397605346934028e-79,24.0,1.13,99.89,125.0,15.61,2.11
IQ-LAB-98814,69.0,male,8.0,4.66,14.9,95.1,197.0,82.0,5.397605346934028e-79,47.0,0.67,59.23,162.0,17.32,0.67
IQ-LAB-98815,75.0,female,5.9,4.09,13.2,97.5,188.0,23.0,5.397605346934028e-79,23.0,0.71,62.76,91.0,2.73,2.31
IQ-LAB-98816,12.0,female,6.8,4.78,14.2,87.6,208.0,20.0,5.397605346934028e-79,20.0,0.6,53.04,96.0,8.05,0.84
IQ-LAB-98817,21.0,female,5.7,3.75,12.6,98.8,352.0,19.0,5.397605346934028e-79,17.0,0.61,53.92,,,0.54
IQ-LAB-98819,58.0,female,8.6,4.63,13.9,92.9,329.0,20.0,5.397605346934028e-79,29.0,0.7,61.88,119.0,17.7,47.8
IQ-LAB-98820,63.0,male,8.4,4.91,15.5,91.8,214.0,17.0,5.397605346934028e-79,23.0,0.96,84.86,,,2.26
IQ-LAB-98821,35.0,female,9.3,4.46,13.6,89.6,332.0,11.0,5.397605346934028e-79,14.0,0.67,59.23,95.0,5.34,5.71
IQ-LAB-98822,39.0,male,6.9,5.05,15.7,89.7,228.0,30.0,5.397605346934028e-79,22.0,1.02,90.17,,,0.51
IQ-LAB-98823,51.0,female,7.5,5.32,15.0,83.9,269.0,56.0,5.397605346934028e-79,49.0,0.45,39.78,,,4.82
IQ-LAB-98824,24.0,male,8.5,4.96,14.2,87.1,345.0,56.0,5.397605346934028e-79,33.0,0.85,75.14,99.0,13.96,5.96
IQ-LAB-98825,7.0,female,7.2,4.9,12.2,74.7,334.0,,,,,,,,0.68
IQ-LAB-98826,3.0,female,6.2,4.98,12.1,73.7,295.0,,,,,,,,1.11
IQ-LAB-98827,80.0,female,7.7,3.94,12.2,89.2,198.0,11.0,5.397605346934028e-79,18.0,0.79,69.84,,,2.62
IQ-LAB-98828,29.0,female,5.1,4.5,11.0,76.0,293.0,8.0,5.397605346934028e-79,14.0,0.75,66.3,102.0,20.2,1.52
IQ-LAB-98829,18.0,male,9.2,5.15,15.7,90.7,243.0,19.0,5.397605346934028e-79,16.0,0.78,68.95,,,2.66
IQ-LAB-98830,66.0,male,8.3,5.16,14.8,85.3,276.0,26.0,5.397605346934028e-79,19.0,1.06,93.7,,,2.2
IQ-LAB-98832,48.0,female,7.9,4.81,13.5,84.9,272.0,13.0,5.397605346934028e-79,14.0,0.89,78.68,105.0,7.8,0.79
IQ-LAB-98833,75.0,female,9.2,4.27,13.3,90.6,176.0,9.0,5.397605346934028e-79,18.0,1.01,89.28,,,2.2
IQ-LAB-98834,55.0,female,6.3,3.87,12.5,96.4,438.0,8.0,5.397605346934028e-79,21.0,0.54,47.74,,,0.4
IQ-LAB-98835,14.0,male,9.1,5.15,14.6,84.4,290.0,9.0,5.397605346934028e-79,16.0,0.92,81.33,,,0.89
IQ-LAB-98837,80.0,male,7.1,3.37,10.6,91.9,216.0,20.0,5.397605346934028e-79,26.0,2.22,196.25,,,6.51
IQ-LAB-98838,70.0,female,6.9,5.31,15.4,85.8,166.0,14.0,5.397605346934028e-79,20.0,0.84,74.26,,,2.14
IQ-LAB-98840,50.0,female,15.8,4.1,12.7,90.3,401.0,21.0,5.397605346934028e-79,19.0,0.84,74.26,100.0,8.42,3.43
IQ-LAB-98842,79.0,male,8.5,5.41,16.7,87.9,252.0,25.0,5.397605346934028e-79,20.0,0.99,87.52,,,2.44
IQ-LAB-98843,56.0,male,6.9,4.17,13.1,93.8,251.0,12.0,5.397605346934028e-79,19.0,0.76,67.18,99.0,3.19,2.09
IQ-LAB-98844,76.0,male,6.8,4.93,14.8,89.7,109.0,23.0,5.397605346934028e-79,32.0,1.41,124.64,165.0,15.17,1.63
IQ-LAB-98845,50.0,female,7.3,5.21,14.2,82.1,178.0,20.0,5.397605346934028e-79,16.0,0.61,53.92,,,4.45
IQ-LAB-98846,47.0,female,6.5,4.05,12.6,89.1,301.0,31.0,5.397605346934028e-79,18.0,0.7,61.88,91.0,5.11,0.95
IQ-LAB-98847,52.0,male,6.3,5.29,16.4,94.1,177.0,33.0,5.397605346934028e-79,24.0,1.02,90.17,97.0,23.77,5.1
IQ-LAB-98848,78.0,female,12.2,3.84,12.6,99.2,437.0,28.0,5.397605346934028e-79,19.0,0.73,64.53,,,5.62
IQ-LAB-98849,8.0,male,7.7,4.75,13.4,82.1,262.0,,,,,,,,0.32
IQ-LAB-98850,10.0,male,6.3,5.26,13.9,78.2,253.0,,,,,,,,0.41
IQ-LAB-98851,23.0,female,6.1,4.16,12.9,90.7,319.0,11.0,5.397605346934028e-79,16.0,0.73,64.53,,,2.98
IQ-LAB-98853,73.0,male,5.6,5.14,15.6,91.7,406.0,17.0,5.397605346934028e-79,18.0,0.84,74.26,110.0,9.37,5.41
IQ-LAB-98854,22.0,male,8.0,5.04,13.9,85.8,224.0,25.0,5.397605346934028e-79,21.0,0.86,76.02,93.0,5.51,2.62
IQ-LAB-98855,5.0,female,8.2,4.5,12.8,86.4,487.0,,,,,,,,0.36
IQ-LAB-98856,8.0,female,9.9,4.82,11.7,75.1,291.0,,,,,,,,1.44
IQ-LAB-98857,58.0,male,7.2,4.31,13.5,91.2,230.0,19.0,5.397605346934028e-79,19.0,0.93,82.21,,,1.01
IQ-LAB-98858,65.0,female,9.0,4.8,15.1,92.6,235.0,,,,,,,,
IQ-LAB-98860,8.0,male,14.7,3.97,11.1,85.4,341.0,,,,,,,,0.33
IQ-LAB-98861,1.0,female,9.0,4.33,12.6,84.4,279.0,,,,,,,,0.3
IQ-LAB-98862,6.0,female,8.7,4.64,13.8,86.2,224.0,,,,,,,,0.64
IQ-LAB-98864,62.0,male,6.2,4.33,14.4,94.6,251.0,8.0,5.397605346934028e-79,18.0,1.29,114.04,127.0,22.3,0.65
IQ-LAB-98865,36.0,male,5.9,4.68,14.5,92.8,215.0,14.0,5.397605346934028e-79,20.0,1.09,96.36,87.0,1.89,1.13
IQ-LAB-98866,19.0,male,5.5,4.76,13.7,87.0,167.0,18.0,5.397605346934028e-79,30.0,0.87,76.91,,,0.61
IQ-LAB-98867,60.0,male,6.6,4.59,15.2,99.1,221.0,20.0,5.397605346934028e-79,33.0,0.95,83.98,,,1.61
IQ-LAB-98868,20.0,male,4.1,5.32,14.9,81.2,196.0,22.0,5.397605346934028e-79,26.0,1.15,101.66,,,0.23
IQ-LAB-98869,75.0,male,6.4,4.67,14.1,92.4,181.0,10.0,5.397605346934028e-79,15.0,0.89,78.68,122.0,11.7,1.88
IQ-LAB-98871,8.0,male,5.1,4.57,13.0,85.5,322.0,,,,,,,,0.29
IQ-LAB-98872,44.0,female,7.6,4.4,12.5,89.9,312.0,13.0,5.397605346934028e-79,16.0,1.06,93.7,,,2.71
IQ-LAB-98874,3.0,female,5.4,4.96,13.4,75.7,282.0,,,,,,,,1.85
IQ-LAB-98875,9.0,female,6.0,5.9,11.8,63.8,320.0,,,,,,,,0.11
IQ-LAB-98876,22.0,male,6.4,5.09,14.0,83.1,326.0,14.0,5.397605346934028e-79,17.0,0.91,80.44,,,19.54
IQ-LAB-98877,39.0,male,4.5,5.31,15.4,85.4,193.0,43.0,5.397605346934028e-79,30.0,0.96,84.86,90.0,7.39,0.62
IQ-LAB-98878,42.0,female,7.2,4.91,15.3,91.7,218.0,21.0,5.397605346934028e-79,21.0,0.86,76.02,,,1.2
IQ-LAB-98879,3.0,female,7.8,4.31,12.2,84.3,296.0,,,,,,,,2.45
IQ-LAB-98881,4.0,male,8.2,4.97,14.0,83.2,327.0,,,,,,,,0.46
IQ-LAB-98882,1.0,male,10.7,4.76,12.2,77.8,467.0,,,,,,,,0.39
IQ-LAB-98883,18.0,female,7.8,4.53,13.9,89.9,270.0,20.0,5.397605346934028e-79,26.0,0.64,56.58,,,0.47
IQ-LAB-98884,76.0,male,7.6,4.5,13.5,89.4,201.0,24.0,5.397605346934028e-79,24.0,0.83,73.37,,,1.1
IQ-LAB-98885,15.0,male,10.1,4.88,14.5,86.3,259.0,12.0,5.397605346934028e-79,16.0,0.74,65.42,,,3.55
IQ-LAB-98886,9.0,male,9.9,5.04,13.3,75.6,250.0,,,,,,,,0.53
IQ-LAB-98889,7.0,female,11.2,4.38,12.2,83.1,506.0,,,,,,,,1.98
IQ-LAB-98890,16.0,male,5.8,4.81,14.8,91.0,240.0,17.0,5.397605346934028e-79,17.0,0.88,77.79,,,0.33
IQ-LAB-98891,53.0,female,8.0,4.9,12.9,79.9,331.0,23.0,5.397605346934028e-79,24.0,0.77,68.07,,,3.59
IQ-LAB-98892,55.0,male,4.3,5.04,16.2,95.6,124.0,108.0,5.397605346934028e-79,97.0,0.71,62.76,98.0,6.42,0.48
IQ-LAB-98893,69.0,male,5.7,4.49,12.8,87.3,150.0,21.0,5.397605346934028e-79,22.0,0.91,80.44,,,1.59
IQ-LAB-98894,35.0,male,8.7,5.46,15.9,83.1,217.0,96.0,5.397605346934028e-79,57.0,1.11,98.12,103.0,15.92,2.62
IQ-LAB-98895,38.0,male,5.8,4.77,13.6,84.4,305.0,30.0,5.397605346934028e-79,23.0,1.03,91.05,,,1.8
IQ-LAB-98896,16.0,male,9.1,5.0,14.9,85.9,314.0,54.0,5.397605346934028e-79,26.0,0.54,47.74,107.0,63.28,6.49
IQ-LAB-98898,80.0,male,7.6,4.5,13.9,90.0,275.0,15.0,5.397605346934028e-79,17.0,1.07,94.59,,,0.31
IQ-LAB-98899,66.0,female,6.5,4.64,13.4,87.5,241.0,14.0,5.397605346934028e-79,16.0,0.77,68.07,,,2.09
IQ-LAB-98900,36.0,male,6.0,4.94,16.2,92.6,276.0,24.0,5.397605346934028e-79,23.0,0.96,84.86,,,1.09
IQ-LAB-98901,65.0,male,16.4,4.5,14.4,94.6,216.0,15.0,5.397605346934028e-79,38.0,2.44,215.7,,,2.97
IQ-LAB-98902,56.0,female,5.0,5.11,14.9,88.3,220.0,17.0,5.397605346934028e-79,19.0,0.56,49.5,93.0,14.55,0.36
IQ-LAB-98903,73.0,female,8.6,5.44,13.9,80.2,178.0,22.0,5.397605346934028e-79,20.0,0.71,62.76,,,3.46
IQ-LAB-98904,51.0,female,3.2,4.36,13.3,91.7,147.0,12.0,5.397605346934028e-79,19.0,0.64,56.58,94.0,2.6,0.67
IQ-LAB-98905,63.0,male,9.1,4.69,13.7,88.8,384.0,21.0,5.397605346934028e-79,20.0,0.84,74.26,102.0,6.56,12.64
IQ-LAB-98906,33.0,male,7.4,5.22,16.9,94.3,205.0,17.0,5.397605346934028e-79,19.0,0.79,69.84,,,0.58
IQ-LAB-98907,56.0,male,6.0,4.88,14.8,92.0,202.0,16.0,5.397605346934028e-79,19.0,1.09,96.36,112.0,7.13,1.72
IQ-LAB-98908,8.0,male,9.0,4.93,13.8,83.5,261.0,,,,,,,,1.95
IQ-LAB-98909,68.0,male,6.8,5.29,15.7,84.6,166.0,17.0,5.397605346934028e-79,17.0,0.73,64.53,104.0,10.64,16.38
IQ-LAB-98910,22.0,male,4.6,4.89,14.9,89.0,194.0,9.0,5.397605346934028e-79,21.0,1.04,91.94,89.0,6.21,0.31
IQ-LAB-98911,9.0,female,7.3,4.64,11.5,75.3,308.0,,,,,,,,0.58
IQ-LAB-98913,17.0,female,5.1,4.78,12.6,75.7,187.0,15.0,5.397605346934028e-79,25.0,0.71,62.76,97.0,12.32,1.39
IQ-LAB-98914,63.0,female,6.4,4.7,13.6,85.8,328.0,23.0,5.397605346934028e-79,22.0,0.79,69.84,,,6.53
IQ-LAB-98916,67.0,male,5.2,4.11,11.3,84.3,195.0,16.0,5.397605346934028e-79,20.0,1.05,92.82,,,1.55
IQ-LAB-98917,56.0,female,8.4,4.3,14.2,95.9,331.0,32.0,5.397605346934028e-79,28.0,0.84,74.26,,,1.7
IQ-LAB-98918,24.0,male,9.5,5.3,14.0,81.5,319.0,11.0,5.397605346934028e-79,18.0,0.82,72.49,,,0.55
IQ-LAB-98919,14.0,female,7.3,4.5,12.9,84.7,262.0,25.0,5.397605346934028e-79,23.0,0.63,55.69,,,1.37
IQ-LAB-98920,23.0,male,8.4,5.66,17.1,90.0,289.0,18.0,5.397605346934028e-79,16.0,0.81,71.6,111.0,12.31,2.34
IQ-LAB-98921,26.0,female,6.8,4.46,14.0,91.6,351.0,47.0,5.397605346934028e-79,28.0,0.64,56.58,89.0,28.01,1.98
IQ-LAB-98922,80.0,male,10.5,4.72,15.1,95.5,225.0,13.0,5.397605346934028e-79,16.0,1.01,89.28,87.0,5.53,2.52
IQ-LAB-98923,48.0,female,12.0,4.11,12.4,93.3,342.0,14.0,5.397605346934028e-79,17.0,0.8,70.72,,,5.93
IQ-LAB-98924,60.0,male,4.7,4.92,16.4,97.9,179.0,37.0,5.397605346934028e-79,35.0,0.63,55.69,103.0,3.3,0.45
IQ-LAB-98925,21.0,female,10.9,4.89,14.2,85.4,256.0,39.0,5.397605346934028e-79,28.0,0.55,48.62,117.0,98.0,8.61
IQ-LAB-98926,48.0,female,8.8,4.4,13.6,92.5,256.0,16.0,5.397605346934028e-79,19.0,0.5,44.2,,,0.48
IQ-LAB-98927,18.0,female,5.1,4.86,13.1,82.0,238.0,11.0,5.397605346934028e-79,17.0,0.74,65.42,99.0,21.59,0.35
IQ-LAB-98928,64.0,male,10.0,5.1,12.9,77.7,297.0,15.0,5.397605346934028e-79,14.0,0.54,47.74,,,52.74
IQ-LAB-98929,62.0,male,8.0,4.64,14.9,92.6,197.0,22.0,5.397605346934028e-79,17.0,0.96,84.86,,,0.58
IQ-LAB-98930,9.0,female,9.6,5.26,13.4,79.5,285.0,,,,,,,,0.81
IQ-LAB-98931,68.0,female,3.8,4.36,13.3,93.7,180.0,24.0,5.397605346934028e-79,26.0,0.9,79.56,93.0,5.42,0.67
IQ-LAB-98932,45.0,male,6.7,5.28,16.2,87.7,278.0,58.0,5.397605346934028e-79,36.0,0.79,69.84,118.0,37.96,1.73
IQ-LAB-98933,46.0,female,3.7,4.39,10.4,74.5,189.0,11.0,5.397605346934028e-79,13.0,0.68,60.11,89.0,3.46,1.09
IQ-LAB-98934,80.0,female,7.7,3.24,10.8,98.1,194.0,22.0,5.397605346934028e-79,19.0,1.61,142.32,,,1.34
IQ-LAB-98935,25.0,male,6.0,4.87,14.9,86.4,225.0,17.0,5.397605346934028e-79,25.0,0.98,86.63,,,0.88
IQ-LAB-98936,27.0,male,8.5,4.9,14.9,89.5,224.0,98.0,5.397605346934028e-79,107.0,0.93,82.21,,,0.84
IQ-LAB-98937,1.0,female,12.5,5.27,11.8,68.8,631.0,,,,,,,,0.45
IQ-LAB-98938,19.0,female,7.3,4.41,12.8,87.4,307.0,9.0,5.397605346934028e-79,14.0,0.73,64.53,,,0.6
IQ-LAB-98940,64.0,female,6.0,4.55,13.9,88.1,209.0,20.0,5.397605346934028e-79,17.0,0.7,61.88,106.0,15.22,0.62
IQ-LAB-98941,59.0,female,7.0,4.51,13.3,84.4,296.0,19.0,5.397605346934028e-79,20.0,0.57,50.39,,,0.47
IQ-LAB-98942,11.0,male,6.7,5.03,14.0,81.4,323.0,,,,,,,,1.26
IQ-LAB-98943,8.0,male,10.7,4.75,13.0,80.3,496.0,,,,,,,,0.2
IQ-LAB-98944,27.0,male,6.1,5.31,15.4,85.4,189.0,25.0,5.397605346934028e-79,19.0,0.92,81.33,95.0,20.9,5.81
IQ-LAB-98945,43.0,male,7.4,5.22,15.5,86.9,210.0,49.0,5.397605346934028e-79,28.0,1.11,98.12,,,1.33
IQ-LAB-98947,48.0,male,4.3,4.77,14.5,91.4,253.0,,,,,,102.0,,
IQ-LAB-98948,33.0,male,8.1,5.54,16.5,85.4,156.0,86.0,5.397605346934028e-79,54.0,0.9,79.56,103.0,17.77,1.94
IQ-LAB-98949,3.0,male,5.6,4.4,11.7,79.5,336.0,,,,,,,,0.34
IQ-LAB-98950,11.0,female,4.8,4.61,13.9,87.2,341.0,,,,,,,,0.27
IQ-LAB-98951,52.0,female,11.2,4.26,11.2,81.1,297.0,22.0,5.397605346934028e-79,16.0,1.26,111.38,53.0,199.9,8.03
IQ-LAB-98952,24.0,male,8.5,5.65,16.0,85.8,516.0,115.0,5.397605346934028e-79,52.0,0.61,53.92,,,5.87
IQ-LAB-98953,19.0,female,8.3,3.94,11.9,87.2,276.0,10.0,5.397605346934028e-79,14.0,0.72,63.65,90.0,6.32,1.66
IQ-LAB-98955,21.0,male,6.5,5.87,16.3,81.5,205.0,,,,,,,,
IQ-LAB-98957,74.0,male,6.9,5.3,16.3,94.4,162.0,27.0,5.397605346934028e-79,23.0,1.2,106.08,95.0,14.24,4.75
IQ-LAB-98958,23.0,female,7.6,4.92,14.2,84.3,183.0,11.0,5.397605346934028e-79,15.0,0.57,50.39,91.0,6.49,1.11
IQ-LAB-98959,75.0,male,6.6,4.98,15.6,91.5,202.0,28.0,5.397605346934028e-79,28.0,0.81,71.6,,,1.75
IQ-LAB-98960,35.0,male,9.6,5.15,15.3,87.6,191.0,24.0,5.397605346934028e-79,14.0,0.83,73.37,,,2.75
IQ-LAB-98961,77.0,female,8.8,4.35,13.5,95.2,303.0,14.0,5.397605346934028e-79,19.0,1.03,91.05,95.0,6.76,0.52
IQ-LAB-98962,17.0,female,5.9,4.45,13.1,85.3,268.0,6.0,5.397605346934028e-79,11.0,0.73,64.53,,,0.19
IQ-LAB-98963,11.0,female,7.4,4.75,12.6,79.9,298.0,,,,,,,,0.41
IQ-LAB-98964,80.0,male,7.1,4.37,13.9,92.6,160.0,8.0,5.397605346934028e-79,14.0,1.05,92.82,119.0,10.58,1.04
IQ-LAB-98965,67.0,female,10.5,4.28,13.4,91.9,353.0,14.0,5.397605346934028e-79,9.0,0.59,52.16,242.0,22.52,91.36
IQ-LAB-98966,68.0,female,8.4,4.28,13.5,93.6,192.0,64.0,5.397605346934028e-79,43.0,0.73,64.53,,,1.71
IQ-LAB-98967,13.0,female,5.2,3.85,12.7,94.6,296.0,7.0,5.397605346934028e-79,13.0,0.62,54.81,,,0.31
IQ-LAB-98968,33.0,male,11.3,5.09,15.3,88.3,206.0,90.0,5.397605346934028e-79,43.0,0.87,76.91,,,4.54
IQ-LAB-98969,1.0,male,12.3,5.21,12.2,71.4,342.0,,,,,,,,1.18
IQ-LAB-98971,28.0,female,9.9,4.12,11.6,87.3,344.0,42.0,5.397605346934028e-79,36.0,0.98,86.63,,,0.88
IQ-LAB-98972,67.0,female,4.5,4.35,13.2,91.8,203.0,12.0,5.397605346934028e-79,17.0,0.66,58.34,100.0,6.46,1.12
IQ-LAB-98973,1.0,female,6.0,4.93,12.6,74.8,385.0,,,,,,,,0.29
IQ-LAB-98974,9.0,male,6.5,4.54,11.8,79.3,378.0,,,,,,,,5.83
IQ-LAB-98975,16.0,male,10.1,4.73,14.2,86.6,158.0,15.0,5.397605346934028e-79,16.0,0.65,57.46,,,1.78
IQ-LAB-98977,67.0,female,7.6,3.36,8.8,77.2,541.0,,,,,,,,
IQ-LAB-98978,12.0,male,7.1,4.64,13.0,82.0,337.0,13.0,5.397605346934028e-79,22.0,0.55,48.62,,,0.53
IQ-LAB-98979,9.0,male,9.0,4.92,13.2,81.8,228.0,,,,,,,,0.41
IQ-LAB-98980,54.0,male,9.3,4.47,15.1,95.3,292.0,37.0,5.397605346934028e-79,35.0,0.81,71.6,,,1.38
IQ-LAB-98981,31.0,male,8.9,5.3,14.2,81.6,157.0,10.0,5.397605346934028e-79,18.0,0.83,73.37,102.0,2.47,4.5
IQ-LAB-98982,25.0,female,7.9,4.59,14.2,93.1,261.0,13.0,5.397605346934028e-79,18.0,0.94,83.1,74.0,6.24,0.45
IQ-LAB-98983,57.0,male,4.7,6.01,16.1,81.4,217.0,18.0,5.397605346934028e-79,24.0,0.94,83.1,,,14.1
IQ-LAB-98984,8.0,male,7.3,4.88,13.3,80.6,437.0,,,,,,,,1.04
IQ-LAB-98985,31.0,female,5.2,4.16,13.1,92.2,239.0,11.0,5.397605346934028e-79,19.0,0.68,60.11,,,0.27
IQ-LAB-98986,14.0,female,9.2,4.64,12.4,80.5,293.0,11.0,5.397605346934028e-79,12.0,0.53,46.85,,,0.52
IQ-LAB-98988,59.0,female,6.7,5.13,14.6,85.6,226.0,19.0,5.397605346934028e-79,15.0,0.46,40.66,274.0,12.44,8.55
IQ-LAB-98989,76.0,female,6.5,3.71,11.8,97.9,155.0,13.0,5.397605346934028e-79,17.0,1.25,110.5,122.0,7.71,0.86
IQ-LAB-98990,64.0,male,7.7,4.64,14.1,90.4,129.0,20.0,5.397605346934028e-79,39.0,1.05,92.82,149.0,8.07,3.0
IQ-LAB-98992,56.0,male,10.6,5.0,15.7,93.1,196.0,34.0,5.397605346934028e-79,28.0,1.18,104.31,,,4.1
IQ-LAB-98994,30.0,male,9.7,4.9,14.5,87.0,251.0,32.0,5.397605346934028e-79,24.0,0.92,81.33,108.0,4.5,1.95
IQ-LAB-98995,55.0,female,4.0,5.01,13.6,84.1,226.0,17.0,5.397605346934028e-79,19.0,0.8,70.72,95.0,4.7,1.08
IQ-LAB-98996,69.0,female,7.5,4.34,12.7,89.4,302.0,8.0,5.397605346934028e-79,23.0,0.88,77.79,,,4.69
IQ-LAB-98997,73.0,male,8.1,5.06,14.5,86.4,202.0,50.0,5.397605346934028e-79,26.0,0.92,81.33,,,0.58
IQ-LAB-98998,51.0,female,4.8,4.05,7.9,65.5,150.0,8.0,5.397605346934028e-79,15.0,0.85,75.14,110.0,9.43,2.19
IQ-LAB-99001,37.0,male,8.4,5.26,14.8,86.1,236.0,11.0,5.397605346934028e-79,17.0,1.0,88.4,99.0,10.9,12.95
IQ-LAB-99002,73.0,male,8.4,4.51,14.2,93.1,214.0,39.0,5.397605346934028e-79,35.0,1.42,125.53,171.0,20.56,1.86
IQ-LAB-99003,17.0,female,6.6,4.42,14.2,93.2,272.0,10.0,5.397605346934028e-79,18.0,1.12,99.01,,,1.36
IQ-LAB-99004,15.0,male,5.8,5.24,15.6,90.6,269.0,10.0,5.397605346934028e-79,14.0,0.78,68.95,96.0,5.88,0.28
IQ-LAB-99005,26.0,female,9.6,5.55,11.3,66.6,281.0,20.0,5.397605346934028e-79,22.0,0.81,71.6,86.0,31.9,9.72
IQ-LAB-99006,13.0,female,7.0,4.88,13.5,83.9,247.0,9.0,5.397605346934028e-79,17.0,0.7,61.88,99.0,10.81,0.42
IQ-LAB-99007,26.0,male,7.4,4.73,14.7,88.9,170.0,16.0,5.397605346934028e-79,39.0,0.61,53.92,,,0.69
IQ-LAB-99008,9.0,male,5.2,4.24,12.2,85.6,365.0,,,,,,,,0.24
IQ-LAB-99009,38.0,female,5.2,4.19,13.7,96.0,244.0,10.0,5.397605346934028e-79,17.0,0.75,66.3,,,1.09
IQ-LAB-99011,77.0,male,7.3,5.0,14.1,85.9,205.0,10.0,5.397605346934028e-79,16.0,0.92,81.33,,,0.66
IQ-LAB-99012,51.0,female,8.8,4.61,13.6,86.2,240.0,59.0,5.397605346934028e-79,51.0,0.68,60.11,,,7.23
IQ-LAB-99013,19.0,female,6.2,5.01,14.5,83.2,276.0,17.0,5.397605346934028e-79,18.0,0.79,69.84,94.0,8.3,0.11
IQ-LAB-99014,68.0,male,7.5,5.33,16.4,90.1,186.0,34.0,5.397605346934028e-79,22.0,0.88,77.79,113.0,23.08,0.6
IQ-LAB-99015,18.0,male,9.8,5.44,15.8,86.3,200.0,10.0,5.397605346934028e-79,13.0,0.99,87.52,,,0.15
IQ-LAB-99016,36.0,male,7.5,4.58,14.5,92.5,150.0,19.0,5.397605346934028e-79,15.0,0.94,83.1,,,0.99
IQ-LAB-99017,2.0,female,5.5,4.01,10.8,82.5,288.0,,,,,,,,0.46
IQ-LAB-99018,68.0,female,5.0,4.9,15.2,92.8,215.0,34.0,5.397605346934028e-79,27.0,0.9,79.56,110.0,21.68,2.7
IQ-LAB-99019,41.0,female,7.8,4.74,14.0,89.1,262.0,15.0,5.397605346934028e-79,17.0,0.68,60.11,124.0,21.43,10.98
IQ-LAB-99020,2.0,male,5.0,4.69,11.7,76.8,274.0,,,,,,,,0.11
IQ-LAB-99021,4.0,male,5.7,4.67,13.0,81.1,267.0,,,,,,,,
IQ-LAB-99022,16.0,male,6.6,6.99,14.2,63.4,240.0,11.0,5.397605346934028e-79,17.0,0.82,72.49,107.0,3.92,0.72
IQ-LAB-99023,32.0,male,6.8,4.94,15.1,89.0,217.0,16.0,5.397605346934028e-79,15.0,0.93,82.21,107.0,6.97,1.91
IQ-LAB-99024,38.0,female,4.7,4.48,13.6,91.0,245.0,16.0,5.397605346934028e-79,21.0,0.82,72.49,94.0,2.73,0.31
IQ-LAB-99025,45.0,female,4.9,4.8,11.8,75.4,266.0,13.0,5.397605346934028e-79,20.0,0.7,61.88,,,1.14
IQ-LAB-99026,75.0,female,6.9,4.11,12.0,88.9,208.0,9.0,5.397605346934028e-79,12.0,0.64,56.58,,,2.81
IQ-LAB-99027,9.0,female,5.9,5.1,14.2,83.9,352.0,,,,,,,,0.59
IQ-LAB-99028,42.0,female,11.9,4.36,12.9,89.4,278.0,8.0,5.397605346934028e-79,11.0,1.01,89.28,92.0,6.29,2.78
IQ-LAB-99029,46.0,male,5.8,5.59,15.6,83.8,216.0,58.0,5.397605346934028e-79,44.0,0.75,66.3,,,2.72
IQ-LAB-99033,56.0,male,7.2,5.04,14.8,86.7,210.0,15.0,5.397605346934028e-79,14.0,0.88,77.79,,,1.07
IQ-LAB-99035,6.0,female,9.2,4.66,13.2,82.1,253.0,,,,,,,,0.28
IQ-LAB-99036,44.0,male,6.0,4.86,14.7,88.4,221.0,24.0,5.397605346934028e-79,19.0,1.19,105.2,,,2.33
IQ-LAB-99037,14.0,female,3.3,4.32,12.0,83.2,240.0,11.0,5.397605346934028e-79,15.0,0.55,48.62,66.0,11.52,0.48
IQ-LAB-99038,27.0,female,7.2,3.82,11.9,91.7,288.0,9.0,5.397605346934028e-79,13.0,0.82,72.49,,,5.28
IQ-LAB-99039,17.0,female,7.1,5.0,13.0,77.6,314.0,26.0,5.397605346934028e-79,24.0,0.67,59.23,,,1.34
IQ-LAB-99040,6.0,male,7.3,4.82,13.2,79.2,233.0,,,,,,,,0.11
IQ-LAB-99041,19.0,female,6.1,4.51,13.0,88.0,202.0,,,,,,83.0,,
IQ-LAB-99042,63.0,male,9.0,4.6,15.0,97.5,267.0,13.0,5.397605346934028e-79,17.0,1.5,132.6,,,3.29
IQ-LAB-99044,71.0,female,7.1,4.76,14.3,88.2,226.0,12.0,5.397605346934028e-79,17.0,0.67,59.23,,,3.76
IQ-LAB-99045,1.0,female,8.1,5.12,11.4,68.1,415.0,,,,,,,,
IQ-LAB-99046,16.0,female,7.7,4.68,14.7,93.9,303.0,19.0,5.397605346934028e-79,17.0,0.72,63.65,,,1.25
IQ-LAB-99047,80.0,female,6.2,4.08,13.0,92.9,228.0,16.0,5.397605346934028e-79,20.0,0.83,73.37,,,4.31
IQ-LAB-99048,14.0,male,6.3,4.77,14.1,90.3,182.0,8.0,5.397605346934028e-79,,0.74,65.42,,,0.26
IQ-LAB-99049,6.0,male,7.9,4.69,12.0,77.5,347.0,,,,,,,,0.33
IQ-LAB-99051,17.0,female,5.2,4.09,12.1,87.6,352.0,7.0,5.397605346934028e-79,11.0,0.57,50.39,,,0.83
IQ-LAB-99053,9.0,female,9.3,4.66,13.0,82.0,355.0,,,,,,,,0.31
IQ-LAB-99055,11.0,female,6.4,4.59,13.2,83.1,211.0,,,,,,,,0.64
IQ-LAB-99056,80.0,female,3.5,3.27,12.5,114.6,129.0,22.0,5.397605346934028e-79,39.0,2.15,190.06,127.0,4.8,4.57
IQ-LAB-99057,61.0,male,7.2,4.99,15.1,88.4,224.0,16.0,5.397605346934028e-79,18.0,0.87,76.91,,,1.41
IQ-LAB-99058,64.0,female,5.7,4.39,12.9,89.8,192.0,15.0,5.397605346934028e-79,18.0,0.52,45.97,106.0,6.47,0.86
IQ-LAB-99060,55.0,male,7.5,4.86,13.8,84.2,220.0,29.0,5.397605346934028e-79,15.0,0.84,74.26,285.0,28.17,10.5
IQ-LAB-99061,2.0,male,5.5,4.82,12.9,77.8,319.0,,,,,,,,
IQ-LAB-99062,29.0,female,6.9,4.52,14.5,92.2,271.0,105.0,5.397605346934028e-79,74.0,0.66,58.34,,,4.51
IQ-LAB-99063,41.0,male,6.2,4.69,13.6,86.5,231.0,10.0,5.397605346934028e-79,16.0,1.09,96.36,107.0,13.81,0.75
IQ-LAB-99064,60.0,female,8.4,5.17,16.4,98.2,224.0,26.0,5.397605346934028e-79,22.0,0.9,79.56,,,0.72
IQ-LAB-99066,19.0,male,5.7,5.69,17.0,86.1,243.0,58.0,5.397605346934028e-79,35.0,0.88,77.79,97.0,14.21,0.88
IQ-LAB-99067,39.0,male,3.6,5.26,15.5,85.8,122.0,20.0,5.397605346934028e-79,20.0,0.91,80.44,96.0,4.92,1.01
IQ-LAB-99068,76.0,male,8.6,3.5,11.1,97.2,457.0,15.0,5.397605346934028e-79,18.0,1.5,132.6,,,10.59
IQ-LAB-99069,80.0,female,5.3,4.01,13.4,98.4,153.0,14.0,5.397605346934028e-79,16.0,0.95,83.98,207.0,12.88,0.9
IQ-LAB-99070,70.0,male,3.1,4.4,14.0,91.9,152.0,18.0,5.397605346934028e-79,33.0,1.12,99.01,,,0.78
IQ-LAB-99071,12.0,female,6.1,4.45,13.9,91.1,288.0,14.0,5.397605346934028e-79,18.0,0.52,45.97,,,0.34
IQ-LAB-99072,5.0,male,7.2,4.86,12.5,77.1,300.0,,,,,,,,0.32
IQ-LAB-99073,6.0,female,11.9,5.1,13.0,76.0,284.0,,,,,,,,0.5
IQ-LAB-99074,67.0,male,5.4,5.26,16.4,90.4,242.0,21.0,5.397605346934028e-79,18.0,1.06,93.7,,,4.23
IQ-LAB-99075,2.0,male,7.9,4.54,12.6,78.1,301.0,,,,,,,,0.21
IQ-LAB-99076,10.0,male,6.7,5.25,14.5,82.1,264.0,,,,,,,,0.27
IQ-LAB-99077,3.0,male,7.6,4.89,13.1,75.8,274.0,,,,,,,,0.43
IQ-LAB-99079,7.0,female,7.0,4.69,12.5,80.6,303.0,,,,,,,,1.81
IQ-LAB-99081,59.0,male,10.3,4.84,14.4,89.9,300.0,14.0,5.397605346934028e-79,19.0,0.67,59.23,,,2.45
IQ-LAB-99083,78.0,male,7.0,4.13,12.4,89.5,262.0,7.0,5.397605346934028e-79,13.0,0.81,71.6,111.0,4.45,32.34
IQ-LAB-99084,80.0,female,4.0,3.64,10.3,88.2,189.0,10.0,5.397605346934028e-79,16.0,0.81,71.6,97.0,4.72,2.16
IQ-LAB-99085,8.0,male,10.4,4.75,12.4,78.6,282.0,,,,,,,,1.13
IQ-LAB-99089,25.0,female,4.0,4.98,13.5,79.6,297.0,14.0,5.397605346934028e-79,14.0,0.74,65.42,90.0,5.72,1.76
IQ-LAB-99091,15.0,male,13.2,5.91,15.0,79.9,288.0,,,,,,,,
IQ-LAB-99093,2.0,female,5.7,4.4,10.3,71.4,255.0,,,,,,,,13.06
IQ-LAB-99095,47.0,female,8.5,4.74,13.9,86.0,226.0,17.0,5.397605346934028e-79,15.0,0.54,47.74,,,0.53
IQ-LAB-99096,15.0,female,7.7,5.06,14.5,85.8,303.0,8.0,5.397605346934028e-79,14.0,0.82,72.49,,,0.57
IQ-LAB-99098,39.0,female,8.3,4.79,13.7,85.4,326.0,27.0,5.397605346934028e-79,18.0,0.55,48.62,,,3.37
IQ-LAB-99099,45.0,female,6.8,3.95,12.5,93.1,306.0,10.0,5.397605346934028e-79,10.0,0.74,65.42,112.0,6.32,6.79
IQ-LAB-99100,75.0,male,4.8,4.75,14.4,92.5,142.0,15.0,5.397605346934028e-79,15.0,0.98,86.63,,,0.88
IQ-LAB-99101,80.0,female,6.3,5.17,15.2,89.3,246.0,16.0,5.397605346934028e-79,25.0,0.81,71.6,105.0,10.29,0.65
IQ-LAB-99102,50.0,male,9.7,5.2,16.4,89.5,208.0,8.0,5.397605346934028e-79,18.0,0.85,75.14,,,1.75
IQ-LAB-99103,39.0,male,9.0,5.33,16.1,86.6,208.0,75.0,5.397605346934028e-79,35.0,0.99,87.52,,,5.42
IQ-LAB-99104,63.0,female,8.3,4.64,14.2,91.8,237.0,27.0,5.397605346934028e-79,29.0,0.94,83.1,,,0.78
IQ-LAB-99105,39.0,female,6.3,4.76,9.9,65.3,238.0,15.0,5.397605346934028e-79,16.0,0.72,63.65,,,0.51
IQ-LAB-99106,6.0,male,7.8,4.7,12.2,79.2,218.0,,,,,,,,0.11
IQ-LAB-99107,16.0,female,6.8,4.28,13.3,92.4,266.0,17.0,5.397605346934028e-79,27.0,0.89,78.68,,,0.28
IQ-LAB-99108,51.0,male,4.1,4.83,16.6,99.0,228.0,57.0,5.397605346934028e-79,67.0,0.64,56.58,97.0,4.77,1.38
IQ-LAB-99110,20.0,female,5.5,4.24,12.6,90.2,249.0,16.0,5.397605346934028e-79,19.0,0.59,52.16,94.0,6.73,2.29
IQ-LAB-99111,48.0,female,7.7,4.15,12.4,90.1,204.0,42.0,5.397605346934028e-79,72.0,0.79,69.84,,,0.36
IQ-LAB-99114,41.0,male,6.6,4.8,14.3,89.3,338.0,34.0,5.397605346934028e-79,22.0,0.75,66.3,105.0,5.0,2.87
IQ-LAB-99116,53.0,female,5.9,4.33,12.8,90.0,217.0,21.0,5.397605346934028e-79,22.0,0.6,53.04,,,0.61
IQ-LAB-99117,72.0,female,5.9,4.66,12.4,83.8,239.0,11.0,5.397605346934028e-79,14.0,0.82,72.49,,,1.88
IQ-LAB-99120,17.0,male,7.7,4.78,14.9,89.8,244.0,19.0,5.397605346934028e-79,21.0,0.75,66.3,,,7.86
IQ-LAB-99121,20.0,female,9.4,5.56,11.6,65.9,422.0,10.0,5.397605346934028e-79,10.0,0.86,76.02,97.0,85.82,4.71
IQ-LAB-99124,12.0,male,8.4,5.8,14.2,74.1,329.0,18.0,5.397605346934028e-79,28.0,0.7,61.88,95.0,8.17,0.37
IQ-LAB-99125,20.0,female,7.0,4.24,12.7,88.9,307.0,10.0,5.397605346934028e-79,15.0,0.72,63.65,94.0,4.75,0.63
IQ-LAB-99126,12.0,male,3.9,4.89,13.4,83.2,259.0,40.0,5.397605346934028e-79,32.0,0.45,39.78,,,1.06
IQ-LAB-99127,67.0,female,6.2,5.47,11.7,69.0,289.0,15.0,5.397605346934028e-79,15.0,0.53,46.85,101.0,3.07,0.59
IQ-LAB-99128,36.0,male,5.3,5.85,13.2,71.5,172.0,22.0,5.397605346934028e-79,38.0,1.06,93.7,,,0.44
IQ-LAB-99130,59.0,male,4.5,4.81,14.5,88.3,206.0,,,,,,,,
IQ-LAB-99131,56.0,female,9.9,4.42,14.0,92.6,383.0,23.0,5.397605346934028e-79,15.0,0.66,58.34,,,5.61
IQ-LAB-99133,74.0,male,7.2,4.92,15.4,97.1,184.0,22.0,5.397605346934028e-79,28.0,0.79,69.84,,,1.62
IQ-LAB-99134,71.0,male,5.6,4.36,14.5,95.7,287.0,9.0,5.397605346934028e-79,15.0,0.94,83.1,109.0,46.66,0.54
IQ-LAB-99135,15.0,female,5.9,4.65,13.0,85.9,252.0,13.0,5.397605346934028e-79,17.0,0.89,78.68,,,0.47
IQ-LAB-99136,40.0,male,4.6,5.4,15.8,88.1,192.0,19.0,5.397605346934028e-79,21.0,1.15,101.66,106.0,6.59,0.78
IQ-LAB-99137,2.0,male,12.5,4.7,12.7,81.1,327.0,,,,,,,,0.8
IQ-LAB-99138,31.0,male,7.3,4.35,13.6,95.6,180.0,12.0,5.397605346934028e-79,18.0,0.88,77.79,101.0,3.85,0.34
IQ-LAB-99139,12.0,female,5.0,5.08,10.1,64.8,362.0,9.0,5.397605346934028e-79,12.0,0.63,55.69,100.0,19.8,0.33
IQ-LAB-99140,62.0,female,6.7,4.37,13.5,88.0,230.0,20.0,5.397605346934028e-79,20.0,0.75,66.3,,,1.61
IQ-LAB-99141,9.0,female,11.8,5.82,11.0,60.6,342.0,,,,,,,,0.27
IQ-LAB-99142,7.0,female,6.7,4.68,12.4,76.5,218.0,,,,,,,,0.52
IQ-LAB-99143,2.0,female,7.5,5.24,13.6,75.8,215.0,,,,,,,,0.28
IQ-LAB-99144,78.0,female,7.6,4.01,12.0,89.5,236.0,7.0,5.397605346934028e-79,10.0,0.81,71.6,101.0,10.97,5.03
IQ-LAB-99145,4.0,male,10.5,3.97,11.7,84.5,316.0,,,,,,,,0.5
IQ-LAB-99148,78.0,female,9.8,4.85,15.5,95.3,305.0,9.0,5.397605346934028e-79,16.0,0.64,56.58,,,7.68
IQ-LAB-99149,3.0,female,7.9,4.12,11.7,83.3,343.0,,,,,,,,0.32
IQ-LAB-99151,22.0,female,8.7,4.59,12.9,87.2,250.0,10.0,5.397605346934028e-79,14.0,0.8,70.72,,,1.77
IQ-LAB-99152,72.0,female,5.7,4.45,13.2,86.6,272.0,12.0,5.397605346934028e-79,15.0,0.8,70.72,,,9.85
IQ-LAB-99153,53.0,female,4.0,4.23,13.0,93.2,111.0,15.0,5.397605346934028e-79,20.0,0.75,66.3,85.0,3.77,0.27
IQ-LAB-99154,24.0,male,6.3,4.92,14.7,85.1,314.0,33.0,5.397605346934028e-79,21.0,0.92,81.33,99.0,23.1,4.64
IQ-LAB-99155,28.0,male,4.6,4.59,14.7,94.2,251.0,8.0,5.397605346934028e-79,14.0,0.91,80.44,,,2.01
IQ-LAB-99156,61.0,male,3.8,4.71,14.7,95.9,120.0,21.0,5.397605346934028e-79,24.0,0.55,48.62,,,0.46
IQ-LAB-99157,62.0,female,4.6,4.17,12.3,87.5,180.0,11.0,5.397605346934028e-79,14.0,0.67,59.23,125.0,4.82,0.51
IQ-LAB-99158,3.0,female,14.0,4.64,12.6,81.7,392.0,,,,,,,,
IQ-LAB-99159,57.0,female,8.1,4.66,13.9,87.8,318.0,31.0,5.397605346934028e-79,32.0,0.63,55.69,,,4.54
IQ-LAB-99160,43.0,female,7.2,4.42,13.5,92.2,152.0,8.0,5.397605346934028e-79,13.0,0.76,67.18,103.0,18.8,1.53
IQ-LAB-99164,9.0,female,7.0,4.21,12.4,84.3,200.0,,,,,,,,1.89
IQ-LAB-99166,10.0,female,5.3,4.96,13.6,81.0,210.0,,,,,,,,0.63
IQ-LAB-99167,50.0,female,4.0,4.04,6.9,61.5,413.0,11.0,5.397605346934028e-79,20.0,0.74,65.42,100.0,7.58,0.97
IQ-LAB-99168,40.0,female,8.5,5.43,13.6,77.0,255.0,12.0,5.397605346934028e-79,15.0,0.42,37.13,,,5.3
IQ-LAB-99169,60.0,male,7.1,4.33,14.0,94.7,189.0,15.0,5.397605346934028e-79,18.0,1.16,102.54,,,1.1
IQ-LAB-99171,37.0,male,9.1,5.05,14.9,87.5,248.0,33.0,5.397605346934028e-79,23.0,0.91,80.44,90.0,8.53,1.1
IQ-LAB-99172,68.0,male,1.9,4.63,14.9,96.1,107.0,78.0,5.397605346934028e-79,99.0,0.95,83.98,,,6.6
IQ-LAB-99174,65.0,female,12.0,4.54,14.4,94.8,259.0,21.0,5.397605346934028e-79,20.0,0.89,78.68,,,12.01
IQ-LAB-99175,69.0,male,6.3,3.76,13.0,99.6,149.0,12.0,5.397605346934028e-79,24.0,1.23,108.73,98.0,8.67,2.37
IQ-LAB-99176,63.0,female,7.4,4.91,14.6,89.1,256.0,16.0,5.397605346934028e-79,15.0,0.61,53.92,,,0.42
IQ-LAB-99178,68.0,male,10.0,2.53,7.7,90.7,351.0,19.0,5.397605346934028e-79,26.0,5.12,452.61,,,35.27
IQ-LAB-99179,80.0,female,7.6,4.26,12.2,89.2,404.0,7.0,5.397605346934028e-79,9.0,0.95,83.98,185.0,5.02,0.73
IQ-LAB-99181,29.0,male,5.8,4.77,14.9,90.4,220.0,14.0,5.397605346934028e-79,18.0,0.99,87.52,99.0,9.02,1.24
IQ-LAB-99182,34.0,female,8.5,4.25,10.6,77.7,382.0,21.0,5.397605346934028e-79,21.0,0.73,64.53,,,1.36
IQ-LAB-99183,68.0,male,7.7,5.17,14.2,83.8,225.0,18.0,5.397605346934028e-79,21.0,1.32,116.69,,,0.73
IQ-LAB-99184,17.0,male,5.0,5.4,15.1,84.8,271.0,10.0,5.397605346934028e-79,19.0,0.86,76.02,103.0,7.53,0.15
IQ-LAB-99186,26.0,male,7.9,5.27,16.5,89.2,171.0,34.0,5.397605346934028e-79,21.0,0.93,82.21,,,1.69
IQ-LAB-99187,42.0,male,10.7,5.25,15.4,89.3,264.0,27.0,5.397605346934028e-79,18.0,0.81,71.6,,,3.8
IQ-LAB-99188,80.0,male,7.6,4.53,13.5,89.7,247.0,,,,,,111.0,,
IQ-LAB-99189,16.0,male,7.6,4.91,15.0,89.1,231.0,13.0,5.397605346934028e-79,17.0,0.87,76.91,,,0.53
IQ-LAB-99190,53.0,female,5.7,4.51,13.9,87.9,321.0,16.0,5.397605346934028e-79,18.0,0.74,65.42,,,0.7
IQ-LAB-99191,80.0,female,3.4,3.04,8.7,90.9,262.0,14.0,5.397605346934028e-79,20.0,0.97,85.75,118.0,12.92,0.92
IQ-LAB-99193,44.0,female,8.9,5.62,14.3,77.1,272.0,11.0,5.397605346934028e-79,13.0,0.59,52.16,,,2.06
IQ-LAB-99194,30.0,female,9.3,5.65,12.4,70.2,229.0,18.0,5.397605346934028e-79,20.0,0.7,61.88,,,3.7
IQ-LAB-99195,43.0,male,7.5,5.11,13.4,77.0,194.0,30.0,5.397605346934028e-79,21.0,1.01,89.28,118.0,14.79,6.5
IQ-LAB-99196,1.0,female,8.6,4.98,12.2,74.2,314.0,,,,,,,,0.23
IQ-LAB-99197,28.0,female,5.6,4.92,14.4,86.4,245.0,11.0,5.397605346934028e-79,16.0,0.66,58.34,87.0,4.31,0.59
IQ-LAB-99198,22.0,female,12.7,4.8,14.5,89.6,276.0,17.0,5.397605346934028e-79,13.0,0.56,49.5,,,4.05
IQ-LAB-99199,14.0,male,6.5,5.57,12.4,68.1,226.0,11.0,5.397605346934028e-79,18.0,0.78,68.95,92.0,7.86,0.4
IQ-LAB-99201,18.0,female,7.8,4.39,13.4,91.6,332.0,13.0,5.397605346934028e-79,16.0,0.66,58.34,,,8.94
IQ-LAB-99202,9.0,female,6.2,5.28,14.2,80.0,339.0,,,,,,,,3.11
IQ-LAB-99204,65.0,female,6.8,4.51,13.9,91.6,174.0,22.0,5.397605346934028e-79,19.0,0.52,45.97,,,1.66
IQ-LAB-99207,24.0,female,3.5,4.48,12.6,84.0,236.0,13.0,5.397605346934028e-79,17.0,0.82,72.49,,,0.62
IQ-LAB-99208,41.0,male,6.9,5.27,16.3,86.8,184.0,25.0,5.397605346934028e-79,19.0,0.93,82.21,,,1.1
IQ-LAB-99209,80.0,female,7.8,4.32,12.6,86.9,247.0,8.0,5.397605346934028e-79,16.0,0.73,64.53,93.0,3.86,1.45
IQ-LAB-99210,71.0,male,8.4,4.51,13.4,90.0,242.0,47.0,5.397605346934028e-79,44.0,1.21,106.96,,,8.23
IQ-LAB-99211,17.0,male,6.9,4.98,14.3,87.3,222.0,20.0,5.397605346934028e-79,44.0,0.86,76.02,,,0.48
IQ-LAB-99212,33.0,male,4.9,5.39,15.4,87.9,218.0,16.0,5.397605346934028e-79,25.0,0.88,77.79,,,1.91
IQ-LAB-99213,8.0,female,7.5,4.53,13.6,87.5,313.0,,,,,,,,3.19
IQ-LAB-99215,14.0,male,7.1,5.0,14.6,84.7,252.0,13.0,5.397605346934028e-79,20.0,0.73,64.53,,,0.93
IQ-LAB-99216,2.0,female,9.2,4.69,12.1,77.1,461.0,,,,,,,,1.15
IQ-LAB-99217,17.0,male,5.4,4.55,13.7,92.0,211.0,,,,,,98.0,,
IQ-LAB-99218,9.0,male,9.6,4.76,13.5,83.1,315.0,,,,,,,,1.22
IQ-LAB-99219,10.0,male,3.9,5.57,13.4,74.6,270.0,,,,,,,,0.11
IQ-LAB-99220,78.0,female,8.0,4.7,12.0,79.2,381.0,7.0,5.397605346934028e-79,16.0,0.63,55.69,119.0,8.71,4.46
IQ-LAB-99221,19.0,male,5.7,5.08,15.6,88.8,214.0,17.0,5.397605346934028e-79,26.0,0.99,87.52,103.0,4.97,0.54
IQ-LAB-99223,14.0,female,8.7,4.78,14.5,87.6,234.0,,,,,,,,
IQ-LAB-99224,46.0,female,4.7,4.2,11.9,84.7,301.0,13.0,5.397605346934028e-79,29.0,0.66,58.34,103.0,9.07,7.59
IQ-LAB-99226,47.0,female,7.5,4.75,14.2,88.6,269.0,11.0,5.397605346934028e-79,13.0,0.71,62.76,,,2.04
IQ-LAB-99227,52.0,male,11.1,4.67,14.8,91.7,264.0,37.0,5.397605346934028e-79,24.0,0.7,61.88,,,2.7
IQ-LAB-99228,10.0,female,5.1,4.76,13.7,83.2,192.0,,,,,,,,0.71
IQ-LAB-99229,19.0,female,13.7,4.3,12.1,83.9,248.0,8.0,5.397605346934028e-79,16.0,0.61,53.92,82.0,5.48,0.43
IQ-LAB-99230,61.0,female,5.7,4.71,12.9,80.7,174.0,12.0,5.397605346934028e-79,17.0,0.94,83.1,109.0,12.76,6.19
IQ-LAB-99231,37.0,female,6.9,4.18,12.0,86.5,259.0,17.0,5.397605346934028e-79,19.0,0.72,63.65,93.0,12.48,2.75
IQ-LAB-99232,30.0,male,10.2,4.88,15.1,88.4,359.0,56.0,5.397605346934028e-79,27.0,0.88,77.79,,,1.91
IQ-LAB-99233,20.0,female,8.6,4.69,14.1,88.4,296.0,12.0,5.397605346934028e-79,17.0,0.73,64.53,,,4.27
IQ-LAB-99234,33.0,male,7.8,4.83,15.8,94.7,184.0,18.0,5.397605346934028e-79,22.0,1.22,107.85,,,2.05
IQ-LAB-99235,2.0,female,5.4,4.42,12.1,81.1,364.0,,,,,,,,0.27
IQ-LAB-99236,6.0,male,7.3,4.96,14.0,82.3,253.0,,,,,,,,0.21
IQ-LAB-99237,44.0,female,5.3,5.32,14.0,80.8,157.0,17.0,5.397605346934028e-79,18.0,0.77,68.07,108.0,15.57,2.79
IQ-LAB-99238,12.0,female,6.5,4.53,12.3,84.0,302.0,12.0,5.397605346934028e-79,16.0,0.48,42.43,,,0.33
IQ-LAB-99239,78.0,female,7.1,4.34,13.8,95.1,186.0,18.0,5.397605346934028e-79,20.0,1.71,151.16,,,11.72
IQ-LAB-99240,54.0,female,6.3,4.65,14.0,90.5,169.0,11.0,5.397605346934028e-79,16.0,0.63,55.69,,,0.29
IQ-LAB-99241,71.0,male,11.5,5.32,14.6,85.4,231.0,16.0,5.397605346934028e-79,22.0,0.79,69.84,,,7.04
IQ-LAB-99242,46.0,female,5.8,4.84,15.2,90.7,284.0,18.0,5.397605346934028e-79,20.0,0.78,68.95,,,1.74
IQ-LAB-99243,80.0,male,4.4,5.15,15.8,91.1,133.0,17.0,5.397605346934028e-79,18.0,0.6,53.04,186.0,10.96,1.72
IQ-LAB-99245,9.0,male,5.7,5.32,13.1,76.7,239.0,,,,,,,,0.22
IQ-LAB-99246,39.0,female,2.8,4.18,11.2,82.5,275.0,8.0,5.397605346934028e-79,14.0,0.9,79.56,105.0,9.64,1.34
IQ-LAB-99247,23.0,male,8.5,4.53,14.0,90.5,290.0,19.0,5.397605346934028e-79,19.0,1.02,90.17,101.0,7.25,1.83
IQ-LAB-99248,66.0,male,7.5,4.72,14.7,92.6,279.0,,,,,,116.0,,
IQ-LAB-99250,9.0,female,11.0,5.81,11.1,61.4,342.0,,,,,,,,0.34
IQ-LAB-99251,45.0,male,5.9,5.36,16.0,86.6,327.0,26.0,5.397605346934028e-79,21.0,1.04,91.94,100.0,6.46,0.37
IQ-LAB-99252,2.0,male,7.7,4.93,13.7,80.9,437.0,,,,,,,,0.64
IQ-LAB-99253,7.0,female,7.2,4.87,13.2,79.4,169.0,,,,,,,,0.38
IQ-LAB-99254,7.0,male,10.2,4.44,12.6,83.2,334.0,,,,,,,,0.27
IQ-LAB-99255,56.0,female,6.0,4.33,12.0,86.6,293.0,11.0,5.397605346934028e-79,13.0,0.87,76.91,,,13.96
IQ-LAB-99256,69.0,male,8.0,4.67,14.4,87.6,161.0,26.0,5.397605346934028e-79,16.0,1.18,104.31,,,3.12
IQ-LAB-99257,49.0,female,7.1,4.63,12.1,80.1,499.0,18.0,5.397605346934028e-79,19.0,0.68,60.11,112.0,21.52,5.46
IQ-LAB-99258,49.0,male,6.4,4.98,14.8,87.2,209.0,29.0,5.397605346934028e-79,23.0,1.06,93.7,,,0.62
IQ-LAB-99259,80.0,female,9.9,4.0,12.5,91.6,331.0,13.0,5.397605346934028e-79,20.0,0.68,60.11,,,0.39
IQ-LAB-99260,48.0,female,11.4,4.42,11.7,80.5,296.0,7.0,5.397605346934028e-79,8.0,0.67,59.23,139.0,32.68,19.21
IQ-LAB-99261,8.0,male,8.9,4.61,13.6,87.1,323.0,,,,,,,,0.91
IQ-LAB-99262,63.0,male,4.9,5.36,15.6,88.7,194.0,13.0,5.397605346934028e-79,17.0,0.93,82.21,125.0,7.75,0.51
IQ-LAB-99263,50.0,female,8.7,4.72,13.6,83.9,296.0,14.0,5.397605346934028e-79,14.0,0.62,54.81,,,1.72
IQ-LAB-99265,67.0,female,10.9,4.73,14.3,88.6,238.0,29.0,5.397605346934028e-79,19.0,0.48,42.43,,,5.3
IQ-LAB-99266,10.0,male,6.0,4.47,13.3,88.5,261.0,,,,,,,,0.27
IQ-LAB-99267,1.0,male,13.6,4.29,11.3,79.5,309.0,,,,,,,,7.15
IQ-LAB-99269,79.0,male,6.6,4.28,12.8,89.8,229.0,10.0,5.397605346934028e-79,16.0,1.18,104.31,,,0.66
IQ-LAB-99270,62.0,female,5.9,4.28,13.7,91.1,421.0,19.0,5.397605346934028e-79,26.0,0.87,76.91,,,2.89
IQ-LAB-99271,56.0,female,5.7,5.14,13.7,82.9,228.0,13.0,5.397605346934028e-79,15.0,0.52,45.97,,,0.27
IQ-LAB-99273,5.0,female,5.6,4.52,12.8,80.8,287.0,,,,,,,,0.18
IQ-LAB-99274,53.0,female,8.4,4.69,14.3,93.4,267.0,18.0,5.397605346934028e-79,20.0,0.86,76.02,101.0,9.47,3.27
IQ-LAB-99275,18.0,female,6.3,4.7,13.8,86.9,222.0,10.0,5.397605346934028e-79,17.0,0.65,57.46,,,0.88
IQ-LAB-99277,58.0,male,10.1,5.88,16.5,83.2,341.0,12.0,5.397605346934028e-79,17.0,0.57,50.39,110.0,4.84,2.45
IQ-LAB-99278,35.0,male,2.8,5.48,14.6,82.0,329.0,51.0,5.397605346934028e-79,29.0,1.09,96.36,,,7.0
IQ-LAB-99279,34.0,female,6.0,4.52,9.5,66.8,338.0,11.0,5.397605346934028e-79,15.0,0.51,45.08,104.0,13.28,15.54
IQ-LAB-99280,31.0,male,9.9,5.32,17.4,96.3,204.0,156.0,5.397605346934028e-79,87.0,1.03,91.05,,,5.74
IQ-LAB-99282,42.0,female,6.2,4.17,12.9,92.0,314.0,30.0,5.397605346934028e-79,19.0,0.58,51.27,,,1.75
IQ-LAB-99283,68.0,male,7.8,4.14,13.2,94.6,211.0,15.0,5.397605346934028e-79,15.0,0.86,76.02,,,0.49
IQ-LAB-99284,37.0,male,5.8,4.72,13.5,87.9,229.0,10.0,5.397605346934028e-79,18.0,0.69,61.0,,,6.69
IQ-LAB-99285,61.0,female,6.8,4.91,14.3,88.9,206.0,25.0,5.397605346934028e-79,22.0,0.7,61.88,193.0,39.91,4.73
IQ-LAB-99287,57.0,male,6.6,5.2,14.8,87.7,225.0,29.0,5.397605346934028e-79,28.0,0.86,76.02,104.0,30.18,1.29
IQ-LAB-99289,64.0,female,6.9,4.51,13.2,85.9,228.0,18.0,5.397605346934028e-79,21.0,0.67,59.23,102.0,14.61,0.81
IQ-LAB-99290,61.0,male,5.5,4.75,14.6,90.1,210.0,20.0,5.397605346934028e-79,26.0,1.01,89.28,,,4.44
IQ-LAB-99291,42.0,male,7.7,5.99,17.2,85.0,219.0,61.0,5.397605346934028e-79,28.0,0.81,71.6,348.0,6.79,6.31
IQ-LAB-99292,29.0,male,6.3,5.12,14.7,88.6,274.0,10.0,5.397605346934028e-79,15.0,0.85,75.14,,,0.56
IQ-LAB-99293,75.0,male,4.9,3.82,12.4,97.3,149.0,11.0,5.397605346934028e-79,13.0,1.77,156.47,107.0,8.55,0.84
IQ-LAB-99295,12.0,female,5.1,4.51,14.0,91.9,230.0,9.0,5.397605346934028e-79,14.0,0.49,43.32,112.0,18.42,0.21
IQ-LAB-99296,77.0,female,5.3,4.38,12.9,90.0,212.0,19.0,5.397605346934028e-79,27.0,0.77,68.07,,,1.64
IQ-LAB-99297,32.0,male,11.1,4.77,13.0,83.3,220.0,18.0,5.397605346934028e-79,14.0,0.82,72.49,,,44.69
IQ-LAB-99299,62.0,female,6.3,4.41,13.6,89.5,222.0,21.0,5.397605346934028e-79,15.0,0.77,68.07,,,3.83
IQ-LAB-99300,44.0,female,6.0,3.92,13.0,99.1,191.0,13.0,5.397605346934028e-79,19.0,0.64,56.58,92.0,6.56,2.17
IQ-LAB-99302,14.0,male,6.5,5.14,15.2,87.2,222.0,13.0,5.397605346934028e-79,16.0,0.77,68.07,,,0.26
IQ-LAB-99303,68.0,female,8.9,3.04,8.9,86.4,266.0,13.0,5.397605346934028e-79,23.0,1.96,173.26,,,5.12
IQ-LAB-99304,29.0,male,9.0,4.95,15.6,90.5,213.0,32.0,5.397605346934028e-79,29.0,0.84,74.26,,,2.08
IQ-LAB-99305,50.0,male,6.4,5.34,15.3,83.7,177.0,22.0,5.397605346934028e-79,23.0,1.0,88.4,294.0,54.24,7.67
IQ-LAB-99306,17.0,male,4.8,5.51,15.9,84.3,226.0,9.0,5.397605346934028e-79,15.0,0.8,70.72,106.0,6.76,0.41
IQ-LAB-99307,3.0,female,9.5,4.77,13.1,79.3,341.0,,,,,,,,0.11
IQ-LAB-99308,26.0,male,5.2,4.49,13.1,86.3,223.0,17.0,5.397605346934028e-79,19.0,0.68,60.11,,,6.95
IQ-LAB-99309,80.0,female,4.6,4.43,13.8,92.2,200.0,9.0,5.397605346934028e-79,17.0,0.75,66.3,128.0,6.28,0.79
IQ-LAB-99310,74.0,female,5.4,3.6,11.1,88.4,194.0,14.0,5.397605346934028e-79,17.0,0.69,61.0,,,0.89
IQ-LAB-99311,80.0,male,7.6,4.97,14.3,83.3,203.0,20.0,5.397605346934028e-79,20.0,0.83,73.37,,,18.09
IQ-LAB-99312,70.0,male,5.7,5.19,15.7,91.4,172.0,29.0,5.397605346934028e-79,22.0,1.03,91.05,109.0,6.17,1.56
IQ-LAB-99313,64.0,female,6.1,4.6,13.9,90.2,199.0,22.0,5.397605346934028e-79,25.0,0.76,67.18,,,1.31
IQ-LAB-99314,2.0,male,7.5,5.08,13.6,79.9,283.0,,,,,,,,
IQ-LAB-99315,22.0,male,4.8,5.29,16.3,87.2,306.0,19.0,5.397605346934028e-79,23.0,0.93,82.21,166.0,3.92,0.42
IQ-LAB-99316,47.0,male,5.9,4.69,15.0,90.7,266.0,24.0,5.397605346934028e-79,22.0,0.64,56.58,103.0,8.64,0.81
IQ-LAB-99318,28.0,female,5.0,4.29,12.4,86.7,176.0,11.0,5.397605346934028e-79,19.0,1.08,95.47,92.0,6.08,2.69
IQ-LAB-99319,10.0,male,7.1,5.24,13.2,76.1,310.0,,,,,,,,0.41
IQ-LAB-99320,30.0,female,5.8,4.71,14.4,90.2,283.0,10.0,5.397605346934028e-79,15.0,0.81,71.6,95.0,5.31,0.37
IQ-LAB-99321,45.0,male,6.9,5.46,16.1,88.5,191.0,37.0,5.397605346934028e-79,27.0,0.85,75.14,109.0,12.43,2.19
IQ-LAB-99322,35.0,female,7.1,4.7,13.8,91.2,182.0,13.0,5.397605346934028e-79,18.0,0.9,79.56,101.0,10.03,0.62
IQ-LAB-99323,10.0,female,6.3,5.21,12.7,74.3,330.0,,,,,,,,2.51
IQ-LAB-99324,5.0,female,8.7,4.8,12.6,76.6,493.0,,,,,,,,1.18
IQ-LAB-99325,16.0,male,4.3,5.16,14.9,85.1,245.0,10.0,5.397605346934028e-79,18.0,0.92,81.33,101.0,5.24,0.59
IQ-LAB-99327,59.0,male,5.3,4.69,13.4,87.4,400.0,21.0,5.397605346934028e-79,20.0,0.98,86.63,115.0,15.58,5.68
IQ-LAB-99329,60.0,male,8.6,5.29,16.0,89.6,200.0,17.0,5.397605346934028e-79,20.0,1.08,95.47,,,0.72
IQ-LAB-99330,35.0,male,7.2,5.04,15.0,85.9,228.0,40.0,5.397605346934028e-79,27.0,0.79,69.84,,,0.82
IQ-LAB-99331,2.0,female,6.8,4.62,12.3,76.0,532.0,,,,,,,,0.36
IQ-LAB-99332,63.0,female,6.8,4.29,12.3,86.2,213.0,17.0,5.397605346934028e-79,18.0,0.5,44.2,198.0,5.64,11.86
IQ-LAB-99334,3.0,male,4.7,4.57,11.1,73.6,164.0,,,,,,,,5.13
IQ-LAB-99335,46.0,male,4.9,4.43,13.2,89.5,244.0,25.0,5.397605346934028e-79,27.0,1.0,88.4,94.0,2.89,0.81
IQ-LAB-99338,37.0,female,6.9,4.43,11.4,80.1,309.0,10.0,5.397605346934028e-79,13.0,0.68,60.11,91.0,11.92,1.52
IQ-LAB-99339,21.0,female,9.3,4.2,12.9,88.7,204.0,8.0,5.397605346934028e-79,13.0,0.48,42.43,86.0,10.35,14.9
IQ-LAB-99340,52.0,female,10.1,4.6,14.5,93.2,354.0,9.0,5.397605346934028e-79,11.0,0.73,64.53,,,0.27
IQ-LAB-99341,63.0,female,7.1,4.04,12.0,87.7,291.0,14.0,5.397605346934028e-79,20.0,0.96,84.86,,,1.09
IQ-LAB-99342,6.0,male,6.7,4.83,13.7,82.8,365.0,,,,,,,,0.32
IQ-LAB-99343,80.0,female,9.6,4.16,12.9,92.2,202.0,11.0,5.397605346934028e-79,14.0,2.18,192.71,,,0.24
IQ-LAB-99344,45.0,male,6.8,5.71,14.8,79.2,172.0,22.0,5.397605346934028e-79,20.0,0.9,79.56,,,1.99
IQ-LAB-99345,52.0,male,6.4,5.68,16.9,85.8,207.0,42.0,5.397605346934028e-79,34.0,0.76,67.18,133.0,17.03,1.59
IQ-LAB-99346,26.0,male,8.1,5.25,15.9,88.1,195.0,9.0,5.397605346934028e-79,16.0,1.0,88.4,97.0,4.17,0.77
IQ-LAB-99347,14.0,female,4.6,4.95,13.0,81.8,297.0,,,,,,94.0,,
IQ-LAB-99348,80.0,female,8.6,4.55,15.1,98.7,347.0,11.0,5.397605346934028e-79,15.0,0.76,67.18,110.0,11.42,2.87
IQ-LAB-99349,37.0,male,7.5,5.77,17.5,88.3,204.0,54.0,5.397605346934028e-79,45.0,1.16,102.54,99.0,13.55,0.89
IQ-LAB-99351,80.0,male,8.3,5.29,13.9,82.1,179.0,13.0,5.397605346934028e-79,18.0,1.79,158.24,135.0,12.8,8.0
IQ-LAB-99352,7.0,female,10.2,4.6,12.9,85.6,455.0,,,,,,,,4.04
IQ-LAB-99353,30.0,female,7.8,5.48,12.5,67.9,249.0,10.0,5.397605346934028e-79,15.0,0.8,70.72,96.0,38.05,15.57
IQ-LAB-99354,19.0,female,10.0,4.85,14.6,88.8,297.0,22.0,5.397605346934028e-79,22.0,0.8,70.72,,,19.01
IQ-LAB-99355,10.0,male,8.4,4.78,13.5,82.0,266.0,,,,,,,,1.55
IQ-LAB-99356,3.0,male,8.6,4.47,12.4,80.5,252.0,,,,,,,,0.52
IQ-LAB-99358,43.0,male,7.4,4.95,15.0,89.8,196.0,18.0,5.397605346934028e-79,20.0,1.02,90.17,,,0.49
IQ-LAB-99359,37.0,female,7.1,4.87,13.6,84.4,255.0,23.0,5.397605346934028e-79,14.0,0.8,70.72,87.0,,
IQ-LAB-99360,8.0,male,4.4,4.96,13.5,80.6,283.0,,,,,,,,0.62
IQ-LAB-99361,34.0,male,4.7,4.57,13.7,89.7,199.0,11.0,5.397605346934028e-79,11.0,1.11,98.12,103.0,9.6,0.84
IQ-LAB-99362,2.0,female,6.4,4.64,12.5,78.2,333.0,,,,,,,,0.88
IQ-LAB-99364,52.0,male,7.2,5.02,15.5,91.4,207.0,28.0,5.397605346934028e-79,26.0,0.73,64.53,94.0,7.08,0.49
IQ-LAB-99365,8.0,female,5.8,4.91,12.2,76.8,315.0,,,,,,,,3.06
IQ-LAB-99366,47.0,female,8.8,4.59,12.8,85.5,301.0,13.0,5.397605346934028e-79,14.0,0.58,51.27,118.0,22.17,3.16
IQ-LAB-99367,9.0,male,8.9,5.31,12.6,72.0,312.0,,,,,,,,0.54
IQ-LAB-99369,13.0,male,5.4,4.51,13.0,86.8,220.0,11.0,5.397605346934028e-79,20.0,0.53,46.85,93.0,6.52,0.32
IQ-LAB-99370,48.0,female,6.4,4.68,13.6,85.9,235.0,18.0,5.397605346934028e-79,16.0,0.88,77.79,,,2.17
IQ-LAB-99371,8.0,male,7.9,4.53,12.8,83.0,210.0,,,,,,,,0.35
IQ-LAB-99372,67.0,female,5.1,5.31,13.9,80.7,270.0,26.0,5.397605346934028e-79,24.0,0.96,84.86,91.0,4.29,0.51
IQ-LAB-99373,15.0,male,8.2,5.05,14.1,82.4,307.0,15.0,5.397605346934028e-79,17.0,0.55,48.62,,,5.84
IQ-LAB-99374,60.0,female,11.6,5.19,16.1,88.3,378.0,17.0,5.397605346934028e-79,15.0,0.6,53.04,,,4.07
IQ-LAB-99375,2.0,male,6.6,5.48,13.6,71.6,318.0,,,,,,,,0.4
IQ-LAB-99376,53.0,male,9.5,5.2,15.4,87.9,336.0,17.0,5.397605346934028e-79,16.0,1.29,114.04,152.0,20.97,5.2
IQ-LAB-99377,80.0,female,10.2,4.76,14.6,91.2,325.0,15.0,5.397605346934028e-79,17.0,0.73,64.53,117.0,18.3,1.54
IQ-LAB-99378,36.0,female,6.6,4.31,13.9,91.0,239.0,17.0,5.397605346934028e-79,21.0,0.62,54.81,,,0.98
IQ-LAB-99379,4.0,female,11.9,4.62,12.1,78.5,319.0,,,,,,,,0.41
IQ-LAB-99380,80.0,female,7.9,4.21,9.1,70.9,261.0,10.0,5.397605346934028e-79,18.0,0.9,79.56,,,3.77
IQ-LAB-99381,80.0,female,7.7,4.4,13.4,92.5,234.0,13.0,5.397605346934028e-79,19.0,0.65,57.46,,,1.74
IQ-LAB-99382,7.0,male,6.8,4.24,10.9,78.6,271.0,,,,,,,,0.15
IQ-LAB-99383,75.0,female,8.3,3.8,13.1,102.7,172.0,10.0,5.397605346934028e-79,19.0,1.36,120.22,,,2.09
IQ-LAB-99385,68.0,female,4.2,4.81,14.3,89.2,249.0,16.0,5.397605346934028e-79,19.0,0.83,73.37,108.0,6.67,0.24
IQ-LAB-99388,55.0,female,5.6,4.21,12.9,92.5,287.0,20.0,5.397605346934028e-79,18.0,0.68,60.11,,,3.31
IQ-LAB-99389,59.0,female,7.6,5.01,12.2,76.9,303.0,18.0,5.397605346934028e-79,14.0,0.6,53.04,,,5.82
IQ-LAB-99390,41.0,female,8.2,4.76,12.1,76.7,239.0,8.0,5.397605346934028e-79,13.0,0.8,70.72,,,1.92
IQ-LAB-99393,70.0,male,6.9,4.65,14.7,93.3,236.0,19.0,5.397605346934028e-79,19.0,1.0,88.4,,,2.0
IQ-LAB-99394,20.0,male,5.2,4.48,13.3,85.5,198.0,14.0,5.397605346934028e-79,20.0,1.04,91.94,78.0,10.26,0.11
IQ-LAB-99395,8.0,female,4.8,4.74,13.2,85.0,264.0,,,,,,,,0.9
IQ-LAB-99396,22.0,female,7.2,4.52,13.9,93.3,216.0,36.0,5.397605346934028e-79,23.0,0.56,49.5,97.0,30.5,1.2
IQ-LAB-99398,7.0,male,6.5,4.59,12.9,80.7,265.0,,,,,,,,0.35
IQ-LAB-99400,26.0,female,8.5,4.58,12.7,81.3,347.0,13.0,5.397605346934028e-79,19.0,0.56,49.5,,,5.01
IQ-LAB-99401,22.0,female,5.6,4.43,12.8,87.7,234.0,10.0,5.397605346934028e-79,21.0,0.74,65.42,84.0,4.44,1.15
IQ-LAB-99402,60.0,male,7.2,5.22,14.1,84.5,192.0,24.0,5.397605346934028e-79,18.0,1.26,111.38,,,3.93
IQ-LAB-99403,11.0,female,5.5,4.99,14.0,84.6,339.0,,,,,,,,0.46
IQ-LAB-99404,34.0,female,7.4,3.82,11.6,89.9,242.0,11.0,5.397605346934028e-79,16.0,0.6,53.04,,,2.21
IQ-LAB-99405,54.0,male,7.0,5.49,15.9,88.2,274.0,38.0,5.397605346934028e-79,28.0,1.07,94.59,105.0,20.27,5.92
IQ-LAB-99406,1.0,female,11.0,4.49,12.7,81.8,367.0,,,,,,,,0.38
IQ-LAB-99407,49.0,female,8.4,4.69,11.7,75.2,274.0,17.0,5.397605346934028e-79,19.0,0.8,70.72,,,3.54
IQ-LAB-99408,2.0,female,7.1,4.9,12.0,74.0,327.0,,,,,,,,0.39
IQ-LAB-99409,11.0,female,7.2,4.6,12.8,84.4,273.0,,,,,,,,0.9
IQ-LAB-99410,52.0,female,8.3,4.6,9.1,64.5,214.0,14.0,5.397605346934028e-79,18.0,0.57,50.39,,,17.7
IQ-LAB-99412,70.0,male,5.6,5.24,15.5,85.9,229.0,18.0,5.397605346934028e-79,20.0,1.02,90.17,,,2.82
IQ-LAB-99413,15.0,male,7.1,4.87,9.8,66.2,298.0,27.0,5.397605346934028e-79,25.0,0.55,48.62,100.0,49.43,1.17
IQ-LAB-99414,4.0,female,9.8,4.85,12.9,78.5,274.0,,,,,,,,0.78
IQ-LAB-99415,73.0,female,5.9,6.05,17.7,88.5,265.0,53.0,5.397605346934028e-79,39.0,0.72,63.65,155.0,22.0,2.85
IQ-LAB-99416,45.0,male,4.9,4.68,15.0,90.5,242.0,48.0,5.397605346934028e-79,49.0,1.03,91.05,104.0,8.9,3.95
IQ-LAB-99417,18.0,male,4.8,5.78,16.8,85.0,198.0,11.0,5.397605346934028e-79,12.0,0.75,66.3,95.0,5.58,0.51
IQ-LAB-99418,61.0,female,5.3,4.79,13.8,87.7,395.0,14.0,5.397605346934028e-79,17.0,0.9,79.56,93.0,10.8,2.38
IQ-LAB-99419,46.0,male,10.1,5.79,18.1,91.7,180.0,61.0,5.397605346934028e-79,39.0,0.98,86.63,,,0.83
IQ-LAB-99420,51.0,female,7.1,4.51,13.4,87.6,358.0,26.0,5.397605346934028e-79,23.0,0.88,77.79,,,2.64
IQ-LAB-99421,61.0,male,5.1,5.2,15.3,85.0,188.0,23.0,5.397605346934028e-79,23.0,0.87,76.91,,,4.37
IQ-LAB-99422,57.0,male,6.5,4.79,14.7,91.8,247.0,27.0,5.397605346934028e-79,29.0,0.93,82.21,,,2.38
IQ-LAB-99423,1.0,female,5.6,4.58,11.8,75.5,278.0,,,,,,,,0.24
IQ-LAB-99424,54.0,male,7.9,5.12,15.5,90.9,239.0,6.0,5.397605346934028e-79,14.0,1.27,112.27,,,4.71
IQ-LAB-99425,57.0,female,6.3,4.34,12.8,95.1,273.0,33.0,5.397605346934028e-79,31.0,0.84,74.26,,,6.17
IQ-LAB-99427,45.0,female,10.3,4.33,12.4,86.0,314.0,16.0,5.397605346934028e-79,12.0,0.89,78.68,136.0,50.91,35.04
IQ-LAB-99428,19.0,female,6.6,4.79,13.5,83.8,227.0,11.0,5.397605346934028e-79,17.0,0.71,62.76,,,0.41
IQ-LAB-99429,62.0,female,8.2,5.11,14.3,86.1,315.0,,,,,,115.0,,
IQ-LAB-99430,36.0,male,6.0,5.31,15.6,90.8,142.0,51.0,5.397605346934028e-79,21.0,0.89,78.68,102.0,29.9,2.98
IQ-LAB-99431,48.0,female,7.4,4.33,13.9,94.7,253.0,,,,,,,,
IQ-LAB-99432,9.0,male,5.9,4.67,14.2,87.1,300.0,,,,,,,,1.11
IQ-LAB-99433,2.0,female,3.3,4.48,12.0,76.4,272.0,,,,,,,,0.5
IQ-LAB-99435,20.0,male,6.8,5.07,15.6,90.2,211.0,15.0,5.397605346934028e-79,23.0,0.98,86.63,,,0.5
IQ-LAB-99436,22.0,female,6.4,4.99,13.4,83.8,288.0,158.0,5.397605346934028e-79,124.0,0.63,55.69,107.0,24.81,5.88
IQ-LAB-99437,80.0,female,8.0,4.82,13.7,86.9,269.0,12.0,5.397605346934028e-79,21.0,1.24,109.62,,,1.19
IQ-LAB-99438,41.0,female,6.5,5.03,13.9,82.6,153.0,20.0,5.397605346934028e-79,26.0,0.71,62.76,108.0,8.83,1.74
IQ-LAB-99439,34.0,female,8.6,4.51,13.1,87.9,403.0,14.0,5.397605346934028e-79,16.0,0.62,54.81,,,0.69
IQ-LAB-99440,55.0,female,8.5,4.35,10.0,71.7,304.0,9.0,5.397605346934028e-79,16.0,0.65,57.46,,,0.97
IQ-LAB-99441,65.0,female,5.7,4.24,13.3,94.3,274.0,9.0,5.397605346934028e-79,18.0,0.69,61.0,,,1.01
IQ-LAB-99442,35.0,female,7.7,4.36,13.9,94.9,274.0,8.0,5.397605346934028e-79,13.0,0.62,54.81,98.0,6.84,1.28
IQ-LAB-99443,57.0,male,10.1,4.98,15.2,91.6,292.0,26.0,5.397605346934028e-79,20.0,1.02,90.17,151.0,36.83,2.99
IQ-LAB-99444,52.0,male,8.7,5.05,15.5,93.9,404.0,43.0,5.397605346934028e-79,27.0,0.89,78.68,217.0,23.36,3.38
IQ-LAB-99445,15.0,male,8.3,5.25,15.2,85.0,245.0,12.0,5.397605346934028e-79,17.0,0.83,73.37,,,0.46
IQ-LAB-99446,29.0,female,6.7,4.59,14.6,92.9,231.0,24.0,5.397605346934028e-79,22.0,0.84,74.26,85.0,2.26,1.14
IQ-LAB-99447,12.0,male,4.6,4.96,13.8,81.4,224.0,18.0,5.397605346934028e-79,27.0,0.51,45.08,96.0,6.0,1.1
IQ-LAB-99448,49.0,male,8.4,4.7,14.1,90.3,230.0,18.0,5.397605346934028e-79,29.0,1.13,99.89,99.0,5.6,0.96
IQ-LAB-99449,41.0,male,8.0,5.23,15.2,85.3,333.0,27.0,5.397605346934028e-79,16.0,1.18,104.31,99.0,28.88,1.14
IQ-LAB-99451,17.0,female,6.7,4.67,12.3,80.4,328.0,11.0,5.397605346934028e-79,11.0,0.58,51.27,91.0,44.85,7.64
IQ-LAB-99452,63.0,female,8.6,4.13,11.5,85.7,306.0,37.0,5.397605346934028e-79,49.0,0.88,77.79,115.0,11.37,31.89
IQ-LAB-99453,29.0,female,7.4,4.78,13.9,85.1,262.0,13.0,5.397605346934028e-79,15.0,0.63,55.69,98.0,7.13,2.04
IQ-LAB-99454,57.0,male,8.1,3.91,12.6,98.1,199.0,15.0,5.397605346934028e-79,25.0,4.28,378.35,,,88.49
IQ-LAB-99455,14.0,female,8.9,4.88,13.0,81.3,438.0,15.0,5.397605346934028e-79,22.0,0.49,43.32,108.0,18.59,1.68
IQ-LAB-99456,26.0,male,8.6,5.8,13.2,72.3,304.0,66.0,5.397605346934028e-79,34.0,0.83,73.37,115.0,40.36,1.07
IQ-LAB-99459,20.0,female,9.2,5.08,15.3,90.5,284.0,11.0,5.397605346934028e-79,13.0,0.76,67.18,,,1.14
IQ-LAB-99460,30.0,male,6.4,4.85,15.5,93.3,239.0,32.0,5.397605346934028e-79,30.0,0.88,77.79,,,0.63
IQ-LAB-99461,61.0,male,4.0,2.97,10.3,99.9,349.0,20.0,5.397605346934028e-79,38.0,0.9,79.56,121.0,2.85,1.9
IQ-LAB-99462,12.0,male,4.7,4.89,6.4,52.2,270.0,22.0,5.397605346934028e-79,42.0,0.25,22.1,97.0,12.03,0.11
IQ-LAB-99463,23.0,female,5.9,4.71,14.5,89.8,293.0,19.0,5.397605346934028e-79,17.0,0.66,58.34,96.0,7.67,2.82
IQ-LAB-99464,48.0,male,13.2,4.34,14.4,95.9,352.0,13.0,5.397605346934028e-79,12.0,0.73,64.53,,,9.13
IQ-LAB-99465,70.0,female,8.9,4.35,13.2,87.4,265.0,12.0,5.397605346934028e-79,23.0,0.76,67.18,,,3.32
IQ-LAB-99466,29.0,female,7.4,4.52,13.3,87.6,288.0,12.0,5.397605346934028e-79,11.0,0.5,44.2,102.0,11.12,3.99
IQ-LAB-99468,11.0,female,4.6,4.67,12.2,80.5,226.0,,,,,,,,0.34
IQ-LAB-99469,59.0,male,6.3,5.04,15.6,91.6,203.0,36.0,5.397605346934028e-79,22.0,1.01,89.28,106.0,12.07,5.67
IQ-LAB-99470,56.0,female,11.3,4.83,13.4,87.2,277.0,16.0,5.397605346934028e-79,21.0,0.75,66.3,,,82.86
IQ-LAB-99471,19.0,male,4.8,5.39,15.4,84.1,255.0,18.0,5.397605346934028e-79,15.0,1.03,91.05,,,1.3
IQ-LAB-99472,11.0,male,6.8,4.54,13.1,84.6,278.0,,,,,,,,0.4
IQ-LAB-99473,41.0,male,8.1,5.04,14.6,87.9,225.0,23.0,5.397605346934028e-79,22.0,1.01,89.28,110.0,4.97,0.73
IQ-LAB-99474,63.0,female,10.2,4.8,15.2,91.5,277.0,21.0,5.397605346934028e-79,17.0,1.28,113.15,,,4.44
IQ-LAB-99475,60.0,male,8.0,4.61,14.1,85.2,187.0,44.0,5.397605346934028e-79,56.0,1.54,136.14,,,1.0
IQ-LAB-99476,8.0,female,7.0,5.04,13.0,78.0,301.0,,,,,,,,0.46
IQ-LAB-99477,63.0,male,6.9,5.07,15.6,91.6,271.0,18.0,5.397605346934028e-79,19.0,0.83,73.37,123.0,9.88,2.19
IQ-LAB-99479,58.0,female,12.2,4.56,13.4,84.6,262.0,20.0,5.397605346934028e-79,26.0,0.52,45.97,115.0,22.54,13.28
IQ-LAB-99480,13.0,female,3.9,4.99,14.4,84.5,240.0,9.0,5.397605346934028e-79,18.0,0.56,49.5,95.0,6.92,0.23
IQ-LAB-99481,32.0,female,8.7,4.6,14.4,92.4,291.0,11.0,5.397605346934028e-79,16.0,0.81,71.6,,,0.58
IQ-LAB-99483,74.0,male,7.7,4.41,13.4,91.2,201.0,18.0,5.397605346934028e-79,25.0,1.07,94.59,,,1.66
IQ-LAB-99484,51.0,female,8.5,4.75,14.2,89.2,291.0,35.0,5.397605346934028e-79,23.0,0.62,54.81,104.0,10.33,4.86
IQ-LAB-99486,62.0,male,6.5,4.84,14.5,86.8,175.0,29.0,5.397605346934028e-79,25.0,0.64,56.58,163.0,6.46,2.87
IQ-LAB-99487,10.0,male,5.0,4.99,14.9,86.8,246.0,,,,,,,,0.26
IQ-LAB-99488,57.0,male,7.0,5.02,15.2,92.2,346.0,37.0,5.397605346934028e-79,23.0,0.95,83.98,110.0,6.82,0.53
IQ-LAB-99489,51.0,male,6.8,5.45,16.2,87.3,248.0,17.0,5.397605346934028e-79,18.0,0.76,67.18,,,4.5
IQ-LAB-99491,18.0,male,6.2,5.18,16.2,92.4,200.0,22.0,5.397605346934028e-79,34.0,1.09,96.36,,,0.99
IQ-LAB-99492,80.0,male,7.5,3.99,12.1,91.0,247.0,13.0,5.397605346934028e-79,19.0,0.86,76.02,,,0.33
IQ-LAB-99494,46.0,female,6.9,3.92,12.7,94.7,249.0,14.0,5.397605346934028e-79,17.0,0.65,57.46,90.0,8.13,3.07
IQ-LAB-99495,43.0,female,6.5,4.34,13.8,95.5,194.0,8.0,5.397605346934028e-79,13.0,0.63,55.69,,,1.67
IQ-LAB-99496,43.0,female,8.8,4.46,12.3,84.3,319.0,16.0,5.397605346934028e-79,18.0,0.59,52.16,,,5.34
IQ-LAB-99497,56.0,female,6.6,5.15,14.1,81.0,238.0,27.0,5.397605346934028e-79,21.0,0.65,57.46,120.0,18.52,3.96
IQ-LAB-99498,32.0,male,6.5,4.5,14.0,91.3,288.0,22.0,5.397605346934028e-79,23.0,0.78,68.95,,,0.54
IQ-LAB-99499,70.0,male,7.0,4.76,14.9,90.8,185.0,33.0,5.397605346934028e-79,24.0,1.04,91.94,,,0.45
IQ-LAB-99500,61.0,male,6.8,5.32,16.7,92.3,248.0,16.0,5.397605346934028e-79,18.0,1.0,88.4,,,0.92
IQ-LAB-99501,78.0,female,7.6,5.2,13.9,81.7,232.0,18.0,5.397605346934028e-79,23.0,0.84,74.26,,,2.95
IQ-LAB-99502,18.0,male,6.5,5.02,14.8,85.8,232.0,36.0,5.397605346934028e-79,22.0,0.8,70.72,,,3.13
IQ-LAB-99503,61.0,female,4.5,5.15,13.4,80.4,189.0,22.0,5.397605346934028e-79,20.0,0.79,69.84,,,6.92
IQ-LAB-99506,69.0,male,5.1,5.22,14.4,83.0,224.0,30.0,5.397605346934028e-79,25.0,1.3,114.92,,,1.3
IQ-LAB-99509,73.0,female,6.4,4.94,15.2,92.8,246.0,20.0,5.397605346934028e-79,25.0,0.79,69.84,,,1.43
IQ-LAB-99510,35.0,female,4.8,4.52,13.5,90.6,205.0,17.0,5.397605346934028e-79,19.0,0.45,39.78,,,0.44
IQ-LAB-99511,55.0,female,9.6,4.98,15.1,90.7,318.0,43.0,5.397605346934028e-79,30.0,0.77,68.07,,,3.2
IQ-LAB-99512,65.0,female,6.2,3.79,11.4,93.2,210.0,7.0,5.397605346934028e-79,13.0,0.84,74.26,115.0,5.59,8.62
IQ-LAB-99513,36.0,female,8.6,6.25,12.4,61.8,319.0,9.0,5.397605346934028e-79,10.0,0.82,72.49,,,1.14
IQ-LAB-99515,1.0,male,9.6,5.27,13.4,74.8,392.0,,,,,,,,
IQ-LAB-99516,10.0,male,9.7,4.38,12.4,82.8,386.0,,,,,,,,1.78
IQ-LAB-99517,39.0,female,6.4,4.89,14.9,88.4,260.0,11.0,5.397605346934028e-79,14.0,0.78,68.95,,,5.42
IQ-LAB-99518,80.0,male,5.5,3.72,12.8,100.1,250.0,23.0,5.397605346934028e-79,18.0,1.88,166.19,174.0,9.09,5.17
IQ-LAB-99519,65.0,female,11.0,4.57,14.3,92.3,306.0,,,,,,,,
IQ-LAB-99520,9.0,female,6.9,4.74,12.3,76.6,307.0,,,,,,,,3.51
IQ-LAB-99521,77.0,female,5.1,4.08,12.3,91.8,187.0,10.0,5.397605346934028e-79,13.0,0.96,84.86,109.0,14.82,2.24
IQ-LAB-99522,68.0,male,8.4,4.74,16.4,97.2,177.0,14.0,5.397605346934028e-79,18.0,1.32,116.69,,,3.67
IQ-LAB-99523,4.0,female,5.7,4.36,12.7,87.8,324.0,,,,,,,,0.28
IQ-LAB-99524,80.0,male,7.1,3.96,11.8,91.4,208.0,20.0,5.397605346934028e-79,21.0,1.29,114.04,,,14.99
IQ-LAB-99525,26.0,female,5.9,4.61,13.3,85.2,377.0,14.0,5.397605346934028e-79,14.0,0.73,64.53,,,0.85
IQ-LAB-99526,29.0,female,9.6,5.04,12.2,74.7,305.0,12.0,5.397605346934028e-79,13.0,0.65,57.46,106.0,28.57,6.27
IQ-LAB-99527,5.0,male,10.7,4.57,12.6,80.4,352.0,,,,,,,,0.17
IQ-LAB-99530,3.0,male,11.3,4.43,12.4,83.4,335.0,,,,,,,,3.62
IQ-LAB-99531,55.0,female,6.7,4.76,14.0,87.6,267.0,12.0,5.397605346934028e-79,16.0,0.62,54.81,103.0,11.7,7.8
IQ-LAB-99532,63.0,female,4.5,4.1,12.0,88.6,194.0,12.0,5.397605346934028e-79,19.0,0.7,61.88,,,0.89
IQ-LAB-99533,73.0,female,5.2,4.15,12.9,92.9,237.0,14.0,5.397605346934028e-79,16.0,0.63,55.69,100.0,4.52,2.9
IQ-LAB-99534,67.0,female,5.1,4.74,14.1,88.6,254.0,19.0,5.397605346934028e-79,18.0,0.62,54.81,147.0,29.22,3.8
IQ-LAB-99535,72.0,male,7.9,5.37,17.1,88.4,211.0,20.0,5.397605346934028e-79,16.0,0.89,78.68,163.0,8.38,1.13
IQ-LAB-99536,36.0,female,5.6,4.64,14.5,94.3,211.0,12.0,5.397605346934028e-79,15.0,0.88,77.79,,,2.9
IQ-LAB-99538,66.0,male,5.2,4.54,14.4,92.6,184.0,23.0,5.397605346934028e-79,27.0,1.08,95.47,112.0,9.55,5.11
IQ-LAB-99539,22.0,male,8.2,5.37,15.1,86.8,209.0,56.0,5.397605346934028e-79,47.0,1.48,130.83,102.0,32.22,4.98
IQ-LAB-99540,57.0,male,8.0,4.64,14.7,91.4,253.0,14.0,5.397605346934028e-79,15.0,1.36,120.22,,,5.92
IQ-LAB-99541,43.0,male,5.5,4.8,13.9,87.4,260.0,24.0,5.397605346934028e-79,21.0,0.9,79.56,112.0,12.71,4.09
IQ-LAB-99542,12.0,male,5.1,4.64,13.3,84.0,272.0,13.0,5.397605346934028e-79,19.0,0.76,67.18,,,1.39
IQ-LAB-99543,69.0,male,5.7,4.77,14.7,91.0,226.0,23.0,5.397605346934028e-79,26.0,0.85,75.14,101.0,8.18,1.88
IQ-LAB-99544,12.0,male,5.0,5.03,15.5,89.5,240.0,13.0,5.397605346934028e-79,20.0,0.78,68.95,94.0,5.06,0.28
IQ-LAB-99545,29.0,male,6.4,5.33,16.1,86.7,210.0,211.0,5.397605346934028e-79,115.0,0.75,66.3,,,0.74
IQ-LAB-99546,2.0,male,14.4,4.84,12.4,75.1,257.0,,,,,,,,0.63
IQ-LAB-99547,19.0,male,5.1,5.29,16.8,90.5,164.0,30.0,5.397605346934028e-79,20.0,0.98,86.63,102.0,18.41,0.17
IQ-LAB-99548,66.0,male,6.3,4.46,13.4,89.6,248.0,15.0,5.397605346934028e-79,15.0,0.9,79.56,,,1.97
IQ-LAB-99549,14.0,female,9.9,4.84,11.9,72.9,369.0,,,,,,,,
IQ-LAB-99551,9.0,male,7.5,4.78,13.4,83.1,257.0,,,,,,,,1.79
IQ-LAB-99552,18.0,female,9.2,4.33,12.0,81.7,346.0,7.0,5.397605346934028e-79,12.0,0.71,62.76,93.0,15.98,3.61
IQ-LAB-99553,10.0,male,7.7,4.69,13.1,81.7,282.0,,,,,,,,0.32
IQ-LAB-99554,72.0,male,8.6,4.4,13.6,91.3,207.0,23.0,5.397605346934028e-79,22.0,1.26,111.38,93.0,23.85,0.55
IQ-LAB-99559,14.0,female,7.7,5.05,14.6,85.1,244.0,14.0,5.397605346934028e-79,18.0,0.61,53.92,95.0,14.62,0.71
IQ-LAB-99560,7.0,female,8.1,4.02,11.8,84.9,233.0,,,,,,,,0.31
IQ-LAB-99561,9.0,female,10.3,4.75,13.2,81.6,341.0,,,,,,,,0.7
IQ-LAB-99562,6.0,male,4.3,4.32,12.5,85.5,276.0,,,,,,,,0.29
IQ-LAB-99563,52.0,male,3.9,3.95,13.6,103.8,173.0,14.0,5.397605346934028e-79,17.0,1.29,114.04,97.0,14.44,1.38
IQ-LAB-99564,76.0,female,7.1,4.94,14.0,87.7,258.0,10.0,5.397605346934028e-79,17.0,0.84,74.26,99.0,7.86,0.75
IQ-LAB-99565,80.0,male,4.6,4.35,12.5,90.2,180.0,13.0,5.397605346934028e-79,16.0,1.14,100.78,100.0,5.27,3.61
IQ-LAB-99567,16.0,male,7.5,5.02,14.7,87.3,275.0,11.0,5.397605346934028e-79,20.0,0.95,83.98,96.0,6.9,0.46
IQ-LAB-99568,52.0,female,7.2,4.06,12.6,90.8,227.0,39.0,5.397605346934028e-79,26.0,0.68,60.11,,,0.42
IQ-LAB-99569,8.0,female,9.7,4.58,11.3,74.4,366.0,,,,,,,,4.02
IQ-LAB-99570,10.0,male,9.3,4.56,12.6,81.4,264.0,,,,,,,,3.36
IQ-LAB-99571,11.0,female,9.2,4.76,14.7,89.9,454.0,,,,,,,,1.58
IQ-LAB-99573,25.0,male,6.2,4.77,14.5,91.7,203.0,12.0,5.397605346934028e-79,23.0,1.11,98.12,91.0,1.24,0.93
IQ-LAB-99574,63.0,male,5.6,5.24,14.6,83.9,274.0,16.0,5.397605346934028e-79,17.0,1.04,91.94,,,7.91
IQ-LAB-99575,74.0,female,6.0,4.63,14.6,93.6,229.0,14.0,5.397605346934028e-79,16.0,0.84,74.26,137.0,11.93,6.15
IQ-LAB-99576,7.0,male,8.9,4.55,12.4,80.1,290.0,,,,,,,,0.48
IQ-LAB-99577,27.0,female,9.9,5.1,15.0,87.9,250.0,69.0,5.397605346934028e-79,38.0,0.77,68.07,,,4.83
IQ-LAB-99579,17.0,male,6.5,5.29,16.8,88.9,229.0,38.0,5.397605346934028e-79,19.0,0.99,87.52,92.0,6.5,0.51
IQ-LAB-99580,66.0,male,4.3,4.46,13.3,93.6,260.0,15.0,5.397605346934028e-79,25.0,0.88,77.79,96.0,3.71,11.81
IQ-LAB-99582,9.0,male,7.3,4.59,12.9,83.7,242.0,,,,,,,,5.63
IQ-LAB-99583,23.0,female,6.9,4.35,13.3,90.2,304.0,9.0,5.397605346934028e-79,15.0,0.73,64.53,,,0.32
IQ-LAB-99584,21.0,male,6.3,5.91,16.3,82.3,281.0,128.0,5.397605346934028e-79,53.0,0.91,80.44,118.0,16.9,1.09
IQ-LAB-99585,35.0,male,8.4,4.03,13.4,98.6,229.0,22.0,5.397605346934028e-79,25.0,1.05,92.82,,,6.89
IQ-LAB-99586,9.0,female,5.5,4.32,13.4,88.7,278.0,,,,,,,,0.29
IQ-LAB-99588,12.0,female,8.2,4.7,12.9,85.6,301.0,13.0,5.397605346934028e-79,17.0,0.6,53.04,,,0.24
IQ-LAB-99590,54.0,female,8.8,5.11,15.5,88.9,301.0,23.0,5.397605346934028e-79,21.0,0.82,72.49,,,0.98
IQ-LAB-99591,13.0,female,6.5,4.45,14.5,94.8,345.0,8.0,5.397605346934028e-79,18.0,0.59,52.16,98.0,28.88,0.36
IQ-LAB-99593,34.0,male,4.8,5.12,14.9,88.6,81.0,14.0,5.397605346934028e-79,18.0,1.21,106.96,97.0,3.47,0.37
IQ-LAB-99594,8.0,female,11.7,4.84,13.3,81.3,264.0,,,,,,,,3.89
IQ-LAB-99596,48.0,male,7.8,5.54,16.4,88.4,273.0,18.0,5.397605346934028e-79,18.0,1.06,93.7,,,2.23
IQ-LAB-99597,80.0,male,5.9,4.05,12.7,92.8,170.0,18.0,5.397605346934028e-79,18.0,1.23,108.73,,,0.28
IQ-LAB-99598,10.0,male,8.1,4.99,14.5,83.0,317.0,,,,,,,,1.38
IQ-LAB-99599,48.0,female,6.4,4.17,12.4,90.0,257.0,17.0,5.397605346934028e-79,21.0,0.78,68.95,102.0,4.01,1.02
IQ-LAB-99600,55.0,female,4.8,4.15,13.5,92.4,426.0,13.0,5.397605346934028e-79,14.0,0.74,65.42,96.0,9.77,2.73
IQ-LAB-99601,10.0,female,8.0,4.74,12.8,82.6,244.0,,,,,,,,0.57
IQ-LAB-99602,64.0,female,10.6,4.22,13.3,91.6,246.0,11.0,5.397605346934028e-79,10.0,0.74,65.42,158.0,11.41,0.49
IQ-LAB-99603,70.0,male,10.4,4.73,15.0,91.3,271.0,35.0,5.397605346934028e-79,24.0,1.14,100.78,,,0.52
IQ-LAB-99604,80.0,male,8.5,5.45,17.5,96.3,216.0,32.0,5.397605346934028e-79,25.0,2.0,176.8,117.0,7.88,0.8
IQ-LAB-99605,46.0,male,8.3,5.37,15.1,84.6,318.0,46.0,5.397605346934028e-79,24.0,0.86,76.02,178.0,22.87,1.75
IQ-LAB-99606,70.0,female,8.5,4.63,13.1,86.9,206.0,10.0,5.397605346934028e-79,13.0,0.86,76.02,128.0,27.51,4.42
IQ-LAB-99607,8.0,female,5.0,4.47,11.5,79.4,224.0,,,,,,,,0.64
IQ-LAB-99608,10.0,female,6.7,4.62,13.1,85.5,303.0,,,,,,,,4.67
IQ-LAB-99609,46.0,male,10.7,4.27,13.2,93.2,328.0,16.0,5.397605346934028e-79,16.0,0.84,74.26,,,4.86
IQ-LAB-99610,65.0,male,8.3,4.0,12.2,93.3,371.0,13.0,5.397605346934028e-79,15.0,1.18,104.31,,,38.46
IQ-LAB-99611,13.0,female,7.9,4.75,13.6,84.4,406.0,8.0,5.397605346934028e-79,15.0,0.55,48.62,,,0.36
IQ-LAB-99612,3.0,male,8.4,4.4,12.7,82.3,323.0,,,,,,,,0.32
IQ-LAB-99613,38.0,male,4.3,5.23,14.3,81.8,176.0,30.0,5.397605346934028e-79,30.0,1.17,103.43,103.0,3.92,0.96
IQ-LAB-99614,17.0,male,6.9,5.62,15.1,83.0,305.0,47.0,5.397605346934028e-79,19.0,0.65,57.46,102.0,14.9,5.01
IQ-LAB-99615,63.0,female,11.5,4.98,13.0,80.4,373.0,20.0,5.397605346934028e-79,20.0,1.01,89.28,116.0,9.85,11.21
IQ-LAB-99616,39.0,female,10.8,5.16,14.1,84.8,350.0,84.0,5.397605346934028e-79,46.0,0.68,60.11,137.0,62.9,19.24
IQ-LAB-99617,15.0,male,5.4,5.31,14.7,86.1,281.0,13.0,5.397605346934028e-79,20.0,0.86,76.02,105.0,14.88,0.39
IQ-LAB-99618,46.0,male,8.6,5.21,15.4,87.1,256.0,20.0,5.397605346934028e-79,34.0,1.01,89.28,,,0.9
IQ-LAB-99619,50.0,male,6.3,4.99,15.1,88.2,104.0,22.0,5.397605346934028e-79,19.0,0.98,86.63,,,0.62
IQ-LAB-99621,63.0,male,7.4,4.83,15.2,91.5,234.0,26.0,5.397605346934028e-79,17.0,0.67,59.23,,,0.86
IQ-LAB-99622,61.0,female,7.7,4.79,13.4,85.1,310.0,19.0,5.397605346934028e-79,12.0,0.62,54.81,98.0,17.32,11.75
IQ-LAB-99623,1.0,male,6.0,4.27,12.0,80.6,444.0,,,,,,,,0.7
IQ-LAB-99624,45.0,male,12.3,5.54,17.1,89.3,263.0,30.0,5.397605346934028e-79,21.0,1.07,94.59,,,4.39
IQ-LAB-99625,68.0,male,4.7,4.23,12.7,89.8,163.0,18.0,5.397605346934028e-79,21.0,1.06,93.7,,,0.66
IQ-LAB-99626,2.0,female,6.5,3.1,9.5,89.8,437.0,,,,,,,,0.11
IQ-LAB-99628,52.0,female,6.8,4.57,13.3,89.9,254.0,14.0,5.397605346934028e-79,12.0,0.45,39.78,,,4.14
IQ-LAB-99629,14.0,female,4.4,3.96,11.3,88.8,207.0,12.0,5.397605346934028e-79,15.0,0.7,61.88,93.0,21.22,4.29
IQ-LAB-99630,73.0,male,6.8,5.4,17.5,93.6,215.0,17.0,5.397605346934028e-79,17.0,0.95,83.98,143.0,12.41,0.65
IQ-LAB-99631,40.0,male,8.4,5.74,16.5,85.8,260.0,15.0,5.397605346934028e-79,22.0,0.8,70.72,90.0,1.33,5.08
IQ-LAB-99632,18.0,male,4.5,4.75,14.3,88.0,163.0,10.0,5.397605346934028e-79,20.0,1.01,89.28,103.0,3.96,0.35
IQ-LAB-99633,60.0,male,9.9,5.35,16.2,89.6,241.0,20.0,5.397605346934028e-79,15.0,1.13,99.89,,,3.6
IQ-LAB-99634,1.0,female,7.9,5.07,13.1,78.4,431.0,,,,,,,,0.24
IQ-LAB-99635,65.0,female,11.4,4.32,12.8,90.8,307.0,18.0,5.397605346934028e-79,30.0,0.7,61.88,,,4.3
IQ-LAB-99636,53.0,female,9.3,4.67,13.7,89.9,350.0,15.0,5.397605346934028e-79,15.0,0.64,56.58,94.0,18.12,15.11
IQ-LAB-99637,30.0,male,9.2,5.52,16.0,83.0,219.0,28.0,5.397605346934028e-79,18.0,0.94,83.1,,,3.63
IQ-LAB-99639,16.0,female,6.6,4.24,12.8,92.4,276.0,11.0,5.397605346934028e-79,16.0,0.72,63.65,,,0.38
IQ-LAB-99640,6.0,male,8.6,5.27,14.3,78.5,286.0,,,,,,,,0.49
IQ-LAB-99641,23.0,male,2.9,5.01,14.3,87.6,230.0,11.0,5.397605346934028e-79,14.0,1.07,94.59,111.0,12.7,0.22
IQ-LAB-99643,80.0,female,13.1,4.23,11.3,83.3,467.0,10.0,5.397605346934028e-79,12.0,0.55,48.62,,,32.36
IQ-LAB-99645,80.0,female,9.1,4.16,11.7,86.7,363.0,8.0,5.397605346934028e-79,13.0,0.89,78.68,97.0,3.28,8.69
IQ-LAB-99647,76.0,male,7.6,4.4,13.7,91.9,211.0,14.0,5.397605346934028e-79,19.0,1.13,99.89,,,1.6
IQ-LAB-99649,7.0,female,7.1,4.69,13.5,84.0,388.0,,,,,,,,0.5
IQ-LAB-99650,4.0,female,6.2,4.73,12.7,80.5,409.0,,,,,,,,0.49
IQ-LAB-99651,8.0,male,4.3,5.05,13.9,81.1,182.0,,,,,,,,1.91
IQ-LAB-99653,53.0,male,6.8,5.17,16.2,92.1,246.0,21.0,5.397605346934028e-79,19.0,1.07,94.59,,,1.73
IQ-LAB-99655,38.0,male,6.3,4.97,14.1,84.0,267.0,5.0,5.397605346934028e-79,11.0,1.09,96.36,80.0,2.47,0.53
IQ-LAB-99657,5.0,female,6.1,4.79,13.1,81.3,295.0,,,,,,,,1.26
IQ-LAB-99658,66.0,female,7.6,3.66,10.9,93.4,173.0,10.0,5.397605346934028e-79,13.0,4.05,358.02,136.0,9.83,3.84
IQ-LAB-99659,41.0,female,8.6,4.69,13.7,88.0,271.0,11.0,5.397605346934028e-79,15.0,0.78,68.95,105.0,7.95,0.54
IQ-LAB-99660,75.0,male,8.7,4.02,12.4,90.4,378.0,16.0,5.397605346934028e-79,12.0,0.73,64.53,163.0,17.77,5.55
IQ-LAB-99661,48.0,female,7.9,4.59,14.9,94.0,299.0,26.0,5.397605346934028e-79,26.0,0.74,65.42,,,1.05
IQ-LAB-99662,65.0,female,6.9,4.06,12.6,90.6,197.0,26.0,5.397605346934028e-79,31.0,0.86,76.02,130.0,28.84,4.35
IQ-LAB-99663,15.0,male,4.6,5.04,16.2,92.9,192.0,11.0,5.397605346934028e-79,16.0,0.8,70.72,111.0,7.23,0.42
IQ-LAB-99664,4.0,female,5.7,4.45,12.5,84.7,246.0,,,,,,,,
IQ-LAB-99665,46.0,female,6.7,4.29,12.7,89.3,257.0,15.0,5.397605346934028e-79,18.0,0.77,68.07,108.0,8.17,7.45
IQ-LAB-99666,4.0,male,12.5,5.04,13.4,79.0,398.0,,,,,,,,0.93
IQ-LAB-99667,3.0,male,11.7,4.75,12.7,77.5,402.0,,,,,,,,
IQ-LAB-99668,63.0,male,5.5,4.73,14.8,91.5,213.0,22.0,5.397605346934028e-79,20.0,1.02,90.17,,,3.79
IQ-LAB-99670,66.0,male,4.2,4.01,12.3,91.7,164.0,9.0,5.397605346934028e-79,13.0,2.62,231.61,215.0,6.1,0.63
IQ-LAB-99671,8.0,female,6.8,4.73,13.1,85.4,275.0,,,,,,,,0.17
IQ-LAB-99672,32.0,female,5.7,4.58,13.7,91.8,238.0,9.0,5.397605346934028e-79,12.0,0.46,40.66,106.0,11.16,0.63
IQ-LAB-99674,71.0,male,6.4,4.6,15.5,99.8,103.0,14.0,5.397605346934028e-79,16.0,0.76,67.18,,,3.05
IQ-LAB-99675,53.0,female,7.9,4.77,14.5,89.7,396.0,18.0,5.397605346934028e-79,13.0,0.59,52.16,,,5.28
IQ-LAB-99676,51.0,female,6.9,4.28,13.8,94.4,263.0,14.0,5.397605346934028e-79,18.0,0.61,53.92,95.0,6.73,1.15
IQ-LAB-99677,14.0,male,5.5,4.88,13.1,81.4,218.0,61.0,5.397605346934028e-79,162.0,0.8,70.72,,,0.28
IQ-LAB-99679,61.0,male,5.2,4.58,14.7,95.2,218.0,26.0,5.397605346934028e-79,23.0,0.9,79.56,127.0,5.81,1.28
IQ-LAB-99680,62.0,male,6.9,4.74,13.6,88.4,266.0,13.0,5.397605346934028e-79,16.0,0.97,85.75,,,1.02
IQ-LAB-99681,13.0,female,6.5,4.44,13.4,89.8,241.0,4.0,5.397605346934028e-79,13.0,0.62,54.81,102.0,27.47,0.35
IQ-LAB-99682,80.0,male,5.7,3.84,11.6,91.4,182.0,17.0,5.397605346934028e-79,21.0,1.01,89.28,194.0,10.41,3.11
IQ-LAB-99683,80.0,female,8.4,4.56,13.8,91.8,232.0,15.0,5.397605346934028e-79,19.0,0.76,67.18,109.0,9.44,3.84
IQ-LAB-99684,64.0,female,5.6,4.62,14.2,90.7,302.0,9.0,5.397605346934028e-79,16.0,0.6,53.04,97.0,9.98,0.81
IQ-LAB-99686,40.0,male,5.9,5.04,14.1,84.5,202.0,10.0,5.397605346934028e-79,12.0,0.83,73.37,275.0,3.66,2.5
IQ-LAB-99687,8.0,male,7.7,5.16,14.0,83.4,251.0,,,,,,,,0.25
IQ-LAB-99688,7.0,male,9.3,5.12,12.1,72.3,336.0,,,,,,,,2.21
IQ-LAB-99689,28.0,male,6.4,4.95,15.2,90.7,211.0,12.0,5.397605346934028e-79,20.0,1.03,91.05,,,3.58
IQ-LAB-99691,44.0,female,7.4,4.16,12.7,91.6,292.0,13.0,5.397605346934028e-79,18.0,0.69,61.0,,,5.38
IQ-LAB-99692,3.0,male,3.6,4.68,12.9,80.6,254.0,,,,,,,,0.55
IQ-LAB-99694,48.0,male,7.7,5.05,14.6,87.5,211.0,33.0,5.397605346934028e-79,23.0,0.86,76.02,,,1.91
IQ-LAB-99695,37.0,female,12.5,4.89,15.6,96.4,340.0,12.0,5.397605346934028e-79,13.0,0.74,65.42,107.0,20.14,3.93
IQ-LAB-99696,14.0,female,7.0,4.25,12.3,83.3,231.0,11.0,5.397605346934028e-79,23.0,0.65,57.46,,,0.96
IQ-LAB-99697,18.0,female,9.3,4.55,14.1,89.9,346.0,150.0,5.397605346934028e-79,69.0,0.55,48.62,115.0,23.41,1.54
IQ-LAB-99698,74.0,female,11.1,4.38,12.6,85.2,285.0,7.0,5.397605346934028e-79,10.0,1.23,108.73,140.0,16.38,0.67
IQ-LAB-99699,15.0,male,8.0,6.03,16.8,83.6,327.0,20.0,5.397605346934028e-79,18.0,0.71,62.76,,,4.52
IQ-LAB-99700,70.0,male,4.7,5.03,16.7,97.8,204.0,14.0,5.397605346934028e-79,19.0,1.04,91.94,107.0,6.46,1.17
IQ-LAB-99702,65.0,male,6.3,5.14,12.5,74.6,132.0,29.0,5.397605346934028e-79,35.0,1.21,106.96,,,1.26
IQ-LAB-99703,80.0,female,8.1,5.1,13.9,81.1,196.0,10.0,5.397605346934028e-79,20.0,0.7,61.88,,,2.08
IQ-LAB-99705,40.0,female,10.9,4.49,13.7,91.6,218.0,,,,,,,,
IQ-LAB-99709,26.0,male,5.9,5.15,15.7,89.2,213.0,9.0,5.397605346934028e-79,13.0,0.92,81.33,,,0.33
IQ-LAB-99710,30.0,female,6.0,4.04,11.4,84.3,217.0,8.0,5.397605346934028e-79,14.0,0.64,56.58,94.0,2.24,1.49
IQ-LAB-99711,58.0,female,8.4,4.06,11.9,86.9,285.0,24.0,5.397605346934028e-79,15.0,0.83,73.37,233.0,19.31,1.57
IQ-LAB-99713,14.0,male,9.7,5.6,16.6,87.2,230.0,8.0,5.397605346934028e-79,18.0,0.85,75.14,,,0.71
IQ-LAB-99714,35.0,female,5.9,4.27,12.3,86.0,189.0,14.0,5.397605346934028e-79,15.0,0.64,56.58,,,1.12
IQ-LAB-99715,24.0,female,4.4,4.74,11.9,77.6,215.0,8.0,5.397605346934028e-79,13.0,0.54,47.74,117.0,81.35,12.31
IQ-LAB-99716,35.0,male,5.8,5.07,15.5,91.0,161.0,135.0,5.397605346934028e-79,121.0,0.55,48.62,107.0,12.38,0.69
IQ-LAB-99717,60.0,female,7.4,5.45,12.6,70.7,264.0,11.0,5.397605346934028e-79,15.0,0.73,64.53,,,2.6
IQ-LAB-99718,10.0,female,6.2,4.85,14.2,84.0,241.0,,,,,,,,0.41
IQ-LAB-99719,60.0,female,6.8,4.48,13.3,89.4,308.0,10.0,5.397605346934028e-79,22.0,0.97,85.75,101.0,7.66,0.97
IQ-LAB-99720,53.0,male,7.1,5.3,16.0,87.4,224.0,62.0,5.397605346934028e-79,46.0,1.08,95.47,303.0,10.47,2.91
IQ-LAB-99721,20.0,female,4.5,4.53,14.5,95.0,246.0,9.0,5.397605346934028e-79,12.0,0.79,69.84,92.0,18.74,2.66
IQ-LAB-99723,10.0,male,11.3,4.65,13.4,84.4,392.0,,,,,,,,11.13
IQ-LAB-99724,56.0,male,7.3,5.07,16.2,94.7,185.0,56.0,5.397605346934028e-79,39.0,0.84,74.26,110.0,7.3,5.61
IQ-LAB-99725,1.0,male,12.8,4.48,12.5,86.0,393.0,,,,,,,,0.41
IQ-LAB-99726,77.0,female,5.6,4.35,11.8,82.3,212.0,24.0,5.397605346934028e-79,25.0,0.62,54.81,86.0,9.18,1.74
IQ-LAB-99727,78.0,female,8.8,4.35,13.3,90.8,251.0,15.0,5.397605346934028e-79,18.0,1.01,89.28,,,1.75
IQ-LAB-99728,15.0,female,7.9,4.25,13.1,91.7,264.0,15.0,5.397605346934028e-79,21.0,0.58,51.27,,,3.71
IQ-LAB-99730,9.0,male,7.8,5.14,13.1,76.7,295.0,,,,,,,,0.37
IQ-LAB-99732,13.0,female,7.0,4.95,14.7,83.7,245.0,11.0,5.397605346934028e-79,12.0,0.59,52.16,,,0.78
IQ-LAB-99734,8.0,male,10.3,4.63,12.6,80.1,415.0,,,,,,,,0.31
IQ-LAB-99735,15.0,male,7.6,5.02,15.4,90.0,260.0,11.0,5.397605346934028e-79,24.0,0.71,62.76,,,0.22
IQ-LAB-99736,62.0,male,4.4,4.06,12.7,90.2,202.0,19.0,5.397605346934028e-79,17.0,1.11,98.12,,,1.53
IQ-LAB-99738,7.0,male,6.5,4.3,11.3,79.2,256.0,,,,,,,,0.11
IQ-LAB-99740,64.0,male,4.5,4.51,14.1,88.3,189.0,14.0,5.397605346934028e-79,17.0,1.1,97.24,,,0.34
IQ-LAB-99741,80.0,male,7.4,4.67,14.0,91.8,205.0,12.0,5.397605346934028e-79,20.0,1.05,92.82,109.0,9.47,0.8
IQ-LAB-99742,79.0,male,9.5,5.23,16.5,93.1,256.0,15.0,5.397605346934028e-79,16.0,1.24,109.62,125.0,22.11,6.71
IQ-LAB-99743,80.0,female,8.1,4.46,14.3,94.5,299.0,20.0,5.397605346934028e-79,18.0,0.79,69.84,,,2.14
IQ-LAB-99744,51.0,female,6.7,4.5,13.0,87.5,235.0,9.0,5.397605346934028e-79,17.0,0.92,81.33,94.0,1.46,1.0
IQ-LAB-99745,33.0,male,7.7,5.57,15.2,83.9,248.0,41.0,5.397605346934028e-79,26.0,0.92,81.33,103.0,13.25,0.28
IQ-LAB-99746,2.0,female,6.3,4.67,12.4,80.3,300.0,,,,,,,,2.41
IQ-LAB-99747,80.0,female,7.1,4.33,13.2,90.6,235.0,9.0,5.397605346934028e-79,16.0,1.28,113.15,,,3.46
IQ-LAB-99749,33.0,female,10.0,4.8,13.8,87.7,331.0,19.0,5.397605346934028e-79,15.0,0.71,62.76,91.0,20.33,14.41
IQ-LAB-99751,27.0,female,6.0,4.35,14.1,94.6,239.0,19.0,5.397605346934028e-79,17.0,0.73,64.53,,,1.18
IQ-LAB-99752,1.0,male,5.6,4.58,11.9,78.5,378.0,,,,,,,,0.3
IQ-LAB-99753,9.0,female,6.1,5.33,14.4,80.8,353.0,,,,,,,,0.83
IQ-LAB-99757,18.0,female,5.6,4.11,13.2,93.5,191.0,11.0,5.397605346934028e-79,16.0,0.61,53.92,,,0.79
IQ-LAB-99758,80.0,female,7.3,3.92,14.1,105.2,237.0,21.0,5.397605346934028e-79,18.0,0.78,68.95,,,0.97
IQ-LAB-99759,50.0,male,5.8,5.18,15.7,87.9,157.0,58.0,5.397605346934028e-79,37.0,0.81,71.6,119.0,64.55,1.62
IQ-LAB-99760,67.0,male,6.5,4.22,12.8,89.5,174.0,18.0,5.397605346934028e-79,17.0,0.78,68.95,,,3.11
IQ-LAB-99761,20.0,female,8.4,4.49,14.2,94.8,312.0,15.0,5.397605346934028e-79,17.0,0.57,50.39,97.0,9.27,1.46
IQ-LAB-99762,55.0,female,5.0,4.45,13.3,85.4,177.0,13.0,5.397605346934028e-79,16.0,0.95,83.98,,,0.72
IQ-LAB-99763,54.0,female,5.4,4.69,14.6,92.7,234.0,19.0,5.397605346934028e-79,17.0,0.5,44.2,142.0,13.14,1.42
IQ-LAB-99765,46.0,female,6.6,4.06,13.2,94.8,249.0,12.0,5.397605346934028e-79,15.0,0.91,80.44,91.0,4.32,1.84
IQ-LAB-99766,49.0,male,5.4,4.94,15.8,94.2,215.0,27.0,5.397605346934028e-79,21.0,0.68,60.11,228.0,8.32,1.67
IQ-LAB-99768,28.0,female,9.3,5.15,14.1,82.1,295.0,41.0,5.397605346934028e-79,21.0,0.66,58.34,,,5.54
IQ-LAB-99769,15.0,female,7.6,4.97,14.9,89.2,217.0,,,,,,,,
IQ-LAB-99770,16.0,male,7.2,4.87,15.3,90.7,190.0,8.0,5.397605346934028e-79,13.0,0.82,72.49,,,0.53
IQ-LAB-99771,19.0,female,8.1,4.33,12.6,86.6,342.0,6.0,5.397605346934028e-79,11.0,0.76,67.18,,,2.45
IQ-LAB-99772,43.0,female,7.1,4.35,7.8,59.9,457.0,7.0,5.397605346934028e-79,11.0,0.72,63.65,105.0,14.59,19.8
IQ-LAB-99774,80.0,female,7.7,5.65,12.6,68.7,307.0,34.0,5.397605346934028e-79,35.0,0.56,49.5,106.0,9.77,1.69
IQ-LAB-99776,71.0,male,9.5,4.91,14.3,86.0,259.0,16.0,5.397605346934028e-79,12.0,1.11,98.12,,,2.12
IQ-LAB-99777,21.0,male,5.6,5.07,14.6,85.2,240.0,30.0,5.397605346934028e-79,28.0,1.13,99.89,102.0,10.57,1.41
IQ-LAB-99778,46.0,male,4.0,4.59,14.6,97.5,182.0,,,,,,90.0,,
IQ-LAB-99779,41.0,female,6.5,4.21,12.8,93.3,342.0,12.0,5.397605346934028e-79,15.0,0.68,60.11,106.0,20.46,5.04
IQ-LAB-99781,4.0,male,9.2,4.51,12.1,79.3,251.0,,,,,,,,8.28
IQ-LAB-99782,53.0,female,4.7,4.08,13.7,98.8,205.0,60.0,5.397605346934028e-79,83.0,0.73,64.53,119.0,15.1,4.78
IQ-LAB-99783,35.0,male,6.6,5.81,17.6,86.2,154.0,35.0,5.397605346934028e-79,19.0,0.54,47.74,318.0,14.47,2.43
IQ-LAB-99784,3.0,male,11.3,5.25,13.5,75.4,499.0,,,,,,,,2.91
IQ-LAB-99785,80.0,female,7.8,4.26,12.6,91.3,296.0,19.0,5.397605346934028e-79,19.0,0.93,82.21,125.0,21.18,5.15
IQ-LAB-99786,44.0,male,9.8,5.17,15.0,87.1,280.0,19.0,5.397605346934028e-79,21.0,1.06,93.7,,,15.1
IQ-LAB-99788,17.0,male,5.3,4.76,14.6,90.8,220.0,15.0,5.397605346934028e-79,23.0,0.98,86.63,,,7.51
IQ-LAB-99790,24.0,male,7.2,5.62,16.0,86.7,189.0,20.0,5.397605346934028e-79,21.0,1.06,93.7,85.0,1.68,0.59
IQ-LAB-99791,8.0,male,8.7,4.75,13.6,83.5,386.0,,,,,,,,0.38
IQ-LAB-99792,69.0,male,7.4,4.98,16.4,94.4,118.0,15.0,5.397605346934028e-79,20.0,1.07,94.59,98.0,10.04,2.09
IQ-LAB-99793,26.0,female,8.1,4.55,14.0,92.5,234.0,14.0,5.397605346934028e-79,21.0,0.56,49.5,,,0.74
IQ-LAB-99795,21.0,female,7.9,4.82,14.2,86.8,286.0,9.0,5.397605346934028e-79,12.0,0.63,55.69,,,12.17
IQ-LAB-99797,65.0,male,12.1,4.13,10.2,78.1,429.0,6.0,5.397605346934028e-79,24.0,1.02,90.17,91.0,7.96,9.04
IQ-LAB-99798,29.0,male,20.3,5.17,16.1,91.7,340.0,,,,,,102.0,,
IQ-LAB-99799,16.0,female,6.8,4.15,11.8,84.4,235.0,10.0,5.397605346934028e-79,18.0,0.62,54.81,96.0,14.58,0.7
IQ-LAB-99802,12.0,female,7.7,4.6,12.8,83.9,229.0,10.0,5.397605346934028e-79,15.0,0.47,41.55,,,0.55
IQ-LAB-99803,13.0,female,5.5,4.72,13.9,87.3,281.0,,,,,,,,
IQ-LAB-99804,61.0,male,8.3,4.86,14.5,87.3,219.0,35.0,5.397605346934028e-79,23.0,1.04,91.94,104.0,31.02,1.29
IQ-LAB-99806,70.0,female,5.3,4.13,12.7,92.1,220.0,25.0,5.397605346934028e-79,24.0,0.88,77.79,,,2.0
IQ-LAB-99807,27.0,male,7.3,5.08,17.1,96.8,250.0,29.0,5.397605346934028e-79,18.0,0.94,83.1,98.0,5.58,2.5
IQ-LAB-99808,39.0,female,6.1,4.69,13.4,84.9,256.0,12.0,5.397605346934028e-79,16.0,0.71,62.76,95.0,8.19,2.75
IQ-LAB-99809,2.0,female,5.9,5.02,11.9,70.4,299.0,,,,,,,,0.66
IQ-LAB-99810,13.0,male,9.4,5.35,16.0,86.9,364.0,16.0,5.397605346934028e-79,25.0,0.72,63.65,101.0,4.3,2.23
IQ-LAB-99811,48.0,female,7.2,4.11,8.7,68.1,424.0,17.0,5.397605346934028e-79,14.0,0.54,47.74,104.0,10.97,1.7
IQ-LAB-99812,9.0,male,8.3,4.62,13.5,86.4,320.0,,,,,,,,0.37
IQ-LAB-99813,48.0,male,7.9,5.31,14.7,82.2,290.0,,,,,,,,7.02
IQ-LAB-99815,71.0,female,6.4,4.66,14.7,89.6,316.0,16.0,5.397605346934028e-79,20.0,0.63,55.69,,,4.58
IQ-LAB-99816,55.0,female,4.5,4.67,15.1,93.3,301.0,20.0,5.397605346934028e-79,16.0,0.81,71.6,,,0.59
IQ-LAB-99817,57.0,female,4.5,4.55,13.7,89.1,215.0,9.0,5.397605346934028e-79,12.0,0.85,75.14,,,3.68
IQ-LAB-99818,11.0,male,4.8,4.79,11.8,75.8,269.0,,,,,,,,0.78
IQ-LAB-99819,50.0,male,5.7,5.22,16.5,92.5,326.0,33.0,5.397605346934028e-79,25.0,0.96,84.86,109.0,5.74,1.02
IQ-LAB-99820,80.0,male,8.3,4.57,13.4,89.8,170.0,23.0,5.397605346934028e-79,22.0,0.53,46.85,,,1.36
IQ-LAB-99823,4.0,male,7.0,4.13,11.2,78.1,240.0,,,,,,,,5.86
IQ-LAB-99824,33.0,female,6.2,4.45,12.9,88.0,242.0,14.0,5.397605346934028e-79,24.0,0.94,83.1,,,1.47
IQ-LAB-99825,67.0,male,7.1,5.31,16.0,86.6,230.0,17.0,5.397605346934028e-79,14.0,0.82,72.49,,,0.3
IQ-LAB-99826,16.0,male,7.3,5.41,15.8,84.0,236.0,60.0,5.397605346934028e-79,36.0,0.76,67.18,,,2.26
IQ-LAB-99827,3.0,female,5.8,4.53,13.3,86.6,285.0,,,,,,,,0.46
IQ-LAB-99828,16.0,female,5.8,5.61,10.4,60.3,345.0,27.0,5.397605346934028e-79,26.0,0.45,39.78,88.0,12.31,0.32
IQ-LAB-99829,13.0,male,4.6,5.29,14.1,80.0,292.0,14.0,5.397605346934028e-79,23.0,0.47,41.55,98.0,12.32,0.62
IQ-LAB-99830,18.0,male,6.1,5.2,15.2,84.3,197.0,19.0,5.397605346934028e-79,18.0,0.85,75.14,93.0,7.51,3.75
IQ-LAB-99831,58.0,male,8.5,4.81,14.6,92.1,157.0,10.0,5.397605346934028e-79,22.0,1.13,99.89,,,1.85
IQ-LAB-99833,70.0,male,6.4,5.3,17.2,97.8,201.0,33.0,5.397605346934028e-79,30.0,0.93,82.21,121.0,11.14,0.96
IQ-LAB-99834,44.0,male,6.5,5.76,15.8,78.6,268.0,36.0,5.397605346934028e-79,28.0,0.82,72.49,,,0.45
IQ-LAB-99836,13.0,male,6.5,5.03,14.5,81.8,247.0,10.0,5.397605346934028e-79,20.0,0.64,56.58,,,0.51
IQ-LAB-99837,5.0,male,6.4,4.39,11.8,78.6,403.0,,,,,,,,0.51
IQ-LAB-99838,48.0,female,13.0,5.05,12.1,74.3,495.0,15.0,5.397605346934028e-79,14.0,0.91,80.44,,,104.48
IQ-LAB-99839,42.0,male,5.8,4.74,14.7,91.2,207.0,15.0,5.397605346934028e-79,16.0,0.79,69.84,82.0,9.42,0.56
IQ-LAB-99840,74.0,female,5.1,4.81,14.0,86.8,262.0,11.0,5.397605346934028e-79,15.0,0.54,47.74,224.0,4.6,1.19
IQ-LAB-99841,21.0,male,6.0,5.54,16.3,86.6,193.0,16.0,5.397605346934028e-79,19.0,0.66,58.34,,,0.54
IQ-LAB-99842,47.0,male,8.9,5.04,15.9,92.2,270.0,44.0,5.397605346934028e-79,25.0,0.94,83.1,108.0,65.24,1.11
IQ-LAB-99843,1.0,female,10.6,4.59,12.1,76.6,450.0,,,,,,,,0.5
IQ-LAB-99844,45.0,male,10.5,5.66,15.6,82.0,348.0,47.0,5.397605346934028e-79,24.0,1.0,88.4,,,3.56
IQ-LAB-99845,6.0,male,8.3,4.73,12.4,75.7,481.0,,,,,,,,7.14
IQ-LAB-99846,2.0,male,7.6,4.43,12.9,81.7,264.0,,,,,,,,0.28
IQ-LAB-99848,39.0,female,11.7,4.53,14.5,95.2,324.0,36.0,5.397605346934028e-79,38.0,0.75,66.3,,,3.52
IQ-LAB-99849,3.0,male,13.8,4.14,12.1,84.4,460.0,,,,,,,,1.03
IQ-LAB-99851,71.0,female,8.4,4.95,15.8,91.4,315.0,10.0,5.397605346934028e-79,17.0,1.19,105.2,155.0,19.56,0.34
IQ-LAB-99853,14.0,male,7.0,4.85,14.2,85.8,271.0,15.0,5.397605346934028e-79,20.0,0.7,61.88,,,4.73
IQ-LAB-99854,69.0,female,6.4,4.84,16.6,100.3,137.0,10.0,5.397605346934028e-79,18.0,1.08,95.47,124.0,24.29,2.39
IQ-LAB-99855,34.0,male,6.2,5.63,15.7,83.5,184.0,25.0,5.397605346934028e-79,30.0,0.99,87.52,114.0,15.81,3.32
IQ-LAB-99856,54.0,male,6.0,4.48,14.0,93.1,262.0,13.0,5.397605346934028e-79,18.0,0.92,81.33,95.0,3.3,1.6
IQ-LAB-99857,36.0,female,12.8,4.85,14.2,86.0,268.0,25.0,5.397605346934028e-79,20.0,0.68,60.11,208.0,25.96,8.69
IQ-LAB-99858,58.0,male,5.5,5.17,15.2,85.6,195.0,25.0,5.397605346934028e-79,20.0,0.96,84.86,88.0,24.5,1.72
IQ-LAB-99859,4.0,male,7.9,4.84,13.4,82.4,245.0,,,,,,,,0.27
IQ-LAB-99861,30.0,female,7.2,4.54,14.1,92.3,257.0,17.0,5.397605346934028e-79,20.0,0.72,63.65,,,0.7
IQ-LAB-99864,36.0,female,5.0,4.3,12.7,89.3,246.0,21.0,5.397605346934028e-79,15.0,0.69,61.0,114.0,17.57,3.42
IQ-LAB-99866,61.0,male,9.2,4.75,14.7,90.3,273.0,18.0,5.397605346934028e-79,18.0,0.82,72.49,113.0,31.3,2.92
IQ-LAB-99867,29.0,male,9.4,5.29,15.0,86.8,313.0,28.0,5.397605346934028e-79,24.0,0.94,83.1,99.0,5.59,4.4
IQ-LAB-99868,70.0,female,4.5,3.71,11.5,96.7,164.0,23.0,5.397605346934028e-79,35.0,1.19,105.2,119.0,13.67,1.71
IQ-LAB-99869,24.0,male,10.2,5.02,15.0,86.9,229.0,18.0,5.397605346934028e-79,22.0,1.21,106.96,,,1.02
IQ-LAB-99870,80.0,male,7.0,5.06,15.5,90.0,266.0,22.0,5.397605346934028e-79,20.0,0.98,86.63,171.0,22.28,4.48
IQ-LAB-99871,25.0,female,8.9,4.51,13.6,89.8,246.0,25.0,5.397605346934028e-79,17.0,0.74,65.42,,,8.32
IQ-LAB-99872,31.0,female,7.4,4.53,13.6,89.2,179.0,27.0,5.397605346934028e-79,15.0,0.72,63.65,,,1.26
IQ-LAB-99874,60.0,male,6.4,5.64,14.3,79.2,294.0,34.0,5.397605346934028e-79,30.0,0.77,68.07,,,0.84
IQ-LAB-99875,15.0,female,10.0,4.35,11.5,80.3,294.0,9.0,5.397605346934028e-79,14.0,0.65,57.46,100.0,28.78,4.19
IQ-LAB-99876,25.0,male,8.8,5.01,16.4,92.8,190.0,17.0,5.397605346934028e-79,18.0,0.97,85.75,,,1.12
IQ-LAB-99877,7.0,male,7.9,4.63,13.4,84.6,200.0,,,,,,,,0.5
IQ-LAB-99879,27.0,female,5.9,3.61,11.2,91.6,326.0,9.0,5.397605346934028e-79,14.0,0.64,56.58,,,4.1
IQ-LAB-99880,9.0,male,5.5,4.27,11.1,79.0,394.0,,,,,,,,0.82
IQ-LAB-99881,55.0,female,4.5,4.43,13.6,89.9,246.0,18.0,5.397605346934028e-79,21.0,0.7,61.88,95.0,2.5,0.52
IQ-LAB-99882,13.0,female,7.7,5.18,13.1,75.7,395.0,9.0,5.397605346934028e-79,14.0,0.86,76.02,,,0.26
IQ-LAB-99883,51.0,male,7.4,5.5,16.7,89.4,121.0,21.0,5.397605346934028e-79,20.0,0.98,86.63,101.0,10.8,1.22
IQ-LAB-99884,64.0,male,8.8,4.67,15.6,95.4,164.0,29.0,5.397605346934028e-79,33.0,0.81,71.6,,,2.46
IQ-LAB-99886,63.0,female,9.2,4.88,14.6,88.2,244.0,13.0,5.397605346934028e-79,15.0,0.74,65.42,107.0,8.47,5.38
IQ-LAB-99887,27.0,female,6.0,4.85,12.8,82.6,291.0,10.0,5.397605346934028e-79,16.0,0.66,58.34,113.0,7.6,3.1
IQ-LAB-99889,8.0,female,9.3,4.77,13.8,86.3,303.0,,,,,,,,3.4
IQ-LAB-99890,68.0,female,6.9,4.88,15.3,91.9,278.0,27.0,5.397605346934028e-79,25.0,0.66,58.34,,,3.12
IQ-LAB-99891,36.0,female,8.3,4.13,12.8,91.2,377.0,15.0,5.397605346934028e-79,21.0,0.67,59.23,,,1.81
IQ-LAB-99892,19.0,female,7.5,4.44,13.9,92.8,201.0,10.0,5.397605346934028e-79,14.0,0.83,73.37,96.0,14.01,1.21
IQ-LAB-99893,41.0,female,7.4,4.25,12.6,87.3,384.0,8.0,5.397605346934028e-79,10.0,0.59,52.16,,,2.04
IQ-LAB-99894,32.0,male,8.1,5.45,16.1,87.8,256.0,39.0,5.397605346934028e-79,22.0,0.77,68.07,,,1.35
IQ-LAB-99895,73.0,male,6.5,4.77,14.3,88.5,236.0,11.0,5.397605346934028e-79,16.0,1.13,99.89,115.0,7.48,6.64
IQ-LAB-99896,47.0,male,5.6,4.76,15.6,90.9,224.0,38.0,5.397605346934028e-79,23.0,0.84,74.26,116.0,9.35,0.96
IQ-LAB-99898,33.0,male,9.4,5.3,16.3,90.0,265.0,119.0,5.397605346934028e-79,67.0,0.95,83.98,115.0,39.56,8.55
IQ-LAB-99899,59.0,male,8.4,5.06,14.4,83.7,192.0,18.0,5.397605346934028e-79,23.0,1.23,108.73,,,3.2
IQ-LAB-99901,36.0,female,4.4,4.32,13.5,89.7,193.0,11.0,5.397605346934028e-79,13.0,0.83,73.37,106.0,19.29,0.7
IQ-LAB-99902,12.0,male,11.6,4.86,12.9,79.8,310.0,17.0,5.397605346934028e-79,23.0,0.51,45.08,,,6.37
IQ-LAB-99903,5.0,male,8.3,4.82,12.9,79.1,481.0,,,,,,,,0.11
IQ-LAB-99905,45.0,male,4.8,4.95,14.5,89.9,213.0,33.0,5.397605346934028e-79,43.0,1.36,120.22,93.0,8.52,0.98
IQ-LAB-99907,66.0,female,7.4,4.22,12.6,90.2,336.0,13.0,5.397605346934028e-79,17.0,0.99,87.52,103.0,9.9,1.04
IQ-LAB-99908,63.0,female,6.3,4.71,14.1,90.8,327.0,22.0,5.397605346934028e-79,20.0,0.61,53.92,107.0,14.03,13.58
IQ-LAB-99909,42.0,male,6.8,5.18,15.1,85.9,304.0,39.0,5.397605346934028e-79,20.0,1.01,89.28,101.0,11.75,3.29
IQ-LAB-99910,30.0,female,7.9,3.87,11.7,90.9,255.0,9.0,5.397605346934028e-79,12.0,0.82,72.49,,,0.97
IQ-LAB-99911,14.0,female,8.2,4.87,10.1,66.7,405.0,13.0,5.397605346934028e-79,18.0,0.48,42.43,89.0,11.49,2.04
IQ-LAB-99912,12.0,male,8.5,5.04,14.3,82.7,246.0,9.0,5.397605346934028e-79,15.0,0.91,80.44,,,14.31
IQ-LAB-99913,74.0,male,6.8,4.89,13.8,84.6,269.0,13.0,5.397605346934028e-79,17.0,1.2,106.08,,,2.81
IQ-LAB-99914,70.0,female,8.0,4.82,11.9,77.3,259.0,8.0,5.397605346934028e-79,13.0,0.86,76.02,106.0,26.97,2.05
IQ-LAB-99915,16.0,male,8.5,5.12,15.5,87.8,309.0,14.0,5.397605346934028e-79,20.0,1.02,90.17,,,0.89
IQ-LAB-99917,10.0,female,7.4,4.74,13.5,83.9,202.0,,,,,,,,0.16
IQ-LAB-99918,33.0,female,5.5,5.05,14.3,84.6,211.0,12.0,5.397605346934028e-79,17.0,0.63,55.69,,,1.42
IQ-LAB-99919,80.0,male,6.6,4.26,12.0,85.4,213.0,10.0,5.397605346934028e-79,15.0,1.21,106.96,107.0,7.18,1.4
IQ-LAB-99920,36.0,female,7.3,3.43,10.7,91.2,233.0,35.0,5.397605346934028e-79,20.0,0.53,46.85,83.0,6.56,2.33
IQ-LAB-99921,14.0,female,7.5,4.61,13.2,87.2,338.0,16.0,5.397605346934028e-79,15.0,0.57,50.39,,,0.36
IQ-LAB-99922,63.0,male,8.6,4.94,16.2,91.0,282.0,27.0,5.397605346934028e-79,22.0,0.92,81.33,107.0,15.72,1.18
IQ-LAB-99923,6.0,male,6.3,4.79,13.4,82.1,313.0,,,,,,,,0.29
IQ-LAB-99924,21.0,female,3.3,4.88,14.8,89.9,188.0,13.0,5.397605346934028e-79,21.0,0.66,58.34,89.0,4.71,0.97
IQ-LAB-99925,38.0,male,7.7,5.04,14.5,85.4,167.0,34.0,5.397605346934028e-79,24.0,1.38,121.99,,,1.25
IQ-LAB-99926,54.0,female,5.5,5.37,15.4,85.3,254.0,33.0,5.397605346934028e-79,29.0,0.82,72.49,,,10.89
IQ-LAB-99927,25.0,male,7.4,4.99,13.8,84.9,256.0,43.0,5.397605346934028e-79,29.0,0.88,77.79,100.0,31.39,6.53
IQ-LAB-99928,29.0,male,8.3,5.53,17.2,90.0,253.0,72.0,5.397605346934028e-79,30.0,0.65,57.46,102.0,22.25,3.74
IQ-LAB-99929,39.0,male,11.4,4.79,16.0,93.1,286.0,37.0,5.397605346934028e-79,37.0,0.7,61.88,,,3.16
IQ-LAB-99930,63.0,female,5.6,4.68,13.6,85.7,275.0,28.0,5.397605346934028e-79,27.0,0.73,64.53,153.0,23.5,0.69
IQ-LAB-99931,20.0,female,7.0,4.47,12.0,81.6,363.0,13.0,5.397605346934028e-79,15.0,0.76,67.18,,,1.9
IQ-LAB-99933,17.0,male,9.6,4.96,13.4,83.2,255.0,20.0,5.397605346934028e-79,30.0,0.79,69.84,110.0,41.53,5.53
IQ-LAB-99935,42.0,female,6.0,4.54,13.5,88.5,164.0,11.0,5.397605346934028e-79,17.0,0.57,50.39,82.0,9.98,1.77
IQ-LAB-99937,54.0,female,5.9,4.39,13.5,86.1,257.0,26.0,5.397605346934028e-79,17.0,0.6,53.04,125.0,16.57,0.61
IQ-LAB-99938,37.0,female,3.4,4.15,13.1,95.2,370.0,13.0,5.397605346934028e-79,25.0,0.8,70.72,,,1.59
IQ-LAB-99939,39.0,female,6.3,4.74,14.2,86.1,293.0,8.0,5.397605346934028e-79,16.0,0.78,68.95,,,2.29
IQ-LAB-99940,8.0,male,6.6,4.96,13.0,76.9,326.0,,,,,,,,1.14
IQ-LAB-99941,56.0,female,7.2,4.89,12.8,79.3,179.0,,,,,,103.0,,
IQ-LAB-99942,35.0,female,10.3,4.85,14.8,89.8,337.0,18.0,5.397605346934028e-79,15.0,0.57,50.39,108.0,18.62,6.12
IQ-LAB-99943,11.0,male,5.9,4.96,14.6,85.2,252.0,,,,,,,,2.85
IQ-LAB-99944,9.0,male,8.9,4.56,13.0,85.0,290.0,,,,,,,,0.93
IQ-LAB-99945,74.0,female,6.6,5.37,12.6,73.2,191.0,18.0,5.397605346934028e-79,21.0,0.6,53.04,,,1.15
IQ-LAB-99947,56.0,female,8.0,4.65,12.9,85.2,332.0,21.0,5.397605346934028e-79,18.0,0.75,66.3,95.0,12.69,1.29
IQ-LAB-99948,80.0,female,9.1,4.73,14.1,90.6,272.0,17.0,5.397605346934028e-79,21.0,0.71,62.76,,,0.64
IQ-LAB-99949,21.0,female,7.0,5.66,12.8,69.6,263.0,14.0,5.397605346934028e-79,12.0,0.7,61.88,,,2.31
IQ-LAB-99950,80.0,male,4.6,4.96,15.6,94.8,168.0,11.0,5.397605346934028e-79,14.0,1.99,175.92,121.0,10.92,1.53
IQ-LAB-99951,38.0,female,11.4,4.58,13.6,88.0,240.0,17.0,5.397605346934028e-79,15.0,0.65,57.46,,,7.4
IQ-LAB-99952,61.0,male,7.4,4.29,13.2,91.2,289.0,17.0,5.397605346934028e-79,20.0,1.02,90.17,,,0.88
IQ-LAB-99953,73.0,male,7.5,5.17,15.4,88.5,211.0,7.0,5.397605346934028e-79,16.0,1.08,95.47,,,0.92
IQ-LAB-99954,71.0,male,4.2,4.36,13.5,92.9,151.0,19.0,5.397605346934028e-79,26.0,0.88,77.79,100.0,8.96,0.47
IQ-LAB-99958,3.0,male,15.1,5.25,14.3,79.3,315.0,,,,,,,,0.75
IQ-LAB-99959,48.0,male,8.3,5.76,16.0,86.3,287.0,33.0,5.397605346934028e-79,31.0,1.25,110.5,126.0,37.43,3.61
IQ-LAB-99960,11.0,female,6.0,4.77,12.1,79.7,281.0,,,,,,,,0.25
IQ-LAB-99961,39.0,female,5.6,4.19,13.7,94.9,259.0,15.0,5.397605346934028e-79,29.0,0.92,81.33,110.0,3.24,0.42
IQ-LAB-99964,21.0,female,8.8,4.3,13.5,90.6,293.0,11.0,5.397605346934028e-79,15.0,0.63,55.69,94.0,11.21,1.85
IQ-LAB-99965,5.0,male,6.7,4.58,12.2,81.8,246.0,,,,,,,,1.14
IQ-LAB-99966,46.0,female,6.6,4.79,14.1,87.2,305.0,36.0,5.397605346934028e-79,36.0,0.64,56.58,,,0.53
IQ-LAB-99967,14.0,female,9.0,5.13,13.7,81.0,275.0,12.0,5.397605346934028e-79,13.0,0.63,55.69,,,0.49
IQ-LAB-99968,19.0,female,8.4,4.55,14.1,90.2,312.0,10.0,5.397605346934028e-79,18.0,0.95,83.98,,,9.47
IQ-LAB-99969,69.0,male,6.4,5.14,15.3,86.3,322.0,42.0,5.397605346934028e-79,39.0,2.45,216.58,118.0,11.74,16.28
IQ-LAB-99970,16.0,male,4.9,4.53,14.0,91.3,232.0,30.0,5.397605346934028e-79,29.0,0.25,22.1,,,0.3
IQ-LAB-99971,17.0,male,7.0,5.02,15.5,90.1,231.0,12.0,5.397605346934028e-79,15.0,1.07,94.59,,,1.01
IQ-LAB-99972,13.0,female,4.4,4.74,13.7,83.5,213.0,15.0,5.397605346934028e-79,21.0,0.65,57.46,99.0,11.44,0.41
IQ-LAB-99974,26.0,female,9.6,4.73,14.7,91.2,173.0,116.0,5.397605346934028e-79,35.0,0.7,61.88,,,0.21
IQ-LAB-99975,11.0,male,9.5,4.62,13.0,82.8,273.0,,,,,,,,1.08
IQ-LAB-99976,11.0,female,4.7,4.75,14.3,87.6,295.0,,,,,,,,0.27
IQ-LAB-99977,77.0,female,7.3,4.33,12.1,87.3,196.0,16.0,5.397605346934028e-79,17.0,1.24,109.62,,,3.21
IQ-LAB-99978,3.0,male,6.0,4.07,10.4,76.2,257.0,,,,,,,,0.42
IQ-LAB-99979,80.0,female,5.2,4.49,14.2,93.4,194.0,17.0,5.397605346934028e-79,25.0,0.64,56.58,,,0.91
IQ-LAB-99980,8.0,female,7.1,4.37,12.8,86.3,302.0,,,,,,,,
IQ-LAB-99982,17.0,male,7.0,5.38,15.5,89.9,203.0,13.0,5.397605346934028e-79,16.0,0.8,70.72,,,0.3
IQ-LAB-99983,33.0,female,4.4,4.27,12.8,93.3,314.0,8.0,5.397605346934028e-79,11.0,0.71,62.76,98.0,11.65,1.99
IQ-LAB-99984,54.0,female,9.9,4.56,14.1,92.3,234.0,26.0,5.397605346934028e-79,18.0,0.87,76.91,94.0,7.22,6.5
IQ-LAB-99985,37.0,female,4.0,3.96,12.4,93.1,174.0,9.0,5.397605346934028e-79,18.0,0.76,67.18,99.0,4.89,0.86
IQ-LAB-99986,31.0,female,8.0,4.91,12.9,79.2,281.0,12.0,5.397605346934028e-79,12.0,0.52,45.97,,,8.58
IQ-LAB-99987,58.0,male,6.3,3.9,13.0,99.1,137.0,24.0,5.397605346934028e-79,18.0,0.97,85.75,,,1.18
IQ-LAB-99988,18.0,male,7.5,5.09,15.5,88.8,227.0,23.0,5.397605346934028e-79,21.0,0.9,79.56,83.0,27.69,1.52
IQ-LAB-99989,21.0,female,8.1,4.66,12.9,85.1,286.0,13.0,5.397605346934028e-79,16.0,0.67,59.23,112.0,27.21,0.69
IQ-LAB-99990,80.0,male,6.7,4.75,14.8,91.0,209.0,24.0,5.397605346934028e-79,21.0,0.9,79.56,,,3.55
IQ-LAB-99991,64.0,male,5.0,5.29,14.9,86.3,101.0,,,,,,99.0,,
IQ-LAB-99992,61.0,female,5.9,4.62,13.4,88.7,233.0,19.0,5.397605346934028e-79,20.0,1.07,94.59,,,1.52
IQ-LAB-99994,48.0,female,5.5,4.41,14.0,92.0,293.0,25.0,5.397605346934028e-79,18.0,0.57,50.39,,,1.86
IQ-LAB-99995,14.0,female,3.8,4.12,11.9,86.1,186.0,9.0,5.397605346934028e-79,16.0,0.64,56.58,91.0,7.32,0.36
IQ-LAB-99996,51.0,female,5.4,4.76,14.4,91.9,196.0,37.0,5.397605346934028e-79,35.0,0.91,80.44,108.0,12.35,0.77
IQ-LAB-99997,64.0,female,7.0,3.57,10.7,88.1,287.0,11.0,5.397605346934028e-79,16.0,0.65,57.46,,,1.65
IQ-LAB-99998,10.0,female,9.8,4.62,13.3,85.2,278.0,,,,,,,,0.35
IQ-LAB-99999,25.0,male,5.8,5.89,16.7,84.3,193.0,24.0,5.397605346934028e-79,34.0,0.87,76.91,,,0.89
IQ-LAB-100000,21.0,female,3.4,4.0,12.7,95.2,204.0,16.0,5.397605346934028e-79,25.0,0.7,61.88,,,13.09
IQ-LAB-100001,39.0,male,8.8,5.67,17.5,87.9,266.0,22.0,5.397605346934028e-79,20.0,1.16,102.54,90.0,3.59,3.88
IQ-LAB-100002,9.0,female,12.2,5.06,10.5,63.7,353.0,,,,,,,,0.79
IQ-LAB-100003,19.0,female,6.0,4.7,13.7,87.2,287.0,,,,,,90.0,,
IQ-LAB-100004,65.0,female,5.4,4.96,13.7,85.6,301.0,11.0,5.397605346934028e-79,16.0,0.57,50.39,,,0.56
IQ-LAB-100006,9.0,female,8.5,4.18,13.5,92.4,370.0,,,,,,,,1.15
IQ-LAB-100007,63.0,female,5.4,4.32,12.5,88.6,335.0,13.0,5.397605346934028e-79,,0.67,59.23,,,5.78
IQ-LAB-100008,56.0,female,7.0,4.54,14.0,90.7,271.0,44.0,5.397605346934028e-79,32.0,0.68,60.11,101.0,10.73,8.1
IQ-LAB-100009,19.0,female,10.6,4.83,14.3,86.2,344.0,18.0,5.397605346934028e-79,20.0,0.66,58.34,,,10.69
IQ-LAB-100010,80.0,male,6.8,4.62,14.9,96.6,249.0,,,,,,,,
IQ-LAB-100012,51.0,male,7.6,4.75,14.7,90.5,200.0,34.0,5.397605346934028e-79,20.0,0.96,84.86,,,2.8
IQ-LAB-100013,43.0,female,5.2,4.75,14.0,87.6,330.0,16.0,5.397605346934028e-79,18.0,0.53,46.85,101.0,12.53,1.42
IQ-LAB-100014,19.0,female,8.4,4.47,13.3,84.2,206.0,8.0,5.397605346934028e-79,14.0,0.55,48.62,,,2.05
IQ-LAB-100015,27.0,male,6.0,4.98,16.4,97.1,193.0,22.0,5.397605346934028e-79,,0.86,76.02,99.0,3.51,1.44
IQ-LAB-100016,36.0,male,8.2,5.43,15.4,85.3,328.0,36.0,5.397605346934028e-79,30.0,0.76,67.18,,,1.85
IQ-LAB-100017,14.0,male,6.3,5.23,14.0,81.9,278.0,9.0,5.397605346934028e-79,18.0,0.47,41.55,,,0.27
IQ-LAB-100018,22.0,male,7.6,4.82,12.5,80.8,313.0,13.0,5.397605346934028e-79,17.0,0.83,73.37,,,2.36
IQ-LAB-100020,65.0,male,7.4,5.1,14.8,84.9,248.0,19.0,5.397605346934028e-79,13.0,0.63,55.69,,,1.61
IQ-LAB-100022,13.0,male,5.9,4.89,14.1,85.4,232.0,14.0,5.397605346934028e-79,17.0,0.52,45.97,,,0.42
IQ-LAB-100024,39.0,female,7.8,4.86,14.3,88.3,200.0,24.0,5.397605346934028e-79,23.0,0.97,85.75,,,0.92
IQ-LAB-100025,35.0,female,8.0,4.98,13.7,83.4,310.0,20.0,5.397605346934028e-79,18.0,0.74,65.42,139.0,97.23,13.25
IQ-LAB-100026,22.0,female,11.3,4.77,13.8,85.5,297.0,54.0,5.397605346934028e-79,37.0,0.59,52.16,117.0,30.04,5.74
IQ-LAB-100029,20.0,female,9.7,5.04,15.1,87.9,202.0,16.0,5.397605346934028e-79,22.0,0.59,52.16,90.0,9.77,4.46
IQ-LAB-100031,8.0,male,8.0,4.62,12.6,83.3,305.0,,,,,,,,0.26
IQ-LAB-100032,27.0,female,4.9,4.66,13.6,86.2,248.0,16.0,5.397605346934028e-79,20.0,0.64,56.58,99.0,4.52,1.47
IQ-LAB-100033,62.0,female,3.5,4.35,11.7,80.6,208.0,16.0,5.397605346934028e-79,21.0,0.5,44.2,112.0,6.75,1.57
IQ-LAB-100035,18.0,female,5.8,4.31,13.0,89.9,396.0,11.0,5.397605346934028e-79,15.0,0.64,56.58,,,8.3
IQ-LAB-100037,54.0,male,8.8,4.92,15.4,89.9,209.0,26.0,5.397605346934028e-79,20.0,0.81,71.6,,,0.72
IQ-LAB-100039,28.0,male,10.5,4.47,14.2,91.3,246.0,16.0,5.397605346934028e-79,20.0,1.03,91.05,90.0,11.49,3.05
IQ-LAB-100040,24.0,male,5.9,5.42,16.2,88.6,172.0,23.0,5.397605346934028e-79,21.0,1.19,105.2,102.0,10.05,2.61
IQ-LAB-100041,47.0,male,4.6,4.85,14.3,90.9,188.0,21.0,5.397605346934028e-79,24.0,0.79,69.84,94.0,3.27,0.48
IQ-LAB-100042,16.0,female,7.5,4.95,12.6,80.5,375.0,11.0,5.397605346934028e-79,14.0,0.67,59.23,,,2.63
IQ-LAB-100043,67.0,female,8.3,5.01,14.1,86.6,360.0,8.0,5.397605346934028e-79,12.0,0.82,72.49,116.0,19.74,10.12
IQ-LAB-100044,27.0,male,8.0,4.67,14.1,92.1,222.0,22.0,5.397605346934028e-79,20.0,0.86,76.02,94.0,3.26,2.26
IQ-LAB-100045,2.0,female,6.3,4.69,13.0,80.5,309.0,,,,,,,,0.27
IQ-LAB-100046,51.0,male,5.8,4.64,14.9,96.5,79.0,24.0,5.397605346934028e-79,16.0,1.28,113.15,,,6.01
IQ-LAB-100047,42.0,male,6.6,5.14,15.0,87.0,295.0,25.0,5.397605346934028e-79,19.0,1.12,99.01,102.0,7.79,1.7
IQ-LAB-100048,12.0,male,5.1,5.25,14.9,83.1,269.0,24.0,5.397605346934028e-79,25.0,0.65,57.46,100.0,11.59,0.55
IQ-LAB-100049,13.0,female,5.5,4.51,14.3,91.4,264.0,11.0,5.397605346934028e-79,14.0,0.63,55.69,101.0,23.4,0.32
IQ-LAB-100050,15.0,male,9.3,5.14,15.4,90.3,292.0,17.0,5.397605346934028e-79,17.0,0.71,62.76,100.0,6.85,9.55
IQ-LAB-100051,66.0,male,8.3,5.61,15.3,82.4,170.0,10.0,5.397605346934028e-79,12.0,2.12,187.41,107.0,9.77,7.07
IQ-LAB-100052,8.0,female,2.9,4.59,12.9,85.0,269.0,,,,,,,,0.32
IQ-LAB-100053,77.0,female,7.1,4.61,13.3,89.1,212.0,8.0,5.397605346934028e-79,14.0,0.8,70.72,,,1.22
IQ-LAB-100054,10.0,female,6.6,4.59,12.8,82.8,217.0,,,,,,,,0.34
IQ-LAB-100055,47.0,female,9.2,4.67,13.1,85.1,226.0,21.0,5.397605346934028e-79,18.0,0.69,61.0,,,3.55
IQ-LAB-100056,57.0,male,5.9,4.49,14.6,98.2,201.0,22.0,5.397605346934028e-79,21.0,0.79,69.84,135.0,18.38,1.04
IQ-LAB-100057,9.0,female,5.3,4.33,12.4,85.3,239.0,,,,,,,,0.28
IQ-LAB-100058,8.0,male,7.4,5.06,14.4,83.6,214.0,,,,,,,,1.06
IQ-LAB-100061,55.0,female,5.7,4.47,14.3,93.6,208.0,13.0,5.397605346934028e-79,14.0,0.71,62.76,105.0,22.28,0.93
IQ-LAB-100062,48.0,female,11.6,5.05,14.0,84.1,380.0,14.0,5.397605346934028e-79,15.0,0.48,42.43,,,5.82
IQ-LAB-100064,71.0,female,8.4,4.28,13.9,97.6,206.0,18.0,5.397605346934028e-79,25.0,0.66,58.34,,,1.3
IQ-LAB-100065,14.0,male,7.4,5.07,13.5,82.4,204.0,13.0,5.397605346934028e-79,25.0,0.86,76.02,,,0.4
IQ-LAB-100067,69.0,male,7.1,4.57,15.2,98.6,158.0,31.0,5.397605346934028e-79,27.0,1.11,98.12,273.0,28.47,4.31
IQ-LAB-100068,22.0,female,5.8,4.49,12.9,84.1,223.0,9.0,5.397605346934028e-79,12.0,0.62,54.81,99.0,6.97,0.47
IQ-LAB-100070,28.0,female,8.5,4.92,15.0,88.6,299.0,13.0,5.397605346934028e-79,14.0,0.57,50.39,,,0.33
IQ-LAB-100071,71.0,male,9.3,4.56,14.7,93.7,124.0,15.0,5.397605346934028e-79,19.0,1.19,105.2,95.0,10.41,2.25
IQ-LAB-100072,33.0,female,5.7,3.64,10.8,92.3,233.0,10.0,5.397605346934028e-79,13.0,0.97,85.75,,,0.6
IQ-LAB-100073,18.0,male,9.1,4.82,14.6,90.8,212.0,22.0,5.397605346934028e-79,20.0,1.05,92.82,,,0.31
IQ-LAB-100077,32.0,female,11.9,4.01,11.7,87.8,275.0,21.0,5.397605346934028e-79,17.0,0.49,43.32,,,13.28
IQ-LAB-100079,80.0,female,4.8,4.63,15.7,99.8,166.0,11.0,5.397605346934028e-79,19.0,0.79,69.84,104.0,8.53,2.52
IQ-LAB-100080,5.0,male,5.9,4.22,11.6,82.3,370.0,,,,,,,,0.32
IQ-LAB-100082,18.0,female,6.8,5.63,15.7,85.2,292.0,53.0,5.397605346934028e-79,31.0,0.73,64.53,,,7.05
IQ-LAB-100083,80.0,female,5.6,3.76,11.0,89.5,207.0,12.0,5.397605346934028e-79,18.0,1.89,167.08,96.0,6.14,12.31
IQ-LAB-100085,64.0,male,10.7,5.07,16.8,94.5,199.0,18.0,5.397605346934028e-79,19.0,0.93,82.21,,,4.7
IQ-LAB-100086,1.0,male,7.6,5.41,12.0,68.5,223.0,,,,,,,,0.4
IQ-LAB-100087,30.0,female,6.9,4.73,14.1,89.4,246.0,16.0,5.397605346934028e-79,15.0,0.75,66.3,,,3.55
IQ-LAB-100088,75.0,male,8.4,4.83,13.9,87.1,264.0,18.0,5.397605346934028e-79,17.0,1.82,160.89,121.0,11.21,1.4
IQ-LAB-100089,24.0,female,6.4,4.2,12.4,88.0,238.0,9.0,5.397605346934028e-79,12.0,0.57,50.39,94.0,14.34,0.3
IQ-LAB-100090,24.0,female,7.4,4.31,12.8,88.1,340.0,16.0,5.397605346934028e-79,12.0,0.51,45.08,,,6.75
IQ-LAB-100092,22.0,male,4.3,4.74,15.0,93.9,208.0,13.0,5.397605346934028e-79,23.0,1.14,100.78,,,0.66
IQ-LAB-100094,66.0,female,5.2,4.0,11.3,84.3,272.0,45.0,5.397605346934028e-79,46.0,1.01,89.28,,,2.47
IQ-LAB-100095,27.0,female,8.9,5.23,13.9,80.4,250.0,12.0,5.397605346934028e-79,13.0,0.82,72.49,98.0,16.26,2.38
IQ-LAB-100096,15.0,female,9.4,5.09,13.2,78.8,270.0,,,,,,,,
IQ-LAB-100097,11.0,male,13.8,4.46,12.1,83.3,410.0,,,,,,,,2.47
IQ-LAB-100098,61.0,male,5.7,4.95,13.4,83.8,321.0,17.0,5.397605346934028e-79,20.0,1.14,100.78,,,7.34
IQ-LAB-100099,45.0,male,8.4,4.94,15.1,90.0,207.0,47.0,5.397605346934028e-79,42.0,1.14,100.78,111.0,10.99,3.15
IQ-LAB-100100,32.0,male,7.2,5.06,15.3,87.6,233.0,20.0,5.397605346934028e-79,18.0,1.22,107.85,100.0,4.45,1.16
IQ-LAB-100101,14.0,female,9.8,4.34,12.6,85.8,312.0,11.0,5.397605346934028e-79,15.0,0.37,32.71,,,0.77
IQ-LAB-100102,41.0,male,9.6,4.42,13.7,91.4,324.0,24.0,5.397605346934028e-79,17.0,0.73,64.53,101.0,21.84,1.35
IQ-LAB-100103,61.0,male,7.1,5.27,16.0,90.1,230.0,25.0,5.397605346934028e-79,20.0,0.9,79.56,134.0,38.75,3.58
IQ-LAB-100104,1.0,male,8.5,4.77,13.4,80.2,301.0,,,,,,,,0.88
IQ-LAB-100105,50.0,female,8.4,4.53,11.9,84.0,326.0,21.0,5.397605346934028e-79,21.0,0.72,63.65,112.0,32.58,33.53
IQ-LAB-100106,10.0,male,5.9,4.62,12.7,80.5,392.0,,,,,,,,
IQ-LAB-100107,23.0,male,4.8,5.22,14.8,84.3,206.0,,,,,,87.0,,
IQ-LAB-100108,27.0,female,5.6,4.56,12.4,81.3,164.0,18.0,5.397605346934028e-79,26.0,0.75,66.3,,,0.35
IQ-LAB-100109,1.0,male,7.4,4.87,12.6,78.4,487.0,,,,,,,,0.52
IQ-LAB-100110,26.0,male,4.9,5.31,14.9,85.5,262.0,13.0,5.397605346934028e-79,15.0,1.15,101.66,94.0,3.45,1.26
IQ-LAB-100111,26.0,male,5.7,4.28,14.2,98.2,201.0,25.0,5.397605346934028e-79,25.0,0.8,70.72,92.0,4.91,0.3
IQ-LAB-100112,57.0,female,4.9,4.87,14.5,86.7,236.0,14.0,5.397605346934028e-79,19.0,0.65,57.46,102.0,5.08,0.99
IQ-LAB-100113,79.0,male,6.9,4.83,15.2,92.1,141.0,47.0,5.397605346934028e-79,60.0,0.91,80.44,,,2.74
IQ-LAB-100114,79.0,male,7.0,5.0,16.2,94.9,279.0,10.0,5.397605346934028e-79,20.0,0.86,76.02,111.0,7.39,1.98
IQ-LAB-100115,47.0,female,5.2,4.91,14.9,87.7,220.0,88.0,5.397605346934028e-79,45.0,0.96,84.86,107.0,6.29,1.27
IQ-LAB-100116,63.0,female,5.7,4.27,12.9,91.0,251.0,10.0,5.397605346934028e-79,15.0,0.82,72.49,100.0,10.03,0.51
IQ-LAB-100117,29.0,female,7.7,5.06,14.0,83.1,286.0,12.0,5.397605346934028e-79,14.0,0.77,68.07,,,5.13
IQ-LAB-100118,78.0,male,6.7,4.29,13.7,95.2,166.0,10.0,5.397605346934028e-79,15.0,0.9,79.56,142.0,4.86,4.01
IQ-LAB-100119,47.0,female,8.4,4.78,14.6,88.8,209.0,30.0,5.397605346934028e-79,29.0,0.56,49.5,100.0,28.51,2.83
IQ-LAB-100120,1.0,male,7.3,4.67,12.2,79.2,265.0,,,,,,,,0.34
IQ-LAB-100121,2.0,female,9.1,4.51,12.2,78.0,451.0,,,,,,,,
IQ-LAB-100122,65.0,male,9.0,4.95,14.9,87.8,178.0,17.0,5.397605346934028e-79,20.0,0.96,84.86,94.0,11.62,3.86
IQ-LAB-100123,57.0,male,8.8,4.75,14.7,91.0,282.0,16.0,5.397605346934028e-79,18.0,0.8,70.72,151.0,8.41,5.74
IQ-LAB-100125,6.0,female,6.6,4.67,12.9,80.7,320.0,,,,,,,,0.33
IQ-LAB-100126,4.0,male,5.2,5.18,12.7,74.9,309.0,,,,,,,,
IQ-LAB-100127,55.0,male,8.0,4.92,15.0,92.2,217.0,18.0,5.397605346934028e-79,17.0,0.66,58.34,,,3.52
IQ-LAB-100128,47.0,male,8.4,4.82,14.9,90.7,232.0,22.0,5.397605346934028e-79,18.0,0.81,71.6,,,2.58
IQ-LAB-100129,72.0,male,9.5,5.46,15.1,82.7,246.0,18.0,5.397605346934028e-79,19.0,1.05,92.82,124.0,20.63,0.89
IQ-LAB-100130,10.0,male,6.4,4.49,11.9,81.5,156.0,,,,,,,,11.04
IQ-LAB-100131,11.0,female,12.6,4.62,12.9,84.6,366.0,,,,,,,,0.49
IQ-LAB-100132,17.0,female,6.6,4.5,13.5,90.2,267.0,11.0,5.397605346934028e-79,20.0,0.62,54.81,,,0.22
IQ-LAB-100134,14.0,female,5.5,4.15,11.9,85.1,194.0,11.0,5.397605346934028e-79,17.0,0.61,53.92,,,0.11
IQ-LAB-100135,10.0,male,8.1,4.64,13.0,85.9,298.0,,,,,,,,0.51
IQ-LAB-100136,67.0,male,8.0,4.12,12.5,91.3,206.0,15.0,5.397605346934028e-79,15.0,1.08,95.47,,,10.31
IQ-LAB-100137,43.0,female,7.8,4.59,13.7,90.3,302.0,11.0,5.397605346934028e-79,12.0,0.71,62.76,,,1.42
IQ-LAB-100138,1.0,female,6.0,4.29,12.5,82.7,296.0,,,,,,,,0.23
IQ-LAB-100139,14.0,male,6.5,4.81,14.4,92.0,244.0,10.0,5.397605346934028e-79,20.0,0.83,73.37,,,5.59
IQ-LAB-100140,10.0,female,5.7,3.76,10.7,86.7,429.0,,,,,,,,0.54
IQ-LAB-100141,17.0,male,8.9,5.53,16.8,89.0,311.0,11.0,5.397605346934028e-79,16.0,1.06,93.7,,,0.39
IQ-LAB-100142,72.0,male,5.2,4.4,14.6,98.8,164.0,25.0,5.397605346934028e-79,31.0,1.05,92.82,110.0,8.05,1.23
IQ-LAB-100143,80.0,female,9.0,4.17,12.4,88.1,215.0,15.0,5.397605346934028e-79,17.0,1.22,107.85,133.0,12.72,1.25
IQ-LAB-100144,33.0,female,5.0,4.49,11.1,79.8,224.0,9.0,5.397605346934028e-79,13.0,0.88,77.79,96.0,14.47,1.02
IQ-LAB-100145,45.0,female,6.9,4.17,12.3,88.9,345.0,36.0,5.397605346934028e-79,22.0,0.54,47.74,,,3.77
IQ-LAB-100146,6.0,male,7.1,4.58,12.5,80.1,245.0,,,,,,,,1.23
IQ-LAB-100147,6.0,female,8.3,4.52,12.4,82.8,312.0,,,,,,,,1.09
IQ-LAB-100148,22.0,female,8.8,4.22,13.7,95.4,207.0,19.0,5.397605346934028e-79,21.0,0.9,79.56,,,0.33
IQ-LAB-100149,80.0,female,6.4,4.26,12.8,90.2,132.0,15.0,5.397605346934028e-79,24.0,0.71,62.76,,,1.44
IQ-LAB-100150,51.0,female,6.4,4.66,13.9,86.9,282.0,14.0,5.397605346934028e-79,15.0,0.62,54.81,,,2.6
IQ-LAB-100151,60.0,male,8.4,5.12,15.0,87.8,166.0,19.0,5.397605346934028e-79,15.0,0.55,48.62,111.0,10.85,4.1
IQ-LAB-100153,17.0,male,9.6,5.45,14.3,79.3,284.0,56.0,5.397605346934028e-79,36.0,1.01,89.28,103.0,32.64,5.86
IQ-LAB-100154,66.0,male,6.3,4.6,13.4,87.4,246.0,20.0,5.397605346934028e-79,17.0,0.64,56.58,167.0,5.39,2.98
IQ-LAB-100155,4.0,male,9.6,4.83,13.8,84.4,327.0,,,,,,,,0.28
IQ-LAB-100157,5.0,female,8.9,4.44,13.0,86.5,482.0,,,,,,,,1.11
IQ-LAB-100158,61.0,male,7.2,3.97,10.3,84.5,222.0,7.0,5.397605346934028e-79,10.0,1.52,134.37,,,1.27
IQ-LAB-100159,6.0,male,10.0,4.49,12.9,82.8,302.0,,,,,,,,0.37
IQ-LAB-100160,26.0,female,9.5,5.14,11.5,71.8,479.0,10.0,5.397605346934028e-79,14.0,0.71,62.76,106.0,11.26,3.8
IQ-LAB-100162,64.0,female,7.5,4.1,12.8,95.0,309.0,23.0,5.397605346934028e-79,21.0,0.64,56.58,102.0,5.83,2.96
IQ-LAB-100163,69.0,female,7.3,4.61,13.9,91.5,250.0,29.0,5.397605346934028e-79,20.0,0.75,66.3,103.0,9.44,2.58
IQ-LAB-100164,1.0,male,9.1,4.67,11.8,75.9,511.0,,,,,,,,0.79
IQ-LAB-100165,56.0,male,8.7,5.26,15.6,90.1,389.0,34.0,5.397605346934028e-79,27.0,1.03,91.05,107.0,6.55,3.48
IQ-LAB-100167,75.0,male,8.4,4.84,14.1,88.7,199.0,16.0,5.397605346934028e-79,18.0,1.13,99.89,,,1.06
IQ-LAB-100168,51.0,male,8.9,4.99,15.6,91.9,216.0,27.0,5.397605346934028e-79,23.0,1.0,88.4,,,1.23
IQ-LAB-100170,14.0,female,7.9,4.46,12.8,86.4,332.0,10.0,5.397605346934028e-79,19.0,0.55,48.62,,,0.54
IQ-LAB-100171,28.0,female,9.2,4.88,12.8,80.0,226.0,10.0,5.397605346934028e-79,12.0,0.58,51.27,92.0,51.61,5.14
IQ-LAB-100172,42.0,female,6.7,4.79,14.2,88.4,237.0,23.0,5.397605346934028e-79,19.0,0.8,70.72,,,1.75
IQ-LAB-100173,47.0,male,7.2,5.84,18.5,93.0,259.0,,,,,,102.0,,
IQ-LAB-100174,17.0,female,8.6,4.54,13.6,85.4,239.0,14.0,5.397605346934028e-79,20.0,0.56,49.5,,,1.41
IQ-LAB-100175,33.0,male,5.7,5.01,15.2,90.3,224.0,26.0,5.397605346934028e-79,24.0,1.14,100.78,93.0,5.06,1.25
IQ-LAB-100177,10.0,female,5.4,4.93,14.3,83.2,264.0,,,,,,,,0.23
IQ-LAB-100178,40.0,female,14.1,4.83,14.0,86.9,271.0,17.0,5.397605346934028e-79,17.0,0.77,68.07,,,3.63
IQ-LAB-100179,5.0,male,6.4,4.84,12.4,76.2,296.0,,,,,,,,0.25
IQ-LAB-100180,45.0,male,5.6,4.33,13.3,93.3,180.0,24.0,5.397605346934028e-79,25.0,1.18,104.31,,,5.08
IQ-LAB-100181,37.0,female,7.5,4.81,13.1,82.7,297.0,18.0,5.397605346934028e-79,17.0,0.94,83.1,92.0,25.15,6.65
IQ-LAB-100183,6.0,female,6.8,4.18,12.3,85.2,283.0,,,,,,,,1.23
IQ-LAB-100185,63.0,male,5.6,4.82,13.1,81.7,229.0,11.0,5.397605346934028e-79,14.0,0.81,71.6,,,5.82
IQ-LAB-100186,32.0,male,11.9,5.27,15.4,88.5,300.0,29.0,5.397605346934028e-79,20.0,0.61,53.92,103.0,66.11,3.73
IQ-LAB-100187,8.0,male,3.9,4.97,12.1,76.3,314.0,,,,,,,,0.32
IQ-LAB-100188,80.0,female,7.4,4.24,13.4,94.1,254.0,14.0,5.397605346934028e-79,17.0,1.32,116.69,95.0,11.32,1.73
IQ-LAB-100190,32.0,female,6.7,4.94,13.6,83.7,214.0,22.0,5.397605346934028e-79,18.0,0.73,64.53,104.0,8.86,1.23
IQ-LAB-100191,42.0,female,10.3,4.61,13.9,88.2,297.0,6.0,5.397605346934028e-79,10.0,1.08,95.47,,,18.61
IQ-LAB-100192,56.0,male,9.1,5.31,15.7,87.3,254.0,23.0,5.397605346934028e-79,15.0,1.14,100.78,123.0,23.91,0.85
IQ-LAB-100193,5.0,male,9.8,4.96,13.9,84.7,375.0,,,,,,,,0.24
IQ-LAB-100194,60.0,male,5.9,4.22,14.1,97.2,209.0,28.0,5.397605346934028e-79,38.0,1.01,89.28,,,7.96
IQ-LAB-100195,32.0,female,8.5,4.38,13.3,90.3,160.0,8.0,5.397605346934028e-79,15.0,0.69,61.0,,,0.36
IQ-LAB-100196,32.0,female,5.7,4.62,14.5,92.0,225.0,8.0,5.397605346934028e-79,13.0,0.87,76.91,95.0,8.97,0.79
IQ-LAB-100197,2.0,male,5.4,4.87,14.0,83.9,281.0,,,,,,,,0.26
IQ-LAB-100199,4.0,female,6.1,4.62,13.1,84.9,312.0,,,,,,,,0.3
IQ-LAB-100200,43.0,female,6.2,4.64,13.3,84.8,278.0,22.0,5.397605346934028e-79,15.0,0.87,76.91,105.0,25.49,4.26
IQ-LAB-100201,43.0,male,11.8,4.75,14.4,89.4,206.0,23.0,5.397605346934028e-79,19.0,0.95,83.98,,,3.89
IQ-LAB-100202,22.0,female,6.9,5.09,14.9,86.7,217.0,17.0,5.397605346934028e-79,17.0,0.61,53.92,95.0,12.86,2.17
IQ-LAB-100203,39.0,male,7.1,5.33,15.6,84.6,159.0,11.0,5.397605346934028e-79,16.0,0.88,77.79,95.0,2.34,0.11
IQ-LAB-100204,36.0,female,4.3,4.4,13.5,89.9,231.0,15.0,5.397605346934028e-79,18.0,0.88,77.79,84.0,3.9,3.47
IQ-LAB-100205,48.0,male,10.3,4.75,14.4,90.8,230.0,29.0,5.397605346934028e-79,21.0,0.78,68.95,111.0,19.99,13.7
IQ-LAB-100206,62.0,female,7.7,4.93,13.5,83.9,262.0,28.0,5.397605346934028e-79,29.0,0.72,63.65,,,8.09
IQ-LAB-100207,7.0,male,9.8,4.15,11.9,82.3,308.0,,,,,,,,2.85
IQ-LAB-100208,17.0,male,4.0,5.52,14.2,80.5,352.0,12.0,5.397605346934028e-79,11.0,0.82,72.49,96.0,5.44,0.28
IQ-LAB-100210,60.0,female,7.7,5.04,14.2,86.1,294.0,9.0,5.397605346934028e-79,15.0,0.71,62.76,103.0,6.82,13.59
IQ-LAB-100212,58.0,male,6.8,4.37,13.2,84.7,166.0,9.0,5.397605346934028e-79,14.0,1.23,108.73,106.0,2.35,1.6
IQ-LAB-100213,66.0,male,6.9,4.54,13.8,90.4,228.0,31.0,5.397605346934028e-79,27.0,0.98,86.63,171.0,12.64,4.07
IQ-LAB-100214,57.0,male,12.1,5.69,16.1,86.2,224.0,62.0,5.397605346934028e-79,37.0,0.79,69.84,,,18.06
IQ-LAB-100216,42.0,female,9.6,4.83,15.0,90.0,244.0,17.0,5.397605346934028e-79,21.0,0.63,55.69,,,1.03
IQ-LAB-100219,74.0,male,6.9,4.56,11.9,81.4,302.0,22.0,5.397605346934028e-79,28.0,1.53,135.25,,,2.42
IQ-LAB-100221,30.0,female,3.0,3.62,11.4,96.0,256.0,11.0,5.397605346934028e-79,23.0,0.81,71.6,102.0,3.74,2.86
IQ-LAB-100222,65.0,female,6.8,3.7,11.2,94.2,161.0,24.0,5.397605346934028e-79,34.0,2.11,186.52,157.0,227.92,14.22
IQ-LAB-100224,15.0,male,6.9,5.5,14.5,78.9,177.0,20.0,5.397605346934028e-79,21.0,0.77,68.07,,,0.69
IQ-LAB-100225,14.0,female,6.4,5.01,14.4,87.7,243.0,11.0,5.397605346934028e-79,10.0,0.67,59.23,97.0,8.56,0.44
IQ-LAB-100226,11.0,female,7.6,5.18,15.3,88.3,289.0,,,,,,,,0.35
IQ-LAB-100227,5.0,female,11.1,4.93,12.8,78.2,462.0,,,,,,,,2.94
IQ-LAB-100228,74.0,female,11.0,4.35,13.9,94.5,345.0,32.0,5.397605346934028e-79,37.0,0.92,81.33,,,2.17
IQ-LAB-100229,59.0,male,7.5,4.02,12.7,94.4,198.0,11.0,5.397605346934028e-79,14.0,1.15,101.66,,,8.2
IQ-LAB-100231,69.0,female,6.3,4.3,11.7,84.0,189.0,15.0,5.397605346934028e-79,28.0,0.58,51.27,111.0,23.18,16.16
IQ-LAB-100233,65.0,female,5.1,4.0,12.7,94.6,242.0,13.0,5.397605346934028e-79,15.0,1.05,92.82,,,3.2
IQ-LAB-100234,30.0,female,7.2,4.45,12.7,86.4,249.0,22.0,5.397605346934028e-79,20.0,0.5,44.2,,,1.14
IQ-LAB-100235,77.0,male,7.2,4.27,14.2,98.0,191.0,12.0,5.397605346934028e-79,15.0,1.0,88.4,114.0,4.98,1.6
IQ-LAB-100236,61.0,male,10.1,5.01,15.1,90.7,222.0,27.0,5.397605346934028e-79,24.0,0.9,79.56,,,2.05
IQ-LAB-100237,9.0,female,8.1,4.96,14.1,85.2,377.0,,,,,,,,
IQ-LAB-100238,58.0,male,8.2,5.13,15.6,90.1,227.0,19.0,5.397605346934028e-79,16.0,0.75,66.3,106.0,21.21,1.06
IQ-LAB-100239,5.0,male,6.0,4.83,12.5,77.5,270.0,,,,,,,,0.58
IQ-LAB-100240,11.0,female,7.7,5.06,11.0,65.8,279.0,,,,,,,,0.9
IQ-LAB-100241,36.0,female,10.9,3.9,12.7,95.5,343.0,7.0,5.397605346934028e-79,13.0,0.72,63.65,,,0.87
IQ-LAB-100242,32.0,female,8.0,4.26,12.4,90.8,320.0,15.0,5.397605346934028e-79,17.0,0.65,57.46,,,2.25
IQ-LAB-100243,70.0,male,6.1,5.39,16.8,89.7,219.0,19.0,5.397605346934028e-79,24.0,0.91,80.44,88.0,18.68,1.72
IQ-LAB-100244,62.0,male,7.0,5.12,15.4,89.7,153.0,45.0,5.397605346934028e-79,24.0,1.23,108.73,103.0,22.49,0.89
IQ-LAB-100246,22.0,female,7.9,3.99,12.3,89.0,280.0,14.0,5.397605346934028e-79,19.0,0.75,66.3,,,5.54
IQ-LAB-100247,61.0,female,4.6,4.03,12.5,94.1,196.0,115.0,5.397605346934028e-79,78.0,1.23,108.73,118.0,20.43,12.41
IQ-LAB-100248,28.0,male,6.9,5.08,13.3,80.1,221.0,21.0,5.397605346934028e-79,26.0,1.07,94.59,106.0,5.41,1.31
IQ-LAB-100249,8.0,female,6.3,4.34,12.2,83.9,303.0,,,,,,,,1.32
IQ-LAB-100250,57.0,female,6.4,4.09,13.2,94.2,250.0,24.0,5.397605346934028e-79,28.0,0.78,68.95,,,2.32
IQ-LAB-100251,45.0,female,5.2,4.15,12.7,90.9,278.0,12.0,5.397605346934028e-79,17.0,0.84,74.26,,,0.72
IQ-LAB-100252,80.0,male,7.6,3.96,12.7,95.4,150.0,14.0,5.397605346934028e-79,25.0,0.89,78.68,,,6.54
IQ-LAB-100253,30.0,male,8.1,5.34,16.0,88.1,265.0,30.0,5.397605346934028e-79,20.0,0.91,80.44,,,1.28
IQ-LAB-100254,28.0,female,3.5,4.64,12.4,81.8,162.0,12.0,5.397605346934028e-79,20.0,0.76,67.18,101.0,6.81,0.46
IQ-LAB-100255,13.0,male,5.3,5.03,14.1,87.9,237.0,28.0,5.397605346934028e-79,23.0,0.49,43.32,109.0,18.97,1.37
IQ-LAB-100257,55.0,female,6.9,4.63,14.1,87.7,302.0,,,,,,93.0,,
IQ-LAB-100258,25.0,female,9.8,3.93,12.5,89.5,208.0,9.0,5.397605346934028e-79,10.0,0.54,47.74,,,8.0
IQ-LAB-100259,9.0,female,5.0,4.84,13.3,82.3,242.0,,,,,,,,0.3
IQ-LAB-100260,18.0,female,7.7,4.43,13.6,89.4,273.0,41.0,5.397605346934028e-79,31.0,0.63,55.69,91.0,15.91,10.55
IQ-LAB-100261,80.0,female,7.4,3.71,11.9,95.8,157.0,14.0,5.397605346934028e-79,23.0,1.04,91.94,125.0,16.53,1.97
IQ-LAB-100262,18.0,female,7.1,4.81,13.7,84.0,263.0,15.0,5.397605346934028e-79,19.0,0.81,71.6,,,1.74
IQ-LAB-100264,26.0,male,5.2,5.31,15.8,88.0,203.0,27.0,5.397605346934028e-79,24.0,0.76,67.18,97.0,7.18,0.28
IQ-LAB-100265,55.0,female,4.4,4.58,14.0,90.2,212.0,17.0,5.397605346934028e-79,21.0,0.59,52.16,97.0,5.75,0.45
IQ-LAB-100266,40.0,female,6.8,4.13,12.1,86.5,288.0,9.0,5.397605346934028e-79,19.0,0.63,55.69,,,0.28
IQ-LAB-100268,60.0,female,3.7,4.19,13.6,97.4,304.0,49.0,5.397605346934028e-79,37.0,0.69,61.0,86.0,2.03,3.77
IQ-LAB-100269,24.0,female,6.8,3.95,12.2,91.0,212.0,9.0,5.397605346934028e-79,13.0,1.1,97.24,,,0.57
IQ-LAB-100270,36.0,male,10.0,5.45,15.8,88.2,374.0,21.0,5.397605346934028e-79,19.0,0.82,72.49,106.0,9.12,2.61
IQ-LAB-100271,36.0,female,7.2,4.6,14.8,93.9,333.0,16.0,5.397605346934028e-79,17.0,0.71,62.76,,,2.88
IQ-LAB-100272,35.0,male,8.4,5.51,16.0,84.5,247.0,16.0,5.397605346934028e-79,12.0,1.08,95.47,,,5.91
IQ-LAB-100273,71.0,male,7.0,5.35,15.3,85.8,157.0,18.0,5.397605346934028e-79,20.0,1.18,104.31,100.0,3.11,0.66
IQ-LAB-100274,60.0,female,5.4,4.54,12.1,83.3,183.0,13.0,5.397605346934028e-79,18.0,0.76,67.18,119.0,17.64,2.95
IQ-LAB-100275,11.0,female,6.9,4.85,13.0,80.6,265.0,,,,,,,,12.31
IQ-LAB-100277,18.0,female,11.2,4.54,13.0,86.1,303.0,8.0,5.397605346934028e-79,10.0,0.73,64.53,102.0,20.76,12.88
IQ-LAB-100278,75.0,female,5.0,4.55,13.8,90.6,200.0,21.0,5.397605346934028e-79,23.0,1.0,88.4,101.0,6.58,1.69
IQ-LAB-100280,33.0,female,7.3,4.89,11.9,76.3,407.0,8.0,5.397605346934028e-79,11.0,0.85,75.14,98.0,16.75,5.11
IQ-LAB-100281,59.0,female,10.1,5.04,14.8,89.3,284.0,22.0,5.397605346934028e-79,17.0,0.58,51.27,,,3.53
IQ-LAB-100282,60.0,male,8.6,4.98,14.6,86.2,230.0,10.0,5.397605346934028e-79,12.0,0.97,85.75,,,1.5
IQ-LAB-100283,65.0,female,4.0,4.55,14.3,96.3,259.0,25.0,5.397605346934028e-79,30.0,0.69,61.0,96.0,21.9,1.51
IQ-LAB-100284,15.0,male,6.1,5.02,15.4,88.6,269.0,15.0,5.397605346934028e-79,22.0,0.8,70.72,92.0,8.57,0.29
IQ-LAB-100286,45.0,female,3.5,5.03,13.4,79.9,173.0,7.0,5.397605346934028e-79,11.0,0.76,67.18,101.0,9.0,17.48
IQ-LAB-100287,18.0,female,6.5,4.58,13.0,84.5,340.0,7.0,5.397605346934028e-79,13.0,0.59,52.16,101.0,7.43,3.75
IQ-LAB-100288,43.0,female,7.8,5.05,13.4,79.4,246.0,21.0,5.397605346934028e-79,18.0,0.55,48.62,107.0,37.52,7.54
IQ-LAB-100289,66.0,male,6.6,4.68,13.4,84.2,304.0,14.0,5.397605346934028e-79,17.0,0.8,70.72,105.0,6.58,13.96
IQ-LAB-100290,1.0,male,13.1,4.71,12.1,75.4,354.0,,,,,,,,0.34
IQ-LAB-100291,61.0,female,6.0,4.19,11.8,86.5,288.0,17.0,5.397605346934028e-79,18.0,0.96,84.86,92.0,10.5,5.84
IQ-LAB-100292,56.0,female,9.7,5.62,16.0,88.5,270.0,17.0,5.397605346934028e-79,12.0,0.87,76.91,149.0,12.93,6.29
IQ-LAB-100293,29.0,female,2.8,3.87,14.0,105.6,132.0,76.0,5.397605346934028e-79,178.0,0.82,72.49,,,9.35
IQ-LAB-100294,40.0,female,5.1,4.64,13.5,88.3,202.0,11.0,5.397605346934028e-79,14.0,0.56,49.5,,,4.04
IQ-LAB-100295,36.0,male,6.8,5.94,16.2,82.6,241.0,21.0,5.397605346934028e-79,17.0,1.25,110.5,93.0,11.97,0.47
IQ-LAB-100296,11.0,female,5.9,4.27,12.8,91.1,274.0,,,,,,,,0.69
IQ-LAB-100297,70.0,male,4.7,4.27,14.0,96.7,180.0,25.0,5.397605346934028e-79,29.0,0.95,83.98,,,2.51
IQ-LAB-100298,47.0,female,4.0,3.92,10.6,83.0,209.0,12.0,5.397605346934028e-79,18.0,0.77,68.07,,,0.47
IQ-LAB-100299,27.0,female,8.5,5.25,13.4,79.3,342.0,20.0,5.397605346934028e-79,22.0,0.63,55.69,87.0,9.76,4.96
IQ-LAB-100300,14.0,female,3.8,4.78,12.4,81.0,225.0,7.0,5.397605346934028e-79,12.0,0.71,62.76,,,0.25
IQ-LAB-100301,53.0,female,10.3,4.7,13.1,85.3,501.0,7.0,5.397605346934028e-79,10.0,0.78,68.95,97.0,7.5,2.85
IQ-LAB-100303,60.0,male,6.7,5.47,15.1,84.1,224.0,100.0,5.397605346934028e-79,78.0,0.77,68.07,108.0,4.97,0.77
IQ-LAB-100304,4.0,male,10.4,4.78,12.3,78.0,484.0,,,,,,,,25.32
IQ-LAB-100305,48.0,male,7.6,4.82,15.6,92.4,194.0,26.0,5.397605346934028e-79,19.0,0.79,69.84,,,3.58
IQ-LAB-100309,80.0,female,7.8,4.26,13.5,95.6,327.0,20.0,5.397605346934028e-79,21.0,0.75,66.3,,,0.45
IQ-LAB-100310,9.0,female,7.0,4.54,12.4,80.5,345.0,,,,,,,,7.6
IQ-LAB-100311,55.0,male,5.0,5.1,15.1,88.4,166.0,21.0,5.397605346934028e-79,16.0,0.77,68.07,,,0.91
IQ-LAB-100313,35.0,female,7.3,3.96,11.5,86.2,248.0,14.0,5.397605346934028e-79,18.0,0.75,66.3,,,1.55
IQ-LAB-100314,9.0,male,8.9,4.85,14.2,84.6,444.0,,,,,,,,0.35
IQ-LAB-100315,62.0,male,7.1,5.61,16.7,86.6,219.0,24.0,5.397605346934028e-79,20.0,0.93,82.21,,,2.5
IQ-LAB-100316,13.0,male,3.4,4.3,14.2,99.6,297.0,10.0,5.397605346934028e-79,20.0,0.65,57.46,100.0,9.74,0.24
IQ-LAB-100317,3.0,female,8.4,4.71,13.3,83.6,316.0,,,,,,,,2.43
IQ-LAB-100318,41.0,male,12.9,5.09,15.9,89.5,345.0,61.0,5.397605346934028e-79,25.0,1.37,121.11,,,1.17
IQ-LAB-100319,47.0,female,7.6,4.82,14.4,89.0,180.0,31.0,5.397605346934028e-79,20.0,0.67,59.23,255.0,34.1,7.64
IQ-LAB-100320,3.0,male,5.1,4.7,13.7,83.0,427.0,,,,,,,,
IQ-LAB-100323,8.0,female,4.6,4.26,12.6,88.5,341.0,,,,,,,,0.32
IQ-LAB-100324,46.0,female,9.9,4.55,14.1,92.3,281.0,19.0,5.397605346934028e-79,14.0,0.48,42.43,151.0,12.66,1.5
IQ-LAB-100325,35.0,female,6.8,4.72,13.4,84.3,272.0,11.0,5.397605346934028e-79,14.0,0.61,53.92,109.0,19.52,1.14
IQ-LAB-100326,21.0,female,7.9,3.91,9.0,74.8,471.0,7.0,5.397605346934028e-79,12.0,0.75,66.3,95.0,12.09,8.33
IQ-LAB-100327,16.0,male,4.7,6.09,13.4,68.6,293.0,8.0,5.397605346934028e-79,13.0,1.11,98.12,96.0,7.05,0.55
IQ-LAB-100329,27.0,female,8.5,5.02,11.1,68.7,352.0,9.0,5.397605346934028e-79,12.0,0.58,51.27,,,7.94
IQ-LAB-100330,3.0,male,7.3,4.22,11.5,75.8,258.0,,,,,,,,0.49
IQ-LAB-100331,3.0,male,5.8,4.57,13.0,82.8,293.0,,,,,,,,0.53
IQ-LAB-100332,43.0,male,5.8,5.27,15.3,87.9,211.0,21.0,5.397605346934028e-79,21.0,0.83,73.37,105.0,3.46,1.53
IQ-LAB-100333,29.0,male,7.1,5.62,16.4,83.6,207.0,54.0,5.397605346934028e-79,34.0,1.01,89.28,,,1.77
IQ-LAB-100335,1.0,male,8.4,4.18,11.9,81.2,303.0,,,,,,,,0.11
IQ-LAB-100336,18.0,male,4.4,4.99,13.6,84.4,180.0,6.0,5.397605346934028e-79,28.0,1.04,91.94,,,0.38
IQ-LAB-100338,45.0,male,6.8,5.35,15.3,85.8,270.0,22.0,5.397605346934028e-79,17.0,0.75,66.3,120.0,11.08,0.75
IQ-LAB-100340,5.0,female,9.4,4.5,12.5,79.3,252.0,,,,,,,,0.85
IQ-LAB-100341,11.0,male,4.7,4.95,14.2,84.9,274.0,,,,,,,,0.25
IQ-LAB-100342,17.0,male,8.8,4.6,13.8,89.1,237.0,19.0,5.397605346934028e-79,26.0,1.01,89.28,,,1.54
IQ-LAB-100343,7.0,male,7.0,4.8,13.5,81.8,309.0,,,,,,,,
IQ-LAB-100344,8.0,female,7.4,4.82,13.3,80.4,320.0,,,,,,,,3.07
IQ-LAB-100345,8.0,female,6.3,4.4,11.9,80.6,341.0,,,,,,,,0.29
IQ-LAB-100346,79.0,female,9.6,4.0,12.4,92.4,207.0,13.0,5.397605346934028e-79,17.0,0.67,59.23,,,0.44
IQ-LAB-100347,57.0,male,6.8,5.17,15.8,87.1,179.0,22.0,5.397605346934028e-79,18.0,0.96,84.86,,,0.59
IQ-LAB-100348,49.0,female,6.9,4.54,13.3,87.3,306.0,21.0,5.397605346934028e-79,21.0,0.67,59.23,106.0,6.29,4.53
IQ-LAB-100349,5.0,male,4.8,4.68,12.9,79.1,257.0,,,,,,,,4.96
IQ-LAB-100351,11.0,male,6.3,4.54,12.8,85.1,314.0,,,,,,,,0.37
IQ-LAB-100353,59.0,male,8.6,4.77,14.9,92.0,256.0,20.0,5.397605346934028e-79,22.0,0.58,51.27,,,0.37
IQ-LAB-100354,80.0,female,11.5,3.65,11.8,97.0,218.0,13.0,5.397605346934028e-79,21.0,1.12,99.01,,,12.8
IQ-LAB-100355,12.0,male,6.5,4.48,12.5,84.7,217.0,8.0,5.397605346934028e-79,20.0,0.51,45.08,96.0,5.99,2.06
IQ-LAB-100356,39.0,female,9.7,4.03,13.1,97.6,339.0,13.0,5.397605346934028e-79,16.0,0.88,77.79,,,2.53
IQ-LAB-100357,63.0,female,6.3,5.0,13.5,81.0,200.0,17.0,5.397605346934028e-79,20.0,0.51,45.08,116.0,20.13,1.57
IQ-LAB-100358,62.0,female,12.2,4.47,13.2,90.9,202.0,28.0,5.397605346934028e-79,29.0,0.92,81.33,291.0,248.86,4.96
IQ-LAB-100360,12.0,female,6.2,5.1,14.4,82.7,209.0,18.0,5.397605346934028e-79,21.0,0.52,45.97,106.0,12.14,1.56
IQ-LAB-100361,57.0,male,9.6,5.7,16.3,84.7,168.0,38.0,5.397605346934028e-79,24.0,1.09,96.36,,,2.17
IQ-LAB-100362,70.0,female,8.5,4.42,13.9,94.1,247.0,9.0,5.397605346934028e-79,19.0,0.46,40.66,,,1.84
IQ-LAB-100363,63.0,male,5.1,5.01,14.8,87.3,204.0,15.0,5.397605346934028e-79,24.0,1.29,114.04,,,0.81
IQ-LAB-100364,13.0,female,8.3,4.63,13.5,89.0,248.0,6.0,5.397605346934028e-79,23.0,0.79,69.84,,,0.28
IQ-LAB-100365,22.0,female,6.5,4.31,12.8,85.8,278.0,8.0,5.397605346934028e-79,13.0,0.63,55.69,,,0.93
IQ-LAB-100366,77.0,male,6.9,5.12,14.6,85.1,230.0,23.0,5.397605346934028e-79,27.0,1.13,99.89,,,1.29
IQ-LAB-100367,15.0,male,2.6,4.81,15.2,94.8,286.0,12.0,5.397605346934028e-79,22.0,0.77,68.07,,,0.3
IQ-LAB-100368,12.0,male,5.9,5.32,15.1,84.9,226.0,11.0,5.397605346934028e-79,21.0,0.51,45.08,92.0,15.31,0.68
IQ-LAB-100369,55.0,female,7.2,3.92,12.6,97.2,244.0,32.0,5.397605346934028e-79,37.0,0.68,60.11,,,1.47
IQ-LAB-100370,7.0,female,4.4,5.24,12.3,73.1,283.0,,,,,,,,0.36
IQ-LAB-100372,1.0,female,9.6,4.93,12.8,74.4,345.0,,,,,,,,0.4
IQ-LAB-100373,74.0,male,5.0,4.86,15.2,94.1,277.0,17.0,5.397605346934028e-79,20.0,0.89,78.68,124.0,9.27,0.4
IQ-LAB-100375,10.0,male,6.1,3.93,11.6,86.8,199.0,,,,,,,,0.33
IQ-LAB-100376,49.0,male,4.8,4.52,13.5,88.4,217.0,15.0,5.397605346934028e-79,20.0,1.3,114.92,,,0.34
IQ-LAB-100377,47.0,male,8.7,5.92,15.0,77.0,271.0,63.0,5.397605346934028e-79,40.0,0.78,68.95,97.0,6.02,0.37
IQ-LAB-100378,44.0,female,12.9,4.87,13.1,80.4,387.0,32.0,5.397605346934028e-79,24.0,0.54,47.74,,,5.71
IQ-LAB-100379,14.0,male,6.5,5.14,15.2,88.7,243.0,15.0,5.397605346934028e-79,20.0,1.05,92.82,96.0,11.72,1.02
IQ-LAB-100381,2.0,female,12.0,4.53,12.1,79.6,427.0,,,,,,,,5.61
IQ-LAB-100382,45.0,male,13.8,5.78,16.1,83.3,189.0,13.0,5.397605346934028e-79,9.0,0.75,66.3,291.0,43.3,6.84
IQ-LAB-100384,3.0,female,9.3,4.1,11.7,84.2,385.0,,,,,,,,11.18
IQ-LAB-100386,37.0,female,9.4,4.2,12.2,86.2,232.0,32.0,5.397605346934028e-79,19.0,0.42,37.13,129.0,84.33,5.64
IQ-LAB-100388,56.0,female,9.4,4.44,13.0,87.1,259.0,27.0,5.397605346934028e-79,14.0,0.79,69.84,,,5.78
IQ-LAB-100389,55.0,female,5.5,4.7,13.8,88.6,197.0,20.0,5.397605346934028e-79,16.0,1.02,90.17,115.0,6.82,8.9
IQ-LAB-100390,67.0,female,3.3,4.89,15.4,92.7,188.0,17.0,5.397605346934028e-79,19.0,1.23,108.73,,,1.28
IQ-LAB-100391,12.0,female,4.3,4.65,11.9,80.9,185.0,17.0,5.397605346934028e-79,21.0,0.62,54.81,91.0,4.67,0.11
IQ-LAB-100393,52.0,male,9.6,4.74,13.9,84.7,219.0,48.0,5.397605346934028e-79,34.0,0.84,74.26,,,7.92
IQ-LAB-100395,77.0,female,6.6,4.82,12.7,82.5,234.0,,,,,,101.0,,
IQ-LAB-100396,65.0,female,5.5,4.83,15.1,93.5,274.0,19.0,5.397605346934028e-79,18.0,0.6,53.04,95.0,14.76,0.95
IQ-LAB-100398,11.0,female,4.0,4.15,12.2,85.6,335.0,,,,,,,,0.32
IQ-LAB-100399,74.0,female,8.9,5.11,15.0,86.4,218.0,10.0,5.397605346934028e-79,13.0,0.9,79.56,,,1.5
IQ-LAB-100400,8.0,male,8.0,4.87,12.4,75.8,296.0,,,,,,,,0.85
IQ-LAB-100401,5.0,female,4.8,4.82,12.3,75.2,323.0,,,,,,,,0.42
IQ-LAB-100402,51.0,female,8.5,4.75,13.1,83.2,385.0,17.0,5.397605346934028e-79,16.0,1.0,88.4,,,10.1
IQ-LAB-100403,9.0,female,5.1,5.16,14.6,84.1,250.0,,,,,,,,0.27
IQ-LAB-100404,66.0,female,8.6,4.39,12.5,87.1,378.0,17.0,5.397605346934028e-79,20.0,0.58,51.27,,,4.22
IQ-LAB-100405,17.0,male,9.0,5.07,14.6,85.5,207.0,21.0,5.397605346934028e-79,30.0,1.13,99.89,,,5.83
IQ-LAB-100407,55.0,male,5.4,5.29,13.1,77.6,237.0,24.0,5.397605346934028e-79,18.0,1.23,108.73,164.0,9.03,3.36
IQ-LAB-100409,17.0,female,7.4,4.27,12.5,86.6,311.0,20.0,5.397605346934028e-79,19.0,0.67,59.23,,,1.05
IQ-LAB-100410,58.0,female,8.4,5.14,14.1,82.9,231.0,16.0,5.397605346934028e-79,14.0,0.55,48.62,,,5.86
IQ-LAB-100411,68.0,male,6.2,4.95,13.7,82.1,120.0,16.0,5.397605346934028e-79,17.0,1.17,103.43,,,1.08
IQ-LAB-100412,65.0,female,5.8,4.99,14.1,84.6,200.0,53.0,5.397605346934028e-79,37.0,0.5,44.2,155.0,8.94,0.53
IQ-LAB-100413,15.0,male,6.2,4.71,14.3,88.9,234.0,14.0,5.397605346934028e-79,24.0,0.57,50.39,,,0.27
IQ-LAB-100414,80.0,male,5.7,4.76,15.3,96.2,232.0,13.0,5.397605346934028e-79,20.0,1.49,131.72,,,0.78
IQ-LAB-100415,49.0,female,9.2,3.94,13.0,97.4,310.0,19.0,5.397605346934028e-79,22.0,0.73,64.53,,,4.97
IQ-LAB-100418,31.0,male,5.4,5.12,15.6,86.4,220.0,14.0,5.397605346934028e-79,20.0,0.94,83.1,98.0,11.16,0.33
IQ-LAB-100419,40.0,male,9.0,5.02,15.7,92.6,269.0,25.0,5.397605346934028e-79,16.0,1.27,112.27,98.0,16.1,7.04
IQ-LAB-100421,50.0,female,8.5,4.12,13.7,96.8,334.0,12.0,5.397605346934028e-79,17.0,0.64,56.58,,,2.47
IQ-LAB-100422,66.0,male,5.1,4.55,11.6,82.2,193.0,25.0,5.397605346934028e-79,33.0,1.11,98.12,102.0,3.44,3.08
IQ-LAB-100423,9.0,male,7.6,4.75,13.4,84.5,275.0,,,,,,,,0.25
IQ-LAB-100424,73.0,female,4.7,4.01,12.0,93.6,190.0,,,,,,,,
IQ-LAB-100425,79.0,male,5.1,4.92,10.4,68.9,295.0,15.0,5.397605346934028e-79,22.0,1.63,144.09,,,4.2
IQ-LAB-100426,1.0,male,8.2,5.23,12.2,68.9,222.0,,,,,,,,1.68
IQ-LAB-100427,38.0,female,11.5,4.47,13.1,89.4,306.0,8.0,5.397605346934028e-79,15.0,0.52,45.97,,,16.91
IQ-LAB-100428,29.0,female,8.9,4.37,13.1,87.0,291.0,14.0,5.397605346934028e-79,16.0,0.72,63.65,,,3.54
IQ-LAB-100429,33.0,male,7.9,5.15,15.3,87.9,253.0,42.0,5.397605346934028e-79,21.0,0.76,67.18,,,1.88
IQ-LAB-100430,13.0,male,7.7,5.1,14.2,82.7,197.0,21.0,5.397605346934028e-79,19.0,0.55,48.62,102.0,11.57,0.25
IQ-LAB-100431,28.0,female,10.1,4.58,11.5,77.2,323.0,22.0,5.397605346934028e-79,20.0,0.58,51.27,,,3.0
IQ-LAB-100433,67.0,male,6.7,5.41,14.9,83.4,255.0,19.0,5.397605346934028e-79,18.0,0.8,70.72,,,4.91
IQ-LAB-100434,32.0,female,10.7,4.53,14.0,92.4,403.0,14.0,5.397605346934028e-79,14.0,0.61,53.92,,,16.75
IQ-LAB-100435,9.0,female,9.1,4.92,14.2,85.3,292.0,,,,,,,,0.44
IQ-LAB-100436,48.0,female,3.8,4.68,12.9,85.8,263.0,16.0,5.397605346934028e-79,17.0,0.64,56.58,116.0,27.58,5.03
IQ-LAB-100437,6.0,male,7.4,5.03,11.0,67.7,286.0,,,,,,,,0.52
IQ-LAB-100438,22.0,female,7.7,4.81,14.8,89.4,200.0,15.0,5.397605346934028e-79,17.0,0.68,60.11,,,1.11
IQ-LAB-100439,19.0,male,7.4,5.36,15.5,86.0,262.0,26.0,5.397605346934028e-79,24.0,0.88,77.79,97.0,17.13,2.36
IQ-LAB-100440,28.0,female,7.5,4.02,13.4,96.0,292.0,13.0,5.397605346934028e-79,13.0,0.63,55.69,,,0.73
IQ-LAB-100442,68.0,female,6.8,4.82,14.3,88.8,263.0,14.0,5.397605346934028e-79,18.0,1.05,92.82,,,4.16
IQ-LAB-100443,26.0,male,6.4,5.67,15.8,84.3,326.0,,,,,,,,
IQ-LAB-100445,61.0,female,6.7,4.39,12.8,88.0,246.0,9.0,5.397605346934028e-79,14.0,0.79,69.84,,,2.28
IQ-LAB-100446,60.0,male,6.0,5.19,16.1,90.5,196.0,46.0,5.397605346934028e-79,27.0,0.97,85.75,126.0,32.03,1.23
IQ-LAB-100447,50.0,male,5.7,5.26,15.0,82.6,200.0,14.0,5.397605346934028e-79,14.0,0.87,76.91,124.0,6.24,31.28
IQ-LAB-100448,16.0,female,8.4,5.01,13.4,82.4,287.0,9.0,5.397605346934028e-79,16.0,0.65,57.46,103.0,8.18,0.25
IQ-LAB-100450,13.0,female,9.0,4.6,12.9,85.1,294.0,18.0,5.397605346934028e-79,19.0,0.61,53.92,,,1.83
IQ-LAB-100451,40.0,female,8.6,4.36,13.2,91.5,199.0,11.0,5.397605346934028e-79,14.0,0.6,53.04,100.0,7.3,0.83
IQ-LAB-100454,52.0,female,5.0,5.03,14.2,86.8,193.0,,,,,,135.0,,
IQ-LAB-100455,80.0,male,6.5,3.83,12.5,97.3,242.0,28.0,5.397605346934028e-79,19.0,2.74,242.22,,,6.03
IQ-LAB-100457,19.0,female,8.8,4.24,12.9,88.3,210.0,14.0,5.397605346934028e-79,15.0,0.66,58.34,,,1.24
IQ-LAB-100458,3.0,female,7.1,4.49,12.5,83.3,293.0,,,,,,,,0.28
IQ-LAB-100459,2.0,female,5.3,5.07,12.4,74.2,252.0,,,,,,,,0.23
IQ-LAB-100460,55.0,male,4.2,5.21,16.1,87.4,219.0,26.0,5.397605346934028e-79,18.0,0.85,75.14,,,0.56
IQ-LAB-100461,19.0,female,6.1,5.1,13.4,81.0,313.0,9.0,5.397605346934028e-79,18.0,0.69,61.0,,,1.46
IQ-LAB-100463,28.0,male,14.3,4.98,15.6,94.5,210.0,16.0,5.397605346934028e-79,20.0,0.9,79.56,92.0,2.42,0.11
IQ-LAB-100464,32.0,male,5.7,5.04,15.8,93.5,228.0,29.0,5.397605346934028e-79,27.0,1.13,99.89,105.0,7.63,0.4
IQ-LAB-100467,19.0,male,8.0,5.2,14.8,84.8,232.0,10.0,5.397605346934028e-79,,0.96,84.86,,,1.55
IQ-LAB-100468,52.0,female,8.5,5.42,12.5,71.2,275.0,12.0,5.397605346934028e-79,14.0,0.81,71.6,,,0.87
IQ-LAB-100469,75.0,male,5.5,4.23,12.8,84.2,148.0,14.0,5.397605346934028e-79,17.0,1.91,168.84,,,0.35
IQ-LAB-100470,17.0,male,4.2,5.06,14.9,85.8,250.0,8.0,5.397605346934028e-79,15.0,0.87,76.91,91.0,4.97,0.11
IQ-LAB-100471,1.0,female,8.1,4.5,10.2,68.6,328.0,,,,,,,,0.82
IQ-LAB-100472,6.0,male,5.8,4.69,13.3,82.7,307.0,,,,,,,,0.24
IQ-LAB-100473,17.0,male,4.4,5.25,15.5,88.1,196.0,12.0,5.397605346934028e-79,13.0,0.88,77.79,98.0,9.77,0.21
IQ-LAB-100474,67.0,female,13.2,4.18,10.2,77.5,517.0,9.0,5.397605346934028e-79,14.0,0.65,57.46,161.0,13.19,3.25
IQ-LAB-100476,38.0,female,6.2,4.24,12.5,87.6,335.0,22.0,5.397605346934028e-79,19.0,0.65,57.46,,,1.31
IQ-LAB-100478,8.0,male,6.6,4.7,12.7,82.1,204.0,,,,,,,,0.31
IQ-LAB-100479,18.0,female,9.2,3.76,9.0,76.4,333.0,7.0,5.397605346934028e-79,11.0,0.51,45.08,84.0,4.01,8.83
IQ-LAB-100480,80.0,male,8.9,4.04,13.3,94.2,267.0,13.0,5.397605346934028e-79,28.0,0.93,82.21,,,0.99
IQ-LAB-100481,59.0,female,11.8,5.11,14.9,85.6,234.0,19.0,5.397605346934028e-79,16.0,0.76,67.18,,,0.98
IQ-LAB-100483,51.0,female,6.7,5.02,14.5,87.4,280.0,20.0,5.397605346934028e-79,15.0,0.47,41.55,133.0,9.2,1.95
IQ-LAB-100484,55.0,female,13.1,4.96,14.7,90.0,509.0,10.0,5.397605346934028e-79,12.0,0.73,64.53,110.0,18.22,5.79
IQ-LAB-100485,67.0,male,7.3,5.1,15.9,91.4,196.0,25.0,5.397605346934028e-79,21.0,1.14,100.78,120.0,46.76,3.02
IQ-LAB-100487,9.0,male,7.9,4.21,12.5,87.4,271.0,,,,,,,,2.7
IQ-LAB-100488,19.0,male,4.4,4.9,14.2,88.1,182.0,13.0,5.397605346934028e-79,20.0,0.85,75.14,,,0.46
IQ-LAB-100489,11.0,female,6.2,4.94,14.5,84.9,277.0,,,,,,,,0.36
IQ-LAB-100490,80.0,female,7.4,4.44,14.6,99.0,262.0,7.0,5.397605346934028e-79,15.0,1.06,93.7,,,1.35
IQ-LAB-100492,55.0,male,6.0,4.49,11.1,78.6,227.0,34.0,5.397605346934028e-79,46.0,1.52,134.37,,,3.26
IQ-LAB-100493,9.0,male,8.6,5.48,13.2,71.7,411.0,,,,,,,,3.71
IQ-LAB-100494,29.0,male,9.3,6.27,13.6,67.9,271.0,17.0,5.397605346934028e-79,20.0,1.07,94.59,,,0.73
IQ-LAB-100495,16.0,male,6.0,5.68,16.4,86.3,205.0,14.0,5.397605346934028e-79,18.0,0.73,64.53,103.0,10.38,0.31
IQ-LAB-100496,1.0,male,7.9,4.86,12.7,77.3,319.0,,,,,,,,0.33
IQ-LAB-100497,80.0,female,7.6,3.88,12.9,98.7,358.0,21.0,5.397605346934028e-79,29.0,1.17,103.43,,,1.79
IQ-LAB-100499,52.0,female,8.2,5.18,16.5,94.8,127.0,11.0,5.397605346934028e-79,14.0,0.61,53.92,115.0,25.2,4.32
IQ-LAB-100500,34.0,female,7.9,5.36,13.4,78.8,207.0,10.0,5.397605346934028e-79,14.0,0.7,61.88,97.0,6.46,1.75
IQ-LAB-100501,72.0,male,7.4,4.09,12.7,94.4,215.0,15.0,5.397605346934028e-79,13.0,1.1,97.24,,,6.07
IQ-LAB-100502,10.0,male,3.4,4.94,13.9,83.9,221.0,,,,,,,,0.35
IQ-LAB-100503,10.0,male,6.0,4.97,13.5,80.4,297.0,,,,,,,,0.45
IQ-LAB-100504,11.0,male,7.2,5.46,11.5,66.2,343.0,,,,,,,,7.95
IQ-LAB-100505,57.0,female,8.2,4.24,13.2,93.7,358.0,15.0,5.397605346934028e-79,22.0,0.76,67.18,,,11.97
IQ-LAB-100506,11.0,female,5.3,4.48,11.1,76.6,386.0,,,,,,,,4.8
IQ-LAB-100507,13.0,female,6.8,4.61,12.8,85.7,326.0,9.0,5.397605346934028e-79,22.0,0.62,54.81,98.0,7.43,0.4
IQ-LAB-100508,80.0,female,6.7,4.24,13.0,93.6,187.0,15.0,5.397605346934028e-79,25.0,1.28,113.15,119.0,5.91,1.42
IQ-LAB-100509,79.0,female,6.7,4.86,14.4,88.8,220.0,16.0,5.397605346934028e-79,15.0,0.96,84.86,126.0,12.93,0.98
IQ-LAB-100510,37.0,female,9.5,3.33,10.7,93.3,335.0,19.0,5.397605346934028e-79,17.0,0.58,51.27,,,3.84
IQ-LAB-100511,64.0,female,3.7,4.13,12.4,90.1,250.0,14.0,5.397605346934028e-79,17.0,0.92,81.33,94.0,6.23,1.62
IQ-LAB-100512,12.0,male,4.8,4.58,12.2,81.5,264.0,11.0,5.397605346934028e-79,24.0,0.45,39.78,,,0.32
IQ-LAB-100513,56.0,male,4.4,3.99,13.2,97.2,125.0,14.0,5.397605346934028e-79,31.0,0.85,75.14,,,13.63
IQ-LAB-100514,37.0,male,8.0,5.78,16.0,80.8,275.0,60.0,5.397605346934028e-79,30.0,0.73,64.53,108.0,21.78,1.7
IQ-LAB-100515,70.0,female,5.6,3.89,12.6,96.6,207.0,25.0,5.397605346934028e-79,27.0,0.64,56.58,105.0,7.84,0.53
IQ-LAB-100516,61.0,male,4.4,5.01,15.8,95.1,238.0,20.0,5.397605346934028e-79,20.0,0.81,71.6,124.0,19.41,1.32
IQ-LAB-100517,39.0,male,6.0,4.95,15.0,91.3,328.0,25.0,5.397605346934028e-79,25.0,0.8,70.72,98.0,5.19,0.75
IQ-LAB-100518,14.0,male,4.6,5.41,15.1,85.6,179.0,16.0,5.397605346934028e-79,25.0,0.72,63.65,112.0,12.29,0.16
IQ-LAB-100520,10.0,male,4.3,4.63,12.6,81.6,256.0,,,,,,,,4.44
IQ-LAB-100521,58.0,male,4.8,5.0,15.4,91.0,241.0,27.0,5.397605346934028e-79,34.0,0.89,78.68,132.0,5.43,2.99
IQ-LAB-100523,12.0,female,4.1,4.38,11.8,81.3,292.0,7.0,5.397605346934028e-79,19.0,0.57,50.39,92.0,11.71,0.31
IQ-LAB-100524,20.0,male,4.8,5.02,15.5,90.1,295.0,18.0,5.397605346934028e-79,21.0,0.9,79.56,,,2.19
IQ-LAB-100526,33.0,female,7.5,4.62,14.1,90.9,187.0,13.0,5.397605346934028e-79,16.0,0.6,53.04,98.0,17.08,5.45
IQ-LAB-100528,47.0,female,12.1,4.32,13.6,93.3,380.0,17.0,5.397605346934028e-79,18.0,0.68,60.11,,,12.26
IQ-LAB-100529,4.0,male,7.5,4.59,12.8,80.4,255.0,,,,,,,,0.77
IQ-LAB-100530,52.0,male,6.4,4.83,14.9,88.2,246.0,34.0,5.397605346934028e-79,32.0,1.22,107.85,,,1.36
IQ-LAB-100531,80.0,male,3.9,4.64,13.5,86.7,193.0,11.0,5.397605346934028e-79,17.0,0.77,68.07,114.0,17.82,0.49
IQ-LAB-100532,46.0,female,9.9,6.09,15.9,77.5,220.0,19.0,5.397605346934028e-79,16.0,0.65,57.46,102.0,36.55,6.82
IQ-LAB-100534,77.0,female,6.5,4.39,12.0,83.0,250.0,23.0,5.397605346934028e-79,19.0,0.9,79.56,153.0,13.57,6.4
IQ-LAB-100535,56.0,female,6.8,4.37,12.4,85.3,245.0,38.0,5.397605346934028e-79,31.0,0.78,68.95,,,1.16
IQ-LAB-100537,32.0,female,6.3,4.56,14.2,91.8,382.0,68.0,5.397605346934028e-79,27.0,0.52,45.97,111.0,30.82,2.86
IQ-LAB-100539,14.0,female,5.2,4.7,14.5,90.6,196.0,15.0,5.397605346934028e-79,19.0,0.72,63.65,101.0,15.27,0.4
IQ-LAB-100540,35.0,female,7.1,4.03,10.8,81.0,375.0,4.0,5.397605346934028e-79,15.0,0.6,53.04,,,0.84
IQ-LAB-100542,1.0,female,7.5,4.24,12.4,85.6,458.0,,,,,,,,0.28
IQ-LAB-100543,9.0,female,5.1,5.02,13.5,80.4,317.0,,,,,,,,0.63
IQ-LAB-100544,61.0,female,8.7,3.87,13.0,103.4,254.0,18.0,5.397605346934028e-79,28.0,0.69,61.0,129.0,12.84,8.14
IQ-LAB-100545,15.0,female,7.0,4.68,13.2,84.2,230.0,8.0,5.397605346934028e-79,13.0,0.51,45.08,,,0.48
IQ-LAB-100546,31.0,female,7.7,4.23,13.0,90.7,227.0,17.0,5.397605346934028e-79,20.0,0.77,68.07,,,0.36
IQ-LAB-100547,12.0,male,6.1,4.53,12.5,82.1,224.0,11.0,5.397605346934028e-79,19.0,0.67,59.23,,,30.42
IQ-LAB-100548,33.0,female,5.7,4.28,13.9,95.3,185.0,25.0,5.397605346934028e-79,28.0,0.73,64.53,,,0.81
IQ-LAB-100549,76.0,female,7.6,4.42,13.9,90.9,321.0,10.0,5.397605346934028e-79,14.0,0.66,58.34,97.0,6.25,2.7
IQ-LAB-100551,66.0,male,4.8,4.43,14.5,94.5,190.0,17.0,5.397605346934028e-79,16.0,1.11,98.12,,,0.37
IQ-LAB-100552,9.0,male,8.1,4.85,13.4,79.0,392.0,,,,,,,,0.42
IQ-LAB-100553,7.0,female,8.4,5.43,11.1,62.7,280.0,,,,,,,,7.68
IQ-LAB-100554,65.0,male,4.0,4.15,12.1,90.3,210.0,19.0,5.397605346934028e-79,25.0,1.11,98.12,206.0,5.69,5.89
IQ-LAB-100556,65.0,female,9.9,5.19,13.2,79.2,256.0,27.0,5.397605346934028e-79,24.0,0.78,68.95,241.0,10.58,1.4
IQ-LAB-100557,52.0,male,8.0,5.25,15.4,87.2,265.0,37.0,5.397605346934028e-79,26.0,1.03,91.05,101.0,7.08,0.8
IQ-LAB-100558,60.0,male,8.1,4.85,15.6,92.5,225.0,35.0,5.397605346934028e-79,19.0,1.23,108.73,,,1.88
IQ-LAB-100559,3.0,female,7.4,4.35,12.8,85.9,377.0,,,,,,,,5.7
IQ-LAB-100560,74.0,female,6.6,4.68,14.1,89.4,261.0,17.0,5.397605346934028e-79,20.0,0.67,59.23,,,0.47
IQ-LAB-100562,14.0,male,6.0,6.02,14.3,74.6,171.0,19.0,5.397605346934028e-79,24.0,0.75,66.3,,,0.7
IQ-LAB-100563,45.0,female,5.6,4.15,12.8,90.7,348.0,23.0,5.397605346934028e-79,23.0,0.93,82.21,,,2.96
IQ-LAB-100564,5.0,male,6.6,5.57,7.9,50.8,235.0,,,,,,,,0.35
IQ-LAB-100565,70.0,male,9.0,4.88,15.7,95.3,254.0,21.0,5.397605346934028e-79,21.0,0.97,85.75,108.0,14.78,4.39
IQ-LAB-100566,17.0,male,7.1,4.45,13.7,92.2,213.0,18.0,5.397605346934028e-79,21.0,1.01,89.28,95.0,12.27,0.4
IQ-LAB-100568,46.0,male,6.5,6.6,18.4,83.1,188.0,25.0,5.397605346934028e-79,12.0,0.68,60.11,321.0,14.33,3.19
IQ-LAB-100570,69.0,female,8.9,4.66,12.0,79.5,290.0,19.0,5.397605346934028e-79,20.0,0.87,76.91,,,12.48
IQ-LAB-100571,30.0,male,4.4,5.96,17.1,84.5,143.0,37.0,5.397605346934028e-79,,0.96,84.86,96.0,7.59,2.34
IQ-LAB-100572,41.0,male,10.1,5.73,17.9,93.4,457.0,37.0,5.397605346934028e-79,27.0,0.95,83.98,,,5.46
IQ-LAB-100573,9.0,male,5.3,5.01,14.2,82.0,311.0,,,,,,,,0.21
IQ-LAB-100574,53.0,female,5.6,4.64,12.9,84.5,242.0,38.0,5.397605346934028e-79,26.0,0.58,51.27,136.0,32.44,6.15
IQ-LAB-100575,50.0,female,6.7,4.62,13.4,87.4,248.0,20.0,5.397605346934028e-79,27.0,0.79,69.84,,,3.33
IQ-LAB-100576,62.0,male,8.3,4.51,14.7,93.9,238.0,16.0,5.397605346934028e-79,17.0,1.02,90.17,159.0,8.18,5.78
IQ-LAB-100577,27.0,female,7.0,4.45,13.3,92.5,261.0,9.0,5.397605346934028e-79,14.0,0.94,83.1,,,0.56
IQ-LAB-100579,59.0,male,6.9,5.02,15.6,91.0,199.0,15.0,5.397605346934028e-79,17.0,1.38,121.99,,,1.59
IQ-LAB-100580,65.0,male,7.3,5.77,15.8,81.0,185.0,29.0,5.397605346934028e-79,25.0,1.14,100.78,,,3.18
IQ-LAB-100581,78.0,male,5.2,5.72,17.3,93.0,228.0,16.0,5.397605346934028e-79,19.0,1.36,120.22,122.0,24.16,13.52
IQ-LAB-100582,54.0,male,4.4,4.74,13.2,87.2,211.0,,,,,,96.0,,
IQ-LAB-100583,29.0,female,6.2,3.81,12.0,93.1,240.0,15.0,5.397605346934028e-79,15.0,0.54,47.74,,,0.91
IQ-LAB-100584,63.0,male,11.1,5.62,16.2,85.1,186.0,14.0,5.397605346934028e-79,16.0,0.97,85.75,141.0,7.29,4.75
IQ-LAB-100585,6.0,female,5.6,4.62,12.7,81.3,327.0,,,,,,,,0.38
IQ-LAB-100586,80.0,male,10.7,4.92,15.6,95.7,287.0,28.0,5.397605346934028e-79,20.0,0.77,68.07,123.0,4.45,2.47
IQ-LAB-100589,33.0,female,9.0,4.52,13.4,87.4,270.0,36.0,5.397605346934028e-79,28.0,0.6,53.04,,,2.33
IQ-LAB-100590,24.0,male,8.8,5.37,14.5,81.4,269.0,17.0,5.397605346934028e-79,18.0,0.87,76.91,,,5.24
IQ-LAB-100592,18.0,male,8.9,5.45,15.7,84.2,252.0,17.0,5.397605346934028e-79,17.0,0.69,61.0,,,0.88
IQ-LAB-100594,59.0,male,2.7,3.35,11.4,102.1,133.0,13.0,5.397605346934028e-79,40.0,0.55,48.62,69.0,0.71,6.05
IQ-LAB-100595,10.0,female,6.5,4.37,12.0,82.5,399.0,,,,,,,,
IQ-LAB-100596,14.0,female,12.2,4.12,11.9,87.8,361.0,13.0,5.397605346934028e-79,15.0,0.59,52.16,,,3.9
IQ-LAB-100597,71.0,male,6.3,4.27,7.2,56.8,340.0,16.0,5.397605346934028e-79,17.0,0.98,86.63,,,1.32
IQ-LAB-100599,54.0,male,7.1,5.01,16.0,90.9,209.0,24.0,5.397605346934028e-79,21.0,0.95,83.98,,,1.48
IQ-LAB-100600,4.0,female,6.4,5.17,13.7,76.0,251.0,,,,,,,,0.83
IQ-LAB-100603,3.0,male,7.3,5.07,12.0,71.7,251.0,,,,,,,,0.44
IQ-LAB-100604,4.0,male,10.2,5.03,13.1,77.3,381.0,,,,,,,,0.53
IQ-LAB-100607,19.0,male,7.6,4.96,14.4,86.5,166.0,23.0,5.397605346934028e-79,30.0,1.04,91.94,,,0.4
IQ-LAB-100608,64.0,female,12.1,4.57,14.3,90.0,272.0,73.0,5.397605346934028e-79,74.0,0.66,58.34,212.0,18.09,5.88
IQ-LAB-100609,6.0,male,7.0,4.41,12.5,84.0,254.0,,,,,,,,0.4
IQ-LAB-100610,41.0,female,7.0,4.36,12.9,88.2,216.0,14.0,5.397605346934028e-79,18.0,0.75,66.3,,,0.73
IQ-LAB-100611,43.0,male,5.4,4.73,15.7,96.2,221.0,32.0,5.397605346934028e-79,24.0,0.8,70.72,,,0.37
IQ-LAB-100612,1.0,female,8.8,4.96,12.4,74.7,396.0,,,,,,,,0.31
IQ-LAB-100614,18.0,male,7.8,5.41,15.4,84.3,242.0,47.0,5.397605346934028e-79,20.0,0.74,65.42,,,6.05
IQ-LAB-100615,4.0,female,6.6,5.43,13.8,77.2,331.0,,,,,,,,0.42
IQ-LAB-100616,7.0,male,7.0,4.72,12.8,79.2,237.0,,,,,,,,0.76
IQ-LAB-100617,76.0,male,9.7,4.6,14.8,97.6,307.0,31.0,5.397605346934028e-79,30.0,0.99,87.52,157.0,13.84,1.44
IQ-LAB-100619,28.0,female,9.0,4.7,13.5,87.5,294.0,25.0,5.397605346934028e-79,24.0,0.79,69.84,,,5.29
IQ-LAB-100620,11.0,female,9.1,4.51,13.3,89.2,271.0,,,,,,,,0.24
IQ-LAB-100621,40.0,male,5.9,4.79,14.6,91.3,162.0,18.0,5.397605346934028e-79,18.0,0.65,57.46,,,1.83
IQ-LAB-100622,43.0,male,5.5,4.56,15.8,100.0,205.0,15.0,5.397605346934028e-79,16.0,1.13,99.89,,,0.94
IQ-LAB-100623,36.0,female,5.6,4.78,14.5,90.8,251.0,8.0,5.397605346934028e-79,11.0,0.85,75.14,93.0,3.64,3.63
IQ-LAB-100624,23.0,male,5.3,5.38,15.3,82.7,235.0,15.0,5.397605346934028e-79,18.0,0.79,69.84,118.0,32.01,0.87
IQ-LAB-100625,54.0,female,9.2,4.32,13.4,91.8,315.0,22.0,5.397605346934028e-79,17.0,0.51,45.08,,,6.66
IQ-LAB-100626,1.0,male,9.1,4.59,12.9,78.7,305.0,,,,,,,,0.2
IQ-LAB-100627,43.0,female,11.6,4.66,14.8,93.9,204.0,7.0,5.397605346934028e-79,14.0,0.87,76.91,106.0,4.24,1.42
IQ-LAB-100628,33.0,male,8.0,5.08,15.2,84.8,247.0,30.0,5.397605346934028e-79,27.0,1.63,144.09,,,1.86
IQ-LAB-100629,67.0,male,6.8,4.74,14.3,90.1,218.0,7.0,5.397605346934028e-79,15.0,0.66,58.34,,,0.35
IQ-LAB-100630,18.0,male,5.9,5.09,15.3,91.6,217.0,18.0,5.397605346934028e-79,23.0,0.95,83.98,100.0,8.1,0.59
IQ-LAB-100632,39.0,male,8.7,5.27,16.3,90.6,194.0,41.0,5.397605346934028e-79,26.0,1.21,106.96,,,7.75
IQ-LAB-100634,38.0,male,13.6,5.43,14.6,82.5,416.0,22.0,5.397605346934028e-79,17.0,0.68,60.11,,,4.24
IQ-LAB-100635,39.0,male,11.1,5.3,15.7,88.7,303.0,21.0,5.397605346934028e-79,16.0,0.76,67.18,,,4.39
IQ-LAB-100636,46.0,male,6.5,5.74,15.1,79.7,242.0,30.0,5.397605346934028e-79,18.0,0.85,75.14,183.0,14.72,0.64
IQ-LAB-100637,16.0,female,8.8,4.84,13.1,81.8,267.0,24.0,5.397605346934028e-79,12.0,0.63,55.69,,,0.71
IQ-LAB-100638,42.0,male,3.7,4.43,13.4,91.3,126.0,44.0,5.397605346934028e-79,58.0,1.44,127.3,110.0,12.55,51.23
IQ-LAB-100639,80.0,female,7.5,4.23,12.9,90.2,170.0,13.0,5.397605346934028e-79,17.0,1.03,91.05,,,9.43
IQ-LAB-100640,5.0,female,9.3,4.54,12.3,83.2,363.0,,,,,,,,0.31
IQ-LAB-100641,24.0,female,10.7,4.53,14.9,94.2,321.0,14.0,5.397605346934028e-79,16.0,0.83,73.37,136.0,38.0,0.42
IQ-LAB-100642,65.0,male,10.9,5.2,15.1,87.6,254.0,14.0,5.397605346934028e-79,19.0,1.34,118.46,,,1.54
IQ-LAB-100643,7.0,female,6.4,4.5,12.5,82.1,346.0,,,,,,,,0.67
IQ-LAB-100644,31.0,female,7.6,4.85,14.1,88.1,133.0,17.0,5.397605346934028e-79,13.0,0.66,58.34,99.0,20.96,0.7
IQ-LAB-100646,80.0,male,12.0,4.34,13.3,89.9,353.0,11.0,5.397605346934028e-79,17.0,1.18,104.31,,,19.37
IQ-LAB-100647,33.0,male,7.8,5.39,16.5,86.7,165.0,69.0,5.397605346934028e-79,28.0,1.0,88.4,111.0,12.25,1.32
IQ-LAB-100649,43.0,male,6.5,5.99,16.0,80.9,221.0,36.0,5.397605346934028e-79,24.0,1.03,91.05,99.0,6.95,2.62
IQ-LAB-100651,5.0,female,11.9,4.22,11.8,79.5,395.0,,,,,,,,1.77
IQ-LAB-100653,25.0,male,8.1,5.37,16.0,89.9,200.0,120.0,5.397605346934028e-79,68.0,0.97,85.75,,,0.45
IQ-LAB-100654,74.0,female,7.2,4.82,14.2,87.3,233.0,13.0,5.397605346934028e-79,18.0,0.68,60.11,101.0,19.29,8.36
IQ-LAB-100655,10.0,female,6.4,4.16,13.0,92.9,266.0,,,,,,,,0.4
IQ-LAB-100656,16.0,female,8.7,4.38,12.1,84.4,273.0,7.0,5.397605346934028e-79,13.0,0.6,53.04,,,2.28
IQ-LAB-100657,57.0,female,5.0,4.24,11.7,87.3,225.0,11.0,5.397605346934028e-79,19.0,0.79,69.84,,,7.88
IQ-LAB-100658,17.0,male,5.9,4.92,13.0,79.8,218.0,9.0,5.397605346934028e-79,15.0,0.69,61.0,,,0.3
IQ-LAB-100659,7.0,female,6.9,4.45,12.7,83.8,282.0,,,,,,,,3.13
IQ-LAB-100660,8.0,male,8.8,4.75,12.9,82.6,252.0,,,,,,,,0.39
IQ-LAB-100661,14.0,male,7.2,5.61,16.0,85.4,248.0,27.0,5.397605346934028e-79,21.0,0.72,63.65,,,0.49
IQ-LAB-100663,71.0,female,4.6,4.1,13.8,100.7,228.0,14.0,5.397605346934028e-79,15.0,0.88,77.79,96.0,8.42,2.9
IQ-LAB-100664,1.0,female,13.1,4.87,10.8,69.6,415.0,,,,,,,,0.62
IQ-LAB-100665,2.0,female,8.1,4.44,12.3,80.3,268.0,,,,,,,,
IQ-LAB-100666,11.0,female,9.8,4.39,12.1,81.4,328.0,,,,,,,,0.22
IQ-LAB-100667,20.0,male,4.9,5.42,16.2,88.9,239.0,13.0,5.397605346934028e-79,23.0,1.22,107.85,,,0.71
IQ-LAB-100668,5.0,female,3.7,3.99,11.5,86.2,373.0,,,,,,,,0.44
IQ-LAB-100669,13.0,female,10.0,5.08,14.3,83.7,300.0,14.0,5.397605346934028e-79,13.0,0.64,56.58,94.0,16.21,0.7
IQ-LAB-100670,41.0,male,6.2,4.84,14.6,90.0,220.0,15.0,5.397605346934028e-79,29.0,1.11,98.12,100.0,7.95,1.54
IQ-LAB-100672,25.0,female,8.0,4.31,12.8,86.8,293.0,14.0,5.397605346934028e-79,15.0,0.62,54.81,,,3.23
IQ-LAB-100673,35.0,female,3.9,4.56,12.5,86.3,380.0,9.0,5.397605346934028e-79,15.0,0.64,56.58,,,1.06
IQ-LAB-100674,80.0,male,7.0,4.47,14.8,96.3,207.0,22.0,5.397605346934028e-79,28.0,1.22,107.85,,,5.24
IQ-LAB-100675,21.0,female,4.8,3.8,8.6,73.8,310.0,6.0,5.397605346934028e-79,14.0,0.68,60.11,62.0,5.7,2.53
IQ-LAB-100676,1.0,male,6.3,4.93,12.1,73.4,424.0,,,,,,,,1.59
IQ-LAB-100677,56.0,female,6.2,4.34,13.6,93.6,229.0,10.0,5.397605346934028e-79,16.0,0.72,63.65,97.0,2.29,1.83
IQ-LAB-100678,9.0,female,6.5,4.38,12.8,89.0,269.0,,,,,,,,0.43
IQ-LAB-100679,15.0,male,5.2,4.69,14.9,93.4,202.0,11.0,5.397605346934028e-79,18.0,0.84,74.26,104.0,5.47,0.57
IQ-LAB-100680,18.0,male,4.7,5.89,15.8,80.3,215.0,9.0,5.397605346934028e-79,13.0,0.88,77.79,94.0,11.78,1.08
IQ-LAB-100681,56.0,female,7.8,4.27,13.1,91.6,377.0,42.0,5.397605346934028e-79,28.0,0.82,72.49,,,13.26
IQ-LAB-100682,6.0,male,5.4,4.33,11.8,79.8,250.0,,,,,,,,0.59
IQ-LAB-100683,2.0,female,9.5,5.13,14.1,80.4,349.0,,,,,,,,0.56
IQ-LAB-100684,35.0,female,5.3,4.47,12.2,84.3,271.0,14.0,5.397605346934028e-79,20.0,0.71,62.76,,,1.76
IQ-LAB-100686,16.0,female,5.2,4.82,14.1,85.1,260.0,12.0,5.397605346934028e-79,16.0,0.64,56.58,97.0,6.14,0.44
IQ-LAB-100689,21.0,male,6.6,5.16,15.1,86.5,221.0,16.0,5.397605346934028e-79,16.0,1.18,104.31,111.0,19.27,6.77
IQ-LAB-100691,8.0,female,7.8,4.87,13.4,81.3,256.0,,,,,,,,8.02
IQ-LAB-100692,62.0,male,9.5,4.79,15.6,88.9,229.0,20.0,5.397605346934028e-79,17.0,0.98,86.63,,,0.81
IQ-LAB-100693,49.0,female,7.2,4.97,13.8,86.1,359.0,13.0,5.397605346934028e-79,13.0,0.82,72.49,175.0,22.03,6.07
IQ-LAB-100695,15.0,female,7.2,5.36,15.6,84.8,230.0,11.0,5.397605346934028e-79,20.0,0.59,52.16,,,2.36
IQ-LAB-100696,70.0,male,9.6,4.57,14.2,94.1,368.0,9.0,5.397605346934028e-79,12.0,0.91,80.44,,,8.74
IQ-LAB-100697,32.0,male,11.7,4.97,14.9,86.6,249.0,27.0,5.397605346934028e-79,26.0,1.0,88.4,,,1.04
IQ-LAB-100698,48.0,female,5.4,4.34,14.3,96.7,232.0,9.0,5.397605346934028e-79,14.0,0.64,56.58,96.0,3.93,0.49
IQ-LAB-100701,33.0,female,5.6,5.31,12.4,72.0,250.0,9.0,5.397605346934028e-79,16.0,0.65,57.46,,,4.98
IQ-LAB-100702,10.0,female,7.8,5.22,13.9,80.2,291.0,,,,,,,,0.25
IQ-LAB-100704,9.0,female,5.0,4.54,13.0,83.9,317.0,,,,,,,,0.21
IQ-LAB-100705,56.0,female,6.8,4.8,14.0,87.3,227.0,24.0,5.397605346934028e-79,20.0,0.61,53.92,111.0,15.25,4.38
IQ-LAB-100706,66.0,male,6.7,5.19,15.6,90.2,209.0,,,,,,107.0,,
IQ-LAB-100707,34.0,female,7.0,4.3,13.1,89.9,332.0,11.0,5.397605346934028e-79,12.0,0.55,48.62,,,1.29
IQ-LAB-100708,10.0,female,3.5,4.43,13.2,89.8,249.0,,,,,,,,0.11
IQ-LAB-100709,38.0,male,6.2,5.32,15.3,84.3,212.0,15.0,5.397605346934028e-79,22.0,1.03,91.05,,,1.37
IQ-LAB-100710,33.0,male,4.5,5.44,16.3,89.7,140.0,16.0,5.397605346934028e-79,18.0,1.25,110.5,88.0,3.88,2.29
IQ-LAB-100711,69.0,female,6.6,4.41,13.2,88.7,220.0,18.0,5.397605346934028e-79,16.0,0.64,56.58,,,0.68
IQ-LAB-100713,38.0,female,7.0,4.64,14.3,93.5,304.0,10.0,5.397605346934028e-79,19.0,0.79,69.84,86.0,3.57,1.99
IQ-LAB-100714,37.0,female,5.9,4.52,13.2,88.0,172.0,10.0,5.397605346934028e-79,14.0,0.72,63.65,104.0,6.51,2.94
IQ-LAB-100715,51.0,female,7.0,4.88,13.5,84.0,223.0,17.0,5.397605346934028e-79,19.0,0.93,82.21,106.0,5.08,3.07
IQ-LAB-100716,79.0,female,8.2,4.86,14.6,90.0,249.0,25.0,5.397605346934028e-79,26.0,0.57,50.39,,,3.64
IQ-LAB-100717,49.0,female,7.8,4.97,15.6,90.5,225.0,70.0,5.397605346934028e-79,36.0,0.9,79.56,118.0,8.81,13.2
IQ-LAB-100719,2.0,female,10.3,4.6,13.0,87.8,294.0,,,,,,,,0.48
IQ-LAB-100720,59.0,male,12.7,4.61,14.5,94.0,218.0,14.0,5.397605346934028e-79,13.0,0.92,81.33,96.0,3.97,5.87
IQ-LAB-100721,73.0,female,5.4,4.32,12.9,87.7,222.0,30.0,5.397605346934028e-79,23.0,0.48,42.43,,,2.03
IQ-LAB-100722,15.0,female,4.2,4.73,14.2,87.1,201.0,14.0,5.397605346934028e-79,20.0,0.67,59.23,,,7.52
IQ-LAB-100723,80.0,male,6.7,6.56,14.4,68.4,214.0,25.0,5.397605346934028e-79,24.0,1.05,92.82,132.0,9.62,1.34
IQ-LAB-100724,9.0,female,6.5,4.16,12.6,90.8,259.0,,,,,,,,0.4
IQ-LAB-100725,67.0,female,4.9,4.46,12.7,87.7,202.0,24.0,5.397605346934028e-79,20.0,0.91,80.44,106.0,12.82,0.59
IQ-LAB-100726,69.0,female,7.7,4.31,11.9,84.9,268.0,17.0,5.397605346934028e-79,21.0,0.75,66.3,136.0,25.92,26.91
IQ-LAB-100727,26.0,male,4.9,4.85,14.7,88.5,300.0,11.0,5.397605346934028e-79,13.0,0.85,75.14,101.0,9.78,0.58
IQ-LAB-100728,68.0,female,6.6,4.41,12.7,87.1,327.0,24.0,5.397605346934028e-79,26.0,1.05,92.82,,,2.43
IQ-LAB-100729,3.0,male,6.8,3.84,10.7,82.1,233.0,,,,,,,,1.04
IQ-LAB-100730,44.0,female,6.9,4.24,13.7,95.8,323.0,14.0,5.397605346934028e-79,13.0,0.68,60.11,98.0,16.55,12.48
IQ-LAB-100731,6.0,male,4.9,4.45,13.5,85.2,219.0,,,,,,,,2.52
IQ-LAB-100732,35.0,male,10.8,5.26,15.3,87.7,242.0,123.0,5.397605346934028e-79,72.0,0.96,84.86,,,3.13
IQ-LAB-100733,44.0,female,7.6,4.93,11.1,70.4,329.0,21.0,5.397605346934028e-79,20.0,0.5,44.2,103.0,17.46,
IQ-LAB-100735,76.0,female,5.3,4.09,13.0,92.9,181.0,13.0,5.397605346934028e-79,12.0,1.0,88.4,,,0.56
IQ-LAB-100736,7.0,female,6.0,4.26,11.5,80.0,291.0,,,,,,,,5.83
IQ-LAB-100737,4.0,female,7.7,4.63,12.0,77.6,340.0,,,,,,,,0.21
IQ-LAB-100738,39.0,female,9.5,5.33,13.6,78.6,378.0,24.0,5.397605346934028e-79,25.0,0.56,49.5,,,17.07
IQ-LAB-100739,79.0,male,8.2,5.45,15.7,86.5,190.0,21.0,5.397605346934028e-79,25.0,1.24,109.62,,,0.92
IQ-LAB-100740,20.0,male,8.0,5.27,15.7,85.3,225.0,24.0,5.397605346934028e-79,18.0,0.92,81.33,,,1.26
IQ-LAB-100741,66.0,male,4.7,5.21,14.4,81.7,190.0,21.0,5.397605346934028e-79,25.0,0.81,71.6,,,1.96
IQ-LAB-100742,34.0,male,4.1,5.1,15.5,89.4,217.0,12.0,5.397605346934028e-79,15.0,1.06,93.7,,,0.39
IQ-LAB-100743,52.0,female,5.9,4.47,12.8,85.1,201.0,7.0,5.397605346934028e-79,15.0,0.74,65.42,,,0.83
IQ-LAB-100745,64.0,male,7.7,4.97,14.6,86.8,155.0,22.0,5.397605346934028e-79,19.0,0.86,76.02,,,1.66
IQ-LAB-100747,55.0,female,4.7,4.48,15.1,95.1,177.0,43.0,5.397605346934028e-79,20.0,0.75,66.3,109.0,8.26,2.16
IQ-LAB-100748,62.0,female,7.5,4.24,12.8,92.0,181.0,16.0,5.397605346934028e-79,21.0,0.88,77.79,,,2.44
IQ-LAB-100749,21.0,male,7.5,5.76,17.7,87.1,281.0,78.0,5.397605346934028e-79,51.0,1.03,91.05,,,3.06
IQ-LAB-100751,5.0,female,6.5,4.58,12.8,80.5,340.0,,,,,,,,2.86
IQ-LAB-100752,42.0,male,5.9,4.97,15.7,92.6,200.0,18.0,5.397605346934028e-79,20.0,0.95,83.98,,,1.46
IQ-LAB-100753,3.0,female,7.6,4.44,12.2,83.3,381.0,,,,,,,,2.38
IQ-LAB-100754,54.0,male,7.7,5.18,16.6,94.9,191.0,24.0,5.397605346934028e-79,20.0,0.83,73.37,100.0,15.81,1.52
IQ-LAB-100755,11.0,male,4.1,5.13,12.7,74.7,231.0,,,,,,,,0.11
IQ-LAB-100756,60.0,male,5.5,4.81,14.9,91.3,288.0,20.0,5.397605346934028e-79,23.0,1.3,114.92,,,3.99
IQ-LAB-100758,4.0,female,6.4,4.31,11.6,80.8,250.0,,,,,,,,1.04
IQ-LAB-100759,35.0,male,5.5,4.3,14.3,96.3,247.0,28.0,5.397605346934028e-79,35.0,0.86,76.02,,,0.45
IQ-LAB-100760,63.0,female,8.6,4.47,13.8,92.5,265.0,13.0,5.397605346934028e-79,18.0,0.65,57.46,,,0.47
IQ-LAB-100761,80.0,male,5.1,4.31,14.4,98.4,162.0,16.0,5.397605346934028e-79,23.0,1.07,94.59,,,0.76
IQ-LAB-100765,48.0,female,7.3,4.39,13.8,93.8,231.0,28.0,5.397605346934028e-79,22.0,0.76,67.18,,,2.99
IQ-LAB-100767,7.0,female,8.1,4.42,12.1,81.9,222.0,,,,,,,,0.89
IQ-LAB-100768,42.0,female,10.3,4.21,13.4,93.0,349.0,11.0,5.397605346934028e-79,25.0,0.73,64.53,,,5.31
IQ-LAB-100769,9.0,female,6.1,4.84,13.5,80.5,313.0,,,,,,,,1.46
IQ-LAB-100770,10.0,male,5.5,4.46,13.2,87.9,320.0,,,,,,,,0.42
IQ-LAB-100771,68.0,female,8.6,4.71,13.5,86.2,303.0,11.0,5.397605346934028e-79,15.0,1.36,120.22,103.0,9.38,4.35
IQ-LAB-100772,45.0,female,8.9,3.97,12.5,96.4,243.0,16.0,5.397605346934028e-79,16.0,0.83,73.37,,,15.58
IQ-LAB-100773,2.0,male,9.5,4.5,12.6,81.2,286.0,,,,,,,,0.31
IQ-LAB-100774,61.0,male,5.2,4.43,13.0,87.5,216.0,37.0,5.397605346934028e-79,25.0,1.21,106.96,,,2.02
IQ-LAB-100775,21.0,female,7.2,4.83,13.2,85.3,268.0,7.0,5.397605346934028e-79,12.0,0.71,62.76,,,0.42
IQ-LAB-100776,7.0,male,7.0,4.63,12.1,78.4,306.0,,,,,,,,0.15
IQ-LAB-100778,18.0,female,6.4,4.19,12.3,85.2,143.0,10.0,5.397605346934028e-79,13.0,0.62,54.81,85.0,4.58,0.24
IQ-LAB-100779,6.0,male,5.4,4.94,13.2,79.1,257.0,,,,,,,,0.56
IQ-LAB-100780,54.0,male,10.3,4.62,13.0,86.5,368.0,21.0,5.397605346934028e-79,18.0,0.84,74.26,109.0,15.56,10.85
IQ-LAB-100782,39.0,male,7.7,5.37,15.8,86.9,260.0,27.0,5.397605346934028e-79,20.0,0.87,76.91,,,2.76
IQ-LAB-100783,15.0,male,6.4,5.08,15.1,89.4,159.0,22.0,5.397605346934028e-79,22.0,0.82,72.49,,,3.28
IQ-LAB-100784,11.0,female,9.3,5.05,11.7,72.8,329.0,,,,,,,,0.86
IQ-LAB-100786,5.0,male,7.2,4.35,10.8,75.1,386.0,,,,,,,,0.34
IQ-LAB-100787,72.0,male,10.2,4.58,13.4,88.1,304.0,20.0,5.397605346934028e-79,20.0,1.27,112.27,,,1.28
IQ-LAB-100788,35.0,male,9.1,5.42,17.7,97.7,296.0,81.0,5.397605346934028e-79,48.0,1.08,95.47,,,0.96
IQ-LAB-100790,60.0,female,5.7,4.78,13.6,83.1,345.0,26.0,5.397605346934028e-79,21.0,0.98,86.63,,,1.26
IQ-LAB-100791,4.0,female,16.8,4.93,13.1,80.4,338.0,,,,,,,,0.72
IQ-LAB-100792,68.0,female,7.6,5.55,13.1,77.2,261.0,9.0,5.397605346934028e-79,14.0,1.5,132.6,,,3.02
IQ-LAB-100793,12.0,male,5.1,4.55,13.3,89.3,167.0,14.0,5.397605346934028e-79,,0.59,52.16,,,0.22
IQ-LAB-100794,17.0,male,6.2,5.3,14.8,84.0,219.0,21.0,5.397605346934028e-79,30.0,0.97,85.75,96.0,4.24,1.3
IQ-LAB-100795,78.0,male,6.8,4.8,14.9,92.5,231.0,17.0,5.397605346934028e-79,20.0,0.81,71.6,,,0.83
IQ-LAB-100798,7.0,female,6.3,4.69,12.3,80.2,151.0,,,,,,,,
IQ-LAB-100800,76.0,female,9.4,4.09,12.2,89.2,208.0,11.0,5.397605346934028e-79,18.0,0.66,58.34,,,5.03
IQ-LAB-100801,34.0,male,6.6,5.54,17.3,90.4,241.0,31.0,5.397605346934028e-79,21.0,0.84,74.26,100.0,10.43,1.87
IQ-LAB-100802,51.0,female,9.2,4.62,13.3,84.5,266.0,15.0,5.397605346934028e-79,13.0,0.66,58.34,,,0.92
IQ-LAB-100803,1.0,female,7.7,4.54,11.8,75.8,244.0,,,,,,,,0.27
IQ-LAB-100804,12.0,male,5.1,5.15,14.1,81.4,277.0,17.0,5.397605346934028e-79,27.0,0.77,68.07,100.0,2.84,0.2
IQ-LAB-100805,80.0,female,5.0,3.75,12.4,94.1,266.0,9.0,5.397605346934028e-79,21.0,1.09,96.36,,,0.3
IQ-LAB-100806,3.0,male,8.9,4.6,12.4,77.4,376.0,,,,,,,,
IQ-LAB-100807,2.0,female,7.9,4.5,11.9,80.8,320.0,,,,,,,,0.5
IQ-LAB-100808,16.0,female,5.6,4.75,13.4,83.9,275.0,9.0,5.397605346934028e-79,12.0,0.88,77.79,85.0,8.32,1.17
IQ-LAB-100812,8.0,female,6.5,4.67,13.6,84.1,284.0,,,,,,,,1.43
IQ-LAB-100813,16.0,female,7.0,4.45,13.3,91.9,261.0,27.0,5.397605346934028e-79,20.0,0.67,59.23,100.0,9.68,1.18
IQ-LAB-100814,19.0,female,11.0,5.06,15.2,87.5,393.0,41.0,5.397605346934028e-79,32.0,0.68,60.11,,,6.34
IQ-LAB-100815,53.0,female,3.0,5.21,12.5,78.5,117.0,,,,,,89.0,,
IQ-LAB-100816,43.0,female,4.7,4.33,13.6,93.4,275.0,27.0,5.397605346934028e-79,24.0,0.7,61.88,,,4.36
IQ-LAB-100817,60.0,female,6.3,4.07,13.9,102.0,255.0,39.0,5.397605346934028e-79,47.0,0.73,64.53,94.0,7.0,33.7
IQ-LAB-100818,27.0,female,7.2,4.6,13.4,86.5,215.0,,,,,,,,
IQ-LAB-100819,30.0,male,6.8,4.66,15.5,98.1,217.0,23.0,5.397605346934028e-79,23.0,0.91,80.44,100.0,5.45,0.33
IQ-LAB-100820,1.0,male,6.3,4.39,12.5,80.0,229.0,,,,,,,,0.32
IQ-LAB-100821,68.0,female,8.2,5.38,11.3,66.9,315.0,18.0,5.397605346934028e-79,20.0,0.54,47.74,171.0,11.37,2.3
IQ-LAB-100824,3.0,female,7.0,4.8,11.7,75.4,201.0,,,,,,,,0.45
IQ-LAB-100825,37.0,female,8.6,4.36,11.9,84.1,229.0,13.0,5.397605346934028e-79,17.0,0.63,55.69,,,8.57
IQ-LAB-100826,5.0,female,7.2,4.35,13.0,88.4,275.0,,,,,,,,0.33
IQ-LAB-100827,45.0,female,10.8,4.4,13.6,91.9,225.0,,,,,,86.0,,
IQ-LAB-100828,1.0,female,15.3,5.08,13.4,78.4,295.0,,,,,,,,38.22
IQ-LAB-100829,43.0,male,3.4,4.97,14.2,87.9,253.0,17.0,5.397605346934028e-79,15.0,0.89,78.68,89.0,13.7,0.95
IQ-LAB-100830,4.0,female,7.1,4.08,11.5,84.5,235.0,,,,,,,,0.33
IQ-LAB-100832,36.0,female,7.2,4.71,14.9,92.7,206.0,,,,,,,,
IQ-LAB-100834,80.0,male,5.9,4.2,12.4,89.6,203.0,9.0,5.397605346934028e-79,16.0,0.86,76.02,,,0.89
IQ-LAB-100835,2.0,male,8.6,4.42,11.8,78.5,284.0,,,,,,,,
IQ-LAB-100836,63.0,male,5.5,4.95,15.6,92.6,224.0,11.0,5.397605346934028e-79,15.0,0.67,59.23,107.0,2.47,0.23
IQ-LAB-100837,68.0,male,7.8,4.96,14.8,87.6,201.0,20.0,5.397605346934028e-79,19.0,1.35,119.34,,,0.54
IQ-LAB-100838,37.0,female,9.4,5.09,13.2,76.7,376.0,29.0,5.397605346934028e-79,17.0,0.78,68.95,,,3.62
IQ-LAB-100840,76.0,male,7.5,5.11,15.4,88.5,226.0,26.0,5.397605346934028e-79,49.0,0.87,76.91,,,11.25
IQ-LAB-100841,41.0,female,6.8,4.37,14.0,93.5,237.0,12.0,5.397605346934028e-79,16.0,0.68,60.11,,,0.85
IQ-LAB-100842,7.0,male,6.7,4.3,12.2,80.9,318.0,,,,,,,,0.6
IQ-LAB-100843,33.0,male,6.5,4.8,14.9,91.0,237.0,50.0,5.397605346934028e-79,45.0,1.08,95.47,,,8.14
IQ-LAB-100844,59.0,male,8.1,4.71,11.8,75.9,231.0,11.0,5.397605346934028e-79,20.0,0.83,73.37,,,
IQ-LAB-100846,29.0,male,5.2,5.15,16.1,89.0,204.0,23.0,5.397605346934028e-79,18.0,1.06,93.7,88.0,4.93,0.66
IQ-LAB-100848,70.0,female,9.9,4.66,14.2,87.8,226.0,19.0,5.397605346934028e-79,22.0,0.66,58.34,,,2.86
IQ-LAB-100849,26.0,male,8.9,5.56,15.7,84.6,217.0,49.0,5.397605346934028e-79,29.0,0.88,77.79,125.0,27.09,16.91
IQ-LAB-100851,71.0,female,5.5,3.64,11.4,95.2,235.0,17.0,5.397605346934028e-79,18.0,0.78,68.95,,,14.22
IQ-LAB-100853,80.0,male,3.7,3.77,13.2,104.0,128.0,46.0,5.397605346934028e-79,54.0,1.73,152.93,174.0,5.54,4.42
IQ-LAB-100854,6.0,female,8.0,4.29,12.1,84.0,247.0,,,,,,,,0.5
IQ-LAB-100855,30.0,female,8.3,4.09,12.4,91.6,287.0,12.0,5.397605346934028e-79,19.0,0.76,67.18,,,1.01
IQ-LAB-100856,75.0,female,7.5,3.81,12.4,96.3,193.0,43.0,5.397605346934028e-79,42.0,0.81,71.6,122.0,5.13,1.16
IQ-LAB-100857,13.0,female,8.5,5.03,14.3,81.9,165.0,10.0,5.397605346934028e-79,17.0,0.41,36.24,97.0,16.25,5.08
IQ-LAB-100858,2.0,male,9.5,4.97,12.3,73.1,254.0,,,,,,,,0.49
IQ-LAB-100859,17.0,female,8.7,4.94,12.8,77.9,306.0,22.0,5.397605346934028e-79,18.0,0.44,38.9,,,8.22
IQ-LAB-100860,36.0,female,7.7,4.51,12.1,81.1,287.0,6.0,5.397605346934028e-79,10.0,0.87,76.91,147.0,28.12,9.01
IQ-LAB-100861,36.0,male,6.3,4.55,14.5,90.1,233.0,50.0,5.397605346934028e-79,33.0,0.87,76.91,,,3.99
IQ-LAB-100862,62.0,female,7.1,4.92,13.8,84.5,224.0,18.0,5.397605346934028e-79,19.0,0.67,59.23,,,7.55
IQ-LAB-100865,52.0,female,7.8,4.06,12.6,94.2,240.0,,,,,,,,
IQ-LAB-100866,46.0,male,6.6,5.21,15.5,88.5,229.0,31.0,5.397605346934028e-79,30.0,1.06,93.7,112.0,11.84,3.73
IQ-LAB-100868,5.0,female,9.7,5.69,10.5,59.1,367.0,,,,,,,,0.19
IQ-LAB-100869,4.0,female,7.0,5.23,13.1,76.3,354.0,,,,,,,,0.63
IQ-LAB-100871,10.0,male,6.3,4.74,13.4,80.5,245.0,,,,,,,,0.53
IQ-LAB-100872,71.0,female,5.4,4.54,12.4,86.7,205.0,13.0,5.397605346934028e-79,13.0,0.5,44.2,127.0,35.32,1.63
IQ-LAB-100874,55.0,male,5.5,4.82,14.3,90.2,192.0,27.0,5.397605346934028e-79,23.0,0.9,79.56,93.0,1.87,0.83
IQ-LAB-100875,80.0,male,8.6,5.05,15.0,84.2,236.0,22.0,5.397605346934028e-79,25.0,0.74,65.42,,,0.87
IQ-LAB-100876,77.0,male,3.3,3.59,13.2,107.8,188.0,32.0,5.397605346934028e-79,30.0,1.17,103.43,127.0,12.11,0.38
IQ-LAB-100877,25.0,male,5.2,5.1,14.8,86.6,234.0,16.0,5.397605346934028e-79,21.0,1.14,100.78,,,0.33
IQ-LAB-100879,71.0,male,5.9,4.23,13.6,96.2,183.0,12.0,5.397605346934028e-79,14.0,1.04,91.94,145.0,6.21,3.51
IQ-LAB-100880,46.0,male,11.0,4.82,14.5,91.5,267.0,13.0,5.397605346934028e-79,14.0,1.14,100.78,114.0,10.26,2.26
IQ-LAB-100881,26.0,male,4.2,4.37,13.6,92.0,179.0,21.0,5.397605346934028e-79,26.0,1.33,117.57,90.0,3.74,0.88
IQ-LAB-100882,18.0,male,7.4,5.5,16.5,89.7,196.0,17.0,5.397605346934028e-79,15.0,0.75,66.3,101.0,6.37,0.45
IQ-LAB-100884,18.0,male,7.3,5.61,16.6,86.9,259.0,23.0,5.397605346934028e-79,22.0,0.88,77.79,90.0,17.11,2.06
IQ-LAB-100885,13.0,male,4.1,4.21,12.1,83.6,276.0,12.0,5.397605346934028e-79,19.0,0.51,45.08,,,0.37
IQ-LAB-100886,72.0,female,8.2,4.44,12.7,87.3,179.0,15.0,5.397605346934028e-79,21.0,1.09,96.36,,,7.12
IQ-LAB-100887,64.0,female,7.7,4.58,13.8,89.6,162.0,19.0,5.397605346934028e-79,14.0,0.76,67.18,,,8.43
IQ-LAB-100888,8.0,female,6.5,4.47,12.8,82.8,361.0,,,,,,,,0.4
IQ-LAB-100889,18.0,male,5.6,5.42,14.4,82.2,229.0,11.0,5.397605346934028e-79,17.0,1.05,92.82,100.0,9.19,0.53
IQ-LAB-100890,68.0,female,7.4,4.18,12.4,88.0,181.0,21.0,5.397605346934028e-79,31.0,0.57,50.39,,,0.57
IQ-LAB-100891,6.0,female,10.9,4.47,12.7,84.8,377.0,,,,,,,,0.3
IQ-LAB-100892,23.0,male,4.8,5.3,15.6,88.0,201.0,13.0,5.397605346934028e-79,16.0,1.09,96.36,93.0,7.21,0.45
IQ-LAB-100893,8.0,female,7.8,4.74,13.6,85.2,303.0,,,,,,,,1.81
IQ-LAB-100894,17.0,female,5.5,4.64,12.7,81.3,320.0,13.0,5.397605346934028e-79,12.0,0.8,70.72,,,0.51
IQ-LAB-100895,58.0,female,8.4,5.13,13.0,79.6,236.0,27.0,5.397605346934028e-79,20.0,0.76,67.18,101.0,6.18,1.66
IQ-LAB-100896,28.0,female,7.6,4.37,11.0,80.4,170.0,35.0,5.397605346934028e-79,22.0,0.62,54.81,89.0,11.31,9.15
IQ-LAB-100897,2.0,female,5.8,4.32,11.8,79.8,293.0,,,,,,,,0.25
IQ-LAB-100898,42.0,female,7.9,4.54,13.8,91.2,348.0,8.0,5.397605346934028e-79,18.0,0.67,59.23,102.0,8.79,2.08
IQ-LAB-100900,2.0,female,4.8,5.41,11.3,64.9,256.0,,,,,,,,0.42
IQ-LAB-100901,16.0,female,6.3,4.34,13.2,89.1,358.0,17.0,5.397605346934028e-79,31.0,0.74,65.42,88.0,7.76,4.32
IQ-LAB-100902,52.0,female,6.1,4.88,14.4,85.9,297.0,12.0,5.397605346934028e-79,13.0,0.73,64.53,,,1.24
IQ-LAB-100903,9.0,male,8.2,4.57,12.7,82.1,276.0,,,,,,,,0.15
IQ-LAB-100904,17.0,female,10.0,4.17,12.0,86.3,257.0,13.0,5.397605346934028e-79,23.0,0.67,59.23,,,0.49
IQ-LAB-100905,80.0,male,5.1,4.67,14.8,94.1,174.0,23.0,5.397605346934028e-79,22.0,1.01,89.28,106.0,17.92,0.74
IQ-LAB-100906,1.0,male,14.2,4.98,12.9,74.4,395.0,,,,,,,,1.89
IQ-LAB-100907,41.0,male,6.9,5.02,15.2,87.0,230.0,19.0,5.397605346934028e-79,16.0,0.99,87.52,,,0.8
IQ-LAB-100908,12.0,female,8.5,4.7,14.1,87.3,246.0,10.0,5.397605346934028e-79,17.0,0.48,42.43,,,0.19
IQ-LAB-100911,26.0,male,7.3,5.47,15.8,85.6,210.0,20.0,5.397605346934028e-79,16.0,0.97,85.75,102.0,8.86,1.49
IQ-LAB-100912,10.0,male,4.0,4.61,12.3,80.9,260.0,,,,,,,,0.25
IQ-LAB-100913,23.0,female,10.3,4.15,13.3,96.0,313.0,23.0,5.397605346934028e-79,20.0,0.77,68.07,,,4.14
IQ-LAB-100914,80.0,female,8.0,4.17,12.8,91.5,221.0,14.0,5.397605346934028e-79,19.0,0.81,71.6,,,2.86
IQ-LAB-100915,67.0,male,7.0,4.35,13.7,93.6,210.0,21.0,5.397605346934028e-79,21.0,0.94,83.1,102.0,11.36,3.6
IQ-LAB-100917,19.0,male,5.8,5.57,12.8,71.7,251.0,19.0,5.397605346934028e-79,19.0,0.9,79.56,,,0.31
IQ-LAB-100919,80.0,male,5.2,4.28,13.3,91.8,170.0,13.0,5.397605346934028e-79,22.0,0.95,83.98,,,0.83
IQ-LAB-100920,61.0,female,6.9,4.28,13.7,94.6,312.0,17.0,5.397605346934028e-79,20.0,0.96,84.86,,,4.24
IQ-LAB-100922,5.0,female,11.3,4.46,13.3,85.8,337.0,,,,,,,,
IQ-LAB-100923,22.0,male,6.0,4.86,14.0,83.5,204.0,13.0,5.397605346934028e-79,13.0,0.74,65.42,,,0.57
IQ-LAB-100924,40.0,female,8.7,4.36,15.3,99.1,246.0,17.0,5.397605346934028e-79,16.0,0.75,66.3,,,11.62
IQ-LAB-100925,45.0,female,7.0,4.09,13.2,96.5,291.0,12.0,5.397605346934028e-79,20.0,1.11,98.12,,,4.98
IQ-LAB-100928,25.0,male,7.7,5.17,16.2,91.5,217.0,12.0,5.397605346934028e-79,20.0,0.86,76.02,99.0,4.16,0.84
IQ-LAB-100929,40.0,female,5.3,4.18,13.4,93.2,226.0,27.0,5.397605346934028e-79,22.0,0.83,73.37,99.0,11.11,1.35
IQ-LAB-100930,59.0,female,10.1,4.72,13.9,85.4,195.0,35.0,5.397605346934028e-79,29.0,0.67,59.23,,,7.08
IQ-LAB-100931,11.0,female,9.0,4.57,13.5,85.9,318.0,,,,,,,,0.5
IQ-LAB-100932,11.0,male,4.2,4.97,12.6,78.5,244.0,,,,,,,,0.46
IQ-LAB-100933,65.0,female,3.7,4.55,13.7,91.2,195.0,18.0,5.397605346934028e-79,19.0,0.6,53.04,91.0,4.16,0.76
IQ-LAB-100934,37.0,female,6.3,4.98,15.1,89.8,262.0,12.0,5.397605346934028e-79,15.0,0.77,68.07,79.0,10.25,4.29
IQ-LAB-100935,20.0,male,7.8,5.0,14.9,90.1,267.0,23.0,5.397605346934028e-79,27.0,0.9,79.56,98.0,3.52,3.15
IQ-LAB-100936,57.0,female,6.2,4.87,14.2,86.1,289.0,29.0,5.397605346934028e-79,26.0,0.59,52.16,160.0,13.9,1.5
IQ-LAB-100937,55.0,male,5.1,5.19,15.5,88.1,229.0,30.0,5.397605346934028e-79,30.0,1.02,90.17,,,1.24
IQ-LAB-100939,15.0,female,7.5,4.96,12.0,75.4,251.0,9.0,5.397605346934028e-79,19.0,0.66,58.34,97.0,13.97,2.13
IQ-LAB-100940,18.0,female,8.3,4.36,12.9,86.3,345.0,11.0,5.397605346934028e-79,15.0,0.51,45.08,,,0.29
IQ-LAB-100941,80.0,female,5.9,3.96,12.2,96.5,248.0,8.0,5.397605346934028e-79,15.0,0.75,66.3,,,42.27
IQ-LAB-100942,20.0,male,9.6,5.15,15.7,89.7,228.0,16.0,5.397605346934028e-79,13.0,0.94,83.1,,,1.28
IQ-LAB-100944,13.0,male,4.5,5.39,14.7,80.6,287.0,10.0,5.397605346934028e-79,16.0,0.62,54.81,105.0,9.39,0.54
IQ-LAB-100946,16.0,male,4.3,5.96,15.7,80.1,206.0,25.0,5.397605346934028e-79,24.0,0.82,72.49,104.0,14.31,0.78
IQ-LAB-100947,37.0,female,10.6,4.52,13.9,89.2,237.0,16.0,5.397605346934028e-79,15.0,0.86,76.02,,,4.31
IQ-LAB-100948,68.0,female,7.6,5.22,12.9,78.1,269.0,39.0,5.397605346934028e-79,32.0,0.85,75.14,,,1.11
IQ-LAB-100949,51.0,female,8.8,4.68,13.8,89.7,255.0,17.0,5.397605346934028e-79,19.0,0.88,77.79,103.0,18.39,13.81
IQ-LAB-100950,61.0,female,9.2,4.08,13.9,97.8,100.0,53.0,5.397605346934028e-79,113.0,1.12,99.01,,,0.42
IQ-LAB-100951,62.0,male,4.7,3.84,8.6,72.2,329.0,5.0,5.397605346934028e-79,7.0,1.63,144.09,,,66.51
IQ-LAB-100952,21.0,male,5.9,5.32,15.0,82.7,203.0,28.0,5.397605346934028e-79,21.0,0.85,75.14,95.0,3.56,1.92
IQ-LAB-100954,47.0,male,10.9,5.62,16.8,89.6,179.0,86.0,5.397605346934028e-79,34.0,0.93,82.21,,,1.91
IQ-LAB-100955,64.0,male,7.5,4.62,15.4,98.1,223.0,57.0,5.397605346934028e-79,34.0,0.88,77.79,,,11.23
IQ-LAB-100956,10.0,male,5.6,4.89,14.2,84.4,306.0,,,,,,,,0.37
IQ-LAB-100958,4.0,female,6.0,4.48,11.7,79.3,284.0,,,,,,,,0.8
IQ-LAB-100959,10.0,male,7.2,4.39,13.0,84.7,288.0,,,,,,,,0.29
IQ-LAB-100960,11.0,male,6.8,4.78,13.9,83.2,300.0,,,,,,,,0.36
IQ-LAB-100961,20.0,female,7.9,4.54,14.6,95.5,206.0,11.0,5.397605346934028e-79,18.0,0.84,74.26,90.0,12.31,8.79
IQ-LAB-100963,80.0,male,4.1,5.66,13.0,72.1,194.0,,,,,,,,
IQ-LAB-100965,25.0,female,5.5,4.65,12.2,82.9,238.0,15.0,5.397605346934028e-79,20.0,0.83,73.37,77.0,6.1,0.37
IQ-LAB-100966,37.0,female,7.0,4.38,12.4,85.0,169.0,12.0,5.397605346934028e-79,15.0,0.56,49.5,94.0,5.02,0.82
IQ-LAB-100967,38.0,female,9.8,4.56,13.2,83.9,308.0,12.0,5.397605346934028e-79,18.0,0.81,71.6,,,1.56
IQ-LAB-100968,65.0,female,9.8,4.63,12.4,81.4,295.0,14.0,5.397605346934028e-79,14.0,0.76,67.18,,,6.03
IQ-LAB-100969,61.0,female,11.7,4.26,10.0,75.3,447.0,12.0,5.397605346934028e-79,15.0,3.1,274.04,,,2.14
IQ-LAB-100970,16.0,male,6.4,4.76,14.5,90.7,180.0,14.0,5.397605346934028e-79,23.0,0.77,68.07,,,0.44
IQ-LAB-100971,22.0,female,11.7,4.84,12.4,80.1,342.0,16.0,5.397605346934028e-79,18.0,0.65,57.46,,,4.6
IQ-LAB-100972,57.0,male,4.1,5.1,14.7,86.1,221.0,21.0,5.397605346934028e-79,24.0,1.4,123.76,,,0.8
IQ-LAB-100973,28.0,male,5.2,4.94,14.1,88.6,207.0,29.0,5.397605346934028e-79,23.0,0.92,81.33,91.0,7.55,11.49
IQ-LAB-100974,15.0,male,5.7,5.38,14.8,82.9,258.0,10.0,5.397605346934028e-79,14.0,0.9,79.56,93.0,6.64,1.16
IQ-LAB-100976,10.0,female,4.2,4.13,12.7,90.1,288.0,,,,,,,,0.31
IQ-LAB-100978,18.0,female,7.9,4.47,13.6,89.2,323.0,17.0,5.397605346934028e-79,18.0,0.77,68.07,91.0,9.32,1.33
IQ-LAB-100979,12.0,female,7.3,4.02,12.2,91.7,238.0,9.0,5.397605346934028e-79,17.0,0.64,56.58,,,0.41
IQ-LAB-100982,10.0,male,8.3,5.29,14.4,79.9,303.0,,,,,,,,2.52
IQ-LAB-100983,42.0,female,8.2,4.28,12.5,87.8,314.0,13.0,5.397605346934028e-79,16.0,0.68,60.11,,,1.93
IQ-LAB-100985,23.0,male,4.8,5.09,15.5,87.1,210.0,27.0,5.397605346934028e-79,64.0,1.03,91.05,95.0,3.54,2.98
IQ-LAB-100986,50.0,female,7.7,4.58,13.4,87.6,214.0,20.0,5.397605346934028e-79,16.0,0.58,51.27,127.0,13.72,5.7
IQ-LAB-100987,60.0,male,7.6,5.19,14.9,82.9,159.0,31.0,5.397605346934028e-79,30.0,0.81,71.6,,,1.27
IQ-LAB-100988,80.0,male,8.6,4.55,14.3,93.7,216.0,19.0,5.397605346934028e-79,21.0,0.64,56.58,,,1.34
IQ-LAB-100989,68.0,female,6.4,5.47,14.3,79.8,180.0,10.0,5.397605346934028e-79,19.0,0.92,81.33,106.0,8.31,1.1
IQ-LAB-100990,3.0,male,8.3,4.6,12.7,81.2,559.0,,,,,,,,
IQ-LAB-100991,9.0,female,4.0,4.72,14.0,87.1,206.0,,,,,,,,0.31
IQ-LAB-100992,27.0,male,6.4,4.58,13.8,88.7,445.0,125.0,5.397605346934028e-79,81.0,1.41,124.64,,,1.09
IQ-LAB-100993,7.0,male,10.1,4.59,11.9,79.9,275.0,,,,,,,,0.35
IQ-LAB-100994,28.0,male,7.4,4.48,14.2,92.6,212.0,18.0,5.397605346934028e-79,18.0,0.69,61.0,,,1.02
IQ-LAB-100995,1.0,male,12.5,4.81,12.3,76.8,275.0,,,,,,,,3.99
IQ-LAB-100996,52.0,male,9.7,5.26,15.8,86.8,228.0,23.0,5.397605346934028e-79,20.0,1.0,88.4,109.0,7.28,1.22
IQ-LAB-100997,60.0,female,6.8,5.0,13.6,82.7,227.0,14.0,5.397605346934028e-79,17.0,0.74,65.42,124.0,26.26,13.7
IQ-LAB-100999,29.0,female,8.7,4.64,14.4,90.4,250.0,9.0,5.397605346934028e-79,13.0,0.66,58.34,,,1.48
IQ-LAB-101000,12.0,female,3.7,4.71,13.2,83.3,272.0,8.0,5.397605346934028e-79,16.0,0.59,52.16,95.0,7.8,0.44
IQ-LAB-101001,67.0,male,6.3,5.08,13.9,85.3,224.0,19.0,5.397605346934028e-79,18.0,1.0,88.4,,,3.2
IQ-LAB-101002,37.0,female,7.6,4.24,13.2,92.0,258.0,8.0,5.397605346934028e-79,16.0,0.76,67.18,,,0.49
IQ-LAB-101003,56.0,male,7.4,5.1,16.4,89.7,245.0,30.0,5.397605346934028e-79,23.0,0.81,71.6,106.0,14.14,1.1
IQ-LAB-101004,29.0,male,4.7,5.07,15.9,90.4,212.0,11.0,5.397605346934028e-79,19.0,1.0,88.4,,,0.42
IQ-LAB-101005,29.0,female,4.1,4.33,13.7,91.9,217.0,12.0,5.397605346934028e-79,16.0,0.81,71.6,93.0,3.28,1.0
IQ-LAB-101006,76.0,male,4.7,3.76,13.5,102.7,150.0,21.0,5.397605346934028e-79,28.0,0.96,84.86,,,5.76
IQ-LAB-101007,43.0,female,10.9,4.7,14.9,91.5,146.0,19.0,5.397605346934028e-79,18.0,0.81,71.6,,,3.54
IQ-LAB-101008,1.0,female,14.1,4.45,11.5,77.3,361.0,,,,,,,,0.69
IQ-LAB-101009,21.0,female,13.0,5.01,14.4,86.7,320.0,20.0,5.397605346934028e-79,13.0,0.61,53.92,103.0,43.62,8.43
IQ-LAB-101010,71.0,male,3.8,4.29,13.0,87.4,217.0,17.0,5.397605346934028e-79,19.0,0.99,87.52,,,10.9
IQ-LAB-101011,23.0,male,8.4,4.85,15.0,92.0,340.0,34.0,5.397605346934028e-79,24.0,0.91,80.44,100.0,6.18,5.26
IQ-LAB-101013,44.0,female,8.3,5.02,13.8,82.2,226.0,13.0,5.397605346934028e-79,16.0,0.77,68.07,,,3.08
IQ-LAB-101014,42.0,female,6.1,4.68,15.1,94.9,212.0,8.0,5.397605346934028e-79,12.0,0.66,58.34,100.0,5.94,1.66
IQ-LAB-101015,80.0,female,9.8,5.65,14.6,79.4,213.0,13.0,5.397605346934028e-79,15.0,0.75,66.3,88.0,8.3,1.38
IQ-LAB-101016,8.0,male,5.9,5.27,14.6,80.1,266.0,,,,,,,,0.25
IQ-LAB-101017,65.0,male,5.1,4.08,12.0,88.3,201.0,10.0,5.397605346934028e-79,13.0,1.36,120.22,,,9.76
IQ-LAB-101018,77.0,male,5.1,4.55,14.6,95.6,231.0,23.0,5.397605346934028e-79,27.0,1.4,123.76,,,3.63
IQ-LAB-101019,49.0,male,5.0,4.94,15.9,90.9,211.0,43.0,5.397605346934028e-79,24.0,0.96,84.86,,,1.73
IQ-LAB-101020,15.0,male,3.3,4.77,14.9,92.2,178.0,10.0,5.397605346934028e-79,16.0,0.73,64.53,102.0,11.2,0.35
IQ-LAB-101021,61.0,male,6.3,5.36,15.1,86.2,189.0,14.0,5.397605346934028e-79,19.0,1.16,102.54,137.0,3.35,2.69
IQ-LAB-101022,75.0,male,3.5,3.89,12.9,100.8,211.0,,,,,,,,
IQ-LAB-101023,52.0,male,5.5,4.94,15.3,91.7,176.0,17.0,5.397605346934028e-79,17.0,1.0,88.4,101.0,4.16,1.72
IQ-LAB-101024,53.0,male,9.0,5.17,15.7,87.3,199.0,32.0,5.397605346934028e-79,23.0,1.17,103.43,134.0,9.33,0.97
IQ-LAB-101025,23.0,female,4.6,4.63,13.3,88.1,230.0,10.0,5.397605346934028e-79,18.0,0.73,64.53,97.0,7.93,2.1
IQ-LAB-101026,61.0,female,8.7,4.88,13.9,87.2,269.0,18.0,5.397605346934028e-79,18.0,0.62,54.81,,,0.77
IQ-LAB-101027,55.0,male,8.0,4.38,14.3,96.2,258.0,19.0,5.397605346934028e-79,18.0,0.74,65.42,,,3.97
IQ-LAB-101028,59.0,female,4.9,4.86,13.8,90.1,248.0,15.0,5.397605346934028e-79,19.0,0.72,63.65,104.0,8.02,1.28
IQ-LAB-101029,14.0,male,4.8,5.04,14.5,84.5,253.0,14.0,5.397605346934028e-79,20.0,0.51,45.08,110.0,27.48,0.41
IQ-LAB-101030,30.0,female,8.7,4.55,13.9,85.8,281.0,5.0,5.397605346934028e-79,12.0,0.6,53.04,,,0.52
IQ-LAB-101031,27.0,male,12.0,5.26,15.4,82.2,269.0,30.0,5.397605346934028e-79,18.0,0.9,79.56,,,5.66
IQ-LAB-101032,14.0,male,7.2,4.93,15.5,89.2,180.0,14.0,5.397605346934028e-79,16.0,0.76,67.18,,,0.88
IQ-LAB-101033,63.0,male,4.4,4.81,14.1,89.6,220.0,34.0,5.397605346934028e-79,20.0,1.16,102.54,127.0,18.14,1.03
IQ-LAB-101034,46.0,female,7.1,4.67,14.0,87.7,293.0,8.0,5.397605346934028e-79,13.0,0.9,79.56,83.0,11.54,5.31
IQ-LAB-101035,15.0,female,8.5,4.82,14.1,87.4,330.0,11.0,5.397605346934028e-79,15.0,0.61,53.92,,,0.69
IQ-LAB-101036,80.0,female,7.9,4.24,13.6,93.3,219.0,10.0,5.397605346934028e-79,20.0,1.13,99.89,,,1.65
IQ-LAB-101037,41.0,female,8.4,4.96,15.3,91.2,346.0,30.0,5.397605346934028e-79,22.0,0.72,63.65,102.0,9.96,2.01
IQ-LAB-101039,14.0,male,4.0,5.05,13.5,80.7,232.0,18.0,5.397605346934028e-79,28.0,0.53,46.85,,,0.3
IQ-LAB-101040,61.0,male,9.7,4.65,13.3,86.6,212.0,18.0,5.397605346934028e-79,17.0,0.96,84.86,,,3.19
IQ-LAB-101041,4.0,female,8.2,3.97,11.8,86.3,358.0,,,,,,,,0.84
IQ-LAB-101042,13.0,male,5.6,5.49,11.9,69.3,278.0,11.0,5.397605346934028e-79,17.0,0.67,59.23,99.0,9.21,0.4
IQ-LAB-101043,72.0,male,4.4,4.34,13.2,91.0,216.0,18.0,5.397605346934028e-79,18.0,0.97,85.75,116.0,8.47,0.59
IQ-LAB-101045,17.0,female,5.3,4.94,14.3,87.1,211.0,21.0,5.397605346934028e-79,21.0,0.75,66.3,83.0,5.47,0.85
IQ-LAB-101046,68.0,male,3.7,4.47,13.9,92.3,173.0,19.0,5.397605346934028e-79,20.0,0.74,65.42,154.0,13.52,1.6
IQ-LAB-101047,18.0,male,6.5,5.2,15.4,87.0,204.0,22.0,5.397605346934028e-79,36.0,1.09,96.36,,,1.22
IQ-LAB-101049,57.0,female,9.8,4.3,11.9,83.1,257.0,14.0,5.397605346934028e-79,12.0,0.67,59.23,,,11.14
IQ-LAB-101051,57.0,male,12.2,5.21,14.3,83.7,391.0,22.0,5.397605346934028e-79,13.0,0.69,61.0,,,13.66
IQ-LAB-101052,49.0,female,13.0,4.61,12.8,83.6,336.0,12.0,5.397605346934028e-79,18.0,0.78,68.95,105.0,35.07,90.51
IQ-LAB-101054,17.0,female,3.8,4.04,12.9,93.6,206.0,7.0,5.397605346934028e-79,15.0,0.6,53.04,,,0.33
IQ-LAB-101057,12.0,male,5.3,4.58,13.1,86.6,242.0,9.0,5.397605346934028e-79,20.0,0.55,48.62,96.0,5.1,3.9
IQ-LAB-101058,9.0,female,7.7,5.23,14.7,81.1,340.0,,,,,,,,0.5
IQ-LAB-101060,71.0,male,5.4,3.76,11.3,90.3,145.0,,,,,,,,
IQ-LAB-101063,80.0,male,4.6,4.99,14.1,87.1,201.0,14.0,5.397605346934028e-79,23.0,1.24,109.62,,,5.81
IQ-LAB-101064,28.0,male,6.5,5.29,15.9,90.0,252.0,80.0,5.397605346934028e-79,34.0,1.18,104.31,103.0,18.94,0.78
IQ-LAB-101065,44.0,female,4.1,4.17,13.2,94.1,164.0,23.0,5.397605346934028e-79,28.0,0.85,75.14,111.0,14.52,0.5
IQ-LAB-101066,5.0,male,8.6,4.5,12.9,83.7,338.0,,,,,,,,0.46
IQ-LAB-101067,16.0,male,8.0,4.34,13.3,89.9,309.0,12.0,5.397605346934028e-79,22.0,0.76,67.18,,,0.71
IQ-LAB-101068,55.0,female,5.2,4.32,13.3,91.5,339.0,16.0,5.397605346934028e-79,22.0,0.76,67.18,,,0.97
IQ-LAB-101069,32.0,male,4.0,5.13,14.5,84.0,239.0,30.0,5.397605346934028e-79,24.0,0.95,83.98,89.0,8.18,2.08
IQ-LAB-101070,34.0,female,5.4,4.47,13.0,86.9,237.0,23.0,5.397605346934028e-79,19.0,0.67,59.23,91.0,11.28,12.19
IQ-LAB-101071,2.0,male,6.8,4.69,12.9,81.2,297.0,,,,,,,,
IQ-LAB-101072,2.0,male,6.7,4.16,12.0,83.0,281.0,,,,,,,,0.29
IQ-LAB-101073,62.0,male,5.1,4.88,15.0,91.2,259.0,28.0,5.397605346934028e-79,27.0,0.78,68.95,,,0.96
IQ-LAB-101075,67.0,male,12.0,5.26,14.6,81.2,171.0,26.0,5.397605346934028e-79,23.0,1.34,118.46,,,1.45
IQ-LAB-101076,22.0,female,7.4,4.99,14.1,81.9,259.0,17.0,5.397605346934028e-79,11.0,0.79,69.84,92.0,4.7,2.51
IQ-LAB-101077,36.0,male,6.2,5.16,15.9,88.3,188.0,35.0,5.397605346934028e-79,27.0,0.92,81.33,,,0.98
IQ-LAB-101078,62.0,male,5.2,4.18,13.5,91.6,200.0,25.0,5.397605346934028e-79,18.0,1.2,106.08,125.0,40.81,9.37
IQ-LAB-101079,51.0,female,4.1,4.6,12.2,80.8,283.0,10.0,5.397605346934028e-79,15.0,0.57,50.39,87.0,3.57,0.34
IQ-LAB-101080,14.0,male,3.9,4.97,15.1,89.4,265.0,15.0,5.397605346934028e-79,21.0,0.69,61.0,102.0,6.63,0.11
IQ-LAB-101081,13.0,female,7.4,4.58,12.2,81.3,250.0,8.0,5.397605346934028e-79,16.0,0.54,47.74,,,0.52
IQ-LAB-101082,3.0,female,12.5,4.96,14.6,84.2,261.0,,,,,,,,0.36
IQ-LAB-101083,17.0,male,5.4,4.8,15.1,89.4,241.0,19.0,5.397605346934028e-79,19.0,0.79,69.84,,,0.37
IQ-LAB-101084,46.0,female,8.2,4.55,14.0,87.6,265.0,8.0,5.397605346934028e-79,12.0,0.56,49.5,,,0.43
IQ-LAB-101085,31.0,male,6.6,4.94,14.4,87.3,180.0,49.0,5.397605346934028e-79,24.0,0.96,84.86,110.0,18.74,6.27
IQ-LAB-101086,32.0,male,6.2,5.01,14.4,85.9,300.0,54.0,5.397605346934028e-79,45.0,0.97,85.75,,,0.78
IQ-LAB-101087,51.0,female,8.1,4.85,14.6,92.5,326.0,11.0,5.397605346934028e-79,17.0,0.49,43.32,95.0,12.44,0.36
IQ-LAB-101088,80.0,female,11.3,4.39,13.9,95.5,266.0,18.0,5.397605346934028e-79,19.0,0.81,71.6,,,0.69
IQ-LAB-101089,19.0,female,10.4,4.67,13.9,89.2,289.0,23.0,5.397605346934028e-79,19.0,0.65,57.46,,,13.24
IQ-LAB-101090,17.0,female,9.6,4.58,13.4,85.7,307.0,11.0,5.397605346934028e-79,16.0,0.75,66.3,,,1.08
IQ-LAB-101091,58.0,female,5.6,4.8,12.0,77.3,258.0,9.0,5.397605346934028e-79,18.0,0.97,85.75,90.0,4.67,3.62
IQ-LAB-101092,13.0,male,4.1,4.92,14.3,86.6,213.0,9.0,5.397605346934028e-79,14.0,0.57,50.39,97.0,10.56,0.16
IQ-LAB-101093,63.0,female,6.3,4.38,12.3,83.2,205.0,,,,,,186.0,,
IQ-LAB-101094,14.0,male,5.4,4.85,14.7,87.7,233.0,10.0,5.397605346934028e-79,13.0,0.98,86.63,98.0,18.34,0.5
IQ-LAB-101095,56.0,female,6.3,4.98,14.7,88.2,160.0,5.0,5.397605346934028e-79,22.0,0.59,52.16,,,0.37
IQ-LAB-101096,56.0,female,4.7,4.53,13.8,89.5,282.0,23.0,5.397605346934028e-79,18.0,0.73,64.53,109.0,16.75,2.95
IQ-LAB-101097,39.0,female,7.2,4.6,13.2,86.0,268.0,21.0,5.397605346934028e-79,40.0,0.69,61.0,95.0,35.84,5.41
IQ-LAB-101098,3.0,female,9.5,4.53,13.0,85.8,248.0,,,,,,,,0.41
IQ-LAB-101099,23.0,female,7.5,4.55,12.3,80.5,264.0,16.0,5.397605346934028e-79,16.0,0.62,54.81,,,1.71
IQ-LAB-101100,10.0,female,7.4,4.43,12.5,83.9,314.0,,,,,,,,0.35
IQ-LAB-101101,22.0,male,7.0,4.96,15.1,87.6,290.0,68.0,5.397605346934028e-79,37.0,1.25,110.5,,,3.15
IQ-LAB-101102,80.0,male,4.3,4.75,15.0,94.0,156.0,22.0,5.397605346934028e-79,26.0,0.89,78.68,112.0,13.31,1.39
IQ-LAB-101103,53.0,female,9.7,3.86,11.5,89.0,319.0,16.0,5.397605346934028e-79,17.0,1.04,91.94,,,2.35
IQ-LAB-101106,49.0,female,7.0,4.45,13.7,90.5,205.0,10.0,5.397605346934028e-79,14.0,0.83,73.37,107.0,14.37,3.64
IQ-LAB-101107,44.0,female,4.2,4.49,12.1,82.0,150.0,17.0,5.397605346934028e-79,17.0,0.48,42.43,92.0,7.96,6.53
IQ-LAB-101108,59.0,female,6.9,3.92,12.3,95.4,315.0,15.0,5.397605346934028e-79,24.0,0.76,67.18,47.0,3.34,30.77
IQ-LAB-101109,60.0,female,6.6,4.32,10.7,77.8,383.0,10.0,5.397605346934028e-79,11.0,1.77,156.47,,,56.09
IQ-LAB-101111,22.0,male,5.0,4.93,15.1,89.4,191.0,27.0,5.397605346934028e-79,17.0,1.11,98.12,91.0,26.13,5.14
IQ-LAB-101112,45.0,female,11.0,4.91,12.1,79.0,220.0,12.0,5.397605346934028e-79,17.0,0.92,81.33,,,10.38
IQ-LAB-101113,19.0,female,6.0,4.77,13.9,86.2,201.0,11.0,5.397605346934028e-79,15.0,0.77,68.07,98.0,17.15,0.46
IQ-LAB-101115,36.0,female,7.3,4.65,12.8,83.1,198.0,18.0,5.397605346934028e-79,16.0,0.66,58.34,97.0,10.12,7.66
IQ-LAB-101116,1.0,female,6.9,4.75,12.9,78.1,355.0,,,,,,,,0.26
IQ-LAB-101117,12.0,male,7.0,4.82,12.8,78.2,242.0,17.0,5.397605346934028e-79,23.0,0.43,38.01,,,2.5
IQ-LAB-101118,26.0,male,9.7,5.14,15.4,88.1,207.0,50.0,5.397605346934028e-79,30.0,0.67,59.23,101.0,22.12,1.55
IQ-LAB-101120,80.0,female,7.1,4.15,12.9,93.9,199.0,,,,,,,,
IQ-LAB-101122,30.0,male,5.2,4.59,13.9,89.0,196.0,66.0,5.397605346934028e-79,72.0,0.98,86.63,87.0,13.98,3.95
IQ-LAB-101123,59.0,female,7.2,4.64,12.9,83.8,313.0,18.0,5.397605346934028e-79,22.0,0.64,56.58,114.0,6.85,87.45
IQ-LAB-101124,76.0,male,10.4,4.45,14.4,94.2,372.0,29.0,5.397605346934028e-79,23.0,1.46,129.06,,,2.02
IQ-LAB-101125,33.0,female,9.5,4.26,10.9,78.6,245.0,33.0,5.397605346934028e-79,29.0,0.86,76.02,,,1.25
IQ-LAB-101128,6.0,female,9.3,4.82,13.1,82.8,325.0,,,,,,,,2.84
IQ-LAB-101129,2.0,male,6.7,4.68,11.8,76.1,439.0,,,,,,,,0.54
IQ-LAB-101130,19.0,female,9.3,4.7,12.1,78.2,244.0,11.0,5.397605346934028e-79,16.0,0.78,68.95,86.0,7.49,0.99
IQ-LAB-101131,15.0,male,3.5,5.0,15.5,91.0,159.0,8.0,5.397605346934028e-79,14.0,0.76,67.18,90.0,4.52,0.29
IQ-LAB-101132,31.0,male,4.0,6.58,13.2,64.3,208.0,22.0,5.397605346934028e-79,25.0,1.07,94.59,95.0,6.99,1.62
IQ-LAB-101133,2.0,male,5.8,4.55,12.5,80.4,312.0,,,,,,,,0.44
IQ-LAB-101134,30.0,female,8.3,4.6,13.6,87.9,226.0,15.0,5.397605346934028e-79,14.0,0.81,71.6,,,12.06
IQ-LAB-101136,76.0,male,7.4,4.28,13.5,93.4,231.0,22.0,5.397605346934028e-79,28.0,1.41,124.64,,,2.96
IQ-LAB-101137,5.0,male,9.1,4.43,13.1,84.0,306.0,,,,,,,,0.48
IQ-LAB-101138,33.0,female,8.1,5.02,15.5,89.8,196.0,20.0,5.397605346934028e-79,21.0,0.78,68.95,102.0,21.06,2.23
IQ-LAB-101139,33.0,female,8.5,3.91,12.0,91.1,287.0,13.0,5.397605346934028e-79,17.0,0.43,38.01,,,2.76
IQ-LAB-101141,54.0,male,6.2,4.88,15.7,96.9,188.0,127.0,5.397605346934028e-79,128.0,0.9,79.56,103.0,29.4,9.06
IQ-LAB-101142,11.0,male,7.6,4.78,13.5,85.5,364.0,,,,,,,,0.38
IQ-LAB-101143,80.0,male,3.6,4.07,11.5,86.8,102.0,14.0,5.397605346934028e-79,17.0,1.3,114.92,103.0,9.37,4.48
IQ-LAB-101144,8.0,male,6.3,4.13,12.0,84.3,254.0,,,,,,,,0.27
IQ-LAB-101145,2.0,male,5.6,4.64,12.2,77.6,192.0,,,,,,,,
IQ-LAB-101146,2.0,female,12.7,4.62,12.8,83.0,356.0,,,,,,,,0.11
IQ-LAB-101147,58.0,female,5.5,4.37,13.4,90.8,146.0,28.0,5.397605346934028e-79,31.0,0.64,56.58,105.0,7.24,0.79
IQ-LAB-101149,59.0,male,9.0,4.78,15.3,91.1,156.0,16.0,5.397605346934028e-79,21.0,0.67,59.23,,,4.81
IQ-LAB-101152,19.0,male,7.4,5.8,15.9,81.4,261.0,90.0,5.397605346934028e-79,41.0,0.98,86.63,,,1.14
IQ-LAB-101153,42.0,male,4.5,4.94,13.5,83.3,262.0,24.0,5.397605346934028e-79,39.0,1.32,116.69,108.0,5.59,0.92
IQ-LAB-101155,52.0,female,6.7,4.42,13.0,93.8,314.0,11.0,5.397605346934028e-79,12.0,0.79,69.84,91.0,7.17,2.93
IQ-LAB-101156,11.0,female,6.0,4.82,13.2,81.2,237.0,,,,,,,,0.45
IQ-LAB-101157,7.0,female,9.3,4.47,12.5,80.7,258.0,,,,,,,,0.37
IQ-LAB-101158,7.0,male,8.6,4.99,12.9,77.7,302.0,,,,,,,,0.42
IQ-LAB-101159,17.0,female,6.2,4.68,13.8,86.7,354.0,7.0,5.397605346934028e-79,11.0,0.74,65.42,93.0,9.27,1.36
IQ-LAB-101160,49.0,female,6.7,4.5,14.2,91.7,195.0,11.0,5.397605346934028e-79,17.0,0.65,57.46,95.0,11.71,5.78
IQ-LAB-101162,62.0,male,13.4,4.68,14.3,90.6,272.0,12.0,5.397605346934028e-79,14.0,1.89,167.08,,,6.77
IQ-LAB-101163,60.0,female,8.9,4.91,14.2,88.5,268.0,14.0,5.397605346934028e-79,15.0,0.49,43.32,,,3.5
IQ-LAB-101164,26.0,female,7.1,4.23,13.5,96.1,200.0,15.0,5.397605346934028e-79,16.0,0.59,52.16,,,0.55
IQ-LAB-101166,28.0,female,5.3,4.77,14.0,88.5,203.0,14.0,5.397605346934028e-79,17.0,0.68,60.11,87.0,3.03,1.02
IQ-LAB-101168,18.0,female,7.1,4.31,13.0,89.1,313.0,10.0,5.397605346934028e-79,13.0,0.72,63.65,,,0.91
IQ-LAB-101169,58.0,female,9.3,4.73,15.1,96.1,250.0,20.0,5.397605346934028e-79,22.0,0.76,67.18,91.0,7.41,0.97
IQ-LAB-101170,2.0,female,6.8,4.46,12.4,80.2,299.0,,,,,,,,1.32
IQ-LAB-101171,47.0,female,12.1,4.34,12.9,90.2,444.0,19.0,5.397605346934028e-79,16.0,0.53,46.85,,,11.97
IQ-LAB-101173,66.0,female,7.6,4.67,14.5,93.6,290.0,10.0,5.397605346934028e-79,14.0,0.74,65.42,97.0,4.38,0.85
IQ-LAB-101174,35.0,male,6.7,4.87,15.4,93.5,230.0,14.0,5.397605346934028e-79,16.0,1.1,97.24,109.0,13.71,0.95
IQ-LAB-101175,55.0,male,6.2,5.08,15.0,90.1,146.0,18.0,5.397605346934028e-79,17.0,1.1,97.24,136.0,5.82,3.37
IQ-LAB-101176,80.0,female,5.3,4.2,12.1,87.9,217.0,8.0,5.397605346934028e-79,17.0,1.11,98.12,84.0,7.33,9.98
IQ-LAB-101177,64.0,male,6.1,5.37,16.7,91.9,152.0,16.0,5.397605346934028e-79,24.0,0.82,72.49,107.0,9.39,0.34
IQ-LAB-101179,62.0,female,6.4,4.61,14.5,91.1,229.0,15.0,5.397605346934028e-79,20.0,0.6,53.04,,,0.11
IQ-LAB-101180,80.0,female,5.0,4.71,14.6,92.3,189.0,10.0,5.397605346934028e-79,19.0,1.14,100.78,108.0,15.6,0.76
IQ-LAB-101181,50.0,female,4.9,4.5,13.5,88.2,197.0,12.0,5.397605346934028e-79,18.0,0.93,82.21,98.0,5.53,4.1
IQ-LAB-101182,58.0,male,7.3,5.35,12.7,73.8,121.0,59.0,5.397605346934028e-79,31.0,1.09,96.36,187.0,15.19,1.6
IQ-LAB-101183,80.0,female,7.9,4.61,14.3,92.5,171.0,11.0,5.397605346934028e-79,18.0,0.92,81.33,,,16.73
IQ-LAB-101184,9.0,female,7.3,4.07,11.7,84.9,195.0,,,,,,,,0.2
IQ-LAB-101185,57.0,female,8.4,4.23,12.9,91.5,297.0,25.0,5.397605346934028e-79,18.0,0.69,61.0,,,0.74
IQ-LAB-101186,35.0,male,6.7,5.42,16.1,86.8,225.0,30.0,5.397605346934028e-79,39.0,1.04,91.94,105.0,5.44,0.58
IQ-LAB-101187,33.0,male,6.5,5.05,16.1,90.2,221.0,22.0,5.397605346934028e-79,24.0,0.95,83.98,,,0.56
IQ-LAB-101190,21.0,male,4.9,5.24,15.6,88.9,236.0,16.0,5.397605346934028e-79,15.0,0.94,83.1,80.0,30.67,0.73
IQ-LAB-101191,35.0,female,9.4,4.49,11.9,82.2,435.0,14.0,5.397605346934028e-79,15.0,0.7,61.88,93.0,5.59,1.62
IQ-LAB-101193,63.0,male,4.5,4.74,14.1,90.6,164.0,24.0,5.397605346934028e-79,26.0,0.64,56.58,105.0,3.35,0.56
IQ-LAB-101194,48.0,female,6.7,4.15,12.5,89.3,155.0,11.0,5.397605346934028e-79,18.0,0.87,76.91,,,1.0
IQ-LAB-101195,71.0,female,5.9,4.26,13.5,95.3,173.0,17.0,5.397605346934028e-79,23.0,0.88,77.79,,,0.75
IQ-LAB-101196,71.0,female,5.5,4.45,12.5,88.1,214.0,6.0,5.397605346934028e-79,9.0,0.94,83.1,238.0,2.88,1.19
IQ-LAB-101197,14.0,male,4.0,5.29,14.1,82.7,217.0,17.0,5.397605346934028e-79,19.0,0.85,75.14,,,0.32
IQ-LAB-101198,2.0,female,6.3,4.91,14.1,82.3,328.0,,,,,,,,0.29
IQ-LAB-101199,61.0,female,5.3,5.12,13.9,83.9,148.0,12.0,5.397605346934028e-79,16.0,1.01,89.28,,,0.41
IQ-LAB-101200,73.0,male,6.1,4.2,12.6,92.9,178.0,11.0,5.397605346934028e-79,15.0,2.69,237.8,,,2.81
IQ-LAB-101201,55.0,male,8.6,5.47,15.7,82.7,221.0,38.0,5.397605346934028e-79,26.0,1.26,111.38,,,0.73
IQ-LAB-101202,9.0,male,7.1,4.81,13.8,87.8,288.0,,,,,,,,2.15
IQ-LAB-101203,14.0,male,4.5,5.2,15.5,86.3,195.0,12.0,5.397605346934028e-79,20.0,0.74,65.42,96.0,14.13,0.4
IQ-LAB-101204,80.0,male,8.6,3.74,11.6,93.9,315.0,10.0,5.397605346934028e-79,20.0,1.0,88.4,,,4.93
IQ-LAB-101205,14.0,female,5.6,4.5,11.2,76.1,346.0,11.0,5.397605346934028e-79,16.0,0.72,63.65,,,1.02
IQ-LAB-101206,34.0,male,7.0,5.12,15.3,87.1,235.0,26.0,5.397605346934028e-79,18.0,1.01,89.28,102.0,15.66,2.26
IQ-LAB-101207,70.0,female,5.6,5.11,15.1,89.3,316.0,19.0,5.397605346934028e-79,19.0,0.62,54.81,,,2.63
IQ-LAB-101208,14.0,female,9.1,4.92,14.3,86.4,288.0,10.0,5.397605346934028e-79,18.0,0.43,38.01,97.0,15.97,1.13
IQ-LAB-101211,61.0,female,4.3,4.46,12.4,85.4,176.0,26.0,5.397605346934028e-79,32.0,1.08,95.47,,,0.93
IQ-LAB-101212,62.0,female,6.9,4.86,14.2,84.7,270.0,29.0,5.397605346934028e-79,20.0,0.64,56.58,96.0,21.3,0.4
IQ-LAB-101214,23.0,male,6.7,4.84,14.9,94.3,272.0,13.0,5.397605346934028e-79,16.0,1.02,90.17,96.0,9.46,0.95
IQ-LAB-101215,2.0,male,7.0,3.71,11.0,85.9,179.0,,,,,,,,
IQ-LAB-101216,55.0,female,7.7,5.3,14.9,87.2,181.0,32.0,5.397605346934028e-79,32.0,0.84,74.26,98.0,18.49,1.54
IQ-LAB-101217,80.0,male,6.8,3.78,12.6,98.1,294.0,11.0,5.397605346934028e-79,16.0,1.66,146.74,,,5.5
IQ-LAB-101220,35.0,female,8.1,4.42,13.3,90.9,278.0,11.0,5.397605346934028e-79,14.0,0.69,61.0,75.0,5.6,1.44
IQ-LAB-101221,54.0,male,6.1,4.05,13.4,96.5,155.0,14.0,5.397605346934028e-79,22.0,1.7,150.28,,,3.06
IQ-LAB-101222,48.0,male,10.8,6.07,13.9,68.9,275.0,25.0,5.397605346934028e-79,21.0,0.91,80.44,,,5.22
IQ-LAB-101224,13.0,male,9.9,4.94,12.4,77.9,286.0,22.0,5.397605346934028e-79,20.0,0.48,42.43,,,1.95
IQ-LAB-101226,44.0,male,7.4,5.49,15.9,83.8,130.0,28.0,5.397605346934028e-79,17.0,0.78,68.95,103.0,44.4,0.41
IQ-LAB-101227,60.0,male,6.2,4.64,14.6,90.0,231.0,17.0,5.397605346934028e-79,19.0,1.12,99.01,,,1.22
IQ-LAB-101228,30.0,female,10.3,5.0,16.5,94.2,280.0,22.0,5.397605346934028e-79,21.0,0.72,63.65,,,3.54
IQ-LAB-101229,38.0,female,6.1,5.25,13.0,77.6,237.0,15.0,5.397605346934028e-79,17.0,0.56,49.5,95.0,12.36,1.32
IQ-LAB-101230,50.0,female,8.9,5.1,10.4,65.6,191.0,39.0,5.397605346934028e-79,30.0,0.73,64.53,94.0,3.68,1.2
IQ-LAB-101231,14.0,female,5.0,4.93,15.2,92.2,137.0,17.0,5.397605346934028e-79,22.0,0.62,54.81,97.0,16.98,0.34
IQ-LAB-101232,65.0,male,6.9,4.46,14.5,94.3,294.0,13.0,5.397605346934028e-79,16.0,0.82,72.49,,,0.74
IQ-LAB-101233,17.0,male,3.6,4.59,15.8,96.6,260.0,17.0,5.397605346934028e-79,24.0,1.05,92.82,97.0,11.05,0.75
IQ-LAB-101234,9.0,female,10.5,5.05,12.8,74.1,277.0,,,,,,,,4.3
IQ-LAB-101236,26.0,male,4.3,4.98,15.2,93.3,171.0,13.0,5.397605346934028e-79,15.0,0.69,61.0,,,0.39
IQ-LAB-101237,9.0,female,6.5,4.12,12.4,87.4,363.0,,,,,,,,0.39
IQ-LAB-101238,36.0,male,5.4,4.36,12.1,81.8,211.0,8.0,5.397605346934028e-79,15.0,0.86,76.02,99.0,3.32,0.59
IQ-LAB-101239,80.0,female,5.9,4.53,14.7,95.9,238.0,14.0,5.397605346934028e-79,24.0,0.75,66.3,,,0.86
IQ-LAB-101240,16.0,female,9.6,4.78,14.4,88.1,253.0,14.0,5.397605346934028e-79,18.0,1.1,97.24,,,2.35
IQ-LAB-101241,27.0,male,6.7,5.23,15.3,85.6,249.0,26.0,5.397605346934028e-79,20.0,0.94,83.1,,,2.16
IQ-LAB-101242,57.0,female,11.5,5.01,15.8,91.9,369.0,16.0,5.397605346934028e-79,18.0,0.75,66.3,,,7.23
IQ-LAB-101243,63.0,male,8.4,5.34,16.0,89.0,256.0,17.0,5.397605346934028e-79,17.0,0.74,65.42,107.0,4.83,15.06
IQ-LAB-101244,15.0,female,8.4,5.18,15.1,85.8,264.0,12.0,5.397605346934028e-79,18.0,0.87,76.91,,,0.59
IQ-LAB-101245,8.0,male,7.3,4.9,13.7,78.8,277.0,,,,,,,,0.51
IQ-LAB-101246,54.0,male,8.2,4.06,12.4,92.7,337.0,11.0,5.397605346934028e-79,16.0,1.18,104.31,242.0,18.67,4.7
IQ-LAB-101247,38.0,male,6.4,4.6,14.1,88.1,187.0,22.0,5.397605346934028e-79,21.0,0.85,75.14,114.0,10.86,1.25
IQ-LAB-101249,63.0,female,5.9,4.97,14.0,82.9,188.0,26.0,5.397605346934028e-79,18.0,0.72,63.65,140.0,27.51,5.65
IQ-LAB-101250,38.0,female,7.7,4.24,12.5,92.7,258.0,17.0,5.397605346934028e-79,21.0,0.84,74.26,,,0.81
IQ-LAB-101252,33.0,female,5.4,4.66,11.9,80.8,319.0,8.0,5.397605346934028e-79,13.0,0.63,55.69,82.0,8.53,1.19
IQ-LAB-101253,57.0,male,7.9,4.8,15.0,92.0,235.0,16.0,5.397605346934028e-79,18.0,0.98,86.63,,,1.29
IQ-LAB-101254,29.0,female,6.2,4.15,13.2,96.3,203.0,15.0,5.397605346934028e-79,20.0,0.77,68.07,84.0,7.65,0.43
IQ-LAB-101255,62.0,female,5.5,4.54,13.7,90.1,407.0,28.0,5.397605346934028e-79,42.0,0.72,63.65,108.0,54.72,4.44
IQ-LAB-101256,34.0,female,4.4,4.18,12.2,85.9,236.0,16.0,5.397605346934028e-79,17.0,0.71,62.76,121.0,34.69,10.42
IQ-LAB-101257,6.0,female,6.5,4.49,11.9,78.3,190.0,,,,,,,,3.67
IQ-LAB-101258,45.0,male,5.4,2.87,9.5,93.6,257.0,16.0,5.397605346934028e-79,16.0,8.36,739.02,64.0,27.82,6.33
IQ-LAB-101259,12.0,male,9.4,4.48,12.3,85.0,243.0,12.0,5.397605346934028e-79,20.0,0.51,45.08,,,4.32
IQ-LAB-101260,80.0,female,8.4,3.26,8.5,81.0,378.0,9.0,5.397605346934028e-79,14.0,1.03,91.05,133.0,58.6,3.43
IQ-LAB-101261,5.0,female,8.4,4.09,12.0,88.5,319.0,,,,,,,,0.38
IQ-LAB-101262,25.0,male,6.7,5.4,16.1,86.8,291.0,29.0,5.397605346934028e-79,19.0,0.83,73.37,95.0,26.52,1.22
IQ-LAB-101263,16.0,male,7.0,4.92,15.5,89.7,247.0,12.0,5.397605346934028e-79,18.0,0.9,79.56,,,2.66
IQ-LAB-101265,47.0,female,6.3,4.34,11.6,81.9,306.0,22.0,5.397605346934028e-79,19.0,0.8,70.72,,,4.2
IQ-LAB-101266,67.0,female,9.2,4.53,12.3,82.4,228.0,12.0,5.397605346934028e-79,15.0,1.01,89.28,,,56.78
IQ-LAB-101269,9.0,male,9.0,4.75,13.0,80.2,203.0,,,,,,,,0.28
IQ-LAB-101270,11.0,female,5.5,4.35,13.5,90.1,225.0,,,,,,,,0.11
IQ-LAB-101271,6.0,male,7.6,5.04,13.3,80.0,354.0,,,,,,,,0.3
IQ-LAB-101272,11.0,female,14.2,4.64,12.3,80.7,435.0,,,,,,,,
IQ-LAB-101273,67.0,male,6.6,4.86,14.8,91.6,171.0,28.0,5.397605346934028e-79,20.0,0.98,86.63,122.0,12.56,4.83
IQ-LAB-101274,65.0,female,11.8,4.41,13.2,91.4,256.0,19.0,5.397605346934028e-79,25.0,1.12,99.01,106.0,20.55,1.47
IQ-LAB-101275,80.0,male,6.9,4.39,13.0,91.0,243.0,10.0,5.397605346934028e-79,15.0,1.27,112.27,,,1.95
IQ-LAB-101276,8.0,male,5.3,4.96,12.4,76.9,275.0,,,,,,,,0.31
IQ-LAB-101277,75.0,male,4.6,3.62,12.2,99.4,171.0,24.0,5.397605346934028e-79,26.0,0.78,68.95,,,38.77
IQ-LAB-101278,44.0,male,7.5,5.35,13.5,78.0,228.0,21.0,5.397605346934028e-79,15.0,1.11,98.12,90.0,11.19,2.84
IQ-LAB-101281,34.0,female,6.3,4.27,12.9,90.2,215.0,9.0,5.397605346934028e-79,,0.49,43.32,101.0,6.73,0.45
IQ-LAB-101282,60.0,male,7.4,5.02,15.0,88.9,271.0,18.0,5.397605346934028e-79,16.0,0.91,80.44,,,4.08
IQ-LAB-101283,56.0,female,9.4,5.1,14.0,83.5,337.0,21.0,5.397605346934028e-79,15.0,0.81,71.6,,,4.18
IQ-LAB-101284,65.0,female,6.0,5.26,12.8,76.4,218.0,21.0,5.397605346934028e-79,19.0,0.94,83.1,150.0,41.45,5.33
IQ-LAB-101285,30.0,male,10.6,5.56,15.6,84.4,242.0,28.0,5.397605346934028e-79,19.0,0.85,75.14,,,5.73
IQ-LAB-101286,52.0,female,7.1,4.35,12.9,90.7,233.0,10.0,5.397605346934028e-79,16.0,0.97,85.75,,,3.36
IQ-LAB-101287,10.0,female,5.3,4.94,14.3,85.6,161.0,,,,,,,,0.15
IQ-LAB-101288,62.0,female,5.2,3.96,12.4,90.1,169.0,21.0,5.397605346934028e-79,20.0,1.03,91.05,,,13.29
IQ-LAB-101289,26.0,female,7.6,3.81,12.3,92.3,223.0,18.0,5.397605346934028e-79,17.0,0.59,52.16,,,8.5
IQ-LAB-101290,4.0,male,8.4,4.51,12.0,77.3,403.0,,,,,,,,0.53
IQ-LAB-101292,14.0,female,5.6,4.45,12.8,85.7,252.0,8.0,5.397605346934028e-79,19.0,0.69,61.0,99.0,9.61,0.26
IQ-LAB-101294,39.0,female,7.8,4.46,13.6,90.1,209.0,11.0,5.397605346934028e-79,15.0,0.95,83.98,,,8.69
IQ-LAB-101295,16.0,male,5.7,4.79,14.4,89.1,211.0,19.0,5.397605346934028e-79,34.0,0.95,83.98,94.0,4.53,0.96
IQ-LAB-101296,2.0,male,8.5,4.74,12.3,76.3,268.0,,,,,,,,0.42
IQ-LAB-101297,10.0,female,4.9,5.1,11.6,72.0,340.0,,,,,,,,2.01
IQ-LAB-101298,60.0,female,5.0,4.82,13.5,84.2,234.0,20.0,5.397605346934028e-79,18.0,0.95,83.98,,,2.45
IQ-LAB-101299,11.0,female,4.8,4.96,13.4,82.0,346.0,,,,,,,,0.2
IQ-LAB-101300,35.0,female,7.8,4.76,13.6,83.5,338.0,17.0,5.397605346934028e-79,17.0,0.57,50.39,102.0,12.24,4.64
IQ-LAB-101302,17.0,male,5.6,5.18,13.3,77.9,217.0,10.0,5.397605346934028e-79,19.0,0.91,80.44,,,1.22
IQ-LAB-101303,3.0,male,6.7,4.68,12.9,80.6,203.0,,,,,,,,
IQ-LAB-101304,10.0,male,6.3,4.87,13.4,81.1,246.0,,,,,,,,0.21
IQ-LAB-101305,2.0,male,13.1,4.46,11.4,77.6,374.0,,,,,,,,1.98
IQ-LAB-101307,47.0,female,5.4,4.78,14.2,89.8,212.0,57.0,5.397605346934028e-79,78.0,0.61,53.92,110.0,15.71,5.21
IQ-LAB-101308,25.0,female,6.8,4.63,14.7,92.6,208.0,11.0,5.397605346934028e-79,15.0,0.94,83.1,97.0,11.33,0.76
IQ-LAB-101310,17.0,male,5.9,5.07,16.1,94.2,260.0,14.0,5.397605346934028e-79,17.0,0.96,84.86,,,0.56
IQ-LAB-101311,30.0,male,6.5,4.34,13.4,89.7,176.0,21.0,5.397605346934028e-79,13.0,12.74,1126.22,,,0.93
IQ-LAB-101312,80.0,female,6.6,4.75,12.5,83.2,297.0,18.0,5.397605346934028e-79,26.0,0.89,78.68,,,4.58
IQ-LAB-101313,42.0,female,9.2,3.8,12.1,93.7,238.0,12.0,5.397605346934028e-79,13.0,0.61,53.92,107.0,52.34,6.56
IQ-LAB-101314,12.0,male,11.1,5.05,14.8,83.4,326.0,10.0,5.397605346934028e-79,15.0,0.48,42.43,,,7.71
IQ-LAB-101315,15.0,male,4.2,4.73,14.3,86.9,187.0,13.0,5.397605346934028e-79,30.0,0.76,67.18,89.0,3.23,1.28
IQ-LAB-101316,22.0,male,9.3,5.05,14.8,85.1,233.0,12.0,5.397605346934028e-79,17.0,1.07,94.59,,,0.16
IQ-LAB-101317,12.0,female,4.6,4.33,12.7,88.3,310.0,8.0,5.397605346934028e-79,14.0,0.53,46.85,,,1.21
IQ-LAB-101318,18.0,female,7.3,4.21,12.8,91.3,194.0,,,,,,,,
IQ-LAB-101319,34.0,male,10.7,5.37,17.1,91.0,254.0,10.0,5.397605346934028e-79,10.0,1.03,91.05,,,1.28
IQ-LAB-101320,80.0,male,5.5,4.09,13.4,97.9,157.0,11.0,5.397605346934028e-79,17.0,1.24,109.62,,,0.69
IQ-LAB-101322,57.0,male,9.3,7.84,16.7,66.5,143.0,28.0,5.397605346934028e-79,,1.08,95.47,144.0,12.43,1.52
IQ-LAB-101323,74.0,female,5.7,4.66,14.5,95.0,222.0,6.0,5.397605346934028e-79,10.0,0.94,83.1,101.0,8.38,1.18
IQ-LAB-101324,35.0,male,5.7,3.91,12.7,95.1,231.0,17.0,5.397605346934028e-79,22.0,1.47,129.95,,,2.62
IQ-LAB-101325,8.0,female,8.0,4.44,12.6,84.1,483.0,,,,,,,,6.69
IQ-LAB-101326,16.0,female,6.9,4.29,13.0,89.9,294.0,15.0,5.397605346934028e-79,16.0,0.4,35.36,,,0.51
IQ-LAB-101327,52.0,female,9.6,4.26,13.3,90.5,291.0,14.0,5.397605346934028e-79,19.0,0.76,67.18,,,0.96
IQ-LAB-101328,67.0,female,7.1,4.01,12.7,93.3,200.0,11.0,5.397605346934028e-79,16.0,0.79,69.84,,,1.59
IQ-LAB-101329,16.0,female,6.4,4.62,14.2,89.5,208.0,10.0,5.397605346934028e-79,20.0,0.67,59.23,101.0,6.48,0.48
IQ-LAB-101330,22.0,female,6.6,4.65,13.1,84.0,247.0,7.0,5.397605346934028e-79,15.0,0.64,56.58,93.0,8.14,6.13
IQ-LAB-101332,15.0,male,3.8,5.05,14.4,86.0,189.0,16.0,5.397605346934028e-79,29.0,0.93,82.21,,,0.51
IQ-LAB-101333,71.0,female,3.7,3.95,11.9,87.8,174.0,8.0,5.397605346934028e-79,17.0,1.02,90.17,103.0,5.26,3.27
IQ-LAB-101334,13.0,male,7.4,5.52,15.1,82.0,293.0,9.0,5.397605346934028e-79,16.0,0.62,54.81,,,0.25
IQ-LAB-101335,80.0,male,4.6,4.17,12.3,88.5,109.0,13.0,5.397605346934028e-79,21.0,1.33,117.57,,,4.01
IQ-LAB-101336,72.0,female,5.0,4.57,13.8,89.2,262.0,17.0,5.397605346934028e-79,24.0,0.63,55.69,94.0,7.48,2.18
IQ-LAB-101337,13.0,male,7.2,5.11,14.8,83.9,291.0,18.0,5.397605346934028e-79,23.0,0.68,60.11,103.0,5.95,0.76
IQ-LAB-101338,2.0,male,6.9,5.13,11.4,69.8,321.0,,,,,,,,
IQ-LAB-101339,63.0,male,7.1,4.58,15.9,97.9,160.0,49.0,5.397605346934028e-79,42.0,0.63,55.69,179.0,17.58,0.93
IQ-LAB-101340,80.0,male,7.6,4.41,13.9,94.5,170.0,19.0,5.397605346934028e-79,22.0,1.38,121.99,,,1.33
IQ-LAB-101342,41.0,female,8.9,4.86,12.2,76.9,331.0,13.0,5.397605346934028e-79,14.0,0.66,58.34,104.0,14.5,11.31
IQ-LAB-101343,80.0,male,38.1,3.95,12.7,95.0,115.0,37.0,5.397605346934028e-79,36.0,1.25,110.5,115.0,11.72,1.97
IQ-LAB-101344,16.0,female,8.1,4.27,12.9,90.6,320.0,9.0,5.397605346934028e-79,15.0,0.51,45.08,96.0,7.72,0.46
IQ-LAB-101345,29.0,female,5.7,4.4,10.3,76.3,237.0,17.0,5.397605346934028e-79,15.0,0.71,62.76,,,4.6
IQ-LAB-101346,8.0,male,7.3,4.74,13.0,81.9,260.0,,,,,,,,3.04
IQ-LAB-101350,46.0,male,11.0,4.6,13.7,86.9,194.0,22.0,5.397605346934028e-79,,0.81,71.6,,,9.23
IQ-LAB-101351,79.0,female,7.4,3.84,12.5,93.4,226.0,11.0,5.397605346934028e-79,15.0,0.71,62.76,,,4.16
IQ-LAB-101352,16.0,male,4.4,4.9,14.9,88.9,184.0,10.0,5.397605346934028e-79,14.0,0.8,70.72,87.0,5.18,0.42
IQ-LAB-101354,10.0,female,6.3,4.5,12.5,81.3,239.0,,,,,,,,1.12
IQ-LAB-101355,46.0,male,4.3,5.17,15.7,89.4,221.0,57.0,5.397605346934028e-79,33.0,1.02,90.17,117.0,13.13,1.17
IQ-LAB-101356,54.0,female,4.4,4.85,14.7,92.4,223.0,22.0,5.397605346934028e-79,27.0,0.86,76.02,97.0,5.84,0.48
IQ-LAB-101357,72.0,female,9.6,4.56,13.8,90.7,253.0,13.0,5.397605346934028e-79,13.0,0.78,68.95,95.0,13.39,3.96
IQ-LAB-101359,52.0,female,9.1,4.6,14.5,90.9,226.0,31.0,5.397605346934028e-79,23.0,0.8,70.72,100.0,23.16,1.63
IQ-LAB-101360,46.0,male,6.4,4.95,15.5,92.9,171.0,47.0,5.397605346934028e-79,26.0,1.0,88.4,122.0,5.52,1.21
IQ-LAB-101362,74.0,female,5.9,4.07,13.1,97.8,207.0,18.0,5.397605346934028e-79,29.0,0.79,69.84,92.0,3.13,3.36
IQ-LAB-101363,69.0,female,6.0,4.54,13.0,87.2,194.0,56.0,5.397605346934028e-79,143.0,0.6,53.04,107.0,6.79,1.52
IQ-LAB-101365,30.0,male,9.8,4.57,13.3,88.4,251.0,10.0,5.397605346934028e-79,16.0,0.77,68.07,,,0.69
IQ-LAB-101366,52.0,female,4.5,5.15,15.1,87.0,227.0,12.0,5.397605346934028e-79,15.0,0.55,48.62,102.0,9.13,0.41
IQ-LAB-101368,3.0,female,6.1,4.81,12.9,76.9,248.0,,,,,,,,0.81
IQ-LAB-101369,53.0,female,6.1,4.69,13.7,85.2,179.0,15.0,5.397605346934028e-79,15.0,0.89,78.68,,,1.27
IQ-LAB-101370,31.0,female,4.6,3.29,9.0,81.9,223.0,12.0,5.397605346934028e-79,17.0,0.51,45.08,90.0,3.65,0.96
IQ-LAB-101371,6.0,female,9.9,4.66,12.6,78.2,291.0,,,,,,,,0.26
IQ-LAB-101372,29.0,female,8.4,4.31,12.1,85.8,272.0,10.0,5.397605346934028e-79,13.0,0.45,39.78,106.0,5.83,0.79
IQ-LAB-101375,53.0,male,5.7,5.23,15.3,86.0,120.0,26.0,5.397605346934028e-79,18.0,0.92,81.33,,,1.39
IQ-LAB-101376,12.0,male,9.7,4.61,13.3,87.2,324.0,12.0,5.397605346934028e-79,24.0,0.49,43.32,,,0.44
IQ-LAB-101378,34.0,female,6.3,4.22,12.9,89.4,306.0,15.0,5.397605346934028e-79,17.0,0.65,57.46,,,0.9
IQ-LAB-101379,55.0,male,6.0,3.79,12.5,100.5,234.0,33.0,5.397605346934028e-79,34.0,1.02,90.17,93.0,3.96,0.36
IQ-LAB-101380,9.0,male,6.0,3.7,11.1,85.1,261.0,,,,,,,,0.3
IQ-LAB-101382,64.0,female,7.7,4.54,14.0,89.8,298.0,24.0,5.397605346934028e-79,21.0,0.9,79.56,,,6.3
IQ-LAB-101384,22.0,male,7.0,5.17,14.5,82.5,210.0,21.0,5.397605346934028e-79,22.0,0.9,79.56,,,0.49
IQ-LAB-101386,49.0,female,7.1,4.65,13.0,83.0,228.0,,,,,,,,
IQ-LAB-101387,73.0,female,5.1,5.2,15.8,84.9,194.0,14.0,5.397605346934028e-79,23.0,0.75,66.3,,,1.6
IQ-LAB-101388,14.0,male,6.2,5.06,14.3,82.7,289.0,14.0,5.397605346934028e-79,19.0,0.69,61.0,104.0,9.05,0.34
IQ-LAB-101389,42.0,male,6.1,5.73,16.5,83.5,206.0,71.0,5.397605346934028e-79,,0.96,84.86,,,2.18
IQ-LAB-101390,40.0,male,6.4,4.84,15.2,92.2,248.0,32.0,5.397605346934028e-79,23.0,0.99,87.52,,,1.82
IQ-LAB-101391,74.0,female,7.9,4.52,14.2,94.8,305.0,22.0,5.397605346934028e-79,24.0,0.87,76.91,,,1.9
IQ-LAB-101394,39.0,male,4.4,4.93,14.9,89.7,228.0,13.0,5.397605346934028e-79,17.0,0.67,59.23,,,0.36
IQ-LAB-101395,14.0,male,7.0,4.53,13.4,85.0,248.0,14.0,5.397605346934028e-79,26.0,0.76,67.18,,,0.31
IQ-LAB-101396,80.0,female,8.3,4.38,12.9,89.6,187.0,18.0,5.397605346934028e-79,19.0,0.96,84.86,165.0,6.17,0.72
IQ-LAB-101397,25.0,male,9.0,4.97,14.3,85.0,281.0,54.0,5.397605346934028e-79,34.0,1.08,95.47,,,2.95
IQ-LAB-101398,75.0,male,10.6,4.99,16.2,96.5,200.0,46.0,5.397605346934028e-79,50.0,0.82,72.49,115.0,25.19,2.78
IQ-LAB-101399,41.0,male,9.2,4.65,14.5,89.6,231.0,21.0,5.397605346934028e-79,23.0,0.83,73.37,93.0,4.19,1.17
IQ-LAB-101400,53.0,male,9.2,5.15,15.5,88.9,227.0,15.0,5.397605346934028e-79,17.0,0.98,86.63,104.0,14.12,4.09
IQ-LAB-101401,52.0,male,6.0,5.48,16.0,89.1,144.0,21.0,5.397605346934028e-79,18.0,0.84,74.26,,,0.71
IQ-LAB-101402,75.0,female,8.2,4.85,13.8,87.0,243.0,32.0,5.397605346934028e-79,26.0,0.64,56.58,120.0,11.32,7.1
IQ-LAB-101403,11.0,female,5.4,5.06,14.7,87.0,278.0,,,,,,,,0.34
IQ-LAB-101404,31.0,male,5.5,4.57,13.7,92.8,206.0,31.0,5.397605346934028e-79,31.0,1.01,89.28,,,1.99
IQ-LAB-101405,56.0,female,4.9,5.24,14.7,82.9,226.0,117.0,5.397605346934028e-79,75.0,0.66,58.34,,,3.06
IQ-LAB-101407,65.0,female,5.3,4.52,13.7,92.6,260.0,28.0,5.397605346934028e-79,25.0,0.59,52.16,112.0,15.44,0.51
IQ-LAB-101408,4.0,female,7.0,4.62,13.1,86.8,263.0,,,,,,,,
IQ-LAB-101409,9.0,male,7.3,4.73,11.8,73.5,334.0,,,,,,,,0.37
IQ-LAB-101410,3.0,male,4.8,4.14,12.0,81.3,282.0,,,,,,,,0.4
IQ-LAB-101411,59.0,female,4.4,4.36,13.0,89.9,106.0,37.0,5.397605346934028e-79,34.0,0.86,76.02,109.0,10.82,1.05
IQ-LAB-101412,39.0,female,5.6,4.13,13.2,93.7,313.0,9.0,5.397605346934028e-79,15.0,0.64,56.58,92.0,4.99,0.38
IQ-LAB-101413,12.0,male,8.1,5.47,12.0,68.5,389.0,13.0,5.397605346934028e-79,20.0,0.51,45.08,,,1.11
IQ-LAB-101414,56.0,female,14.8,3.45,11.2,99.8,247.0,16.0,5.397605346934028e-79,37.0,0.52,45.97,143.0,3.98,9.93
IQ-LAB-101415,38.0,female,8.1,4.41,13.6,89.4,204.0,9.0,5.397605346934028e-79,17.0,0.73,64.53,,,0.38
IQ-LAB-101416,44.0,male,5.0,5.3,16.0,89.5,195.0,23.0,5.397605346934028e-79,20.0,0.95,83.98,103.0,16.47,0.49
IQ-LAB-101417,9.0,female,8.9,5.04,13.9,81.5,213.0,,,,,,,,0.78
IQ-LAB-101418,9.0,male,8.4,5.2,14.3,78.3,376.0,,,,,,,,0.3
IQ-LAB-101419,1.0,male,10.6,4.51,11.2,75.8,419.0,,,,,,,,1.65
IQ-LAB-101420,16.0,female,5.8,5.33,14.8,83.2,238.0,16.0,5.397605346934028e-79,23.0,0.79,69.84,94.0,9.49,0.93
IQ-LAB-101421,58.0,male,6.1,5.2,15.0,85.6,218.0,43.0,5.397605346934028e-79,26.0,0.82,72.49,108.0,8.88,0.72
IQ-LAB-101422,12.0,male,6.6,4.54,13.3,86.0,319.0,40.0,5.397605346934028e-79,33.0,0.58,51.27,,,0.57
IQ-LAB-101423,61.0,female,6.6,4.55,14.8,91.6,298.0,32.0,5.397605346934028e-79,21.0,0.61,53.92,,,0.78
IQ-LAB-101425,7.0,female,5.4,4.4,12.1,84.9,249.0,,,,,,,,0.24
IQ-LAB-101426,41.0,female,4.5,4.26,11.6,83.2,361.0,20.0,5.397605346934028e-79,23.0,0.75,66.3,,,4.87
IQ-LAB-101427,24.0,female,8.1,4.67,13.4,88.2,226.0,16.0,5.397605346934028e-79,22.0,0.68,60.11,84.0,3.23,4.91
IQ-LAB-101429,17.0,female,7.0,4.7,13.6,83.5,287.0,11.0,5.397605346934028e-79,12.0,0.51,45.08,,,4.59
IQ-LAB-101430,42.0,female,3.2,4.43,13.5,89.0,209.0,16.0,5.397605346934028e-79,21.0,0.74,65.42,87.0,2.43,0.8
IQ-LAB-101431,38.0,female,9.5,4.66,13.5,89.8,323.0,45.0,5.397605346934028e-79,52.0,0.91,80.44,,,3.66
IQ-LAB-101432,74.0,female,6.7,5.23,15.2,88.2,252.0,11.0,5.397605346934028e-79,14.0,0.76,67.18,132.0,10.41,9.91
IQ-LAB-101433,3.0,male,5.6,5.11,12.1,72.4,451.0,,,,,,,,1.99
IQ-LAB-101434,70.0,female,7.4,4.7,15.1,92.9,267.0,25.0,5.397605346934028e-79,24.0,0.68,60.11,123.0,4.49,0.51
IQ-LAB-101435,5.0,female,8.9,4.69,12.8,80.8,260.0,,,,,,,,0.46
IQ-LAB-101438,48.0,female,8.2,4.93,14.1,84.8,213.0,20.0,5.397605346934028e-79,22.0,0.63,55.69,,,3.99
IQ-LAB-101439,38.0,male,8.4,5.13,15.4,90.6,277.0,13.0,5.397605346934028e-79,13.0,1.13,99.89,103.0,6.86,0.86
IQ-LAB-101440,10.0,female,8.7,4.82,12.9,80.8,232.0,,,,,,,,0.29
IQ-LAB-101442,67.0,female,8.3,4.53,13.2,86.6,243.0,21.0,5.397605346934028e-79,20.0,0.83,73.37,107.0,8.47,4.67
IQ-LAB-101443,59.0,male,8.3,5.03,15.0,91.4,286.0,19.0,5.397605346934028e-79,22.0,1.21,106.96,,,2.39
IQ-LAB-101444,63.0,male,5.9,4.67,13.9,89.1,295.0,26.0,5.397605346934028e-79,18.0,1.02,90.17,115.0,31.09,3.91
IQ-LAB-101445,1.0,female,7.5,4.66,12.9,77.4,333.0,,,,,,,,
IQ-LAB-101446,30.0,female,6.3,4.05,13.1,96.7,268.0,11.0,5.397605346934028e-79,12.0,0.7,61.88,92.0,4.77,1.34
IQ-LAB-101447,13.0,female,8.2,4.43,12.6,86.9,337.0,14.0,5.397605346934028e-79,15.0,0.58,51.27,,,0.96
IQ-LAB-101448,49.0,male,10.0,4.6,15.0,93.9,201.0,16.0,5.397605346934028e-79,17.0,1.01,89.28,107.0,4.96,5.37
IQ-LAB-101449,59.0,female,7.2,4.0,12.2,95.1,245.0,10.0,5.397605346934028e-79,12.0,0.71,62.76,100.0,6.99,15.91
IQ-LAB-101450,39.0,male,8.1,5.55,15.5,82.3,197.0,33.0,5.397605346934028e-79,22.0,1.01,89.28,,,1.14
IQ-LAB-101451,15.0,male,2.9,5.11,15.4,90.8,153.0,11.0,5.397605346934028e-79,17.0,0.73,64.53,97.0,9.79,13.92
IQ-LAB-101454,55.0,female,8.1,5.16,14.1,84.1,291.0,17.0,5.397605346934028e-79,15.0,0.83,73.37,,,0.79
IQ-LAB-101455,66.0,female,5.7,4.35,13.3,90.6,207.0,16.0,5.397605346934028e-79,16.0,0.56,49.5,116.0,23.15,11.9
IQ-LAB-101456,8.0,male,6.3,4.39,13.3,87.9,280.0,,,,,,,,0.25
IQ-LAB-101458,67.0,female,8.1,4.32,13.0,89.8,276.0,17.0,5.397605346934028e-79,18.0,0.53,46.85,,,0.16
IQ-LAB-101461,59.0,female,8.0,4.69,13.0,82.5,207.0,24.0,5.397605346934028e-79,29.0,0.96,84.86,167.0,11.86,4.35
IQ-LAB-101462,23.0,female,7.2,4.31,13.0,90.0,256.0,31.0,5.397605346934028e-79,25.0,0.72,63.65,87.0,32.37,3.29
IQ-LAB-101463,62.0,female,3.8,3.81,13.2,102.8,171.0,11.0,5.397605346934028e-79,16.0,0.89,78.68,96.0,4.46,0.49
IQ-LAB-101464,50.0,female,3.5,4.12,13.0,95.4,244.0,12.0,5.397605346934028e-79,16.0,0.77,68.07,100.0,2.63,0.28
IQ-LAB-101465,3.0,male,6.9,4.7,12.5,77.8,246.0,,,,,,,,0.32
IQ-LAB-101467,39.0,male,7.5,4.98,15.0,89.6,234.0,21.0,5.397605346934028e-79,14.0,1.0,88.4,97.0,11.9,3.71
IQ-LAB-101468,65.0,male,8.4,4.96,14.7,88.9,309.0,17.0,5.397605346934028e-79,14.0,1.54,136.14,,,17.99
IQ-LAB-101470,57.0,female,5.0,4.72,16.4,100.4,72.0,62.0,5.397605346934028e-79,50.0,0.71,62.76,104.0,15.06,2.38
IQ-LAB-101471,8.0,male,7.6,4.8,13.6,82.4,228.0,,,,,,,,0.97
IQ-LAB-101472,51.0,female,5.6,4.79,13.7,84.2,276.0,16.0,5.397605346934028e-79,24.0,0.65,57.46,109.0,14.87,11.25
IQ-LAB-101473,11.0,female,6.1,4.73,13.3,85.8,295.0,,,,,,,,0.45
IQ-LAB-101475,50.0,female,8.2,4.49,12.1,78.8,292.0,14.0,5.397605346934028e-79,15.0,0.58,51.27,194.0,136.96,18.26
IQ-LAB-101476,2.0,female,5.0,4.57,11.6,77.1,388.0,,,,,,,,
IQ-LAB-101477,9.0,male,5.8,4.58,13.4,84.4,355.0,,,,,,,,0.48
IQ-LAB-101478,60.0,male,7.2,4.61,13.6,90.5,173.0,22.0,5.397605346934028e-79,20.0,0.99,87.52,98.0,15.74,5.46
IQ-LAB-101479,73.0,female,9.0,4.52,14.9,96.2,211.0,7.0,5.397605346934028e-79,11.0,0.89,78.68,121.0,15.13,2.07
IQ-LAB-101480,64.0,male,8.3,4.26,13.2,91.5,236.0,20.0,5.397605346934028e-79,26.0,1.53,135.25,101.0,14.07,2.4
IQ-LAB-101481,29.0,female,8.9,5.24,14.1,80.0,251.0,17.0,5.397605346934028e-79,14.0,0.62,54.81,,,7.0
IQ-LAB-101482,16.0,female,8.4,4.93,14.0,85.2,196.0,14.0,5.397605346934028e-79,16.0,0.52,45.97,95.0,17.76,3.81
IQ-LAB-101483,70.0,male,10.8,4.39,12.7,85.2,147.0,19.0,5.397605346934028e-79,19.0,0.7,61.88,,,1.05
IQ-LAB-101484,49.0,male,4.6,5.32,15.3,83.0,208.0,19.0,5.397605346934028e-79,20.0,0.96,84.86,97.0,10.01,0.82
IQ-LAB-101485,16.0,female,6.9,4.4,13.3,92.4,294.0,11.0,5.397605346934028e-79,17.0,0.83,73.37,93.0,15.73,0.31
IQ-LAB-101486,60.0,female,5.8,4.4,12.9,89.3,226.0,10.0,5.397605346934028e-79,15.0,0.69,61.0,,,2.68
IQ-LAB-101487,73.0,male,5.1,4.93,15.6,93.4,172.0,24.0,5.397605346934028e-79,23.0,0.96,84.86,,,2.31
IQ-LAB-101488,64.0,female,5.3,4.69,14.4,90.9,212.0,17.0,5.397605346934028e-79,18.0,0.64,56.58,104.0,10.14,5.55
IQ-LAB-101489,51.0,female,5.2,4.68,13.0,84.4,229.0,37.0,5.397605346934028e-79,28.0,0.52,45.97,,,0.38
IQ-LAB-101490,78.0,female,5.4,4.17,12.9,91.3,201.0,10.0,5.397605346934028e-79,15.0,0.85,75.14,,,1.73
IQ-LAB-101491,12.0,female,10.9,5.09,14.2,83.0,443.0,10.0,5.397605346934028e-79,18.0,0.73,64.53,,,2.22
IQ-LAB-101492,6.0,male,10.1,4.64,12.1,78.2,297.0,,,,,,,,0.53
IQ-LAB-101493,34.0,female,5.9,4.49,13.9,92.5,243.0,26.0,5.397605346934028e-79,22.0,0.48,42.43,115.0,10.43,1.69
IQ-LAB-101496,11.0,male,10.1,4.7,13.5,83.4,207.0,,,,,,,,0.8
IQ-LAB-101497,14.0,male,7.8,4.82,14.3,83.7,250.0,14.0,5.397605346934028e-79,24.0,0.52,45.97,,,0.26
IQ-LAB-101498,71.0,male,4.3,5.3,15.4,87.2,115.0,70.0,5.397605346934028e-79,73.0,0.93,82.21,202.0,20.42,4.37
IQ-LAB-101500,67.0,female,11.9,4.85,13.4,84.2,251.0,12.0,5.397605346934028e-79,14.0,0.85,75.14,119.0,23.25,6.98
IQ-LAB-101501,30.0,female,8.2,4.95,14.3,87.8,256.0,13.0,5.397605346934028e-79,19.0,0.81,71.6,,,0.68
IQ-LAB-101502,68.0,male,12.3,5.01,15.2,88.6,351.0,17.0,5.397605346934028e-79,20.0,0.75,66.3,,,8.4
IQ-LAB-101503,10.0,female,4.8,4.71,13.3,86.2,316.0,,,,,,,,0.34
IQ-LAB-101505,62.0,female,6.1,4.26,13.6,95.1,316.0,9.0,5.397605346934028e-79,15.0,0.67,59.23,86.0,3.91,3.14
IQ-LAB-101506,16.0,female,6.4,3.88,10.4,84.9,211.0,6.0,5.397605346934028e-79,11.0,0.59,52.16,,,2.91
IQ-LAB-101508,61.0,female,7.8,4.14,12.8,88.2,195.0,18.0,5.397605346934028e-79,17.0,0.63,55.69,,,6.93
IQ-LAB-101509,12.0,male,6.4,4.73,13.8,86.9,228.0,19.0,5.397605346934028e-79,21.0,0.56,49.5,,,0.31
IQ-LAB-101510,64.0,male,4.2,4.78,12.5,79.9,334.0,18.0,5.397605346934028e-79,19.0,0.92,81.33,106.0,6.35,0.48
IQ-LAB-101511,10.0,female,7.8,5.23,13.2,75.4,289.0,,,,,,,,0.63
IQ-LAB-101512,6.0,male,8.1,4.92,13.4,77.7,395.0,,,,,,,,0.55
IQ-LAB-101513,35.0,male,5.8,4.79,15.4,93.5,280.0,16.0,5.397605346934028e-79,19.0,0.86,76.02,,,0.41
IQ-LAB-101514,3.0,female,9.5,4.82,11.0,71.6,338.0,,,,,,,,3.69
IQ-LAB-101515,51.0,male,6.1,5.41,16.6,83.5,193.0,,,,1.33,117.57,112.0,8.86,4.86
IQ-LAB-101516,30.0,female,5.8,4.86,14.8,90.4,171.0,13.0,5.397605346934028e-79,18.0,0.8,70.72,97.0,3.42,0.71
IQ-LAB-101517,34.0,female,7.0,4.52,11.1,76.6,327.0,11.0,5.397605346934028e-79,14.0,0.89,78.68,,,0.75
IQ-LAB-101518,80.0,female,7.5,5.24,17.4,97.6,198.0,10.0,5.397605346934028e-79,20.0,0.86,76.02,,,1.12
IQ-LAB-101519,8.0,male,6.2,4.46,12.7,83.5,314.0,,,,,,,,0.92
IQ-LAB-101520,52.0,male,7.2,4.82,15.6,95.7,196.0,31.0,5.397605346934028e-79,21.0,0.91,80.44,125.0,17.73,0.72
IQ-LAB-101522,76.0,male,8.5,5.09,15.2,87.5,227.0,,,,,,,,
IQ-LAB-101526,11.0,male,4.5,4.73,13.9,89.5,250.0,,,,,,,,0.41
IQ-LAB-101527,61.0,male,10.7,4.73,15.0,93.0,349.0,18.0,5.397605346934028e-79,18.0,0.79,69.84,,,1.14
IQ-LAB-101530,51.0,male,6.5,5.14,15.4,87.3,307.0,18.0,5.397605346934028e-79,19.0,0.92,81.33,,,0.58
IQ-LAB-101533,9.0,female,7.7,5.03,13.1,80.5,308.0,,,,,,,,0.34
IQ-LAB-101535,80.0,male,5.2,3.85,11.4,87.7,250.0,11.0,5.397605346934028e-79,16.0,1.24,109.62,,,0.89
IQ-LAB-101536,10.0,female,4.7,5.08,13.8,82.0,416.0,,,,,,,,0.45
IQ-LAB-101537,33.0,male,6.2,5.44,15.9,86.7,214.0,32.0,5.397605346934028e-79,21.0,1.22,107.85,105.0,17.81,2.87
IQ-LAB-101538,9.0,female,7.2,4.44,13.9,90.0,289.0,,,,,,,,0.24
IQ-LAB-101541,63.0,male,4.8,4.57,15.4,98.3,208.0,10.0,5.397605346934028e-79,18.0,1.19,105.2,97.0,13.88,1.79
IQ-LAB-101542,48.0,male,7.6,5.03,14.7,85.9,286.0,24.0,5.397605346934028e-79,20.0,0.96,84.86,,,1.47
IQ-LAB-101543,3.0,male,5.7,4.83,13.4,81.9,404.0,,,,,,,,0.16
IQ-LAB-101544,44.0,female,6.7,3.68,12.6,98.5,195.0,10.0,5.397605346934028e-79,11.0,0.84,74.26,,,0.46
IQ-LAB-101545,22.0,male,6.9,5.17,15.5,87.1,244.0,43.0,5.397605346934028e-79,28.0,0.98,86.63,,,2.23
IQ-LAB-101546,61.0,male,4.5,4.31,13.1,93.6,279.0,20.0,5.397605346934028e-79,18.0,0.9,79.56,102.0,5.33,0.44
IQ-LAB-101547,42.0,female,8.5,5.16,14.0,80.7,273.0,10.0,5.397605346934028e-79,19.0,0.66,58.34,110.0,30.56,3.68
IQ-LAB-101548,75.0,female,9.5,5.06,13.8,80.0,295.0,20.0,5.397605346934028e-79,19.0,0.83,73.37,,,11.48
IQ-LAB-101549,43.0,female,8.3,4.71,13.8,83.5,273.0,17.0,5.397605346934028e-79,21.0,0.65,57.46,,,1.93
IQ-LAB-101550,53.0,male,3.7,4.92,15.5,93.7,182.0,37.0,5.397605346934028e-79,30.0,1.26,111.38,98.0,19.06,1.1
IQ-LAB-101551,35.0,female,9.2,4.59,13.8,89.7,353.0,21.0,5.397605346934028e-79,17.0,0.69,61.0,,,8.06
IQ-LAB-101552,35.0,male,8.8,5.18,14.2,81.1,278.0,19.0,5.397605346934028e-79,25.0,1.23,108.73,,,5.71
IQ-LAB-101553,1.0,female,7.4,4.14,11.2,81.1,281.0,,,,,,,,0.61
IQ-LAB-101555,17.0,male,6.0,4.95,14.0,85.8,214.0,18.0,5.397605346934028e-79,14.0,1.14,100.78,,,5.07
IQ-LAB-101557,12.0,male,5.8,4.25,11.5,81.5,228.0,13.0,5.397605346934028e-79,25.0,0.42,37.13,95.0,4.64,0.41
IQ-LAB-101558,54.0,male,7.4,5.09,16.6,93.6,240.0,18.0,5.397605346934028e-79,17.0,0.78,68.95,110.0,12.43,0.47
IQ-LAB-101559,27.0,male,6.6,5.58,16.3,85.9,193.0,106.0,5.397605346934028e-79,48.0,0.86,76.02,121.0,34.78,1.46
IQ-LAB-101561,15.0,male,3.9,4.88,13.9,85.4,226.0,11.0,5.397605346934028e-79,17.0,0.75,66.3,101.0,8.37,0.75
IQ-LAB-101562,63.0,female,10.0,4.48,14.5,94.8,213.0,33.0,5.397605346934028e-79,38.0,1.07,94.59,,,8.2
IQ-LAB-101563,21.0,male,10.6,5.0,13.3,80.0,378.0,33.0,5.397605346934028e-79,16.0,0.89,78.68,,,5.15
IQ-LAB-101567,8.0,female,5.7,4.45,12.9,85.8,281.0,,,,,,,,0.36
IQ-LAB-101570,30.0,female,3.7,4.32,12.3,87.1,129.0,16.0,5.397605346934028e-79,13.0,0.49,43.32,90.0,16.86,1.9
IQ-LAB-101571,71.0,male,8.2,5.28,15.1,83.1,160.0,18.0,5.397605346934028e-79,17.0,1.31,115.8,,,5.15
IQ-LAB-101572,60.0,male,9.5,4.84,14.8,88.5,215.0,21.0,5.397605346934028e-79,28.0,1.28,113.15,,,3.26
IQ-LAB-101573,2.0,female,7.3,4.73,12.7,76.9,342.0,,,,,,,,
IQ-LAB-101574,22.0,female,8.9,3.99,12.8,96.7,217.0,18.0,5.397605346934028e-79,20.0,0.8,70.72,,,5.3
IQ-LAB-101575,60.0,female,10.9,4.92,14.2,88.0,291.0,,,,,,,,
IQ-LAB-101576,4.0,female,10.6,4.24,11.3,80.1,276.0,,,,,,,,0.21
IQ-LAB-101577,52.0,female,8.9,4.07,12.0,87.3,288.0,11.0,5.397605346934028e-79,18.0,0.58,51.27,113.0,13.34,0.2
IQ-LAB-101578,55.0,female,5.1,4.71,14.3,92.7,242.0,,,,,,86.0,,
IQ-LAB-101579,70.0,male,5.3,4.36,13.8,91.7,220.0,21.0,5.397605346934028e-79,19.0,0.89,78.68,,,1.07
IQ-LAB-101580,61.0,male,5.9,4.91,13.6,84.4,254.0,16.0,5.397605346934028e-79,13.0,1.71,151.16,153.0,20.25,2.45
IQ-LAB-101581,62.0,male,8.7,4.17,12.4,91.3,225.0,18.0,5.397605346934028e-79,23.0,3.33,294.37,101.0,3.31,77.79
IQ-LAB-101583,16.0,female,6.7,4.59,13.6,86.7,282.0,31.0,5.397605346934028e-79,30.0,0.58,51.27,97.0,37.65,1.31
IQ-LAB-101584,55.0,female,6.0,5.18,15.3,86.2,229.0,17.0,5.397605346934028e-79,23.0,0.67,59.23,92.0,9.32,3.21
IQ-LAB-101586,1.0,female,14.0,4.99,13.5,78.8,281.0,,,,,,,,
IQ-LAB-101587,76.0,female,5.1,4.57,12.7,84.5,154.0,13.0,5.397605346934028e-79,17.0,3.31,292.6,,,0.58
IQ-LAB-101588,23.0,female,6.7,4.22,12.6,87.8,146.0,21.0,5.397605346934028e-79,24.0,0.63,55.69,92.0,5.38,1.4
IQ-LAB-101589,63.0,male,4.0,4.8,14.0,88.8,245.0,21.0,5.397605346934028e-79,17.0,0.91,80.44,,,2.23
IQ-LAB-101590,24.0,male,7.3,5.17,16.1,90.6,201.0,40.0,5.397605346934028e-79,25.0,0.92,81.33,79.0,10.85,2.11
IQ-LAB-101591,8.0,male,10.0,4.89,13.3,82.7,253.0,,,,,,,,0.28
IQ-LAB-101592,2.0,male,6.7,4.98,14.0,81.7,282.0,,,,,,,,0.3
IQ-LAB-101593,49.0,female,7.2,4.44,10.1,70.4,311.0,11.0,5.397605346934028e-79,17.0,0.61,53.92,,,1.06
IQ-LAB-101594,43.0,female,5.9,4.47,13.7,91.2,262.0,22.0,5.397605346934028e-79,19.0,0.75,66.3,,,1.94
IQ-LAB-101595,19.0,male,3.6,5.42,15.8,85.8,220.0,26.0,5.397605346934028e-79,24.0,0.94,83.1,91.0,3.12,0.28
IQ-LAB-101596,44.0,female,4.6,3.81,11.1,90.5,260.0,20.0,5.397605346934028e-79,13.0,0.71,62.76,,,0.68
IQ-LAB-101597,77.0,female,12.3,4.3,13.5,94.0,167.0,17.0,5.397605346934028e-79,20.0,0.49,43.32,98.0,6.7,1.59
IQ-LAB-101598,6.0,male,6.2,4.2,12.3,83.4,329.0,,,,,,,,0.43
IQ-LAB-101599,22.0,male,6.6,4.63,14.3,91.5,295.0,35.0,5.397605346934028e-79,28.0,0.99,87.52,100.0,21.59,10.07
IQ-LAB-101600,5.0,female,9.9,4.6,12.6,80.5,355.0,,,,,,,,1.11
IQ-LAB-101601,62.0,male,9.0,6.24,16.9,81.4,248.0,18.0,5.397605346934028e-79,23.0,1.2,106.08,,,2.0
IQ-LAB-101603,6.0,female,11.2,4.84,12.6,77.6,257.0,,,,,,,,0.41
IQ-LAB-101604,22.0,male,5.3,4.61,14.1,92.0,188.0,11.0,5.397605346934028e-79,18.0,0.79,69.84,,,0.34
IQ-LAB-101605,66.0,male,6.3,5.09,14.7,86.5,176.0,14.0,5.397605346934028e-79,14.0,1.09,96.36,102.0,9.0,0.95
IQ-LAB-101606,58.0,male,7.0,4.48,14.1,92.8,238.0,25.0,5.397605346934028e-79,29.0,0.9,79.56,99.0,2.78,5.86
IQ-LAB-101607,11.0,female,8.1,5.09,13.6,78.1,248.0,,,,,,,,1.19
IQ-LAB-101608,62.0,male,5.7,5.31,14.8,84.7,207.0,21.0,5.397605346934028e-79,19.0,0.79,69.84,122.0,12.18,11.19
IQ-LAB-101609,22.0,male,5.6,5.21,15.9,90.6,229.0,35.0,5.397605346934028e-79,105.0,0.91,80.44,102.0,4.57,0.67
IQ-LAB-101610,2.0,female,8.5,4.18,11.6,80.8,393.0,,,,,,,,0.15
IQ-LAB-101611,1.0,male,9.2,3.91,10.6,80.0,337.0,,,,,,,,0.48
IQ-LAB-101612,75.0,male,3.6,5.65,15.0,81.9,164.0,15.0,5.397605346934028e-79,19.0,1.16,102.54,96.0,7.66,1.47
IQ-LAB-101613,53.0,male,5.3,4.95,14.8,87.7,326.0,53.0,5.397605346934028e-79,32.0,0.81,71.6,292.0,3.09,1.8
IQ-LAB-101614,11.0,female,12.0,4.38,12.6,85.1,345.0,,,,,,,,0.16
IQ-LAB-101615,16.0,female,4.7,4.19,14.0,95.2,212.0,9.0,5.397605346934028e-79,12.0,0.61,53.92,95.0,14.73,0.44
IQ-LAB-101616,56.0,male,7.5,4.7,14.0,89.7,202.0,18.0,5.397605346934028e-79,20.0,1.21,106.96,,,3.52
IQ-LAB-101617,7.0,male,8.0,4.48,12.0,78.5,205.0,,,,,,,,0.23
IQ-LAB-101618,8.0,male,6.8,4.5,12.7,81.7,305.0,,,,,,,,0.63
IQ-LAB-101619,13.0,female,4.3,5.7,11.6,64.5,299.0,11.0,5.397605346934028e-79,14.0,0.45,39.78,112.0,24.19,33.98
IQ-LAB-101620,29.0,female,6.5,4.41,14.5,93.9,207.0,5.0,5.397605346934028e-79,18.0,0.64,56.58,,,0.46
IQ-LAB-101621,80.0,male,8.3,4.46,13.8,89.3,187.0,15.0,5.397605346934028e-79,23.0,1.22,107.85,,,5.64
IQ-LAB-101622,6.0,female,7.0,4.51,12.5,82.0,277.0,,,,,,,,0.35
IQ-LAB-101623,62.0,male,6.6,4.54,14.1,90.8,216.0,16.0,5.397605346934028e-79,21.0,1.01,89.28,119.0,11.19,1.37
IQ-LAB-101625,21.0,male,6.9,6.8,15.2,70.8,284.0,37.0,5.397605346934028e-79,23.0,0.94,83.1,,,3.99
IQ-LAB-101626,55.0,female,4.0,4.26,13.3,93.1,325.0,25.0,5.397605346934028e-79,22.0,0.7,61.88,98.0,10.87,0.49
IQ-LAB-101627,76.0,female,4.3,4.37,13.2,90.3,196.0,14.0,5.397605346934028e-79,20.0,1.02,90.17,105.0,5.54,0.55
IQ-LAB-101628,17.0,female,6.5,3.83,11.9,92.2,264.0,13.0,5.397605346934028e-79,24.0,0.83,73.37,,,0.95
IQ-LAB-101629,11.0,male,8.0,4.52,13.4,86.0,343.0,,,,,,,,0.99
IQ-LAB-101630,12.0,male,6.2,4.66,13.6,85.4,231.0,9.0,5.397605346934028e-79,18.0,0.58,51.27,,,0.25
IQ-LAB-101631,73.0,female,6.0,4.13,12.8,91.4,245.0,,,,,,107.0,6.78,1.13
IQ-LAB-101632,6.0,male,5.9,4.74,12.8,82.1,282.0,,,,,,,,0.18
IQ-LAB-101633,8.0,female,8.4,5.08,13.2,76.3,300.0,,,,,,,,0.79
IQ-LAB-101634,80.0,male,12.4,4.63,13.6,90.8,8.0,10.0,5.397605346934028e-79,12.0,0.88,77.79,,,3.26
IQ-LAB-101635,63.0,female,7.2,4.9,15.6,92.6,256.0,10.0,5.397605346934028e-79,19.0,0.92,81.33,98.0,7.83,1.97
IQ-LAB-101636,68.0,female,5.4,4.99,14.6,88.3,254.0,11.0,5.397605346934028e-79,16.0,0.7,61.88,89.0,8.89,2.28
IQ-LAB-101638,58.0,male,3.5,4.71,15.6,93.2,236.0,21.0,5.397605346934028e-79,21.0,0.85,75.14,112.0,10.52,0.98
IQ-LAB-101639,14.0,male,6.0,5.29,14.0,77.8,306.0,8.0,5.397605346934028e-79,17.0,0.87,76.91,,,0.23
IQ-LAB-101640,55.0,female,8.6,4.59,11.6,77.6,280.0,11.0,5.397605346934028e-79,16.0,0.8,70.72,,,12.32
IQ-LAB-101641,1.0,female,9.2,4.73,11.9,75.0,262.0,,,,,,,,1.52
IQ-LAB-101642,53.0,female,7.5,4.63,12.2,81.4,169.0,19.0,5.397605346934028e-79,16.0,1.09,96.36,118.0,22.32,11.9
IQ-LAB-101644,8.0,male,7.6,5.0,12.9,78.2,454.0,,,,,,,,0.44
IQ-LAB-101645,68.0,male,6.3,4.19,12.6,90.7,264.0,12.0,5.397605346934028e-79,16.0,0.62,54.81,128.0,5.84,3.88
IQ-LAB-101647,58.0,female,3.2,4.04,11.8,88.4,166.0,16.0,5.397605346934028e-79,18.0,0.71,62.76,100.0,3.57,0.84
IQ-LAB-101648,16.0,male,8.0,4.78,14.7,90.3,327.0,13.0,5.397605346934028e-79,18.0,0.78,68.95,,,0.52
IQ-LAB-101649,40.0,female,6.5,4.02,13.0,94.5,246.0,8.0,5.397605346934028e-79,13.0,0.92,81.33,97.0,8.29,1.11
IQ-LAB-101651,3.0,male,7.0,4.7,12.8,80.7,276.0,,,,,,,,0.18
IQ-LAB-101652,20.0,male,7.9,4.91,15.5,91.0,202.0,35.0,5.397605346934028e-79,23.0,1.02,90.17,,,8.37
IQ-LAB-101653,70.0,female,3.9,4.02,12.4,89.6,165.0,6.0,5.397605346934028e-79,13.0,1.06,93.7,98.0,5.99,0.6
IQ-LAB-101654,72.0,male,6.1,3.68,12.4,96.9,179.0,31.0,5.397605346934028e-79,25.0,1.52,134.37,125.0,9.59,1.82
IQ-LAB-101655,20.0,male,8.2,5.58,15.8,83.8,220.0,18.0,5.397605346934028e-79,20.0,1.24,109.62,,,14.22
IQ-LAB-101656,60.0,female,7.7,4.59,11.9,78.8,184.0,20.0,5.397605346934028e-79,19.0,0.74,65.42,133.0,12.73,8.06
IQ-LAB-101657,28.0,male,4.7,4.09,12.8,96.1,226.0,28.0,5.397605346934028e-79,24.0,0.79,69.84,,,1.17
IQ-LAB-101658,30.0,male,8.1,5.04,15.3,91.0,254.0,37.0,5.397605346934028e-79,22.0,0.92,81.33,113.0,7.75,0.6
IQ-LAB-101659,36.0,female,5.5,4.34,13.4,91.3,268.0,7.0,5.397605346934028e-79,12.0,0.7,61.88,106.0,3.56,2.42
IQ-LAB-101660,65.0,male,8.2,4.96,14.7,90.6,203.0,42.0,5.397605346934028e-79,30.0,0.96,84.86,162.0,29.35,1.73
IQ-LAB-101661,61.0,female,12.0,3.99,12.4,91.1,317.0,10.0,5.397605346934028e-79,7.0,0.73,64.53,114.0,16.87,30.4
IQ-LAB-101662,58.0,male,6.1,4.56,14.4,91.3,234.0,37.0,5.397605346934028e-79,28.0,1.25,110.5,116.0,12.74,1.24
IQ-LAB-101663,4.0,female,7.2,4.47,13.3,86.6,256.0,,,,,,,,2.64
IQ-LAB-101664,47.0,female,13.1,4.2,13.0,92.7,351.0,25.0,5.397605346934028e-79,15.0,0.87,76.91,109.0,22.57,4.32
IQ-LAB-101665,9.0,female,6.7,4.27,12.1,82.3,319.0,,,,,,,,0.35
IQ-LAB-101667,64.0,female,5.3,5.15,13.8,80.4,276.0,21.0,5.397605346934028e-79,17.0,0.85,75.14,,,1.99
IQ-LAB-101668,38.0,male,6.6,5.14,14.8,86.4,266.0,13.0,5.397605346934028e-79,12.0,0.92,81.33,97.0,5.78,1.46
IQ-LAB-101669,28.0,female,8.9,4.46,13.9,92.2,298.0,47.0,5.397605346934028e-79,36.0,0.8,70.72,96.0,23.02,9.8
IQ-LAB-101670,36.0,female,10.5,4.7,12.8,79.9,319.0,21.0,5.397605346934028e-79,17.0,0.68,60.11,,,5.05
IQ-LAB-101673,13.0,female,6.0,4.32,12.5,85.2,291.0,13.0,5.397605346934028e-79,18.0,0.48,42.43,95.0,6.59,0.52
IQ-LAB-101674,16.0,female,8.7,5.51,11.8,67.2,297.0,14.0,5.397605346934028e-79,22.0,0.46,40.66,103.0,19.69,4.76
IQ-LAB-101675,55.0,female,8.3,4.21,12.9,92.6,204.0,41.0,5.397605346934028e-79,34.0,0.53,46.85,,,1.03
IQ-LAB-101676,55.0,male,7.2,4.49,12.7,84.7,238.0,11.0,5.397605346934028e-79,15.0,0.75,66.3,,,0.28
IQ-LAB-101677,25.0,male,6.9,5.21,14.8,85.8,233.0,21.0,5.397605346934028e-79,21.0,0.8,70.72,96.0,10.16,2.94
IQ-LAB-101678,13.0,male,10.4,4.49,12.9,80.5,263.0,17.0,5.397605346934028e-79,27.0,0.52,45.97,,,0.22
IQ-LAB-101679,62.0,female,5.1,4.32,11.8,85.4,218.0,12.0,5.397605346934028e-79,16.0,0.74,65.42,91.0,9.02,3.81
IQ-LAB-101680,1.0,male,8.5,4.89,12.4,76.8,352.0,,,,,,,,0.85
IQ-LAB-101681,31.0,female,4.2,4.28,13.5,93.4,301.0,16.0,5.397605346934028e-79,13.0,0.73,64.53,97.0,10.3,0.3
IQ-LAB-101682,45.0,female,8.4,4.43,13.6,88.6,266.0,29.0,5.397605346934028e-79,20.0,0.83,73.37,,,2.97
IQ-LAB-101687,75.0,female,6.7,4.79,14.0,88.5,195.0,13.0,5.397605346934028e-79,18.0,0.85,75.14,92.0,5.18,0.99
IQ-LAB-101688,20.0,female,10.6,4.5,13.5,89.8,264.0,10.0,5.397605346934028e-79,15.0,0.69,61.0,,,1.07
IQ-LAB-101689,80.0,male,5.7,3.88,11.8,90.9,151.0,14.0,5.397605346934028e-79,24.0,1.09,96.36,,,1.05
IQ-LAB-101692,60.0,female,5.9,5.17,16.1,90.1,162.0,22.0,5.397605346934028e-79,20.0,0.79,69.84,,,2.91
IQ-LAB-101693,28.0,female,9.0,5.18,14.1,82.3,334.0,15.0,5.397605346934028e-79,15.0,0.87,76.91,110.0,28.43,2.57
IQ-LAB-101694,64.0,male,6.9,4.51,13.7,88.8,231.0,17.0,5.397605346934028e-79,17.0,0.7,61.88,123.0,12.14,0.89
IQ-LAB-101695,45.0,female,6.6,4.89,13.4,83.4,188.0,62.0,5.397605346934028e-79,31.0,0.59,52.16,96.0,9.61,2.84
IQ-LAB-101697,60.0,female,5.1,4.8,14.5,90.2,235.0,35.0,5.397605346934028e-79,22.0,0.56,49.5,138.0,14.66,1.36
IQ-LAB-101698,57.0,female,6.7,4.19,12.7,89.3,223.0,22.0,5.397605346934028e-79,23.0,0.73,64.53,,,4.46
IQ-LAB-101700,80.0,female,4.8,3.97,12.7,93.6,172.0,10.0,5.397605346934028e-79,13.0,0.98,86.63,,,1.66
IQ-LAB-101701,26.0,female,12.8,4.31,12.8,89.3,441.0,9.0,5.397605346934028e-79,12.0,0.75,66.3,,,4.94
IQ-LAB-101703,10.0,male,8.7,4.86,13.5,84.5,271.0,,,,,,,,1.46
IQ-LAB-101704,80.0,male,5.9,4.71,13.8,89.2,209.0,12.0,5.397605346934028e-79,14.0,1.85,163.54,94.0,6.0,1.02
IQ-LAB-101705,60.0,female,5.8,4.3,13.5,91.8,233.0,13.0,5.397605346934028e-79,17.0,0.8,70.72,,,0.82
IQ-LAB-101706,4.0,female,9.5,3.99,12.2,86.5,359.0,,,,,,,,0.11
IQ-LAB-101707,79.0,female,5.6,4.73,14.3,91.8,326.0,16.0,5.397605346934028e-79,20.0,0.7,61.88,107.0,10.44,
IQ-LAB-101708,80.0,male,8.2,4.62,14.2,88.3,189.0,10.0,5.397605346934028e-79,15.0,0.98,86.63,128.0,6.12,4.92
IQ-LAB-101709,23.0,female,9.0,4.18,12.9,90.3,285.0,9.0,5.397605346934028e-79,13.0,0.5,44.2,80.0,11.73,4.5
IQ-LAB-101710,80.0,female,8.5,4.82,13.5,87.6,240.0,26.0,5.397605346934028e-79,24.0,1.34,118.46,,,6.18
IQ-LAB-101711,43.0,male,7.0,5.32,15.4,85.7,257.0,28.0,5.397605346934028e-79,28.0,0.82,72.49,103.0,19.51,2.43
IQ-LAB-101714,36.0,male,8.1,5.22,15.0,83.8,310.0,75.0,5.397605346934028e-79,72.0,1.03,91.05,98.0,15.27,5.72
IQ-LAB-101715,9.0,male,7.5,5.11,13.4,76.4,177.0,,,,,,,,2.41
IQ-LAB-101716,33.0,female,8.6,4.47,13.4,86.1,323.0,49.0,5.397605346934028e-79,28.0,0.45,39.78,99.0,29.65,4.57
IQ-LAB-101718,39.0,female,5.2,3.79,12.1,92.8,281.0,13.0,5.397605346934028e-79,14.0,0.69,61.0,110.0,7.4,1.02
IQ-LAB-101719,14.0,male,5.7,5.01,15.3,89.2,294.0,11.0,5.397605346934028e-79,14.0,0.82,72.49,105.0,22.57,0.51
IQ-LAB-101721,28.0,male,13.5,5.61,14.9,81.8,237.0,24.0,5.397605346934028e-79,30.0,0.84,74.26,,,3.02
IQ-LAB-101722,72.0,male,7.8,5.26,15.7,88.4,167.0,15.0,5.397605346934028e-79,18.0,0.99,87.52,139.0,10.55,0.7
IQ-LAB-101723,69.0,female,7.2,4.83,14.0,87.2,198.0,15.0,5.397605346934028e-79,19.0,0.82,72.49,,,1.12
IQ-LAB-101724,60.0,male,4.8,4.49,15.5,98.1,219.0,13.0,5.397605346934028e-79,20.0,0.97,85.75,96.0,4.12,0.74
IQ-LAB-101725,59.0,female,5.5,4.57,14.1,91.2,165.0,15.0,5.397605346934028e-79,21.0,0.81,71.6,99.0,2.45,0.68
IQ-LAB-101726,61.0,male,8.1,4.84,15.2,94.8,194.0,61.0,5.397605346934028e-79,31.0,0.83,73.37,161.0,37.75,6.07
IQ-LAB-101727,37.0,male,8.0,3.89,15.3,113.1,258.0,43.0,5.397605346934028e-79,62.0,0.67,59.23,112.0,13.19,7.87
IQ-LAB-101728,65.0,male,5.2,4.89,14.1,86.4,228.0,19.0,5.397605346934028e-79,26.0,1.3,114.92,,,6.69
IQ-LAB-101730,73.0,male,4.7,4.42,13.7,93.3,171.0,30.0,5.397605346934028e-79,27.0,1.08,95.47,109.0,17.93,9.33
IQ-LAB-101731,46.0,male,7.8,4.84,14.9,93.2,223.0,14.0,5.397605346934028e-79,15.0,0.75,66.3,94.0,5.89,1.98
IQ-LAB-101732,39.0,male,8.1,4.53,13.8,91.0,198.0,18.0,5.397605346934028e-79,27.0,1.03,91.05,,,0.74
IQ-LAB-101733,25.0,female,5.6,4.67,13.7,88.4,199.0,13.0,5.397605346934028e-79,18.0,0.68,60.11,92.0,8.91,0.38
IQ-LAB-101734,16.0,female,8.3,4.09,12.8,91.3,292.0,11.0,5.397605346934028e-79,14.0,0.67,59.23,,,0.51
IQ-LAB-101736,29.0,male,6.8,6.05,16.9,82.6,211.0,56.0,5.397605346934028e-79,24.0,0.88,77.79,106.0,34.79,1.84
IQ-LAB-101737,57.0,male,9.4,5.56,17.5,93.4,260.0,15.0,5.397605346934028e-79,15.0,0.84,74.26,95.0,3.9,7.1
IQ-LAB-101738,2.0,female,9.7,4.62,12.8,77.8,364.0,,,,,,,,1.39
IQ-LAB-101739,7.0,male,5.2,4.37,12.9,84.2,283.0,,,,,,,,0.28
IQ-LAB-101740,59.0,female,7.7,4.34,14.4,97.0,289.0,18.0,5.397605346934028e-79,17.0,0.93,82.21,96.0,9.64,13.23
IQ-LAB-101741,5.0,female,8.8,4.56,12.1,78.6,376.0,,,,,,,,0.61
IQ-LAB-101742,37.0,male,6.6,5.1,16.9,95.2,312.0,60.0,5.397605346934028e-79,28.0,0.84,74.26,98.0,32.86,1.29
IQ-LAB-101743,74.0,male,5.5,4.41,13.5,90.2,136.0,23.0,5.397605346934028e-79,19.0,1.04,91.94,,,2.07
IQ-LAB-101744,25.0,male,8.1,5.12,13.9,80.9,336.0,40.0,5.397605346934028e-79,22.0,0.87,76.91,,,2.07
IQ-LAB-101745,18.0,male,8.6,4.95,15.1,87.1,277.0,33.0,5.397605346934028e-79,20.0,0.79,69.84,108.0,28.5,1.61
IQ-LAB-101746,3.0,female,7.0,4.56,12.3,77.7,379.0,,,,,,,,0.35
IQ-LAB-101747,7.0,female,5.2,5.24,13.4,79.7,221.0,,,,,,,,
IQ-LAB-101749,3.0,male,10.5,4.99,13.4,76.5,372.0,,,,,,,,0.65
IQ-LAB-101750,71.0,female,5.8,4.51,13.2,86.8,187.0,,,,,,,,
IQ-LAB-101752,1.0,female,9.7,4.46,12.5,81.0,319.0,,,,,,,,0.29
IQ-LAB-101753,46.0,male,10.2,5.6,15.8,81.8,244.0,48.0,5.397605346934028e-79,47.0,0.99,87.52,,,3.6
IQ-LAB-101754,56.0,male,7.3,4.6,14.2,92.1,216.0,23.0,5.397605346934028e-79,20.0,1.0,88.4,109.0,12.58,4.16
IQ-LAB-101755,66.0,female,5.7,4.53,12.8,85.8,168.0,14.0,5.397605346934028e-79,14.0,0.77,68.07,94.0,11.32,1.5
IQ-LAB-101756,61.0,female,5.1,4.37,13.4,90.9,339.0,13.0,5.397605346934028e-79,15.0,0.7,61.88,110.0,10.38,13.59
IQ-LAB-101758,37.0,male,9.0,5.59,15.4,85.3,311.0,14.0,5.397605346934028e-79,15.0,1.22,107.85,95.0,16.95,3.9
IQ-LAB-101759,2.0,female,6.7,4.84,13.0,79.9,352.0,,,,,,,,0.31
IQ-LAB-101761,44.0,male,9.0,4.65,13.8,84.4,238.0,31.0,5.397605346934028e-79,23.0,0.8,70.72,,,4.44
IQ-LAB-101762,80.0,female,4.8,4.91,14.0,84.9,156.0,15.0,5.397605346934028e-79,18.0,0.95,83.98,104.0,11.52,3.48
IQ-LAB-101763,54.0,female,6.7,4.74,13.9,88.6,191.0,21.0,5.397605346934028e-79,19.0,0.57,50.39,102.0,9.54,4.87
IQ-LAB-101764,49.0,male,7.6,3.55,11.6,97.6,127.0,11.0,5.397605346934028e-79,12.0,9.66,853.94,,,11.13
IQ-LAB-101765,32.0,female,12.4,3.99,11.9,86.4,290.0,10.0,5.397605346934028e-79,13.0,0.64,56.58,,,1.18
IQ-LAB-101766,55.0,female,8.7,4.74,14.4,88.7,278.0,37.0,5.397605346934028e-79,25.0,0.74,65.42,,,1.05
IQ-LAB-101768,24.0,male,4.2,5.48,16.0,86.7,301.0,19.0,5.397605346934028e-79,20.0,1.18,104.31,111.0,10.31,0.46
IQ-LAB-101771,80.0,male,6.3,4.22,11.9,83.8,368.0,53.0,5.397605346934028e-79,28.0,1.54,136.14,110.0,6.11,2.93
IQ-LAB-101772,77.0,male,8.1,5.75,16.5,85.7,154.0,22.0,5.397605346934028e-79,20.0,0.95,83.98,148.0,21.24,1.5
IQ-LAB-101773,8.0,male,9.2,4.2,12.4,85.4,323.0,,,,,,,,1.36
IQ-LAB-101774,28.0,male,10.5,5.57,15.7,84.9,246.0,53.0,5.397605346934028e-79,27.0,0.78,68.95,,,4.24
IQ-LAB-101775,36.0,male,5.4,4.65,14.6,92.8,273.0,11.0,5.397605346934028e-79,13.0,0.96,84.86,97.0,3.78,0.34
IQ-LAB-101777,64.0,male,7.4,5.4,14.5,80.7,197.0,7.0,5.397605346934028e-79,18.0,1.22,107.85,,,1.64
IQ-LAB-101778,64.0,female,2.7,4.12,12.4,92.2,135.0,11.0,5.397605346934028e-79,17.0,0.88,77.79,103.0,3.79,0.42
IQ-LAB-101779,55.0,female,8.2,4.34,12.9,88.9,311.0,21.0,5.397605346934028e-79,16.0,0.71,62.76,98.0,10.51,4.08
IQ-LAB-101780,65.0,female,6.6,5.09,15.3,88.6,209.0,22.0,5.397605346934028e-79,24.0,0.78,68.95,109.0,11.86,1.06
IQ-LAB-101781,55.0,male,6.9,4.6,14.8,91.7,256.0,21.0,5.397605346934028e-79,20.0,1.11,98.12,,,0.44
IQ-LAB-101783,51.0,male,10.3,5.21,17.3,98.8,216.0,18.0,5.397605346934028e-79,20.0,0.74,65.42,,,1.28
IQ-LAB-101785,77.0,female,7.0,4.38,14.0,94.4,182.0,20.0,5.397605346934028e-79,23.0,0.94,83.1,129.0,20.76,2.33
IQ-LAB-101786,53.0,male,9.1,4.73,15.0,92.8,210.0,15.0,5.397605346934028e-79,16.0,0.91,80.44,,,1.59
IQ-LAB-101787,30.0,male,5.0,5.08,12.8,75.4,110.0,22.0,5.397605346934028e-79,32.0,0.93,82.21,87.0,6.89,3.83
IQ-LAB-101789,5.0,male,6.7,4.48,12.5,82.6,384.0,,,,,,,,0.11
IQ-LAB-101790,22.0,female,8.2,4.73,13.6,87.4,329.0,21.0,5.397605346934028e-79,21.0,0.7,61.88,,,4.35
IQ-LAB-101792,7.0,male,8.1,4.77,13.3,80.3,334.0,,,,,,,,0.77
IQ-LAB-101793,57.0,male,8.1,4.88,14.6,88.7,273.0,17.0,5.397605346934028e-79,16.0,0.86,76.02,107.0,9.43,0.86
IQ-LAB-101794,63.0,male,5.9,4.28,12.7,87.0,233.0,12.0,5.397605346934028e-79,15.0,0.73,64.53,,,14.92
IQ-LAB-101795,40.0,female,9.9,4.6,13.7,85.9,239.0,14.0,5.397605346934028e-79,19.0,0.62,54.81,,,1.88
IQ-LAB-101796,12.0,female,8.6,5.08,14.5,83.2,240.0,11.0,5.397605346934028e-79,17.0,0.54,47.74,,,1.98
IQ-LAB-101797,1.0,male,8.1,4.98,12.2,74.3,422.0,,,,,,,,2.15
IQ-LAB-101798,8.0,male,6.5,4.72,13.8,85.6,229.0,,,,,,,,0.22
IQ-LAB-101799,28.0,female,4.6,4.15,13.2,94.1,215.0,10.0,5.397605346934028e-79,20.0,0.83,73.37,94.0,2.92,0.37
IQ-LAB-101802,57.0,female,2.7,4.38,13.6,93.3,150.0,29.0,5.397605346934028e-79,29.0,0.68,60.11,96.0,4.77,0.38
IQ-LAB-101804,9.0,male,10.0,4.89,14.1,85.0,320.0,,,,,,,,0.48
IQ-LAB-101806,16.0,female,5.8,4.23,13.0,91.9,269.0,8.0,5.397605346934028e-79,13.0,0.59,52.16,,,0.44
IQ-LAB-101807,79.0,female,7.9,5.01,13.8,83.1,270.0,13.0,5.397605346934028e-79,22.0,0.75,66.3,139.0,6.64,10.71
IQ-LAB-101808,10.0,male,8.7,4.46,12.6,83.2,283.0,,,,,,,,0.43
IQ-LAB-101809,61.0,male,6.6,4.9,14.8,90.4,272.0,7.0,5.397605346934028e-79,9.0,1.11,98.12,,,8.58
IQ-LAB-101810,8.0,male,4.8,4.65,12.9,82.1,214.0,,,,,,,,0.85
IQ-LAB-101811,69.0,male,10.4,5.15,16.2,91.2,181.0,21.0,5.397605346934028e-79,23.0,1.21,106.96,,,0.49
IQ-LAB-101812,8.0,male,6.2,4.35,11.8,84.5,279.0,,,,,,,,2.87
IQ-LAB-101814,26.0,female,8.1,4.56,14.3,93.3,295.0,32.0,5.397605346934028e-79,24.0,0.64,56.58,102.0,22.52,32.11
IQ-LAB-101817,71.0,male,6.7,4.92,14.9,91.9,244.0,27.0,5.397605346934028e-79,21.0,1.08,95.47,150.0,28.81,4.73
IQ-LAB-101818,19.0,male,16.8,4.92,14.5,87.4,331.0,41.0,5.397605346934028e-79,22.0,0.81,71.6,,,6.99
IQ-LAB-101819,7.0,male,8.3,4.45,12.6,85.0,376.0,,,,,,,,1.11
IQ-LAB-101820,9.0,male,8.0,5.06,14.7,82.0,341.0,,,,,,,,0.35
IQ-LAB-101821,53.0,female,6.3,3.99,11.9,91.2,162.0,12.0,5.397605346934028e-79,20.0,0.66,58.34,122.0,5.8,0.38
IQ-LAB-101822,40.0,male,8.5,5.34,16.3,92.8,264.0,21.0,5.397605346934028e-79,17.0,0.93,82.21,111.0,11.22,0.98
IQ-LAB-101823,67.0,male,9.3,4.84,15.1,89.9,199.0,8.0,5.397605346934028e-79,16.0,0.8,70.72,,,5.1
IQ-LAB-101824,64.0,female,7.6,4.58,13.1,89.6,336.0,,,,,,108.0,,
IQ-LAB-101825,16.0,male,6.7,5.72,16.9,86.0,191.0,,,,,,111.0,,
IQ-LAB-101826,15.0,male,9.4,4.86,14.5,87.9,253.0,9.0,5.397605346934028e-79,18.0,0.87,76.91,89.0,16.66,0.75
IQ-LAB-101827,4.0,male,8.7,5.24,10.8,64.9,304.0,,,,,,,,0.29
IQ-LAB-101828,32.0,female,5.7,5.42,10.9,63.5,222.0,11.0,5.397605346934028e-79,16.0,0.82,72.49,100.0,9.94,7.22
IQ-LAB-101829,63.0,male,7.2,5.22,15.7,91.2,228.0,31.0,5.397605346934028e-79,25.0,0.98,86.63,114.0,40.1,2.59
IQ-LAB-101830,45.0,female,7.0,4.31,11.6,82.6,277.0,13.0,5.397605346934028e-79,14.0,0.77,68.07,99.0,17.15,3.64
IQ-LAB-101832,59.0,female,6.7,4.38,13.9,92.4,266.0,15.0,5.397605346934028e-79,20.0,0.79,69.84,,,3.04
IQ-LAB-101833,9.0,male,4.9,4.65,12.9,80.1,267.0,,,,,,,,0.19
IQ-LAB-101834,66.0,female,7.2,4.38,13.7,90.7,279.0,22.0,5.397605346934028e-79,20.0,1.01,89.28,,,1.98
IQ-LAB-101835,11.0,male,5.3,3.79,11.7,91.1,212.0,,,,,,,,0.35
IQ-LAB-101837,72.0,female,5.5,3.73,11.6,89.6,315.0,14.0,5.397605346934028e-79,15.0,0.83,73.37,,,0.56
IQ-LAB-101838,30.0,female,4.8,4.68,13.8,85.6,261.0,8.0,5.397605346934028e-79,17.0,0.57,50.39,,,2.93
IQ-LAB-101839,74.0,female,9.4,4.57,13.2,87.3,219.0,13.0,5.397605346934028e-79,14.0,0.88,77.79,,,2.16
IQ-LAB-101840,74.0,male,8.5,4.81,16.8,100.9,173.0,24.0,5.397605346934028e-79,28.0,0.86,76.02,,,3.63
IQ-LAB-101842,30.0,female,7.2,4.73,10.8,73.0,148.0,15.0,5.397605346934028e-79,19.0,0.67,59.23,94.0,11.91,2.68
IQ-LAB-101843,77.0,female,8.7,4.18,13.0,91.4,244.0,9.0,5.397605346934028e-79,13.0,0.58,51.27,,,2.22
IQ-LAB-101844,21.0,female,7.7,5.4,6.7,35.4,427.0,11.0,5.397605346934028e-79,17.0,0.56,49.5,,,5.17
IQ-LAB-101845,38.0,female,7.7,5.39,15.5,84.0,280.0,58.0,5.397605346934028e-79,42.0,0.81,71.6,105.0,8.57,5.29
IQ-LAB-101846,51.0,male,5.5,5.58,16.8,89.0,232.0,19.0,5.397605346934028e-79,17.0,1.1,97.24,,,0.76
IQ-LAB-101847,63.0,female,5.5,4.55,13.2,88.4,275.0,13.0,5.397605346934028e-79,17.0,0.93,82.21,97.0,14.27,1.01
IQ-LAB-101848,56.0,female,16.9,4.5,13.4,88.4,315.0,26.0,5.397605346934028e-79,37.0,1.02,90.17,102.0,3.42,109.81
IQ-LAB-101850,28.0,male,10.8,5.47,16.8,88.9,340.0,26.0,5.397605346934028e-79,25.0,1.24,109.62,,,1.51
IQ-LAB-101851,40.0,male,6.2,5.15,15.7,89.5,246.0,33.0,5.397605346934028e-79,22.0,0.85,75.14,109.0,12.1,0.91
IQ-LAB-101853,30.0,male,8.5,4.56,14.3,90.1,259.0,25.0,5.397605346934028e-79,21.0,0.79,69.84,,,1.38
IQ-LAB-101855,11.0,female,10.8,4.67,11.4,72.6,485.0,,,,,,,,3.65
IQ-LAB-101857,7.0,female,5.1,4.88,13.6,83.1,223.0,,,,,,,,1.14
IQ-LAB-101859,64.0,female,4.2,3.85,11.6,92.9,229.0,8.0,5.397605346934028e-79,19.0,1.17,103.43,,,1.88
IQ-LAB-101861,49.0,female,4.1,4.81,11.4,74.0,331.0,12.0,5.397605346934028e-79,21.0,0.71,62.76,95.0,8.32,1.39
IQ-LAB-101862,37.0,male,9.8,5.53,14.9,83.9,257.0,41.0,5.397605346934028e-79,24.0,0.84,74.26,92.0,11.96,4.0
IQ-LAB-101863,12.0,male,7.6,4.97,13.0,80.9,313.0,56.0,5.397605346934028e-79,41.0,0.62,54.81,102.0,19.27,2.82
IQ-LAB-101864,72.0,female,6.7,4.46,13.6,91.0,282.0,16.0,5.397605346934028e-79,22.0,0.68,60.11,111.0,7.68,0.68
IQ-LAB-101865,53.0,female,5.3,5.61,12.7,72.6,278.0,17.0,5.397605346934028e-79,16.0,0.91,80.44,115.0,10.57,2.1
IQ-LAB-101866,52.0,male,11.9,5.13,15.5,89.0,300.0,52.0,5.397605346934028e-79,39.0,1.53,135.25,110.0,15.64,3.12
IQ-LAB-101867,22.0,female,9.7,4.44,12.7,82.1,276.0,13.0,5.397605346934028e-79,19.0,0.71,62.76,,,4.73
IQ-LAB-101868,14.0,male,3.4,5.3,14.8,84.3,249.0,13.0,5.397605346934028e-79,18.0,0.77,68.07,,,0.34
IQ-LAB-101869,16.0,male,5.3,5.43,16.3,89.3,215.0,15.0,5.397605346934028e-79,15.0,0.94,83.1,98.0,3.21,12.02
IQ-LAB-101870,66.0,female,4.9,4.59,14.2,89.4,212.0,33.0,5.397605346934028e-79,31.0,0.92,81.33,,,0.84
IQ-LAB-101871,36.0,female,7.7,4.4,12.7,87.5,391.0,12.0,5.397605346934028e-79,11.0,0.63,55.69,,,1.96
IQ-LAB-101872,8.0,male,9.7,4.28,12.0,82.8,331.0,,,,,,,,0.28
IQ-LAB-101873,8.0,male,8.1,4.25,11.9,82.2,301.0,,,,,,,,0.11
IQ-LAB-101874,63.0,female,11.2,4.9,13.7,86.3,301.0,13.0,5.397605346934028e-79,18.0,0.84,74.26,,,0.96
IQ-LAB-101875,49.0,female,7.1,4.45,13.0,86.1,289.0,38.0,5.397605346934028e-79,30.0,0.63,55.69,,,4.16
IQ-LAB-101876,38.0,female,5.6,4.47,14.0,93.0,334.0,9.0,5.397605346934028e-79,16.0,1.24,109.62,,,7.89
IQ-LAB-101878,50.0,female,12.3,3.84,11.6,89.0,427.0,9.0,5.397605346934028e-79,12.0,1.13,99.89,116.0,12.58,7.81
IQ-LAB-101879,56.0,female,8.3,4.54,14.2,93.9,263.0,26.0,5.397605346934028e-79,22.0,0.67,59.23,,,0.63
IQ-LAB-101880,21.0,male,4.9,5.3,15.3,86.2,248.0,40.0,5.397605346934028e-79,23.0,0.78,68.95,95.0,22.7,4.22
IQ-LAB-101882,52.0,female,4.4,4.16,12.8,91.4,386.0,11.0,5.397605346934028e-79,14.0,0.98,86.63,93.0,9.1,10.29
IQ-LAB-101883,76.0,male,8.0,4.6,13.9,91.7,177.0,11.0,5.397605346934028e-79,16.0,0.81,71.6,116.0,2.96,4.73
IQ-LAB-101884,70.0,male,6.4,4.64,14.0,92.6,242.0,21.0,5.397605346934028e-79,18.0,1.14,100.78,,,3.14
IQ-LAB-101885,43.0,female,4.5,4.42,13.5,88.5,191.0,19.0,5.397605346934028e-79,18.0,0.76,67.18,93.0,3.04,0.43
IQ-LAB-101887,5.0,male,7.1,4.04,11.5,83.0,260.0,,,,,,,,1.14
IQ-LAB-101888,60.0,male,7.3,4.58,10.7,74.7,281.0,20.0,5.397605346934028e-79,22.0,0.92,81.33,116.0,16.08,1.31
IQ-LAB-101890,8.0,male,5.5,4.89,14.3,84.4,309.0,,,,,,,,0.35
IQ-LAB-101892,6.0,male,8.2,4.4,11.5,80.4,304.0,,,,,,,,0.31
IQ-LAB-101893,23.0,male,10.9,5.22,15.1,84.9,311.0,31.0,5.397605346934028e-79,23.0,0.97,85.75,85.0,41.71,5.79
IQ-LAB-101894,46.0,female,6.2,3.88,13.1,99.7,177.0,28.0,5.397605346934028e-79,45.0,0.58,51.27,91.0,3.37,3.51
IQ-LAB-101895,78.0,female,7.0,4.12,12.0,89.3,220.0,10.0,5.397605346934028e-79,16.0,1.87,165.31,,,7.07
IQ-LAB-101896,28.0,female,7.2,4.71,12.6,81.4,263.0,11.0,5.397605346934028e-79,14.0,0.83,73.37,146.0,13.85,3.93
IQ-LAB-101898,13.0,female,7.9,5.08,13.1,79.4,383.0,15.0,5.397605346934028e-79,20.0,0.5,44.2,,,0.85
IQ-LAB-101899,36.0,male,6.2,4.39,14.7,103.1,196.0,17.0,5.397605346934028e-79,19.0,1.07,94.59,,,0.61
IQ-LAB-101900,5.0,female,6.3,5.15,11.4,67.7,256.0,,,,,,,,9.89
IQ-LAB-101902,10.0,male,7.6,5.19,12.8,77.1,322.0,,,,,,,,2.0
IQ-LAB-101903,33.0,female,7.5,4.4,13.8,92.8,260.0,14.0,5.397605346934028e-79,17.0,0.68,60.11,95.0,4.76,8.4
IQ-LAB-101904,33.0,female,10.2,4.59,11.1,73.1,354.0,13.0,5.397605346934028e-79,13.0,0.65,57.46,,,14.47
IQ-LAB-101905,70.0,male,6.4,4.89,15.0,91.1,256.0,19.0,5.397605346934028e-79,16.0,1.14,100.78,,,9.06
IQ-LAB-101907,13.0,female,8.0,4.45,12.0,82.0,261.0,12.0,5.397605346934028e-79,13.0,0.53,46.85,,,8.4
IQ-LAB-101910,80.0,female,8.2,3.96,12.5,95.1,196.0,17.0,5.397605346934028e-79,22.0,0.8,70.72,133.0,8.31,0.46
IQ-LAB-101912,31.0,female,7.4,4.43,13.6,88.4,186.0,23.0,5.397605346934028e-79,22.0,0.64,56.58,91.0,9.8,0.6
IQ-LAB-101913,12.0,female,7.9,5.11,14.9,85.1,302.0,13.0,5.397605346934028e-79,24.0,0.51,45.08,88.0,6.46,0.29
IQ-LAB-101914,7.0,female,9.7,4.36,12.8,82.4,280.0,,,,,,,,0.65
IQ-LAB-101915,69.0,female,8.3,4.93,15.3,91.2,213.0,30.0,5.397605346934028e-79,32.0,0.64,56.58,,,4.75
IQ-LAB-101917,66.0,male,7.7,5.28,14.7,82.9,179.0,29.0,5.397605346934028e-79,41.0,0.66,58.34,105.0,6.49,2.72
IQ-LAB-101918,7.0,female,6.7,4.38,13.2,89.2,295.0,,,,,,,,0.35
IQ-LAB-101919,33.0,male,5.7,5.15,14.6,86.4,140.0,,,,,,104.0,,
IQ-LAB-101920,48.0,male,6.1,5.42,16.3,88.8,230.0,26.0,5.397605346934028e-79,20.0,0.91,80.44,114.0,9.28,1.29
IQ-LAB-101922,55.0,male,8.4,5.08,14.8,87.6,535.0,14.0,5.397605346934028e-79,15.0,0.82,72.49,121.0,2.0,0.43
IQ-LAB-101923,12.0,female,7.5,4.58,11.2,78.3,259.0,8.0,5.397605346934028e-79,13.0,0.61,53.92,,,6.96
IQ-LAB-101926,8.0,female,5.9,5.17,14.0,84.1,403.0,,,,,,,,0.93
IQ-LAB-101927,5.0,female,7.3,4.13,12.0,84.4,600.0,,,,,,,,0.39
IQ-LAB-101928,42.0,female,9.8,4.41,12.3,86.1,283.0,15.0,5.397605346934028e-79,18.0,0.69,61.0,,,39.27
IQ-LAB-101929,6.0,female,7.6,4.12,11.8,86.9,386.0,,,,,,,,11.08
IQ-LAB-101930,8.0,male,9.4,4.24,12.1,85.4,331.0,,,,,,,,7.19
IQ-LAB-101932,10.0,male,8.9,4.81,13.5,82.0,223.0,,,,,,,,0.42
IQ-LAB-101933,9.0,female,5.3,4.89,13.9,82.0,307.0,,,,,,,,0.29
IQ-LAB-101934,64.0,female,5.5,5.06,14.8,85.2,173.0,23.0,5.397605346934028e-79,21.0,0.81,71.6,125.0,17.16,1.68
IQ-LAB-101936,80.0,female,5.7,3.83,10.7,89.6,126.0,14.0,5.397605346934028e-79,24.0,1.37,121.11,100.0,8.94,3.14
IQ-LAB-101937,24.0,male,6.7,5.23,15.8,87.6,196.0,13.0,5.397605346934028e-79,14.0,0.95,83.98,97.0,30.01,0.22
IQ-LAB-101938,19.0,male,6.6,4.96,14.7,84.1,139.0,14.0,5.397605346934028e-79,23.0,0.78,68.95,,,0.78
IQ-LAB-101939,10.0,female,14.3,4.9,13.8,82.8,311.0,,,,,,,,3.4
IQ-LAB-101941,44.0,female,5.4,4.54,9.7,69.3,258.0,8.0,5.397605346934028e-79,12.0,0.65,57.46,,,1.47
IQ-LAB-101942,17.0,female,8.6,4.27,8.6,65.2,437.0,11.0,5.397605346934028e-79,14.0,0.56,49.5,245.0,44.7,11.18
IQ-LAB-101943,13.0,female,8.4,4.74,14.7,92.0,320.0,8.0,5.397605346934028e-79,14.0,0.59,52.16,92.0,13.92,0.36
IQ-LAB-101944,2.0,male,8.1,4.78,13.3,78.6,300.0,,,,,,,,2.78
IQ-LAB-101945,74.0,male,4.9,3.73,10.6,85.6,155.0,12.0,5.397605346934028e-79,23.0,1.39,122.88,,,8.46
IQ-LAB-101946,1.0,male,8.0,4.66,12.3,78.4,411.0,,,,,,,,1.4
IQ-LAB-101947,66.0,male,8.7,5.01,15.7,89.9,240.0,107.0,5.397605346934028e-79,82.0,1.3,114.92,,,8.46
IQ-LAB-101948,2.0,female,10.1,4.74,13.1,78.9,281.0,,,,,,,,0.22
IQ-LAB-101949,79.0,male,6.3,4.64,15.3,94.8,231.0,19.0,5.397605346934028e-79,21.0,1.38,121.99,,,1.92
IQ-LAB-101950,54.0,male,9.0,4.52,15.1,97.4,242.0,40.0,5.397605346934028e-79,27.0,0.87,76.91,119.0,14.54,42.67
IQ-LAB-101951,19.0,female,3.4,3.92,12.2,92.7,61.0,167.0,5.397605346934028e-79,222.0,0.74,65.42,189.0,236.59,6.25
IQ-LAB-101952,9.0,male,8.2,4.34,13.2,86.5,316.0,,,,,,,,2.28
IQ-LAB-101953,3.0,male,7.4,4.85,13.3,80.6,303.0,,,,,,,,0.33
IQ-LAB-101955,1.0,female,8.2,4.79,12.3,75.0,342.0,,,,,,,,1.54
IQ-LAB-101957,35.0,female,4.2,4.24,13.2,93.0,167.0,11.0,5.397605346934028e-79,16.0,0.56,49.5,96.0,3.54,0.56
IQ-LAB-101958,4.0,male,8.9,5.02,13.6,78.5,479.0,,,,,,,,0.18
IQ-LAB-101959,70.0,female,7.8,4.72,13.6,86.3,244.0,19.0,5.397605346934028e-79,26.0,0.6,53.04,,,5.51
IQ-LAB-101961,4.0,female,4.1,3.97,11.4,88.0,350.0,,,,,,,,0.29
IQ-LAB-101962,79.0,male,7.1,5.35,14.6,83.8,257.0,30.0,5.397605346934028e-79,22.0,0.98,86.63,,,1.76
IQ-LAB-101965,44.0,female,10.6,5.03,14.1,82.6,302.0,23.0,5.397605346934028e-79,20.0,0.6,53.04,,,1.15
IQ-LAB-101966,24.0,male,6.9,4.69,14.5,89.1,246.0,8.0,5.397605346934028e-79,19.0,0.9,79.56,104.0,5.0,0.7
IQ-LAB-101968,7.0,male,4.7,4.74,12.6,81.7,300.0,,,,,,,,0.34
IQ-LAB-101970,2.0,male,8.9,4.67,12.3,80.0,341.0,,,,,,,,0.53
IQ-LAB-101971,24.0,male,6.3,4.78,14.5,88.1,191.0,15.0,5.397605346934028e-79,18.0,0.88,77.79,,,2.59
IQ-LAB-101972,15.0,female,8.5,4.54,14.4,95.1,332.0,,,,,,92.0,,
IQ-LAB-101974,4.0,male,9.0,4.89,12.9,78.8,358.0,,,,,,,,0.29
IQ-LAB-101976,38.0,male,8.9,4.89,14.6,86.9,234.0,34.0,5.397605346934028e-79,26.0,0.94,83.1,,,0.85
IQ-LAB-101977,45.0,male,4.9,4.63,14.2,88.3,199.0,56.0,5.397605346934028e-79,38.0,0.83,73.37,,,1.73
IQ-LAB-101978,44.0,female,6.3,4.19,11.6,83.1,276.0,14.0,5.397605346934028e-79,14.0,0.93,82.21,,,4.77
IQ-LAB-101979,1.0,male,7.3,4.63,12.4,80.1,334.0,,,,,,,,0.33
IQ-LAB-101980,35.0,female,7.9,4.28,12.8,91.2,382.0,11.0,5.397605346934028e-79,16.0,0.84,74.26,,,0.43
IQ-LAB-101981,67.0,female,5.5,4.7,14.1,89.6,273.0,15.0,5.397605346934028e-79,20.0,0.67,59.23,,,0.39
IQ-LAB-101984,7.0,female,5.7,4.4,12.8,86.3,287.0,,,,,,,,0.78
IQ-LAB-101985,27.0,male,6.1,5.88,17.1,82.9,223.0,43.0,5.397605346934028e-79,26.0,0.93,82.21,,,2.2
IQ-LAB-101986,19.0,female,9.2,5.16,14.3,82.0,301.0,18.0,5.397605346934028e-79,23.0,0.8,70.72,,,10.2
IQ-LAB-101988,12.0,female,6.0,4.37,12.9,84.5,348.0,20.0,5.397605346934028e-79,19.0,0.66,58.34,,,0.44
IQ-LAB-101989,80.0,male,6.4,3.46,11.8,100.2,138.0,18.0,5.397605346934028e-79,23.0,1.04,91.94,146.0,4.59,0.54
IQ-LAB-101990,23.0,female,6.9,4.61,13.7,88.7,267.0,,,,,,,,
IQ-LAB-101993,67.0,female,6.9,4.21,13.2,91.9,170.0,44.0,5.397605346934028e-79,43.0,0.66,58.34,,,0.52
IQ-LAB-101994,5.0,female,10.6,4.6,12.8,81.8,388.0,,,,,,,,2.16
IQ-LAB-101995,59.0,male,6.0,4.86,16.4,99.4,61.0,45.0,5.397605346934028e-79,91.0,0.87,76.91,,,5.32
IQ-LAB-101996,12.0,male,4.7,4.2,12.3,89.7,264.0,,,,,,,,
IQ-LAB-101999,6.0,female,9.2,4.68,13.0,84.1,326.0,,,,,,,,0.88
IQ-LAB-102000,63.0,female,6.4,4.15,13.2,93.7,236.0,14.0,5.397605346934028e-79,19.0,0.93,82.21,,,0.98
IQ-LAB-102001,63.0,male,8.1,5.97,18.4,89.3,172.0,30.0,5.397605346934028e-79,24.0,1.02,90.17,,,0.85
IQ-LAB-102002,77.0,male,7.9,4.42,13.2,88.4,154.0,8.0,5.397605346934028e-79,14.0,1.44,127.3,,,4.39
IQ-LAB-102003,25.0,male,3.9,5.23,15.5,88.7,195.0,,,,,,99.0,,
IQ-LAB-102005,36.0,female,7.9,4.65,13.9,89.3,171.0,12.0,5.397605346934028e-79,14.0,0.64,56.58,,,5.11
IQ-LAB-102007,55.0,female,6.9,4.25,12.1,84.8,220.0,14.0,5.397605346934028e-79,18.0,0.79,69.84,,,3.08
IQ-LAB-102008,47.0,female,5.0,4.53,13.0,86.1,165.0,10.0,5.397605346934028e-79,16.0,0.92,81.33,99.0,3.63,0.38
IQ-LAB-102009,11.0,male,5.8,5.34,12.8,73.1,348.0,,,,,,,,3.14
IQ-LAB-102010,10.0,female,5.9,4.42,12.6,82.0,221.0,,,,,,,,0.35
IQ-LAB-102011,1.0,female,7.9,4.72,12.9,79.8,361.0,,,,,,,,0.32
IQ-LAB-102012,48.0,female,10.8,4.33,11.9,83.9,411.0,14.0,5.397605346934028e-79,13.0,0.68,60.11,,,7.26
IQ-LAB-102013,6.0,male,7.8,4.8,13.0,78.6,309.0,,,,,,,,1.13
IQ-LAB-102014,2.0,male,14.0,4.34,12.5,82.7,339.0,,,,,,,,5.87
IQ-LAB-102015,20.0,female,6.4,4.69,13.8,88.2,221.0,25.0,5.397605346934028e-79,21.0,0.65,57.46,94.0,13.71,0.91
IQ-LAB-102016,8.0,male,9.0,4.68,12.2,77.2,346.0,,,,,,,,2.48
IQ-LAB-102017,11.0,male,5.6,5.14,12.7,75.4,228.0,,,,,,,,0.34
IQ-LAB-102018,69.0,female,7.4,4.06,11.5,85.9,291.0,15.0,5.397605346934028e-79,16.0,1.37,121.11,,,5.37
IQ-LAB-102019,19.0,female,5.1,4.28,11.7,83.8,206.0,10.0,5.397605346934028e-79,12.0,0.78,68.95,97.0,12.53,0.78
IQ-LAB-102021,65.0,female,5.6,4.36,13.5,90.9,328.0,16.0,5.397605346934028e-79,15.0,0.63,55.69,134.0,9.47,0.43
IQ-LAB-102022,46.0,male,8.3,4.87,15.0,89.4,383.0,23.0,5.397605346934028e-79,21.0,1.11,98.12,,,3.56
IQ-LAB-102024,37.0,male,2.5,5.03,15.7,90.7,227.0,85.0,5.397605346934028e-79,51.0,1.01,89.28,103.0,26.77,2.4
IQ-LAB-102026,24.0,female,5.3,4.31,13.1,90.9,193.0,9.0,5.397605346934028e-79,15.0,0.7,61.88,,,0.9
IQ-LAB-102027,67.0,male,9.6,4.8,14.2,84.4,228.0,21.0,5.397605346934028e-79,20.0,0.77,68.07,,,1.52
IQ-LAB-102028,24.0,male,8.5,5.67,16.6,85.9,241.0,19.0,5.397605346934028e-79,16.0,0.97,85.75,,,2.13
IQ-LAB-102030,50.0,female,6.9,4.53,14.0,94.0,229.0,15.0,5.397605346934028e-79,12.0,0.54,47.74,140.0,19.75,1.5
IQ-LAB-102031,61.0,female,5.6,4.86,13.7,86.5,307.0,21.0,5.397605346934028e-79,18.0,0.67,59.23,100.0,14.91,3.19
IQ-LAB-102032,67.0,female,4.2,5.0,14.0,87.6,267.0,16.0,5.397605346934028e-79,19.0,1.06,93.7,107.0,16.21,6.63
IQ-LAB-102033,5.0,female,9.0,4.56,12.9,82.7,320.0,,,,,,,,0.18
IQ-LAB-102035,32.0,female,8.0,4.5,13.7,89.9,318.0,12.0,5.397605346934028e-79,15.0,0.77,68.07,103.0,5.23,0.57
IQ-LAB-102037,21.0,female,7.8,4.72,13.9,88.2,220.0,9.0,5.397605346934028e-79,13.0,0.52,45.97,100.0,9.95,44.49
IQ-LAB-102041,42.0,male,7.1,5.3,15.8,86.1,190.0,19.0,5.397605346934028e-79,18.0,1.15,101.66,,,0.41
IQ-LAB-102043,5.0,female,6.1,4.57,13.4,85.5,230.0,,,,,,,,0.44
IQ-LAB-102044,33.0,female,6.6,4.63,14.3,86.8,248.0,13.0,5.397605346934028e-79,18.0,0.79,69.84,,,0.38
IQ-LAB-102045,55.0,male,5.6,5.14,16.3,94.9,198.0,23.0,5.397605346934028e-79,28.0,0.75,66.3,99.0,14.31,12.58
IQ-LAB-102047,62.0,female,4.4,4.64,13.8,92.3,212.0,,,,,,90.0,3.24,1.18
IQ-LAB-102048,78.0,female,10.5,5.01,15.3,91.8,256.0,15.0,5.397605346934028e-79,21.0,0.92,81.33,,,7.48
IQ-LAB-102049,6.0,female,11.8,4.52,12.8,81.8,471.0,,,,,,,,16.87
IQ-LAB-102050,47.0,male,4.8,4.74,14.3,90.0,163.0,35.0,5.397605346934028e-79,24.0,1.23,108.73,,,0.86
IQ-LAB-102051,16.0,male,6.6,5.18,15.6,88.2,216.0,19.0,5.397605346934028e-79,27.0,0.77,68.07,,,2.16
IQ-LAB-102052,80.0,female,8.5,3.9,12.7,95.6,307.0,11.0,5.397605346934028e-79,17.0,0.77,68.07,,,4.65
IQ-LAB-102053,4.0,male,11.5,4.53,11.8,75.6,366.0,,,,,,,,0.83
IQ-LAB-102054,68.0,female,4.5,3.95,9.6,77.4,116.0,13.0,5.397605346934028e-79,23.0,0.72,63.65,297.0,20.84,5.83
IQ-LAB-102055,69.0,female,9.8,4.86,13.5,81.8,231.0,17.0,5.397605346934028e-79,14.0,0.94,83.1,120.0,23.9,15.87
IQ-LAB-102056,12.0,female,5.1,4.75,13.4,84.2,289.0,8.0,5.397605346934028e-79,14.0,0.56,49.5,101.0,11.93,0.33
IQ-LAB-102057,70.0,male,8.4,5.18,16.0,91.5,215.0,15.0,5.397605346934028e-79,17.0,0.91,80.44,104.0,7.21,0.62
IQ-LAB-102058,68.0,female,4.6,5.19,15.6,90.3,195.0,13.0,5.397605346934028e-79,16.0,0.85,75.14,104.0,10.05,5.94
IQ-LAB-102060,80.0,female,6.3,4.07,12.8,94.1,192.0,14.0,5.397605346934028e-79,24.0,1.13,99.89,95.0,4.71,2.39
IQ-LAB-102061,14.0,female,6.4,4.81,12.7,81.3,230.0,13.0,5.397605346934028e-79,15.0,0.69,61.0,92.0,12.07,0.2
IQ-LAB-102062,18.0,female,6.5,3.57,10.7,88.4,189.0,21.0,5.397605346934028e-79,23.0,0.47,41.55,85.0,3.32,1.03
IQ-LAB-102063,9.0,male,6.0,4.53,13.7,86.2,269.0,,,,,,,,0.33
IQ-LAB-102064,35.0,female,6.3,4.55,12.8,84.2,320.0,30.0,5.397605346934028e-79,34.0,0.7,61.88,94.0,9.7,0.62
IQ-LAB-102065,3.0,male,11.5,4.31,11.9,82.0,298.0,,,,,,,,36.93
IQ-LAB-102066,6.0,male,12.5,4.7,13.0,81.9,368.0,,,,,,,,3.47
IQ-LAB-102067,55.0,male,7.5,4.45,12.5,85.6,312.0,10.0,5.397605346934028e-79,18.0,0.85,75.14,89.0,6.05,2.74
IQ-LAB-102068,65.0,female,9.2,4.69,12.9,84.3,289.0,16.0,5.397605346934028e-79,15.0,0.78,68.95,117.0,18.91,11.18
IQ-LAB-102069,10.0,male,3.9,4.61,12.8,82.1,201.0,,,,,,,,3.95
IQ-LAB-102070,80.0,female,10.6,4.17,12.8,91.9,207.0,16.0,5.397605346934028e-79,20.0,0.98,86.63,,,1.69
IQ-LAB-102071,17.0,male,7.8,5.73,17.2,87.1,213.0,21.0,5.397605346934028e-79,20.0,1.06,93.7,,,0.35
IQ-LAB-102072,50.0,female,7.0,4.27,14.0,94.6,256.0,30.0,5.397605346934028e-79,25.0,0.4,35.36,154.0,17.47,4.31
IQ-LAB-102073,43.0,male,7.9,5.37,16.3,87.9,202.0,22.0,5.397605346934028e-79,17.0,1.09,96.36,98.0,14.62,2.85
IQ-LAB-102074,35.0,female,7.0,4.69,13.0,84.5,281.0,15.0,5.397605346934028e-79,22.0,0.71,62.76,80.0,8.16,2.29
IQ-LAB-102077,17.0,male,3.2,4.74,14.6,91.4,225.0,6.0,5.397605346934028e-79,11.0,1.01,89.28,,,0.29
IQ-LAB-102078,61.0,male,5.2,4.74,14.9,91.8,148.0,69.0,5.397605346934028e-79,50.0,1.04,91.94,122.0,6.49,1.29
IQ-LAB-102079,60.0,female,6.4,4.76,13.6,85.1,208.0,14.0,5.397605346934028e-79,22.0,0.88,77.79,106.0,9.13,6.99
IQ-LAB-102080,11.0,male,6.3,5.33,15.3,81.1,238.0,,,,,,,,0.47
IQ-LAB-102081,49.0,female,10.0,4.5,14.3,95.1,344.0,30.0,5.397605346934028e-79,18.0,0.81,71.6,83.0,10.16,0.96
IQ-LAB-102082,58.0,male,8.3,4.74,13.6,85.2,180.0,22.0,5.397605346934028e-79,15.0,0.94,83.1,125.0,25.32,70.31
IQ-LAB-102086,18.0,female,5.0,4.9,11.0,72.7,352.0,12.0,5.397605346934028e-79,13.0,0.67,59.23,,,5.33
IQ-LAB-102087,9.0,male,5.0,4.35,12.6,86.4,199.0,,,,,,,,0.27
IQ-LAB-102088,29.0,female,10.1,4.65,12.8,82.6,296.0,14.0,5.397605346934028e-79,17.0,0.74,65.42,,,8.95
IQ-LAB-102090,12.0,male,11.3,4.57,12.3,80.9,239.0,56.0,5.397605346934028e-79,34.0,0.39,34.48,,,32.67
IQ-LAB-102091,32.0,male,5.8,4.99,15.4,91.2,320.0,21.0,5.397605346934028e-79,20.0,1.0,88.4,100.0,48.03,0.73
IQ-LAB-102092,60.0,male,6.4,4.69,14.3,89.2,212.0,10.0,5.397605346934028e-79,16.0,0.84,74.26,,,4.62
IQ-LAB-102093,21.0,female,9.0,4.69,14.1,89.7,262.0,19.0,5.397605346934028e-79,15.0,0.77,68.07,112.0,22.08,28.05
IQ-LAB-102095,2.0,male,12.1,5.07,12.3,73.6,392.0,,,,,,,,0.37
IQ-LAB-102096,20.0,male,7.7,5.39,15.5,82.7,254.0,16.0,5.397605346934028e-79,16.0,1.0,88.4,,,3.11
IQ-LAB-102097,4.0,male,7.5,4.72,12.9,82.1,463.0,,,,,,,,2.01
IQ-LAB-102098,17.0,male,7.9,5.53,14.9,80.6,253.0,34.0,5.397605346934028e-79,17.0,0.81,71.6,103.0,24.93,2.32
IQ-LAB-102099,32.0,female,6.3,4.25,13.7,96.2,273.0,13.0,5.397605346934028e-79,14.0,0.62,54.81,225.0,9.75,1.23
IQ-LAB-102100,75.0,female,5.3,4.31,13.2,90.9,163.0,22.0,5.397605346934028e-79,24.0,0.8,70.72,,,1.61
IQ-LAB-102101,20.0,male,4.9,5.3,16.1,89.3,324.0,28.0,5.397605346934028e-79,28.0,0.81,71.6,110.0,19.92,11.21
IQ-LAB-102102,17.0,female,6.3,4.39,13.7,93.7,297.0,16.0,5.397605346934028e-79,19.0,0.7,61.88,98.0,11.68,0.71
IQ-LAB-102103,37.0,male,8.6,5.14,15.3,85.9,250.0,16.0,5.397605346934028e-79,16.0,0.82,72.49,88.0,8.2,1.64
IQ-LAB-102105,24.0,female,9.1,4.39,12.7,83.6,295.0,12.0,5.397605346934028e-79,20.0,0.75,66.3,,,2.37
IQ-LAB-102106,64.0,male,6.2,5.12,14.8,86.1,264.0,13.0,5.397605346934028e-79,15.0,1.14,100.78,,,9.32
IQ-LAB-102107,31.0,male,5.6,4.79,14.7,88.8,239.0,20.0,5.397605346934028e-79,18.0,0.8,70.72,,,0.68
IQ-LAB-102110,7.0,male,7.1,4.41,12.8,82.4,256.0,,,,,,,,0.35
IQ-LAB-102111,53.0,male,5.3,5.17,15.9,92.4,175.0,29.0,5.397605346934028e-79,25.0,0.81,71.6,100.0,13.42,1.42
IQ-LAB-102112,33.0,female,9.3,4.79,15.1,96.9,247.0,13.0,5.397605346934028e-79,15.0,0.73,64.53,93.0,4.85,0.23
IQ-LAB-102113,26.0,female,6.7,4.94,14.0,85.6,188.0,10.0,5.397605346934028e-79,14.0,0.67,59.23,,,2.89
IQ-LAB-102114,14.0,female,5.9,4.57,12.8,85.3,209.0,7.0,5.397605346934028e-79,14.0,0.64,56.58,106.0,7.96,0.28
IQ-LAB-102115,15.0,female,8.0,4.94,12.2,77.8,318.0,9.0,5.397605346934028e-79,14.0,0.55,48.62,,,0.31
IQ-LAB-102116,75.0,female,3.3,4.34,13.2,91.8,191.0,16.0,5.397605346934028e-79,21.0,0.75,66.3,99.0,4.94,1.77
IQ-LAB-102117,74.0,male,6.4,4.75,13.8,88.0,169.0,24.0,5.397605346934028e-79,26.0,1.04,91.94,117.0,22.06,1.03
IQ-LAB-102121,53.0,female,5.3,4.62,14.3,93.0,256.0,13.0,5.397605346934028e-79,17.0,0.7,61.88,97.0,10.06,2.1
IQ-LAB-102122,17.0,female,7.7,4.57,12.6,81.4,333.0,10.0,5.397605346934028e-79,15.0,0.58,51.27,,,2.52
IQ-LAB-102123,18.0,male,5.3,5.37,14.2,81.4,271.0,11.0,5.397605346934028e-79,18.0,1.0,88.4,100.0,10.31,7.71
IQ-LAB-102124,14.0,female,7.3,4.68,13.5,87.3,218.0,13.0,5.397605346934028e-79,22.0,0.59,52.16,,,0.29
IQ-LAB-102126,23.0,female,5.3,4.14,13.2,95.1,251.0,10.0,5.397605346934028e-79,16.0,0.76,67.18,,,0.56
IQ-LAB-102128,21.0,male,4.9,5.21,13.8,81.1,266.0,19.0,5.397605346934028e-79,22.0,0.87,76.91,96.0,5.57,0.31
IQ-LAB-102129,34.0,male,10.7,5.54,15.9,85.6,324.0,44.0,5.397605346934028e-79,32.0,0.94,83.1,,,4.58
IQ-LAB-102130,56.0,male,7.0,5.29,15.8,87.6,172.0,25.0,5.397605346934028e-79,35.0,1.26,111.38,105.0,6.66,0.74
IQ-LAB-102131,69.0,male,5.5,5.27,15.1,88.0,263.0,24.0,5.397605346934028e-79,21.0,0.86,76.02,119.0,12.6,0.34
IQ-LAB-102132,39.0,female,10.6,4.4,12.2,85.0,291.0,15.0,5.397605346934028e-79,11.0,0.43,38.01,,,19.79
IQ-LAB-102133,19.0,female,9.0,4.64,14.4,90.3,240.0,22.0,5.397605346934028e-79,25.0,0.84,74.26,100.0,6.44,1.39
IQ-LAB-102134,42.0,female,7.5,4.6,15.2,95.8,195.0,13.0,5.397605346934028e-79,15.0,0.79,69.84,,,0.7
IQ-LAB-102135,24.0,male,5.7,4.72,14.3,91.5,200.0,19.0,5.397605346934028e-79,18.0,1.17,103.43,97.0,6.08,0.34
IQ-LAB-102136,7.0,female,8.0,4.82,13.3,81.5,266.0,,,,,,,,1.13
IQ-LAB-102138,11.0,male,12.1,5.18,12.7,77.5,354.0,,,,,,,,0.69
IQ-LAB-102139,31.0,male,5.7,4.77,14.5,90.1,265.0,18.0,5.397605346934028e-79,22.0,1.0,88.4,93.0,6.38,2.07
IQ-LAB-102141,19.0,male,5.3,4.9,15.7,90.9,271.0,10.0,5.397605346934028e-79,17.0,0.93,82.21,,,0.34
IQ-LAB-102143,15.0,female,9.6,4.7,14.0,91.5,429.0,24.0,5.397605346934028e-79,16.0,0.61,53.92,98.0,13.02,1.63
IQ-LAB-102145,12.0,male,6.0,4.95,12.2,78.7,339.0,16.0,5.397605346934028e-79,30.0,0.7,61.88,106.0,27.79,0.29
IQ-LAB-102146,3.0,male,7.6,4.48,13.1,81.5,272.0,,,,,,,,0.55
IQ-LAB-102147,55.0,female,5.6,4.81,13.3,85.1,215.0,13.0,5.397605346934028e-79,11.0,0.59,52.16,182.0,9.56,0.98
IQ-LAB-102148,80.0,female,4.5,4.58,13.3,90.2,149.0,31.0,5.397605346934028e-79,24.0,0.88,77.79,94.0,10.29,1.48
IQ-LAB-102149,27.0,female,9.8,4.08,11.8,88.0,352.0,12.0,5.397605346934028e-79,19.0,0.56,49.5,97.0,51.02,1.81
IQ-LAB-102150,12.0,male,7.5,5.37,14.3,78.6,279.0,20.0,5.397605346934028e-79,25.0,0.57,50.39,,,0.86
IQ-LAB-102151,44.0,female,4.6,4.12,12.3,89.4,288.0,11.0,5.397605346934028e-79,15.0,0.52,45.97,101.0,,
IQ-LAB-102152,44.0,male,9.0,4.79,13.8,87.2,208.0,,,,,,,,
IQ-LAB-102153,77.0,female,7.0,4.76,13.8,88.6,191.0,13.0,5.397605346934028e-79,19.0,0.45,39.78,104.0,16.54,1.29
IQ-LAB-102154,41.0,male,9.7,5.1,14.8,86.4,196.0,34.0,5.397605346934028e-79,27.0,0.96,84.86,,,2.6
IQ-LAB-102155,47.0,male,5.9,5.45,16.2,89.2,243.0,34.0,5.397605346934028e-79,25.0,0.61,53.92,111.0,20.03,3.19
IQ-LAB-102157,14.0,male,7.9,5.33,15.0,82.0,294.0,16.0,5.397605346934028e-79,17.0,0.69,61.0,105.0,29.23,2.26
IQ-LAB-102158,80.0,female,5.6,4.22,12.0,85.5,304.0,9.0,5.397605346934028e-79,14.0,0.83,73.37,,,35.51
IQ-LAB-102159,2.0,female,5.9,4.47,12.1,82.3,226.0,,,,,,,,0.38
IQ-LAB-102160,31.0,female,5.6,4.53,12.1,79.0,244.0,8.0,5.397605346934028e-79,16.0,0.75,66.3,,,5.04
IQ-LAB-102161,19.0,male,6.9,4.82,13.9,86.5,292.0,18.0,5.397605346934028e-79,34.0,0.97,85.75,,,0.61
IQ-LAB-102162,80.0,female,11.8,3.76,12.4,99.1,220.0,28.0,5.397605346934028e-79,33.0,0.79,69.84,127.0,14.18,0.94
IQ-LAB-102163,23.0,male,9.0,4.98,14.7,88.9,196.0,19.0,5.397605346934028e-79,23.0,0.9,79.56,99.0,2.22,6.46
IQ-LAB-102165,14.0,male,11.3,5.14,15.3,89.5,300.0,59.0,5.397605346934028e-79,31.0,0.73,64.53,,,0.65
IQ-LAB-102166,15.0,male,12.9,5.66,15.9,82.2,395.0,39.0,5.397605346934028e-79,27.0,0.65,57.46,,,0.55
IQ-LAB-102167,80.0,female,8.0,4.37,13.2,88.3,261.0,16.0,5.397605346934028e-79,17.0,0.82,72.49,,,2.38
IQ-LAB-102168,59.0,female,4.6,4.86,13.7,83.2,206.0,15.0,5.397605346934028e-79,20.0,0.71,62.76,,,10.3
IQ-LAB-102169,66.0,female,7.7,4.23,12.7,91.5,303.0,14.0,5.397605346934028e-79,21.0,0.88,77.79,,,2.11
IQ-LAB-102170,64.0,male,7.7,4.24,13.9,92.7,135.0,10.0,5.397605346934028e-79,20.0,1.04,91.94,,,0.85
IQ-LAB-102171,77.0,female,7.5,4.59,14.6,91.8,219.0,18.0,5.397605346934028e-79,21.0,0.7,61.88,,,0.31
IQ-LAB-102172,3.0,female,7.8,4.9,12.6,79.1,357.0,,,,,,,,0.24
IQ-LAB-102173,64.0,female,7.5,4.3,13.1,91.3,199.0,22.0,5.397605346934028e-79,16.0,0.98,86.63,,,6.25
IQ-LAB-102174,8.0,male,9.2,4.91,13.1,79.3,375.0,,,,,,,,1.48
IQ-LAB-102175,13.0,female,6.2,4.19,12.3,88.9,246.0,8.0,5.397605346934028e-79,17.0,0.8,70.72,,,1.02
IQ-LAB-102177,80.0,male,8.1,5.51,16.6,90.2,191.0,15.0,5.397605346934028e-79,20.0,0.91,80.44,,,0.87
IQ-LAB-102178,61.0,female,4.2,4.06,11.7,86.7,153.0,14.0,5.397605346934028e-79,17.0,1.5,132.6,207.0,95.24,8.0
IQ-LAB-102179,42.0,male,5.8,4.57,15.9,102.9,206.0,50.0,5.397605346934028e-79,32.0,0.95,83.98,,,4.02
IQ-LAB-102180,2.0,male,6.3,4.44,12.1,77.9,279.0,,,,,,,,0.28
IQ-LAB-102181,43.0,female,3.4,3.96,13.9,105.0,155.0,45.0,5.397605346934028e-79,66.0,0.77,68.07,106.0,6.38,0.84
IQ-LAB-102183,68.0,male,6.3,4.81,15.0,93.3,193.0,26.0,5.397605346934028e-79,27.0,1.0,88.4,97.0,23.41,1.94
IQ-LAB-102184,25.0,female,13.2,4.3,10.5,74.2,227.0,12.0,5.397605346934028e-79,17.0,0.52,45.97,,,3.93
IQ-LAB-102185,45.0,male,9.9,5.17,15.1,84.4,322.0,20.0,5.397605346934028e-79,14.0,0.95,83.98,,,8.55
IQ-LAB-102187,20.0,male,4.0,5.44,15.2,86.5,226.0,10.0,5.397605346934028e-79,13.0,1.06,93.7,99.0,9.78,0.57
IQ-LAB-102188,9.0,female,7.5,4.46,12.5,81.9,293.0,,,,,,,,1.32
IQ-LAB-102189,18.0,male,5.9,5.65,16.8,87.1,227.0,19.0,5.397605346934028e-79,19.0,0.72,63.65,95.0,8.18,1.25
IQ-LAB-102190,16.0,female,9.4,4.88,12.6,78.7,332.0,14.0,5.397605346934028e-79,14.0,0.67,59.23,,,6.33
IQ-LAB-102191,58.0,male,7.4,5.18,14.8,86.6,271.0,31.0,5.397605346934028e-79,22.0,1.04,91.94,106.0,20.08,2.59
IQ-LAB-102192,65.0,male,4.8,4.85,15.0,89.6,142.0,31.0,5.397605346934028e-79,20.0,1.11,98.12,,,2.76
IQ-LAB-102193,36.0,male,10.0,4.98,14.3,84.2,233.0,42.0,5.397605346934028e-79,53.0,0.79,69.84,,,1.31
IQ-LAB-102194,36.0,female,5.6,4.57,13.5,88.4,271.0,10.0,5.397605346934028e-79,10.0,0.65,57.46,89.0,8.12,5.03
IQ-LAB-102196,38.0,female,7.6,4.35,12.5,88.4,311.0,14.0,5.397605346934028e-79,15.0,0.68,60.11,,,0.57
IQ-LAB-102198,63.0,female,11.7,5.12,14.1,83.4,264.0,42.0,5.397605346934028e-79,36.0,0.57,50.39,141.0,35.58,11.71
IQ-LAB-102199,57.0,male,7.8,5.13,14.9,85.7,201.0,42.0,5.397605346934028e-79,29.0,0.64,56.58,,,2.57
IQ-LAB-102201,47.0,female,7.3,5.21,15.3,87.9,351.0,19.0,5.397605346934028e-79,30.0,0.71,62.76,96.0,2.55,3.76
IQ-LAB-102202,23.0,female,6.5,5.0,14.5,88.9,274.0,12.0,5.397605346934028e-79,19.0,0.71,62.76,,,0.72
IQ-LAB-102204,49.0,female,7.8,4.79,14.9,91.3,232.0,26.0,5.397605346934028e-79,23.0,0.71,62.76,89.0,3.84,3.67
IQ-LAB-102205,9.0,female,9.2,5.09,12.8,74.4,271.0,,,,,,,,1.29
IQ-LAB-102206,9.0,male,9.6,4.79,13.2,80.1,380.0,,,,,,,,2.38
IQ-LAB-102208,14.0,female,8.2,4.59,12.9,83.4,343.0,23.0,5.397605346934028e-79,22.0,0.62,54.81,,,0.71
IQ-LAB-102210,68.0,male,4.2,5.62,13.9,77.8,200.0,27.0,5.397605346934028e-79,31.0,1.18,104.31,132.0,3.93,2.46
IQ-LAB-102211,37.0,male,6.3,4.83,13.4,83.1,202.0,12.0,5.397605346934028e-79,13.0,0.71,62.76,93.0,2.91,3.16
IQ-LAB-102212,31.0,female,11.9,5.05,16.2,92.4,250.0,18.0,5.397605346934028e-79,14.0,0.62,54.81,,,0.67
IQ-LAB-102214,77.0,female,7.9,4.93,14.1,85.6,215.0,15.0,5.397605346934028e-79,18.0,0.92,81.33,,,1.6
IQ-LAB-102215,48.0,male,6.0,5.65,16.2,85.0,300.0,25.0,5.397605346934028e-79,21.0,0.76,67.18,109.0,12.0,0.51
IQ-LAB-102216,1.0,female,13.5,4.61,12.3,77.8,273.0,,,,,,,,0.29
IQ-LAB-102217,27.0,male,6.3,5.41,14.9,81.6,222.0,20.0,5.397605346934028e-79,26.0,1.09,96.36,93.0,2.85,1.65
IQ-LAB-102218,48.0,female,6.6,4.01,13.1,98.0,198.0,10.0,5.397605346934028e-79,18.0,0.73,64.53,97.0,5.0,8.3
IQ-LAB-102219,54.0,male,7.4,4.32,14.9,102.5,180.0,23.0,5.397605346934028e-79,38.0,1.16,102.54,87.0,2.31,1.44
IQ-LAB-102221,38.0,male,5.8,5.48,16.7,87.3,280.0,20.0,5.397605346934028e-79,19.0,0.71,62.76,102.0,9.37,0.81
IQ-LAB-102223,36.0,female,5.6,4.3,13.1,89.1,223.0,9.0,5.397605346934028e-79,16.0,0.7,61.88,104.0,5.03,13.9
IQ-LAB-102224,19.0,male,9.3,5.31,15.0,85.5,174.0,12.0,5.397605346934028e-79,16.0,0.78,68.95,,,0.33
IQ-LAB-102225,41.0,male,4.7,4.83,14.5,86.5,195.0,22.0,5.397605346934028e-79,24.0,0.86,76.02,106.0,5.68,0.49
IQ-LAB-102226,26.0,male,9.9,4.87,14.9,88.8,195.0,29.0,5.397605346934028e-79,22.0,0.96,84.86,94.0,12.07,2.83
IQ-LAB-102227,8.0,female,11.7,5.11,13.8,79.8,352.0,,,,,,,,11.97
IQ-LAB-102228,11.0,female,6.1,5.06,13.2,82.8,291.0,,,,,,,,0.24
IQ-LAB-102229,57.0,male,6.7,4.29,14.1,97.8,212.0,114.0,5.397605346934028e-79,67.0,0.58,51.27,,,4.27
IQ-LAB-102231,15.0,female,6.6,4.73,10.5,72.4,436.0,11.0,5.397605346934028e-79,15.0,0.68,60.11,87.0,52.6,5.34
IQ-LAB-102232,22.0,male,6.1,5.79,15.7,82.3,139.0,11.0,5.397605346934028e-79,14.0,0.8,70.72,,,0.42
IQ-LAB-102234,41.0,male,8.0,5.44,15.6,83.7,317.0,28.0,5.397605346934028e-79,28.0,0.81,71.6,,,3.27
IQ-LAB-102235,11.0,female,8.8,4.59,14.1,90.8,243.0,,,,,,,,0.56
IQ-LAB-102237,2.0,female,4.3,5.22,12.7,71.9,311.0,,,,,,,,0.45
IQ-LAB-102238,49.0,female,7.4,4.91,13.6,83.7,312.0,14.0,5.397605346934028e-79,15.0,0.98,86.63,,,18.6
IQ-LAB-102239,23.0,male,9.1,5.85,16.9,84.1,195.0,22.0,5.397605346934028e-79,28.0,1.32,116.69,,,0.4
IQ-LAB-102240,60.0,male,6.4,4.71,13.7,87.3,217.0,47.0,5.397605346934028e-79,42.0,0.72,63.65,120.0,31.02,1.78
IQ-LAB-102241,80.0,female,4.5,4.12,12.2,89.1,211.0,16.0,5.397605346934028e-79,29.0,0.99,87.52,109.0,2.86,0.8
IQ-LAB-102242,23.0,male,6.2,5.17,16.4,95.5,280.0,25.0,5.397605346934028e-79,18.0,1.02,90.17,,,2.83
IQ-LAB-102243,60.0,male,7.0,4.81,14.6,91.0,230.0,19.0,5.397605346934028e-79,22.0,1.09,96.36,120.0,10.03,0.37
IQ-LAB-102245,64.0,female,12.2,3.45,10.9,97.5,289.0,5.0,5.397605346934028e-79,10.0,0.68,60.11,,,16.71
IQ-LAB-102248,48.0,male,4.2,5.61,18.1,95.6,230.0,20.0,5.397605346934028e-79,22.0,1.06,93.7,100.0,7.7,0.29
IQ-LAB-102249,22.0,male,5.0,5.23,15.7,92.8,230.0,14.0,5.397605346934028e-79,18.0,0.81,71.6,,,0.48
IQ-LAB-102250,34.0,male,7.4,4.8,15.7,95.1,179.0,18.0,5.397605346934028e-79,26.0,1.03,91.05,99.0,2.88,0.48
IQ-LAB-102251,75.0,male,8.6,5.09,15.9,93.8,134.0,28.0,5.397605346934028e-79,22.0,1.16,102.54,,,1.81
IQ-LAB-102252,10.0,female,10.8,4.25,12.5,88.1,431.0,,,,,,,,1.42
IQ-LAB-102253,6.0,female,9.7,4.65,12.6,81.5,293.0,,,,,,,,
IQ-LAB-102254,38.0,female,7.6,4.24,15.1,102.5,151.0,112.0,5.397605346934028e-79,178.0,0.54,47.74,109.0,8.39,5.34
IQ-LAB-102255,24.0,female,8.9,5.06,15.0,87.7,214.0,13.0,5.397605346934028e-79,17.0,0.95,83.98,,,0.99
IQ-LAB-102256,40.0,male,5.8,5.75,17.1,85.4,241.0,53.0,5.397605346934028e-79,30.0,1.09,96.36,99.0,12.27,1.45
IQ-LAB-102258,51.0,female,7.7,4.06,12.2,92.6,319.0,18.0,5.397605346934028e-79,22.0,0.61,53.92,101.0,6.4,11.01
IQ-LAB-102260,65.0,female,6.6,4.66,15.2,96.0,240.0,50.0,5.397605346934028e-79,34.0,0.74,65.42,110.0,13.87,2.24
IQ-LAB-102262,13.0,female,4.9,4.98,12.5,75.6,238.0,9.0,5.397605346934028e-79,11.0,0.7,61.88,100.0,36.14,0.49
IQ-LAB-102263,79.0,male,7.7,4.98,15.4,89.0,174.0,21.0,5.397605346934028e-79,17.0,1.15,101.66,,,6.02
IQ-LAB-102264,18.0,female,5.3,4.36,13.5,90.9,219.0,14.0,5.397605346934028e-79,20.0,0.67,59.23,,,1.15
IQ-LAB-102265,34.0,male,5.1,5.03,15.3,87.6,187.0,13.0,5.397605346934028e-79,15.0,0.7,61.88,,,1.39
IQ-LAB-102266,70.0,female,5.6,4.27,12.9,91.4,160.0,13.0,5.397605346934028e-79,22.0,0.71,62.76,,,0.98
IQ-LAB-102267,77.0,female,7.6,3.81,10.2,84.1,223.0,20.0,5.397605346934028e-79,19.0,1.68,148.51,,,36.26
IQ-LAB-102268,10.0,female,6.8,5.04,13.6,79.7,249.0,,,,,,,,0.15
IQ-LAB-102269,54.0,female,8.5,5.21,13.3,79.7,234.0,12.0,5.397605346934028e-79,12.0,0.76,67.18,,,10.92
IQ-LAB-102270,16.0,male,6.5,5.39,14.8,84.1,289.0,29.0,5.397605346934028e-79,29.0,0.81,71.6,99.0,7.93,1.0
IQ-LAB-102271,79.0,male,5.6,4.93,11.3,72.1,189.0,20.0,5.397605346934028e-79,19.0,0.95,83.98,96.0,24.35,0.37
IQ-LAB-102272,26.0,female,5.2,4.2,13.2,90.3,251.0,19.0,5.397605346934028e-79,20.0,0.83,73.37,88.0,3.72,0.44
IQ-LAB-102274,14.0,male,4.0,5.18,14.6,85.1,245.0,17.0,5.397605346934028e-79,17.0,0.75,66.3,102.0,4.15,0.25
IQ-LAB-102276,79.0,female,4.8,3.67,11.2,94.8,286.0,7.0,5.397605346934028e-79,12.0,0.8,70.72,,,2.13
IQ-LAB-102277,7.0,female,7.2,4.93,12.8,76.0,342.0,,,,,,,,0.21
IQ-LAB-102278,36.0,female,7.3,4.58,13.6,90.0,322.0,,,,,,202.0,,
IQ-LAB-102279,38.0,male,7.0,5.37,15.3,81.8,252.0,40.0,5.397605346934028e-79,26.0,1.39,122.88,,,2.24
IQ-LAB-102281,54.0,female,7.0,4.54,13.6,89.3,137.0,85.0,5.397605346934028e-79,83.0,0.66,58.34,139.0,26.11,1.36
IQ-LAB-102283,22.0,female,7.0,4.59,13.7,90.0,319.0,13.0,5.397605346934028e-79,14.0,0.75,66.3,96.0,10.8,0.33
IQ-LAB-102284,18.0,male,6.4,5.72,17.2,87.0,352.0,14.0,5.397605346934028e-79,16.0,1.0,88.4,99.0,,
IQ-LAB-102285,37.0,male,3.9,4.95,15.2,93.0,185.0,41.0,5.397605346934028e-79,31.0,1.33,117.57,91.0,6.24,0.41
IQ-LAB-102287,17.0,male,4.0,5.22,16.4,92.3,234.0,19.0,5.397605346934028e-79,18.0,0.93,82.21,,,0.26
IQ-LAB-102288,32.0,male,5.6,5.22,13.8,81.4,175.0,23.0,5.397605346934028e-79,21.0,0.94,83.1,99.0,14.66,1.21
IQ-LAB-102289,18.0,female,7.6,4.84,11.4,72.2,390.0,13.0,5.397605346934028e-79,14.0,0.8,70.72,99.0,31.22,13.78
IQ-LAB-102290,5.0,female,7.6,4.65,12.3,81.1,363.0,,,,,,,,0.55
IQ-LAB-102294,17.0,female,8.6,4.41,13.4,91.5,215.0,11.0,5.397605346934028e-79,22.0,0.87,76.91,,,0.47
IQ-LAB-102296,62.0,female,7.0,4.2,12.3,86.3,259.0,15.0,5.397605346934028e-79,15.0,1.06,93.7,,,1.97
IQ-LAB-102297,14.0,male,4.3,4.64,13.2,83.7,151.0,14.0,5.397605346934028e-79,22.0,0.59,52.16,,,1.01
IQ-LAB-102298,19.0,female,6.4,5.07,14.1,81.7,204.0,11.0,5.397605346934028e-79,16.0,0.72,63.65,,,0.34
IQ-LAB-102299,12.0,female,6.3,4.23,11.5,81.6,274.0,11.0,5.397605346934028e-79,16.0,0.7,61.88,,,0.36
IQ-LAB-102300,74.0,male,7.8,4.41,13.1,88.9,281.0,16.0,5.397605346934028e-79,25.0,0.93,82.21,,,9.43
IQ-LAB-102301,78.0,male,8.4,5.44,15.2,83.4,194.0,21.0,5.397605346934028e-79,16.0,1.44,127.3,,,
IQ-LAB-102302,40.0,female,5.0,3.7,7.3,68.1,514.0,11.0,5.397605346934028e-79,16.0,0.66,58.34,92.0,9.58,1.83
IQ-LAB-102303,8.0,female,3.7,4.45,11.8,82.3,399.0,,,,,,,,0.77
IQ-LAB-102304,6.0,female,6.6,4.49,11.0,75.8,396.0,,,,,,,,0.4
IQ-LAB-102305,13.0,male,8.0,5.9,14.3,75.2,218.0,11.0,5.397605346934028e-79,18.0,0.71,62.76,110.0,42.23,2.94
IQ-LAB-102306,71.0,male,10.8,4.82,16.8,102.7,188.0,23.0,5.397605346934028e-79,24.0,1.29,114.04,104.0,13.03,4.18
IQ-LAB-102307,79.0,female,6.5,4.14,13.0,96.4,243.0,15.0,5.397605346934028e-79,20.0,0.83,73.37,98.0,10.44,0.38
IQ-LAB-102308,2.0,male,9.5,4.31,11.7,78.6,493.0,,,,,,,,0.47
IQ-LAB-102309,55.0,female,8.4,4.54,12.9,85.4,270.0,14.0,5.397605346934028e-79,15.0,0.72,63.65,97.0,13.35,19.54
IQ-LAB-102311,33.0,male,5.1,4.91,15.1,88.4,220.0,27.0,5.397605346934028e-79,29.0,1.15,101.66,,,0.97
IQ-LAB-102312,16.0,female,6.7,4.2,13.2,90.6,217.0,4.0,5.397605346934028e-79,13.0,0.68,60.11,,,0.45
IQ-LAB-102313,80.0,male,7.5,4.88,14.9,90.2,146.0,12.0,5.397605346934028e-79,19.0,1.49,131.72,,,4.86
IQ-LAB-102314,13.0,male,6.8,5.1,14.1,83.0,274.0,8.0,5.397605346934028e-79,17.0,0.52,45.97,106.0,7.64,0.26
IQ-LAB-102315,39.0,female,8.7,4.08,12.7,93.1,338.0,14.0,5.397605346934028e-79,15.0,0.72,63.65,,,5.56
IQ-LAB-102316,14.0,male,6.3,5.13,14.5,85.3,250.0,22.0,5.397605346934028e-79,24.0,0.84,74.26,92.0,7.52,0.63
IQ-LAB-102317,59.0,male,7.8,4.53,13.3,86.7,176.0,19.0,5.397605346934028e-79,15.0,0.89,78.68,,,6.9
IQ-LAB-102319,5.0,male,7.1,5.0,13.6,81.4,216.0,,,,,,,,
IQ-LAB-102320,63.0,female,5.4,4.71,13.8,88.0,258.0,13.0,5.397605346934028e-79,14.0,0.7,61.88,99.0,10.74,0.62
IQ-LAB-102321,56.0,male,8.2,5.2,15.3,86.7,218.0,,,,,,,,
IQ-LAB-102322,45.0,male,4.4,4.5,13.3,90.7,208.0,12.0,5.397605346934028e-79,20.0,0.92,81.33,,,1.87
IQ-LAB-102323,19.0,female,8.2,4.83,14.7,91.8,186.0,4.0,5.397605346934028e-79,14.0,0.66,58.34,92.0,6.09,2.1
IQ-LAB-102324,28.0,female,8.0,4.94,13.1,80.1,183.0,12.0,5.397605346934028e-79,15.0,0.81,71.6,,,4.79
IQ-LAB-102326,72.0,female,7.5,4.27,12.7,88.3,226.0,25.0,5.397605346934028e-79,31.0,0.96,84.86,,,0.61
IQ-LAB-102327,16.0,male,4.7,4.97,13.4,78.4,270.0,32.0,5.397605346934028e-79,27.0,0.59,52.16,98.0,12.32,0.72
IQ-LAB-102328,80.0,female,4.2,4.1,13.1,94.6,152.0,17.0,5.397605346934028e-79,27.0,0.89,78.68,,,0.36
IQ-LAB-102329,72.0,male,5.6,4.61,14.4,89.5,190.0,22.0,5.397605346934028e-79,18.0,0.87,76.91,,,1.79
IQ-LAB-102330,18.0,male,6.9,5.43,15.7,87.2,202.0,27.0,5.397605346934028e-79,51.0,1.07,94.59,,,0.91
IQ-LAB-102331,53.0,male,7.1,4.92,14.5,87.4,345.0,14.0,5.397605346934028e-79,14.0,1.23,108.73,,,0.81
IQ-LAB-102332,5.0,male,10.6,5.4,11.7,69.4,412.0,,,,,,,,0.39
IQ-LAB-102334,25.0,male,6.9,4.93,14.3,87.0,336.0,14.0,5.397605346934028e-79,17.0,1.04,91.94,,,0.81
IQ-LAB-102335,18.0,male,6.5,6.05,15.2,76.1,283.0,11.0,5.397605346934028e-79,13.0,0.9,79.56,,,0.69
IQ-LAB-102336,33.0,male,6.4,5.3,15.6,87.7,217.0,48.0,5.397605346934028e-79,30.0,0.78,68.95,102.0,5.15,0.45
IQ-LAB-102337,68.0,male,5.8,4.92,13.9,84.6,174.0,17.0,5.397605346934028e-79,18.0,1.0,88.4,,,0.67
IQ-LAB-102338,54.0,male,6.5,5.13,15.1,87.4,245.0,21.0,5.397605346934028e-79,18.0,1.05,92.82,100.0,11.58,1.59
IQ-LAB-102339,16.0,female,6.0,5.07,13.8,81.6,309.0,15.0,5.397605346934028e-79,15.0,0.67,59.23,,,0.6
IQ-LAB-102340,33.0,male,11.2,5.14,15.6,90.8,270.0,14.0,5.397605346934028e-79,23.0,0.85,75.14,,,2.93
IQ-LAB-102341,39.0,female,8.7,4.55,12.2,82.9,276.0,27.0,5.397605346934028e-79,29.0,0.83,73.37,110.0,19.92,6.42
IQ-LAB-102342,52.0,male,5.5,4.95,16.3,96.6,210.0,14.0,5.397605346934028e-79,12.0,0.88,77.79,,,0.39
IQ-LAB-102344,34.0,female,8.6,5.19,10.1,63.6,395.0,11.0,5.397605346934028e-79,15.0,0.8,70.72,,,0.11
IQ-LAB-102345,39.0,female,6.4,5.33,15.2,85.1,256.0,14.0,5.397605346934028e-79,15.0,0.97,85.75,,,1.9
IQ-LAB-102346,37.0,female,6.8,5.08,12.8,77.6,166.0,31.0,5.397605346934028e-79,37.0,0.38,33.59,288.0,42.08,13.75
IQ-LAB-102348,27.0,female,10.1,4.55,12.4,79.2,360.0,30.0,5.397605346934028e-79,20.0,0.53,46.85,,,8.7
IQ-LAB-102349,67.0,female,4.9,4.3,13.0,90.0,229.0,21.0,5.397605346934028e-79,25.0,0.59,52.16,,,0.74
IQ-LAB-102350,36.0,male,5.2,4.82,14.7,87.9,188.0,20.0,5.397605346934028e-79,17.0,0.79,69.84,101.0,7.13,2.23
IQ-LAB-102351,4.0,female,5.7,4.53,11.8,80.9,296.0,,,,,,,,0.11
IQ-LAB-102352,31.0,male,9.0,4.97,14.6,85.7,276.0,23.0,5.397605346934028e-79,22.0,1.22,107.85,95.0,6.37,1.99
IQ-LAB-102353,64.0,male,12.0,4.71,13.7,87.4,237.0,25.0,5.397605346934028e-79,26.0,1.33,117.57,,,1.67
IQ-LAB-102354,11.0,male,7.4,4.61,13.8,87.8,331.0,,,,,,,,1.73
IQ-LAB-102355,33.0,male,10.2,5.0,15.3,86.7,278.0,54.0,5.397605346934028e-79,34.0,0.81,71.6,,,1.41
IQ-LAB-102356,22.0,male,6.6,4.46,14.9,97.0,249.0,49.0,5.397605346934028e-79,34.0,0.91,80.44,,,0.42
IQ-LAB-102357,3.0,female,9.0,3.92,12.2,88.2,299.0,,,,,,,,0.35
IQ-LAB-102358,31.0,female,5.9,4.5,13.2,86.8,198.0,13.0,5.397605346934028e-79,18.0,0.72,63.65,,,0.3
IQ-LAB-102359,39.0,female,5.3,4.44,13.5,89.1,294.0,17.0,5.397605346934028e-79,21.0,0.6,53.04,96.0,4.9,0.78
IQ-LAB-102360,28.0,female,4.7,4.05,11.0,87.8,282.0,8.0,5.397605346934028e-79,15.0,0.84,74.26,92.0,16.86,8.26
IQ-LAB-102361,31.0,male,8.1,5.14,15.0,88.8,265.0,17.0,5.397605346934028e-79,21.0,1.07,94.59,,,0.11
IQ-LAB-102362,80.0,male,7.6,4.94,14.0,87.3,308.0,14.0,5.397605346934028e-79,19.0,1.01,89.28,107.0,4.85,3.66
IQ-LAB-102364,33.0,female,7.4,4.32,13.9,92.1,258.0,14.0,5.397605346934028e-79,13.0,0.91,80.44,,,0.58
IQ-LAB-102365,75.0,male,10.0,5.17,15.6,89.9,246.0,21.0,5.397605346934028e-79,22.0,0.93,82.21,,,0.98
IQ-LAB-102366,18.0,female,10.2,4.6,13.2,86.7,309.0,24.0,5.397605346934028e-79,20.0,0.51,45.08,,,0.93
IQ-LAB-102367,66.0,female,9.9,5.12,12.5,77.0,281.0,27.0,5.397605346934028e-79,32.0,1.37,121.11,154.0,169.96,0.63
IQ-LAB-102368,67.0,male,4.6,5.36,16.3,91.6,216.0,17.0,5.397605346934028e-79,21.0,0.83,73.37,119.0,14.38,0.76
IQ-LAB-102369,42.0,female,6.8,4.38,12.6,84.0,303.0,28.0,5.397605346934028e-79,23.0,0.51,45.08,96.0,6.94,3.14
IQ-LAB-102370,80.0,female,3.9,3.49,10.7,93.3,154.0,13.0,5.397605346934028e-79,23.0,1.26,111.38,107.0,2.9,2.42
IQ-LAB-102371,54.0,male,6.4,4.61,12.6,82.0,187.0,25.0,5.397605346934028e-79,20.0,1.56,137.9,,,1.34
IQ-LAB-102372,80.0,male,7.4,4.6,14.6,93.8,233.0,15.0,5.397605346934028e-79,17.0,0.94,83.1,,,0.94
IQ-LAB-102373,31.0,male,9.9,5.03,14.4,85.4,252.0,22.0,5.397605346934028e-79,21.0,0.81,71.6,,,1.36
IQ-LAB-102377,59.0,female,5.8,4.17,13.4,93.8,205.0,15.0,5.397605346934028e-79,16.0,0.57,50.39,96.0,16.57,0.94
IQ-LAB-102378,40.0,female,4.9,4.26,13.6,90.7,249.0,21.0,5.397605346934028e-79,20.0,0.7,61.88,,,2.54
IQ-LAB-102379,71.0,female,7.0,4.17,13.3,94.4,228.0,12.0,5.397605346934028e-79,15.0,0.77,68.07,,,1.0
IQ-LAB-102380,26.0,female,8.4,4.5,10.7,74.2,274.0,10.0,5.397605346934028e-79,15.0,0.61,53.92,,,5.11
IQ-LAB-102381,42.0,male,5.3,5.22,15.0,85.0,196.0,56.0,5.397605346934028e-79,39.0,1.15,101.66,110.0,15.05,1.08
IQ-LAB-102382,44.0,male,5.0,5.0,14.9,88.1,234.0,13.0,5.397605346934028e-79,16.0,0.96,84.86,,,0.82
IQ-LAB-102383,26.0,female,4.5,4.34,11.3,81.7,313.0,11.0,5.397605346934028e-79,18.0,0.62,54.81,83.0,4.34,1.18
IQ-LAB-102384,9.0,male,5.9,4.73,12.8,81.3,195.0,,,,,,,,2.83
IQ-LAB-102385,15.0,male,6.4,5.26,15.8,88.4,172.0,11.0,5.397605346934028e-79,15.0,0.82,72.49,106.0,9.99,0.49
IQ-LAB-102386,27.0,female,11.5,4.45,13.3,89.5,272.0,14.0,5.397605346934028e-79,15.0,0.64,56.58,,,1.14
IQ-LAB-102387,68.0,male,6.7,3.53,11.2,96.3,173.0,26.0,5.397605346934028e-79,34.0,0.95,83.98,88.0,8.82,6.12
IQ-LAB-102388,2.0,male,8.1,4.35,12.5,86.6,252.0,,,,,,,,0.3
IQ-LAB-102389,71.0,female,400.0,3.52,9.0,86.3,240.0,8.0,5.397605346934028e-79,26.0,1.14,100.78,,,14.88
IQ-LAB-102391,31.0,male,3.6,3.38,11.4,102.4,84.0,4.0,5.397605346934028e-79,10.0,0.97,85.75,,,13.63
IQ-LAB-102392,80.0,female,5.9,4.22,14.3,99.4,232.0,23.0,5.397605346934028e-79,24.0,0.73,64.53,122.0,6.86,1.69
IQ-LAB-102393,20.0,female,6.1,4.3,12.4,87.5,191.0,20.0,5.397605346934028e-79,22.0,0.88,77.79,97.0,3.55,0.36
IQ-LAB-102394,14.0,female,11.1,4.87,13.6,84.5,231.0,16.0,5.397605346934028e-79,24.0,0.7,61.88,,,1.65
IQ-LAB-102395,25.0,male,9.9,5.16,15.1,86.4,284.0,32.0,5.397605346934028e-79,25.0,1.2,106.08,,,1.35
IQ-LAB-102396,45.0,male,9.6,4.9,15.2,92.3,275.0,40.0,5.397605346934028e-79,26.0,1.14,100.78,121.0,99.78,3.39
IQ-LAB-102397,73.0,female,5.5,4.44,14.5,92.4,255.0,17.0,5.397605346934028e-79,28.0,0.93,82.21,,,1.12
IQ-LAB-102399,80.0,male,5.2,3.81,13.0,101.0,159.0,29.0,5.397605346934028e-79,30.0,0.94,83.1,,,1.92
IQ-LAB-102400,42.0,male,5.6,5.42,16.1,87.7,186.0,12.0,5.397605346934028e-79,17.0,1.14,100.78,110.0,4.92,2.01
IQ-LAB-102401,44.0,female,8.0,3.62,8.8,77.7,466.0,10.0,5.397605346934028e-79,22.0,0.25,22.1,,,6.63
IQ-LAB-102402,9.0,male,9.9,4.3,12.4,85.7,415.0,,,,,,,,5.75
IQ-LAB-102404,16.0,male,6.0,5.49,16.3,85.9,245.0,14.0,5.397605346934028e-79,13.0,0.95,83.98,102.0,9.02,0.62
IQ-LAB-102405,49.0,male,4.9,5.04,16.3,92.8,197.0,51.0,5.397605346934028e-79,32.0,0.86,76.02,125.0,32.3,1.83
IQ-LAB-102407,75.0,female,7.1,4.8,14.3,88.4,244.0,43.0,5.397605346934028e-79,32.0,0.57,50.39,,,0.8
IQ-LAB-102408,7.0,male,5.8,4.13,11.8,86.2,249.0,,,,,,,,0.56
IQ-LAB-102410,44.0,male,7.6,4.79,14.5,85.9,248.0,22.0,5.397605346934028e-79,23.0,0.9,79.56,,,4.58
IQ-LAB-102411,80.0,male,6.0,4.66,14.0,90.2,232.0,10.0,5.397605346934028e-79,17.0,1.29,114.04,105.0,8.97,0.71
IQ-LAB-102412,11.0,male,6.9,4.74,13.5,82.7,260.0,,,,,,,,1.42
IQ-LAB-102413,9.0,male,5.0,3.87,11.3,85.2,210.0,,,,,,,,0.29
IQ-LAB-102415,54.0,female,6.7,4.79,13.8,86.9,170.0,41.0,5.397605346934028e-79,39.0,0.48,42.43,313.0,17.18,6.91
IQ-LAB-102416,19.0,female,5.4,4.4,12.2,82.1,171.0,15.0,5.397605346934028e-79,17.0,0.66,58.34,93.0,12.94,3.91
IQ-LAB-102418,63.0,male,5.1,4.55,14.0,90.8,241.0,14.0,5.397605346934028e-79,18.0,1.33,117.57,105.0,9.19,32.11
IQ-LAB-102419,32.0,male,6.1,5.26,15.6,87.3,229.0,25.0,5.397605346934028e-79,28.0,1.07,94.59,93.0,4.24,0.35
IQ-LAB-102420,70.0,female,4.3,6.37,13.5,68.4,189.0,13.0,5.397605346934028e-79,22.0,0.86,76.02,109.0,6.84,4.84
IQ-LAB-102421,57.0,female,5.6,4.13,12.5,90.9,259.0,20.0,5.397605346934028e-79,21.0,0.57,50.39,,,1.41
IQ-LAB-102423,62.0,female,5.0,4.75,13.1,84.5,295.0,29.0,5.397605346934028e-79,19.0,0.71,62.76,,,11.43
IQ-LAB-102424,37.0,male,4.5,5.33,15.8,89.5,188.0,26.0,5.397605346934028e-79,19.0,0.85,75.14,103.0,6.38,2.03
IQ-LAB-102425,33.0,male,8.2,5.68,16.6,88.8,245.0,39.0,5.397605346934028e-79,26.0,0.96,84.86,,,1.8
IQ-LAB-102426,10.0,male,8.0,4.34,13.1,86.8,315.0,,,,,,,,0.27
IQ-LAB-102427,63.0,male,8.6,5.18,16.0,90.2,290.0,14.0,5.397605346934028e-79,15.0,1.03,91.05,,,1.2
IQ-LAB-102428,41.0,male,7.9,5.21,15.3,88.1,233.0,21.0,5.397605346934028e-79,14.0,0.85,75.14,176.0,26.83,2.6
IQ-LAB-102429,38.0,female,12.1,4.85,12.8,82.5,231.0,131.0,5.397605346934028e-79,108.0,0.47,41.55,,,11.2
IQ-LAB-102431,19.0,male,4.5,5.76,14.6,78.8,194.0,33.0,5.397605346934028e-79,118.0,0.98,86.63,104.0,12.42,0.4
IQ-LAB-102432,33.0,male,7.7,5.05,15.1,84.9,251.0,30.0,5.397605346934028e-79,24.0,0.89,78.68,,,8.13
IQ-LAB-102433,15.0,male,4.1,4.96,15.2,88.0,174.0,11.0,5.397605346934028e-79,39.0,0.91,80.44,,,1.05
IQ-LAB-102434,44.0,female,6.3,3.91,12.1,92.2,345.0,15.0,5.397605346934028e-79,23.0,0.95,83.98,,,2.72
IQ-LAB-102436,56.0,female,8.3,4.07,12.8,91.7,517.0,10.0,5.397605346934028e-79,14.0,0.69,61.0,,,3.16
IQ-LAB-102439,5.0,female,9.4,4.66,11.7,75.9,362.0,,,,,,,,1.71
IQ-LAB-102440,16.0,female,6.5,4.17,12.8,89.6,236.0,18.0,5.397605346934028e-79,26.0,0.61,53.92,108.0,6.23,0.36
IQ-LAB-102441,13.0,female,9.8,4.62,13.3,85.1,272.0,15.0,5.397605346934028e-79,18.0,0.31,27.4,,,0.59
IQ-LAB-102442,62.0,female,8.4,4.95,15.6,89.5,335.0,14.0,5.397605346934028e-79,18.0,0.82,72.49,,,3.09
IQ-LAB-102443,56.0,female,4.1,4.61,13.7,88.2,210.0,39.0,5.397605346934028e-79,31.0,0.63,55.69,98.0,5.89,0.43
IQ-LAB-102444,58.0,male,12.5,4.54,13.2,89.0,362.0,14.0,5.397605346934028e-79,21.0,1.05,92.82,,,59.58
IQ-LAB-102445,80.0,female,7.4,4.05,11.9,88.2,270.0,22.0,5.397605346934028e-79,30.0,1.13,99.89,,,0.61
IQ-LAB-102447,79.0,female,5.6,3.02,10.4,98.5,172.0,14.0,5.397605346934028e-79,32.0,1.17,103.43,,,0.62
IQ-LAB-102450,39.0,male,10.2,5.43,16.6,92.5,267.0,34.0,5.397605346934028e-79,29.0,0.85,75.14,112.0,67.34,11.48
IQ-LAB-102452,60.0,female,7.8,4.4,13.8,89.4,224.0,22.0,5.397605346934028e-79,15.0,0.72,63.65,,,1.68
IQ-LAB-102453,13.0,male,7.1,4.75,14.2,86.9,225.0,12.0,5.397605346934028e-79,22.0,0.5,44.2,,,0.25
IQ-LAB-102454,34.0,female,5.5,4.42,12.5,86.3,248.0,26.0,5.397605346934028e-79,24.0,0.62,54.81,105.0,8.25,0.84
IQ-LAB-102455,66.0,male,3.2,5.67,14.4,76.6,192.0,15.0,5.397605346934028e-79,21.0,1.14,100.78,104.0,17.24,1.81
IQ-LAB-102456,29.0,female,13.0,5.69,12.6,69.5,459.0,23.0,5.397605346934028e-79,21.0,0.68,60.11,118.0,59.1,11.41
IQ-LAB-102457,58.0,male,6.0,4.88,16.0,95.0,244.0,38.0,5.397605346934028e-79,29.0,0.74,65.42,108.0,7.62,2.89
IQ-LAB-102458,34.0,male,4.1,4.99,15.7,94.9,297.0,13.0,5.397605346934028e-79,14.0,1.1,97.24,70.0,13.7,1.22
IQ-LAB-102459,9.0,female,9.7,4.77,14.3,89.5,277.0,,,,,,,,0.41
IQ-LAB-102460,25.0,female,8.0,4.37,13.1,90.6,196.0,23.0,5.397605346934028e-79,23.0,0.97,85.75,,,4.45
IQ-LAB-102461,28.0,female,6.6,4.23,12.8,91.0,242.0,12.0,5.397605346934028e-79,19.0,0.7,61.88,115.0,8.0,0.98
IQ-LAB-102462,5.0,male,5.6,4.87,13.9,84.0,293.0,,,,,,,,5.95
IQ-LAB-102464,46.0,male,9.6,4.91,15.6,92.4,286.0,30.0,5.397605346934028e-79,18.0,1.19,105.2,,,1.04
IQ-LAB-102465,79.0,male,5.6,5.04,15.3,88.8,205.0,18.0,5.397605346934028e-79,18.0,0.96,84.86,119.0,8.9,0.97
IQ-LAB-102466,34.0,male,5.6,5.08,15.8,91.6,205.0,20.0,5.397605346934028e-79,23.0,0.85,75.14,100.0,8.96,0.28
IQ-LAB-102467,58.0,female,5.8,4.75,13.3,84.7,287.0,25.0,5.397605346934028e-79,22.0,0.97,85.75,,,1.03
IQ-LAB-102468,16.0,female,5.6,4.52,12.7,85.8,240.0,,,,,,84.0,,
IQ-LAB-102469,33.0,male,9.5,5.17,15.4,89.1,162.0,24.0,5.397605346934028e-79,21.0,0.79,69.84,,,1.8
IQ-LAB-102471,62.0,female,10.0,5.14,14.8,84.3,353.0,10.0,5.397605346934028e-79,12.0,0.58,51.27,,,3.84
IQ-LAB-102472,41.0,male,7.0,5.21,15.3,86.7,204.0,48.0,5.397605346934028e-79,28.0,1.22,107.85,,,0.52
IQ-LAB-102473,41.0,female,8.1,4.0,12.6,92.7,304.0,14.0,5.397605346934028e-79,17.0,0.63,55.69,,,1.03
IQ-LAB-102474,52.0,female,5.2,5.1,13.6,81.5,294.0,10.0,5.397605346934028e-79,15.0,0.9,79.56,,,5.08
IQ-LAB-102475,38.0,male,5.7,5.38,16.4,87.2,146.0,25.0,5.397605346934028e-79,21.0,0.65,57.46,258.0,10.67,1.0
IQ-LAB-102476,12.0,female,4.3,4.79,12.8,81.7,235.0,6.0,5.397605346934028e-79,16.0,0.45,39.78,,,0.34
IQ-LAB-102478,60.0,male,4.3,5.04,14.6,86.6,213.0,28.0,5.397605346934028e-79,29.0,0.99,87.52,,,2.4
IQ-LAB-102480,77.0,male,6.2,5.08,14.8,87.3,178.0,15.0,5.397605346934028e-79,17.0,1.37,121.11,,,5.89
IQ-LAB-102481,9.0,female,7.8,5.23,14.4,82.6,414.0,,,,,,,,0.51
IQ-LAB-102482,36.0,male,4.7,5.06,14.2,84.3,169.0,22.0,5.397605346934028e-79,23.0,1.3,114.92,,,1.1
IQ-LAB-102483,60.0,female,9.0,4.47,13.6,90.5,216.0,13.0,5.397605346934028e-79,14.0,0.76,67.18,,,2.07
IQ-LAB-102486,21.0,female,8.8,5.45,14.9,80.8,348.0,52.0,5.397605346934028e-79,38.0,0.82,72.49,,,7.53
IQ-LAB-102487,19.0,female,7.5,6.1,12.1,61.1,241.0,6.0,5.397605346934028e-79,12.0,0.74,65.42,101.0,6.33,0.27
IQ-LAB-102488,29.0,male,8.4,4.84,14.6,87.4,361.0,22.0,5.397605346934028e-79,17.0,0.76,67.18,,,8.23
IQ-LAB-102489,73.0,male,7.0,5.12,15.7,92.3,258.0,40.0,5.397605346934028e-79,32.0,0.95,83.98,132.0,12.14,4.62
IQ-LAB-102490,71.0,female,6.7,4.4,13.1,87.7,316.0,16.0,5.397605346934028e-79,22.0,0.77,68.07,108.0,5.23,1.19
IQ-LAB-102492,31.0,male,8.2,5.18,15.7,89.5,170.0,13.0,5.397605346934028e-79,17.0,1.07,94.59,90.0,16.52,0.6
IQ-LAB-102493,79.0,male,4.5,5.21,14.8,85.5,176.0,28.0,5.397605346934028e-79,22.0,1.06,93.7,,,36.24
IQ-LAB-102494,76.0,male,4.4,4.8,14.5,89.7,159.0,17.0,5.397605346934028e-79,20.0,1.11,98.12,105.0,6.74,0.79
IQ-LAB-102495,33.0,male,10.5,4.85,14.5,91.7,185.0,20.0,5.397605346934028e-79,16.0,0.92,81.33,,,2.08
IQ-LAB-102496,3.0,male,7.8,4.6,12.4,81.5,648.0,,,,,,,,1.15
IQ-LAB-102497,75.0,male,13.6,5.86,16.1,84.5,535.0,7.0,5.397605346934028e-79,17.0,1.21,106.96,106.0,4.84,9.68
IQ-LAB-102498,16.0,female,6.8,4.86,13.0,80.2,265.0,10.0,5.397605346934028e-79,18.0,0.9,79.56,,,0.71
IQ-LAB-102499,10.0,female,6.8,4.67,13.2,82.9,221.0,,,,,,,,0.55
IQ-LAB-102500,15.0,male,8.5,4.65,13.0,83.6,286.0,54.0,5.397605346934028e-79,41.0,0.62,54.81,,,2.73
IQ-LAB-102501,45.0,male,6.1,4.96,15.6,93.1,217.0,34.0,5.397605346934028e-79,19.0,1.26,111.38,126.0,15.16,4.61
IQ-LAB-102504,80.0,female,8.0,4.05,13.3,95.0,226.0,8.0,5.397605346934028e-79,18.0,0.87,76.91,,,0.55
IQ-LAB-102505,38.0,male,7.5,5.27,15.6,89.4,278.0,30.0,5.397605346934028e-79,24.0,0.99,87.52,,,1.13
IQ-LAB-102506,51.0,female,8.3,5.41,14.8,84.3,214.0,19.0,5.397605346934028e-79,16.0,0.56,49.5,111.0,10.3,5.2
IQ-LAB-102507,24.0,male,8.8,5.26,16.2,89.6,311.0,24.0,5.397605346934028e-79,25.0,0.85,75.14,95.0,6.25,1.28
IQ-LAB-102508,68.0,female,6.3,4.1,12.5,90.3,229.0,9.0,5.397605346934028e-79,16.0,0.76,67.18,103.0,21.72,8.5
IQ-LAB-102509,62.0,male,5.7,4.82,13.7,85.1,196.0,18.0,5.397605346934028e-79,16.0,0.48,42.43,,,0.96
IQ-LAB-102512,59.0,female,5.1,4.17,13.5,95.9,232.0,16.0,5.397605346934028e-79,18.0,0.93,82.21,,,5.34
IQ-LAB-102513,15.0,female,9.7,4.59,13.4,85.6,288.0,12.0,5.397605346934028e-79,13.0,0.59,52.16,96.0,29.39,13.18
IQ-LAB-102514,33.0,male,6.6,5.53,15.8,83.4,326.0,47.0,5.397605346934028e-79,25.0,0.91,80.44,,,2.2
IQ-LAB-102515,56.0,male,5.8,4.74,15.5,94.5,161.0,12.0,5.397605346934028e-79,20.0,0.79,69.84,,,7.09
IQ-LAB-102516,46.0,male,8.4,5.26,14.8,82.1,240.0,22.0,5.397605346934028e-79,21.0,1.06,93.7,,,9.66
IQ-LAB-102517,63.0,female,7.9,4.92,14.1,82.4,299.0,45.0,5.397605346934028e-79,46.0,0.57,50.39,148.0,30.67,3.03
IQ-LAB-102518,44.0,female,9.9,4.67,11.8,78.0,383.0,16.0,5.397605346934028e-79,15.0,0.78,68.95,,,7.73
IQ-LAB-102520,63.0,male,8.2,4.55,14.3,92.8,248.0,32.0,5.397605346934028e-79,20.0,0.96,84.86,110.0,8.47,1.24
IQ-LAB-102521,8.0,female,6.7,4.67,13.2,83.7,180.0,,,,,,,,0.39
IQ-LAB-102522,60.0,male,7.3,5.21,13.7,80.3,271.0,12.0,5.397605346934028e-79,12.0,0.89,78.68,173.0,6.94,19.3
IQ-LAB-102524,63.0,male,4.7,5.56,16.1,86.2,226.0,40.0,5.397605346934028e-79,25.0,0.74,65.42,105.0,8.13,0.74
IQ-LAB-102526,42.0,male,7.2,5.68,15.9,84.1,197.0,12.0,5.397605346934028e-79,17.0,1.05,92.82,97.0,5.1,1.44
IQ-LAB-102528,64.0,male,12.7,4.71,15.3,95.5,333.0,37.0,5.397605346934028e-79,30.0,1.14,100.78,,,2.88
IQ-LAB-102529,80.0,male,7.2,3.05,9.4,97.5,350.0,10.0,5.397605346934028e-79,12.0,1.72,152.05,101.0,3.51,5.93
IQ-LAB-102531,10.0,female,4.4,5.12,13.4,77.6,512.0,,,,,,,,1.23
IQ-LAB-102532,34.0,female,5.1,4.18,12.0,85.6,241.0,7.0,5.397605346934028e-79,14.0,0.96,84.86,,,1.61
IQ-LAB-102533,55.0,male,8.9,4.88,14.6,88.1,196.0,66.0,5.397605346934028e-79,59.0,0.67,59.23,131.0,95.59,6.11
IQ-LAB-102535,4.0,male,8.9,4.39,12.2,82.2,545.0,,,,,,,,0.32
IQ-LAB-102537,1.0,female,7.9,4.9,13.0,77.0,331.0,,,,,,,,0.34
IQ-LAB-102540,10.0,female,9.3,5.0,12.6,75.0,312.0,,,,,,,,4.13
IQ-LAB-102541,26.0,male,9.2,4.3,13.7,90.7,225.0,10.0,5.397605346934028e-79,14.0,1.22,107.85,,,0.43
IQ-LAB-102544,80.0,male,6.3,4.52,14.2,96.0,138.0,14.0,5.397605346934028e-79,22.0,1.25,110.5,123.0,5.97,1.86
IQ-LAB-102546,41.0,male,6.7,5.74,14.9,79.8,246.0,19.0,5.397605346934028e-79,17.0,1.01,89.28,,,1.59
IQ-LAB-102547,8.0,female,7.9,4.98,13.0,77.5,281.0,,,,,,,,2.32
IQ-LAB-102548,28.0,female,6.9,4.2,13.5,92.2,356.0,10.0,5.397605346934028e-79,11.0,0.61,53.92,106.0,7.39,18.22
IQ-LAB-102550,9.0,male,7.4,5.15,13.8,79.7,207.0,,,,,,,,1.48
IQ-LAB-102551,58.0,female,7.7,5.1,13.2,79.2,190.0,12.0,5.397605346934028e-79,12.0,0.87,76.91,100.0,7.73,3.56
IQ-LAB-102553,50.0,male,6.4,5.12,14.7,86.2,297.0,14.0,5.397605346934028e-79,20.0,0.98,86.63,119.0,7.1,0.43
IQ-LAB-102554,66.0,male,5.5,5.15,16.1,95.0,185.0,,,,,,,,
IQ-LAB-102556,50.0,male,7.7,4.59,14.5,90.7,149.0,31.0,5.397605346934028e-79,25.0,1.02,90.17,,,0.92
IQ-LAB-102559,53.0,male,5.3,5.23,15.6,85.6,192.0,27.0,5.397605346934028e-79,20.0,0.7,61.88,166.0,9.26,1.33
IQ-LAB-102560,33.0,male,6.6,5.24,14.6,82.4,208.0,52.0,5.397605346934028e-79,41.0,1.1,97.24,124.0,39.34,15.8
IQ-LAB-102561,9.0,male,7.6,4.44,12.2,81.4,301.0,,,,,,,,0.41
IQ-LAB-102562,38.0,female,6.2,4.37,12.9,87.9,339.0,13.0,5.397605346934028e-79,14.0,0.57,50.39,87.0,9.28,1.66
IQ-LAB-102564,1.0,male,4.9,4.92,12.5,75.6,278.0,,,,,,,,0.64
IQ-LAB-102566,12.0,male,12.8,4.78,12.2,78.1,348.0,11.0,5.397605346934028e-79,18.0,0.51,45.08,,,9.77
IQ-LAB-102567,7.0,male,9.1,4.48,13.0,82.8,349.0,,,,,,,,0.21
IQ-LAB-102568,23.0,male,7.8,5.87,17.7,88.3,265.0,15.0,5.397605346934028e-79,14.0,0.88,77.79,99.0,4.61,0.55
IQ-LAB-102569,3.0,female,8.1,5.0,13.2,78.5,261.0,,,,,,,,0.28
IQ-LAB-102570,14.0,female,4.5,4.76,13.9,88.2,358.0,8.0,5.397605346934028e-79,17.0,0.77,68.07,,,1.28
IQ-LAB-102571,10.0,female,6.0,4.93,11.1,72.3,302.0,,,,,,,,0.68
IQ-LAB-102573,54.0,male,4.7,6.31,15.4,76.9,173.0,21.0,5.397605346934028e-79,17.0,1.14,100.78,163.0,55.53,1.94
IQ-LAB-102574,68.0,male,7.4,4.6,12.7,87.3,372.0,19.0,5.397605346934028e-79,17.0,0.69,61.0,166.0,25.78,1.0
IQ-LAB-102575,13.0,male,5.4,4.68,13.0,84.4,323.0,15.0,5.397605346934028e-79,25.0,0.42,37.13,,,0.6
IQ-LAB-102576,60.0,male,5.6,4.39,14.1,90.2,201.0,11.0,5.397605346934028e-79,14.0,1.12,99.01,,,5.65
IQ-LAB-102577,15.0,male,4.6,5.16,14.3,82.9,266.0,37.0,5.397605346934028e-79,33.0,0.84,74.26,98.0,11.65,1.08
IQ-LAB-102579,63.0,female,10.0,4.53,13.2,88.8,346.0,29.0,5.397605346934028e-79,21.0,0.61,53.92,,,6.13
IQ-LAB-102580,25.0,female,7.0,4.52,12.5,84.3,180.0,13.0,5.397605346934028e-79,13.0,0.75,66.3,,,0.39
IQ-LAB-102581,50.0,male,8.0,4.69,14.2,90.4,196.0,10.0,5.397605346934028e-79,10.0,0.86,76.02,99.0,3.87,1.75
IQ-LAB-102582,15.0,female,5.3,4.38,13.1,88.6,312.0,23.0,5.397605346934028e-79,19.0,0.56,49.5,99.0,16.42,1.53
IQ-LAB-102583,5.0,female,6.2,4.64,13.3,84.4,290.0,,,,,,,,0.4
IQ-LAB-102585,80.0,female,4.8,4.23,13.5,93.3,239.0,23.0,5.397605346934028e-79,19.0,0.81,71.6,108.0,12.67,1.16
IQ-LAB-102586,52.0,male,5.5,4.99,15.7,90.3,239.0,28.0,5.397605346934028e-79,25.0,0.99,87.52,96.0,7.11,1.62
IQ-LAB-102588,68.0,female,8.1,4.23,14.5,97.8,178.0,40.0,5.397605346934028e-79,34.0,0.65,57.46,,,4.64
IQ-LAB-102589,24.0,female,6.9,4.7,10.6,73.4,351.0,9.0,5.397605346934028e-79,16.0,0.62,54.81,,,0.34
IQ-LAB-102590,80.0,male,6.3,4.33,9.9,74.5,331.0,14.0,5.397605346934028e-79,14.0,1.0,88.4,156.0,6.09,0.81
IQ-LAB-102591,59.0,female,7.8,4.51,14.1,94.5,232.0,43.0,5.397605346934028e-79,27.0,0.69,61.0,,,0.37
IQ-LAB-102592,14.0,female,6.5,4.41,13.2,87.8,297.0,23.0,5.397605346934028e-79,32.0,1.05,92.82,,,0.64
IQ-LAB-102593,39.0,male,6.1,4.99,15.9,92.3,238.0,34.0,5.397605346934028e-79,25.0,0.86,76.02,,,0.31
IQ-LAB-102597,70.0,female,6.3,4.9,15.3,93.7,231.0,21.0,5.397605346934028e-79,25.0,0.9,79.56,100.0,6.38,3.39
IQ-LAB-102598,75.0,female,2.8,5.08,12.2,74.6,190.0,16.0,5.397605346934028e-79,24.0,0.82,72.49,100.0,3.7,0.88
IQ-LAB-102599,15.0,female,8.7,4.62,14.3,92.9,288.0,8.0,5.397605346934028e-79,15.0,0.53,46.85,102.0,12.38,0.35
IQ-LAB-102600,34.0,male,4.2,4.83,15.5,92.9,193.0,14.0,5.397605346934028e-79,21.0,1.0,88.4,,,0.31
IQ-LAB-102601,8.0,female,7.7,4.24,12.2,81.5,390.0,,,,,,,,0.51
IQ-LAB-102602,4.0,female,6.8,4.47,12.3,79.5,231.0,,,,,,,,0.31
IQ-LAB-102603,4.0,female,8.9,4.42,12.0,80.7,317.0,,,,,,,,
IQ-LAB-102604,16.0,female,6.6,4.91,13.0,78.6,309.0,10.0,5.397605346934028e-79,15.0,0.5,44.2,105.0,13.36,0.82
IQ-LAB-102605,57.0,female,6.6,4.85,15.9,96.1,254.0,11.0,5.397605346934028e-79,15.0,0.66,58.34,356.0,3.14,4.69
IQ-LAB-102606,65.0,male,4.4,4.72,13.1,84.2,207.0,11.0,5.397605346934028e-79,17.0,0.94,83.1,127.0,13.82,5.34
IQ-LAB-102607,17.0,female,8.2,4.32,12.4,84.3,311.0,16.0,5.397605346934028e-79,16.0,0.65,57.46,,,0.6
IQ-LAB-102608,4.0,male,6.3,4.53,11.5,73.5,260.0,,,,,,,,17.6
IQ-LAB-102609,80.0,female,9.1,4.56,13.1,86.0,254.0,12.0,5.397605346934028e-79,20.0,1.25,110.5,102.0,12.49,2.45
IQ-LAB-102611,64.0,male,7.5,4.53,11.6,81.9,127.0,15.0,5.397605346934028e-79,13.0,1.59,140.56,,,6.16
IQ-LAB-102612,33.0,male,9.0,4.64,14.8,89.0,198.0,32.0,5.397605346934028e-79,23.0,1.11,98.12,,,1.67
IQ-LAB-102613,17.0,male,3.3,4.89,14.9,91.1,218.0,,,,,,,,
IQ-LAB-102615,79.0,male,7.3,3.64,12.3,100.4,161.0,10.0,5.397605346934028e-79,14.0,0.77,68.07,,,3.84
IQ-LAB-102616,56.0,female,4.8,4.11,12.8,92.1,239.0,16.0,5.397605346934028e-79,18.0,0.66,58.34,101.0,5.31,2.81
IQ-LAB-102617,63.0,female,7.4,4.7,14.1,89.8,305.0,24.0,5.397605346934028e-79,18.0,0.97,85.75,113.0,17.49,3.93
IQ-LAB-102618,70.0,female,5.4,4.26,14.3,99.6,150.0,22.0,5.397605346934028e-79,22.0,0.7,61.88,97.0,5.48,0.36
IQ-LAB-102619,61.0,female,8.1,4.62,13.2,86.8,241.0,16.0,5.397605346934028e-79,15.0,0.88,77.79,,,6.73
IQ-LAB-102620,48.0,male,7.8,5.19,16.0,90.8,248.0,24.0,5.397605346934028e-79,21.0,1.1,97.24,101.0,11.14,1.62
IQ-LAB-102621,32.0,female,6.1,4.14,12.9,90.9,264.0,25.0,5.397605346934028e-79,41.0,0.95,83.98,88.0,3.21,6.27
IQ-LAB-102622,46.0,male,9.5,4.74,15.5,96.5,253.0,27.0,5.397605346934028e-79,16.0,1.05,92.82,100.0,8.52,1.33
IQ-LAB-102623,66.0,male,11.2,4.94,16.2,96.5,256.0,16.0,5.397605346934028e-79,16.0,0.99,87.52,,,1.71
IQ-LAB-102625,33.0,male,5.2,4.83,14.5,86.5,239.0,28.0,5.397605346934028e-79,19.0,1.08,95.47,,,0.61
IQ-LAB-102626,46.0,male,5.5,4.97,14.8,89.5,273.0,20.0,5.397605346934028e-79,20.0,1.01,89.28,95.0,8.37,0.41
IQ-LAB-102627,11.0,female,6.4,4.69,13.8,86.0,242.0,,,,,,,,19.2
IQ-LAB-102628,69.0,female,6.4,4.27,13.6,95.4,296.0,25.0,5.397605346934028e-79,20.0,0.95,83.98,,,1.66
IQ-LAB-102629,73.0,female,6.7,5.05,14.6,85.5,308.0,13.0,5.397605346934028e-79,19.0,0.82,72.49,86.0,5.45,0.44
IQ-LAB-102630,2.0,male,9.4,5.15,13.0,77.2,336.0,,,,,,,,
IQ-LAB-102631,22.0,male,6.3,4.5,14.9,98.9,207.0,21.0,5.397605346934028e-79,22.0,0.93,82.21,,,1.82
IQ-LAB-102632,17.0,male,6.5,4.87,15.5,96.0,190.0,19.0,5.397605346934028e-79,23.0,1.04,91.94,,,0.28
IQ-LAB-102633,41.0,female,8.7,4.36,13.8,92.2,350.0,19.0,5.397605346934028e-79,16.0,0.91,80.44,,,12.37
IQ-LAB-102634,80.0,male,6.8,4.16,14.3,102.5,204.0,16.0,5.397605346934028e-79,20.0,1.33,117.57,109.0,13.11,2.9
IQ-LAB-102635,40.0,female,5.1,4.23,12.7,87.1,160.0,17.0,5.397605346934028e-79,22.0,0.71,62.76,94.0,3.89,0.93
IQ-LAB-102636,18.0,male,8.9,5.21,15.8,88.2,243.0,13.0,5.397605346934028e-79,18.0,0.85,75.14,,,0.87
IQ-LAB-102637,64.0,male,4.7,3.64,11.0,90.9,71.0,17.0,5.397605346934028e-79,21.0,1.71,151.16,,,2.28
IQ-LAB-102638,26.0,female,10.5,4.04,13.0,94.8,260.0,25.0,5.397605346934028e-79,23.0,0.76,67.18,,,0.57
IQ-LAB-102639,7.0,male,5.3,4.37,12.3,81.9,343.0,,,,,,,,0.7
IQ-LAB-102640,11.0,female,4.4,4.27,11.9,82.3,260.0,,,,,,,,0.35
IQ-LAB-102641,34.0,male,7.4,4.58,13.9,84.7,354.0,26.0,5.397605346934028e-79,19.0,1.11,98.12,,,2.93
IQ-LAB-102642,44.0,female,9.1,4.47,12.6,84.1,391.0,22.0,5.397605346934028e-79,18.0,0.56,49.5,149.0,17.43,3.11
IQ-LAB-102643,7.0,male,4.9,4.77,13.4,83.1,325.0,,,,,,,,0.8
IQ-LAB-102644,53.0,male,6.0,4.94,14.8,88.4,213.0,17.0,5.397605346934028e-79,17.0,0.77,68.07,112.0,8.76,0.64
IQ-LAB-102645,12.0,female,9.5,4.61,13.5,85.7,272.0,12.0,5.397605346934028e-79,18.0,0.63,55.69,,,0.75
IQ-LAB-102646,11.0,female,5.7,4.64,11.7,76.7,323.0,,,,,,,,0.34
IQ-LAB-102647,8.0,female,8.9,5.06,12.6,75.8,337.0,,,,,,,,2.2
IQ-LAB-102648,33.0,male,5.4,4.88,13.6,82.6,222.0,14.0,5.397605346934028e-79,20.0,1.33,117.57,,,0.97
IQ-LAB-102649,57.0,male,5.8,5.24,15.2,87.8,208.0,18.0,5.397605346934028e-79,25.0,1.3,114.92,103.0,10.04,4.5
IQ-LAB-102650,66.0,female,8.4,4.53,15.4,98.7,269.0,10.0,5.397605346934028e-79,13.0,0.72,63.65,,,6.83
IQ-LAB-102651,71.0,female,3.7,5.16,15.8,91.7,166.0,30.0,5.397605346934028e-79,28.0,0.73,64.53,95.0,5.76,0.98
IQ-LAB-102652,13.0,male,9.5,4.42,13.2,86.2,249.0,13.0,5.397605346934028e-79,13.0,0.79,69.84,,,0.3
IQ-LAB-102653,25.0,female,8.2,5.01,13.3,80.9,258.0,10.0,5.397605346934028e-79,14.0,0.65,57.46,100.0,10.92,0.38
IQ-LAB-102654,5.0,male,5.9,5.19,13.6,77.5,252.0,,,,,,,,
IQ-LAB-102655,21.0,male,5.6,5.37,15.9,85.6,212.0,13.0,5.397605346934028e-79,20.0,1.04,91.94,,,0.46
IQ-LAB-102657,68.0,female,9.3,4.09,12.3,85.4,235.0,14.0,5.397605346934028e-79,17.0,0.93,82.21,,,2.04
IQ-LAB-102658,9.0,male,8.4,4.64,13.0,82.4,233.0,,,,,,,,0.34
IQ-LAB-102659,80.0,female,5.9,4.1,13.1,93.1,226.0,14.0,5.397605346934028e-79,29.0,0.66,58.34,,,1.19
IQ-LAB-102660,19.0,female,6.8,4.59,13.6,89.9,243.0,11.0,5.397605346934028e-79,15.0,0.63,55.69,79.0,6.36,1.42
IQ-LAB-102661,59.0,female,7.4,4.92,14.7,87.8,237.0,24.0,5.397605346934028e-79,16.0,0.98,86.63,,,5.76
IQ-LAB-102662,12.0,female,6.6,4.49,12.0,83.2,340.0,13.0,5.397605346934028e-79,16.0,0.71,62.76,94.0,3.73,0.43
IQ-LAB-102663,4.0,male,7.1,4.73,12.7,76.0,296.0,,,,,,,,0.32
IQ-LAB-102664,51.0,male,7.3,5.64,15.2,81.5,207.0,51.0,5.397605346934028e-79,70.0,1.07,94.59,111.0,21.95,1.97
IQ-LAB-102665,80.0,male,11.7,4.01,13.8,103.3,116.0,10.0,5.397605346934028e-79,13.0,0.89,78.68,,,3.41
IQ-LAB-102666,44.0,female,7.4,4.49,14.5,96.3,319.0,25.0,5.397605346934028e-79,37.0,0.78,68.95,,,6.18
IQ-LAB-102667,50.0,male,9.0,4.25,13.9,92.4,176.0,27.0,5.397605346934028e-79,22.0,0.75,66.3,,,1.07
IQ-LAB-102668,39.0,female,14.7,4.45,13.6,91.8,290.0,10.0,5.397605346934028e-79,17.0,0.59,52.16,,,3.2
IQ-LAB-102669,32.0,male,6.7,5.22,15.5,89.2,178.0,16.0,5.397605346934028e-79,14.0,0.97,85.75,95.0,5.81,6.55
IQ-LAB-102671,80.0,male,9.2,4.79,14.7,91.4,188.0,8.0,5.397605346934028e-79,11.0,1.17,103.43,,,1.25
IQ-LAB-102672,21.0,female,8.0,5.03,14.1,83.0,258.0,11.0,5.397605346934028e-79,17.0,0.78,68.95,,,3.71
IQ-LAB-102673,47.0,female,5.9,4.54,13.7,93.1,196.0,14.0,5.397605346934028e-79,18.0,0.61,53.92,102.0,6.36,0.21
IQ-LAB-102674,26.0,male,6.5,5.28,16.2,88.4,264.0,28.0,5.397605346934028e-79,23.0,0.93,82.21,105.0,13.99,0.73
IQ-LAB-102675,22.0,male,5.5,4.96,15.0,90.3,185.0,52.0,5.397605346934028e-79,34.0,0.89,78.68,,,0.46
IQ-LAB-102676,22.0,male,9.9,4.84,14.3,87.6,409.0,118.0,5.397605346934028e-79,64.0,1.01,89.28,92.0,15.91,8.25
IQ-LAB-102677,60.0,male,6.0,4.19,14.5,100.1,287.0,10.0,5.397605346934028e-79,13.0,0.75,66.3,,,0.7
IQ-LAB-102678,6.0,male,12.2,4.66,13.1,83.4,353.0,,,,,,,,1.09
IQ-LAB-102679,80.0,male,6.8,3.9,13.5,99.8,186.0,24.0,5.397605346934028e-79,29.0,1.61,142.32,,,2.19
IQ-LAB-102680,80.0,male,4.5,4.62,13.2,87.9,129.0,10.0,5.397605346934028e-79,20.0,1.04,91.94,80.0,5.38,0.58
IQ-LAB-102682,33.0,female,11.1,3.36,9.3,84.7,321.0,10.0,5.397605346934028e-79,13.0,0.55,48.62,92.0,16.46,3.72
IQ-LAB-102683,65.0,male,6.9,4.71,13.6,84.9,192.0,34.0,5.397605346934028e-79,35.0,1.36,120.22,,,3.92
IQ-LAB-102684,34.0,male,7.5,5.29,15.5,84.0,266.0,31.0,5.397605346934028e-79,21.0,0.92,81.33,,,1.88
IQ-LAB-102685,39.0,male,6.3,4.91,15.6,93.5,236.0,29.0,5.397605346934028e-79,22.0,1.0,88.4,120.0,10.04,1.4
IQ-LAB-102686,51.0,female,7.3,4.05,11.3,86.1,314.0,14.0,5.397605346934028e-79,16.0,0.72,63.65,,,6.45
IQ-LAB-102687,64.0,female,4.7,4.22,12.5,89.3,320.0,14.0,5.397605346934028e-79,18.0,0.7,61.88,,,0.7
IQ-LAB-102688,53.0,female,7.5,4.86,14.4,87.9,301.0,19.0,5.397605346934028e-79,16.0,0.67,59.23,101.0,13.2,2.62
IQ-LAB-102689,24.0,male,4.7,4.82,14.5,88.4,263.0,20.0,5.397605346934028e-79,23.0,0.85,75.14,108.0,2.19,1.13
IQ-LAB-102690,9.0,male,4.1,4.91,11.7,72.1,294.0,,,,,,,,0.28
IQ-LAB-102691,8.0,female,6.2,5.24,12.7,74.5,336.0,,,,,,,,0.72
IQ-LAB-102692,12.0,male,7.3,5.46,14.5,77.0,294.0,35.0,5.397605346934028e-79,31.0,0.47,41.55,100.0,8.13,2.21
IQ-LAB-102693,7.0,female,5.2,4.44,12.0,80.9,277.0,,,,,,,,0.51
IQ-LAB-102694,55.0,female,4.6,4.27,13.3,91.7,191.0,14.0,5.397605346934028e-79,16.0,0.79,69.84,,,1.61
IQ-LAB-102695,14.0,female,7.7,4.73,12.8,82.2,370.0,36.0,5.397605346934028e-79,28.0,0.56,49.5,92.0,9.07,0.5
IQ-LAB-102696,67.0,male,8.3,5.01,14.6,85.3,255.0,17.0,5.397605346934028e-79,15.0,1.1,97.24,,,1.82
IQ-LAB-102697,75.0,male,3.4,4.68,13.1,83.9,150.0,13.0,5.397605346934028e-79,24.0,1.32,116.69,104.0,4.48,8.48
IQ-LAB-102698,14.0,male,8.2,4.89,14.6,89.0,221.0,152.0,5.397605346934028e-79,86.0,0.44,38.9,,,1.63
IQ-LAB-102699,12.0,male,7.9,4.49,13.4,87.7,222.0,12.0,5.397605346934028e-79,22.0,0.57,50.39,93.0,1.75,0.26
IQ-LAB-102701,61.0,female,6.3,4.3,13.0,92.9,171.0,21.0,5.397605346934028e-79,21.0,0.92,81.33,104.0,6.2,0.71
IQ-LAB-102702,75.0,male,6.0,4.62,13.5,86.9,190.0,16.0,5.397605346934028e-79,21.0,1.18,104.31,164.0,13.89,1.99
IQ-LAB-102703,12.0,female,7.9,4.41,12.9,87.2,224.0,11.0,5.397605346934028e-79,20.0,0.46,40.66,92.0,6.44,2.46
IQ-LAB-102704,52.0,female,8.6,5.14,15.2,85.9,221.0,19.0,5.397605346934028e-79,19.0,0.48,42.43,,,8.83
IQ-LAB-102705,17.0,female,10.0,3.92,13.2,97.5,314.0,9.0,5.397605346934028e-79,15.0,0.67,59.23,,,0.42
IQ-LAB-102706,40.0,male,5.1,6.27,15.8,75.8,171.0,56.0,5.397605346934028e-79,34.0,0.89,78.68,101.0,11.71,0.63
IQ-LAB-102708,80.0,male,8.9,4.82,15.1,94.0,173.0,12.0,5.397605346934028e-79,11.0,1.12,99.01,133.0,12.94,0.69
IQ-LAB-102709,17.0,male,9.0,5.03,15.3,87.5,196.0,13.0,5.397605346934028e-79,18.0,0.97,85.75,,,0.29
IQ-LAB-102710,73.0,female,12.0,5.08,15.1,89.3,263.0,13.0,5.397605346934028e-79,20.0,1.12,99.01,,,2.86
IQ-LAB-102711,2.0,male,7.3,4.53,13.0,81.9,377.0,,,,,,,,1.51
IQ-LAB-102713,23.0,female,3.9,4.4,13.9,91.9,293.0,8.0,5.397605346934028e-79,13.0,0.75,66.3,100.0,13.07,1.59
IQ-LAB-102714,14.0,male,15.7,5.12,12.6,76.6,353.0,14.0,5.397605346934028e-79,14.0,0.59,52.16,,,5.86
IQ-LAB-102715,7.0,female,7.9,4.36,13.1,85.6,199.0,,,,,,,,0.4
IQ-LAB-102716,13.0,male,7.5,4.94,14.0,83.9,279.0,8.0,5.397605346934028e-79,19.0,0.63,55.69,,,0.32
IQ-LAB-102718,20.0,male,8.4,5.14,16.6,93.5,248.0,47.0,5.397605346934028e-79,33.0,0.7,61.88,106.0,16.27,5.08
IQ-LAB-102720,59.0,male,4.2,4.98,16.3,95.2,108.0,63.0,5.397605346934028e-79,46.0,0.73,64.53,,,4.45
IQ-LAB-102721,53.0,female,5.6,4.14,13.1,92.9,204.0,22.0,5.397605346934028e-79,23.0,0.53,46.85,101.0,6.41,1.69
IQ-LAB-102722,62.0,female,6.1,4.64,13.3,87.1,208.0,17.0,5.397605346934028e-79,15.0,0.56,49.5,121.0,6.3,2.31
IQ-LAB-102723,63.0,female,6.9,3.79,12.5,98.9,252.0,37.0,5.397605346934028e-79,30.0,0.48,42.43,,,0.56
IQ-LAB-102724,43.0,male,7.3,5.48,14.7,81.9,362.0,35.0,5.397605346934028e-79,20.0,0.81,71.6,125.0,20.52,2.99
IQ-LAB-102725,16.0,female,7.3,4.44,12.1,82.8,191.0,9.0,5.397605346934028e-79,15.0,0.62,54.81,96.0,10.89,2.8
IQ-LAB-102726,62.0,male,8.3,5.4,15.1,86.4,139.0,25.0,5.397605346934028e-79,24.0,0.94,83.1,106.0,9.64,16.67
IQ-LAB-102727,8.0,male,7.8,4.59,11.5,74.9,335.0,,,,,,,,0.43
IQ-LAB-102728,16.0,male,5.1,5.1,15.9,91.0,209.0,16.0,5.397605346934028e-79,18.0,0.86,76.02,93.0,6.36,0.69
IQ-LAB-102729,61.0,female,4.3,4.41,13.7,89.6,225.0,19.0,5.397605346934028e-79,19.0,0.67,59.23,100.0,4.46,0.43
IQ-LAB-102730,54.0,male,6.9,4.63,14.4,90.2,189.0,20.0,5.397605346934028e-79,16.0,0.52,45.97,,,0.96
IQ-LAB-102732,70.0,male,7.9,4.79,16.3,102.0,168.0,27.0,5.397605346934028e-79,32.0,1.62,143.21,,,2.48
IQ-LAB-102733,61.0,male,4.4,6.29,18.7,89.6,175.0,19.0,5.397605346934028e-79,14.0,0.93,82.21,145.0,7.72,6.83
IQ-LAB-102734,12.0,female,6.0,4.51,12.9,84.7,308.0,9.0,5.397605346934028e-79,19.0,0.37,32.71,,,0.25
IQ-LAB-102735,17.0,female,7.7,4.57,12.3,83.2,258.0,19.0,5.397605346934028e-79,13.0,0.71,62.76,,,4.05
IQ-LAB-102737,50.0,female,9.9,4.06,11.3,84.4,299.0,,,,,,,,
IQ-LAB-102741,18.0,female,11.1,5.2,10.5,63.3,368.0,29.0,5.397605346934028e-79,28.0,0.6,53.04,,,8.06
IQ-LAB-102743,45.0,male,9.1,5.26,15.6,87.4,284.0,19.0,5.397605346934028e-79,13.0,0.61,53.92,235.0,267.22,5.47
IQ-LAB-102744,7.0,female,11.6,4.83,13.0,79.8,465.0,,,,,,,,6.24
IQ-LAB-102745,6.0,male,8.3,4.84,12.8,79.4,382.0,,,,,,,,0.73
IQ-LAB-102746,23.0,male,7.5,4.3,13.6,91.4,223.0,10.0,5.397605346934028e-79,16.0,0.92,81.33,,,0.62
IQ-LAB-102747,57.0,female,6.5,4.13,12.8,91.3,172.0,11.0,5.397605346934028e-79,20.0,0.62,54.81,97.0,3.86,3.33
IQ-LAB-102748,9.0,male,6.7,4.44,13.3,86.4,215.0,,,,,,,,0.23
IQ-LAB-102750,50.0,male,8.2,5.55,15.8,83.7,189.0,58.0,5.397605346934028e-79,38.0,0.8,70.72,,,1.21
IQ-LAB-102752,1.0,female,6.0,4.33,12.3,80.4,301.0,,,,,,,,0.23
IQ-LAB-102753,50.0,male,7.9,4.91,14.8,87.1,228.0,46.0,5.397605346934028e-79,44.0,1.07,94.59,,,8.26
IQ-LAB-102754,50.0,male,8.5,5.73,13.1,71.0,221.0,40.0,5.397605346934028e-79,23.0,1.08,95.47,,,2.34
IQ-LAB-102755,13.0,male,5.4,4.86,14.1,86.6,256.0,58.0,5.397605346934028e-79,59.0,0.53,46.85,98.0,16.85,15.5
IQ-LAB-102756,34.0,male,11.2,4.71,14.7,93.0,135.0,14.0,5.397605346934028e-79,16.0,1.87,165.31,,,2.96
IQ-LAB-102758,46.0,female,8.2,4.57,14.1,89.7,262.0,,,,,,,,0.86
IQ-LAB-102759,47.0,female,5.5,4.72,14.2,89.1,301.0,24.0,5.397605346934028e-79,24.0,0.79,69.84,89.0,3.91,2.2
IQ-LAB-102761,25.0,male,5.5,4.99,14.3,86.7,196.0,14.0,5.397605346934028e-79,18.0,1.46,129.06,97.0,6.51,2.06
IQ-LAB-102762,20.0,male,10.0,5.34,13.6,76.8,310.0,23.0,5.397605346934028e-79,27.0,0.83,73.37,,,7.94
IQ-LAB-102763,62.0,male,8.5,5.18,15.9,87.6,213.0,11.0,5.397605346934028e-79,15.0,0.92,81.33,,,1.99
IQ-LAB-102766,46.0,female,4.7,4.32,14.0,99.3,235.0,20.0,5.397605346934028e-79,19.0,0.58,51.27,111.0,4.18,1.35
IQ-LAB-102767,10.0,female,8.1,4.67,13.5,85.2,223.0,,,,,,,,0.92
IQ-LAB-102768,49.0,male,7.1,5.21,15.0,85.9,248.0,19.0,5.397605346934028e-79,15.0,0.85,75.14,,,1.08
IQ-LAB-102769,12.0,male,6.6,4.4,11.8,84.5,275.0,,,,,,,,
IQ-LAB-102770,12.0,female,6.4,4.5,13.0,85.8,322.0,14.0,5.397605346934028e-79,16.0,0.42,37.13,103.0,32.62,35.05
IQ-LAB-102771,60.0,female,7.9,4.78,12.6,81.9,252.0,37.0,5.397605346934028e-79,28.0,0.67,59.23,,,2.0
IQ-LAB-102772,56.0,male,9.8,5.51,16.6,87.8,258.0,26.0,5.397605346934028e-79,25.0,1.05,92.82,99.0,10.95,6.05
IQ-LAB-102773,63.0,female,4.7,4.06,12.6,92.1,238.0,17.0,5.397605346934028e-79,19.0,0.62,54.81,,,0.74
IQ-LAB-102774,2.0,female,5.3,4.39,10.5,71.7,273.0,,,,,,,,1.71
IQ-LAB-102775,58.0,male,8.4,6.71,17.8,81.8,129.0,60.0,5.397605346934028e-79,41.0,1.2,106.08,311.0,54.12,2.03
IQ-LAB-102776,35.0,male,8.8,4.53,13.9,88.7,271.0,21.0,5.397605346934028e-79,23.0,0.88,77.79,,,1.39
IQ-LAB-102777,60.0,female,11.5,4.66,14.3,90.4,273.0,18.0,5.397605346934028e-79,13.0,0.55,48.62,,,1.53
IQ-LAB-102778,67.0,female,11.9,4.89,13.0,84.8,299.0,19.0,5.397605346934028e-79,26.0,1.24,109.62,,,39.99
IQ-LAB-102779,57.0,male,9.1,5.57,16.4,84.3,185.0,16.0,5.397605346934028e-79,17.0,1.52,134.37,,,0.57
IQ-LAB-102781,24.0,male,6.7,4.58,13.8,87.1,197.0,46.0,5.397605346934028e-79,36.0,0.92,81.33,82.0,5.15,1.08
IQ-LAB-102783,52.0,female,8.3,4.79,13.3,81.3,357.0,,,,,,,,
IQ-LAB-102784,6.0,male,7.4,4.4,12.8,80.9,296.0,,,,,,,,0.19
IQ-LAB-102785,54.0,female,7.1,4.63,13.9,88.8,272.0,17.0,5.397605346934028e-79,22.0,0.81,71.6,102.0,2.94,1.09
IQ-LAB-102786,46.0,female,7.4,4.72,14.1,87.3,226.0,16.0,5.397605346934028e-79,16.0,0.6,53.04,,,0.87
IQ-LAB-102787,4.0,male,5.6,4.74,12.6,76.5,364.0,,,,,,,,0.29
IQ-LAB-102788,42.0,female,6.4,4.83,13.1,82.0,267.0,17.0,5.397605346934028e-79,17.0,0.79,69.84,102.0,8.73,4.93
IQ-LAB-102789,61.0,male,6.4,5.16,15.6,89.8,150.0,34.0,5.397605346934028e-79,23.0,0.82,72.49,115.0,15.77,0.66
IQ-LAB-102790,47.0,male,5.6,5.23,15.2,84.7,152.0,19.0,5.397605346934028e-79,18.0,0.99,87.52,102.0,8.01,0.58
IQ-LAB-102791,61.0,male,5.3,4.96,14.7,90.3,219.0,17.0,5.397605346934028e-79,14.0,0.69,61.0,126.0,18.46,0.82
IQ-LAB-102792,61.0,male,10.0,5.32,17.0,91.2,181.0,32.0,5.397605346934028e-79,25.0,1.02,90.17,,,2.33
IQ-LAB-102793,30.0,female,8.0,4.15,12.9,90.1,240.0,31.0,5.397605346934028e-79,19.0,0.67,59.23,,,9.12
IQ-LAB-102795,4.0,male,4.6,4.59,13.3,85.8,274.0,,,,,,,,0.44
IQ-LAB-102796,7.0,male,6.7,4.24,11.6,80.7,314.0,,,,,,,,0.27
IQ-LAB-102797,20.0,male,7.1,4.72,15.4,96.8,205.0,,,,,,,,
IQ-LAB-102798,57.0,female,8.1,4.77,14.0,87.0,291.0,29.0,5.397605346934028e-79,18.0,0.98,86.63,,,4.8
IQ-LAB-102800,65.0,male,5.6,5.16,15.7,90.6,180.0,50.0,5.397605346934028e-79,50.0,0.9,79.56,200.0,23.78,6.62
IQ-LAB-102801,58.0,female,10.4,4.16,12.2,87.7,388.0,16.0,5.397605346934028e-79,18.0,0.68,60.11,125.0,9.09,0.95
IQ-LAB-102802,25.0,male,7.3,5.4,15.4,85.9,188.0,14.0,5.397605346934028e-79,14.0,0.82,72.49,102.0,8.1,2.45
IQ-LAB-102803,9.0,female,6.8,4.38,13.4,90.2,312.0,,,,,,,,0.28
IQ-LAB-102805,60.0,male,4.4,4.75,12.9,83.2,313.0,14.0,5.397605346934028e-79,19.0,1.09,96.36,,,0.64
IQ-LAB-102807,79.0,male,8.8,4.29,12.0,87.7,158.0,14.0,5.397605346934028e-79,15.0,1.45,128.18,,,3.3
IQ-LAB-102808,62.0,male,6.1,4.59,13.6,89.2,191.0,18.0,5.397605346934028e-79,21.0,1.22,107.85,91.0,17.85,3.61
IQ-LAB-102809,24.0,male,12.5,5.09,15.7,89.2,296.0,49.0,5.397605346934028e-79,27.0,0.75,66.3,,,8.85
IQ-LAB-102810,16.0,female,11.7,4.58,14.3,93.3,145.0,19.0,5.397605346934028e-79,18.0,0.79,69.84,93.0,19.12,2.62
IQ-LAB-102811,41.0,female,8.7,4.18,13.1,93.5,229.0,11.0,5.397605346934028e-79,19.0,0.64,56.58,,,1.89
IQ-LAB-102815,80.0,male,41.9,2.32,8.3,109.1,115.0,8.0,5.397605346934028e-79,21.0,1.21,106.96,,,1.19
IQ-LAB-102816,42.0,female,7.6,4.57,11.4,75.3,354.0,24.0,5.397605346934028e-79,26.0,0.55,48.62,,,4.25
IQ-LAB-102818,4.0,male,8.6,4.34,12.4,81.7,321.0,,,,,,,,0.31
IQ-LAB-102819,48.0,female,10.4,4.52,14.8,96.2,236.0,10.0,5.397605346934028e-79,14.0,0.57,50.39,,,2.76
IQ-LAB-102820,57.0,female,7.4,4.57,15.2,96.3,233.0,21.0,5.397605346934028e-79,22.0,0.66,58.34,,,2.04
IQ-LAB-102821,35.0,female,8.2,4.1,12.7,90.6,227.0,9.0,5.397605346934028e-79,13.0,0.88,77.79,,,1.08
IQ-LAB-102822,16.0,female,10.1,4.87,13.7,84.6,293.0,10.0,5.397605346934028e-79,14.0,0.6,53.04,,,1.42
IQ-LAB-102823,55.0,female,7.8,4.09,11.8,85.4,247.0,24.0,5.397605346934028e-79,20.0,0.63,55.69,,,7.25
IQ-LAB-102826,58.0,female,5.2,4.6,14.3,93.3,176.0,15.0,5.397605346934028e-79,18.0,0.59,52.16,103.0,11.82,3.21
IQ-LAB-102827,14.0,male,5.7,5.44,14.6,79.7,207.0,14.0,5.397605346934028e-79,18.0,0.99,87.52,103.0,13.1,3.65
IQ-LAB-102828,80.0,female,10.4,3.92,11.7,90.9,281.0,12.0,5.397605346934028e-79,14.0,1.19,105.2,,,15.07
IQ-LAB-102829,2.0,male,10.2,4.69,12.7,79.2,330.0,,,,,,,,0.5
IQ-LAB-102830,8.0,male,9.5,4.33,13.2,87.4,339.0,,,,,,,,1.69
IQ-LAB-102831,51.0,female,8.7,4.52,13.2,87.4,239.0,15.0,5.397605346934028e-79,16.0,0.59,52.16,,,1.72
IQ-LAB-102832,29.0,male,5.6,5.41,16.0,89.1,248.0,22.0,5.397605346934028e-79,22.0,0.85,75.14,100.0,3.23,3.88
IQ-LAB-102833,25.0,male,5.8,4.52,13.3,88.3,235.0,44.0,5.397605346934028e-79,45.0,0.95,83.98,,,3.11
IQ-LAB-102834,57.0,male,14.1,4.79,15.0,90.9,265.0,25.0,5.397605346934028e-79,15.0,0.96,84.86,126.0,42.44,0.63
IQ-LAB-102835,67.0,female,9.7,4.41,13.7,87.9,240.0,14.0,5.397605346934028e-79,22.0,1.28,113.15,,,1.42
IQ-LAB-102836,40.0,male,6.7,5.03,16.2,95.1,244.0,67.0,5.397605346934028e-79,36.0,0.56,49.5,173.0,57.52,2.65
IQ-LAB-102838,41.0,male,4.6,6.02,16.2,81.9,184.0,23.0,5.397605346934028e-79,21.0,0.99,87.52,101.0,12.9,1.69
IQ-LAB-102841,78.0,male,5.1,4.6,14.6,90.1,150.0,17.0,5.397605346934028e-79,16.0,1.06,93.7,,,3.26
IQ-LAB-102842,7.0,male,8.1,4.92,13.9,84.0,296.0,,,,,,,,0.34
IQ-LAB-102844,2.0,male,6.5,4.59,12.3,79.3,353.0,,,,,,,,0.25
IQ-LAB-102845,63.0,male,6.3,4.76,14.2,91.9,133.0,24.0,5.397605346934028e-79,21.0,1.81,160.0,87.0,7.77,1.11
IQ-LAB-102846,61.0,female,5.0,4.7,14.4,92.1,292.0,12.0,5.397605346934028e-79,17.0,0.68,60.11,112.0,10.95,0.66
IQ-LAB-102847,30.0,female,5.6,4.2,12.8,90.7,223.0,16.0,5.397605346934028e-79,16.0,0.69,61.0,92.0,7.63,6.51
IQ-LAB-102848,1.0,male,11.4,4.64,12.1,78.8,303.0,,,,,,,,0.33
IQ-LAB-102849,29.0,male,8.8,4.7,14.3,90.9,275.0,12.0,5.397605346934028e-79,20.0,0.93,82.21,,,0.86
IQ-LAB-102850,54.0,male,7.5,5.84,15.6,81.1,199.0,13.0,5.397605346934028e-79,16.0,1.04,91.94,102.0,38.03,1.14
IQ-LAB-102851,58.0,male,6.6,5.12,16.5,95.5,236.0,16.0,5.397605346934028e-79,15.0,1.1,97.24,,,0.88
IQ-LAB-102852,10.0,female,9.5,4.54,13.2,86.5,253.0,,,,,,,,36.73
IQ-LAB-102854,45.0,male,12.1,5.12,15.4,88.0,266.0,37.0,5.397605346934028e-79,26.0,0.99,87.52,,,4.69
IQ-LAB-102855,61.0,male,7.7,5.1,15.9,88.8,236.0,38.0,5.397605346934028e-79,26.0,0.79,69.84,173.0,12.63,0.4
IQ-LAB-102856,80.0,male,5.6,4.7,14.5,91.8,174.0,14.0,5.397605346934028e-79,21.0,0.89,78.68,96.0,3.53,1.42
IQ-LAB-102857,14.0,female,6.8,4.61,13.6,88.1,275.0,15.0,5.397605346934028e-79,21.0,0.54,47.74,96.0,8.77,0.4
IQ-LAB-102858,36.0,male,7.7,5.17,14.8,85.6,313.0,58.0,5.397605346934028e-79,29.0,0.74,65.42,184.0,82.9,3.09
IQ-LAB-102859,8.0,female,9.5,4.92,13.8,85.3,385.0,,,,,,,,15.78
IQ-LAB-102860,63.0,male,8.1,5.31,15.4,86.6,282.0,13.0,5.397605346934028e-79,20.0,0.9,79.56,,,0.48
IQ-LAB-102861,41.0,female,7.0,4.8,12.0,76.8,311.0,10.0,5.397605346934028e-79,12.0,0.89,78.68,,,9.21
IQ-LAB-102863,61.0,female,9.1,4.93,13.9,83.7,438.0,13.0,5.397605346934028e-79,12.0,0.5,44.2,,,2.36
IQ-LAB-102864,8.0,male,5.8,4.69,13.7,84.5,242.0,,,,,,,,1.55
IQ-LAB-102865,44.0,female,7.5,4.68,14.3,91.0,209.0,35.0,5.397605346934028e-79,29.0,0.75,66.3,121.0,34.3,3.6
IQ-LAB-102866,73.0,female,7.5,3.83,11.7,91.1,250.0,14.0,5.397605346934028e-79,13.0,1.35,119.34,128.0,12.24,3.72
IQ-LAB-102867,17.0,male,5.7,5.29,15.2,85.1,276.0,41.0,5.397605346934028e-79,32.0,0.63,55.69,98.0,7.09,0.46
IQ-LAB-102868,70.0,female,4.8,4.62,15.3,96.7,188.0,24.0,5.397605346934028e-79,28.0,0.7,61.88,99.0,6.14,0.82
IQ-LAB-102869,67.0,male,9.8,4.91,16.3,97.7,399.0,40.0,5.397605346934028e-79,36.0,1.19,105.2,116.0,33.86,18.74
IQ-LAB-102870,51.0,female,5.4,4.46,13.2,89.4,295.0,18.0,5.397605346934028e-79,18.0,0.56,49.5,,,0.45
IQ-LAB-102871,80.0,female,6.1,4.01,12.3,92.7,137.0,15.0,5.397605346934028e-79,18.0,0.65,57.46,126.0,2.8,0.29
IQ-LAB-102873,66.0,male,6.5,5.18,14.1,84.5,209.0,14.0,5.397605346934028e-79,18.0,1.5,132.6,,,6.53
IQ-LAB-102875,61.0,male,6.5,6.1,17.8,85.6,182.0,56.0,5.397605346934028e-79,38.0,0.85,75.14,137.0,15.23,3.06
IQ-LAB-102876,65.0,male,8.0,4.99,14.8,87.4,190.0,27.0,5.397605346934028e-79,22.0,0.8,70.72,,,1.01
IQ-LAB-102877,17.0,female,9.1,4.81,13.6,84.4,272.0,15.0,5.397605346934028e-79,14.0,0.69,61.0,,,0.84
IQ-LAB-102878,61.0,male,8.3,5.24,15.1,86.9,262.0,15.0,5.397605346934028e-79,12.0,1.01,89.28,211.0,125.39,3.73
IQ-LAB-102879,21.0,male,6.1,4.58,14.4,92.7,161.0,29.0,5.397605346934028e-79,16.0,1.66,146.74,,,0.67
IQ-LAB-102880,51.0,female,6.2,4.26,12.9,88.4,263.0,17.0,5.397605346934028e-79,22.0,0.53,46.85,93.0,3.0,0.39
IQ-LAB-102881,4.0,male,5.8,4.32,12.4,81.6,351.0,,,,,,,,0.15
IQ-LAB-102883,80.0,male,9.7,4.87,14.2,89.1,205.0,10.0,5.397605346934028e-79,23.0,1.07,94.59,,,1.21
IQ-LAB-102884,32.0,male,6.9,4.93,14.9,87.7,303.0,30.0,5.397605346934028e-79,22.0,0.73,64.53,,,0.6
IQ-LAB-102885,37.0,female,9.3,5.03,14.0,85.7,294.0,16.0,5.397605346934028e-79,17.0,0.88,77.79,88.0,11.63,4.0
IQ-LAB-102886,50.0,female,10.0,5.17,13.0,76.7,373.0,20.0,5.397605346934028e-79,17.0,0.6,53.04,,,1.26
IQ-LAB-102887,60.0,female,5.1,4.03,12.3,87.2,190.0,17.0,5.397605346934028e-79,18.0,0.8,70.72,,,3.88
IQ-LAB-102889,47.0,male,8.0,4.97,15.8,91.7,198.0,22.0,5.397605346934028e-79,24.0,1.03,91.05,108.0,6.8,4.1
IQ-LAB-102890,80.0,male,5.8,4.48,14.4,94.7,180.0,21.0,5.397605346934028e-79,24.0,1.21,106.96,96.0,8.22,0.37
IQ-LAB-102891,9.0,male,6.7,4.86,14.0,86.9,305.0,,,,,,,,0.33
IQ-LAB-102892,42.0,female,12.3,4.02,11.6,87.4,451.0,39.0,5.397605346934028e-79,37.0,0.58,51.27,,,13.09
IQ-LAB-102893,44.0,female,10.5,4.34,14.5,96.9,188.0,9.0,5.397605346934028e-79,11.0,0.6,53.04,96.0,7.84,5.65
IQ-LAB-102894,26.0,male,10.0,4.57,13.4,89.5,298.0,15.0,5.397605346934028e-79,15.0,0.93,82.21,,,0.59
IQ-LAB-102895,43.0,male,6.6,5.38,14.4,82.6,236.0,19.0,5.397605346934028e-79,15.0,0.97,85.75,164.0,14.95,2.72
IQ-LAB-102896,3.0,male,5.1,4.48,11.2,76.3,288.0,,,,,,,,0.31
IQ-LAB-102897,1.0,male,9.2,6.02,17.3,83.4,279.0,,,,,,,,
IQ-LAB-102898,10.0,male,9.8,5.58,13.0,70.6,350.0,,,,,,,,0.38
IQ-LAB-102899,20.0,female,5.7,4.85,14.5,85.4,254.0,13.0,5.397605346934028e-79,16.0,0.78,68.95,89.0,9.67,0.85
IQ-LAB-102900,6.0,male,9.2,4.71,12.6,77.0,299.0,,,,,,,,0.16
IQ-LAB-102901,66.0,male,4.7,5.85,15.5,83.3,208.0,24.0,5.397605346934028e-79,29.0,1.14,100.78,121.0,18.61,3.95
IQ-LAB-102903,20.0,female,11.8,4.65,12.7,86.2,347.0,,,,,,95.0,,
IQ-LAB-102904,75.0,female,7.1,4.79,14.4,89.8,240.0,17.0,5.397605346934028e-79,18.0,0.99,87.52,,,1.84
IQ-LAB-102906,9.0,male,5.1,4.27,12.8,85.9,206.0,,,,,,,,0.26
IQ-LAB-102908,51.0,male,6.9,4.77,15.1,94.7,223.0,15.0,5.397605346934028e-79,13.0,0.57,50.39,451.0,3.49,0.92
IQ-LAB-102909,12.0,male,9.4,4.43,12.8,84.8,284.0,12.0,5.397605346934028e-79,20.0,0.4,35.36,,,0.22
IQ-LAB-102910,71.0,male,11.0,4.37,12.3,85.3,449.0,7.0,5.397605346934028e-79,14.0,1.92,169.73,172.0,17.14,38.4
IQ-LAB-102911,55.0,female,10.8,5.02,14.1,84.9,261.0,14.0,5.397605346934028e-79,13.0,0.95,83.98,,,5.63
IQ-LAB-102912,11.0,female,3.8,4.67,13.4,85.4,245.0,,,,,,,,61.33
IQ-LAB-102913,39.0,female,7.1,4.58,13.0,85.2,421.0,48.0,5.397605346934028e-79,36.0,0.54,47.74,,,5.65
IQ-LAB-102914,73.0,female,6.5,4.56,14.0,90.1,191.0,16.0,5.397605346934028e-79,22.0,0.55,48.62,,,0.88
IQ-LAB-102915,14.0,female,6.9,4.72,9.1,63.2,339.0,9.0,5.397605346934028e-79,17.0,0.59,52.16,99.0,10.36,0.71
IQ-LAB-102916,66.0,male,8.2,5.12,14.8,86.6,175.0,22.0,5.397605346934028e-79,21.0,1.05,92.82,105.0,12.55,4.06
IQ-LAB-102917,61.0,female,11.8,4.78,12.3,78.8,196.0,15.0,5.397605346934028e-79,20.0,1.15,101.66,,,1.12
IQ-LAB-102918,33.0,male,6.7,4.82,15.5,96.8,219.0,17.0,5.397605346934028e-79,24.0,0.87,76.91,96.0,3.03,0.33
IQ-LAB-102920,62.0,female,6.1,4.79,14.6,87.4,258.0,97.0,5.397605346934028e-79,75.0,0.46,40.66,107.0,21.67,1.34
IQ-LAB-102921,53.0,male,3.1,3.83,7.8,66.6,81.0,41.0,5.397605346934028e-79,57.0,0.84,74.26,,,2.66
IQ-LAB-102923,43.0,female,7.1,4.79,13.0,84.9,205.0,13.0,5.397605346934028e-79,18.0,0.81,71.6,123.0,29.24,14.96
IQ-LAB-102924,75.0,female,11.3,4.87,13.5,83.9,263.0,16.0,5.397605346934028e-79,22.0,0.57,50.39,,,8.2
IQ-LAB-102925,3.0,male,17.1,4.46,12.0,83.0,401.0,,,,,,,,0.52
IQ-LAB-102926,15.0,female,5.0,4.85,14.1,87.6,200.0,,,,,,94.0,,
IQ-LAB-102929,60.0,male,6.3,4.61,14.6,93.2,284.0,17.0,5.397605346934028e-79,26.0,0.79,69.84,107.0,19.21,1.99
IQ-LAB-102930,2.0,female,5.8,4.27,11.9,82.2,311.0,,,,,,,,0.51
IQ-LAB-102932,3.0,female,6.3,4.19,11.5,83.3,248.0,,,,,,,,0.37
IQ-LAB-102933,24.0,female,5.3,4.5,13.7,92.5,248.0,10.0,5.397605346934028e-79,14.0,0.75,66.3,,,0.41
IQ-LAB-102934,48.0,male,16.3,4.39,14.2,97.1,227.0,12.0,5.397605346934028e-79,16.0,1.3,114.92,99.0,4.04,3.46
IQ-LAB-102937,4.0,female,10.3,4.56,12.6,82.5,390.0,,,,,,,,0.26
IQ-LAB-102938,5.0,female,5.4,4.74,13.1,81.9,357.0,,,,,,,,0.31
IQ-LAB-102941,14.0,female,7.0,4.27,13.0,91.8,302.0,11.0,5.397605346934028e-79,15.0,0.57,50.39,94.0,9.43,0.6
IQ-LAB-102943,48.0,female,9.5,4.69,13.9,90.3,308.0,31.0,5.397605346934028e-79,30.0,0.65,57.46,,,9.57
IQ-LAB-102944,55.0,male,7.6,5.31,16.9,92.5,265.0,39.0,5.397605346934028e-79,31.0,0.83,73.37,,,1.34
IQ-LAB-102945,15.0,male,3.0,4.15,14.5,99.0,256.0,12.0,5.397605346934028e-79,21.0,0.74,65.42,99.0,7.4,0.35
IQ-LAB-102946,65.0,male,7.0,5.11,13.4,80.7,164.0,16.0,5.397605346934028e-79,17.0,1.27,112.27,,,3.79
IQ-LAB-102947,75.0,male,3.6,4.93,10.7,70.6,118.0,22.0,5.397605346934028e-79,26.0,1.81,160.0,85.0,0.71,0.5
IQ-LAB-102948,31.0,female,5.2,4.22,13.4,91.5,221.0,11.0,5.397605346934028e-79,14.0,0.94,83.1,92.0,5.42,0.55
IQ-LAB-102949,33.0,male,9.0,4.65,14.5,93.2,254.0,26.0,5.397605346934028e-79,29.0,1.05,92.82,,,3.72
IQ-LAB-102951,4.0,male,8.5,4.85,11.9,73.8,273.0,,,,,,,,0.26
IQ-LAB-102952,70.0,female,5.1,4.64,13.4,87.7,161.0,22.0,5.397605346934028e-79,27.0,0.7,61.88,158.0,4.39,0.45
IQ-LAB-102953,42.0,male,8.3,5.01,15.5,88.8,227.0,40.0,5.397605346934028e-79,29.0,0.92,81.33,,,1.84
IQ-LAB-102954,41.0,female,5.1,3.72,6.4,61.9,145.0,6.0,5.397605346934028e-79,15.0,0.69,61.0,94.0,9.49,0.81
IQ-LAB-102955,14.0,female,11.4,4.93,11.4,68.4,382.0,11.0,5.397605346934028e-79,16.0,0.85,75.14,,,5.11
IQ-LAB-102956,38.0,male,9.0,5.46,17.4,91.8,159.0,47.0,5.397605346934028e-79,27.0,0.82,72.49,91.0,105.73,3.7
