transaction_id,wbc,lymp,neutp,lymn,neutn,rbc,hgb,hct,mcv,mch,mchc,plt,pdw,pct,diagnosis,mentzer_index,hgb_threshold_used,is_anemic,is_microcytic,is_leukocytosis,rule_thalassemia,rule_iron_deficiency,rule_other_anemia,rule_inflammation,clinical_flag,reflex_recommendation,flag_rationale,base_cbc_price_iqd,reflex_price_iqd,total_potential_ticket_iqd,zaincash_gateway_action
e8029794-d4d0-434b-bcea-d7a67af479c6,10.0,43.2,50.1,4.3,5.0,2.77,7.3,24.2,87.7,26.3,30.1,189.0,12.5,0.17,Normocytic hypochromic anemia,31.66,12.0,true,false,false,false,false,true,false,Anemia (Non-Microcytic) - Clinician Review,None,Hb 7.3 below threshold; MCV 87.7 not microcytic - Mentzer not applicable,10000,0,10000,Standard Clearance
1a23fc1c-5b4f-4829-bed8-104dec55900a,10.0,42.4,52.3,4.2,5.3,2.84,7.3,25.0,88.2,25.7,20.2,180.0,12.5,0.16,Normocytic hypochromic anemia,31.06,12.0,true,false,false,false,false,true,false,Anemia (Non-Microcytic) - Clinician Review,None,Hb 7.3 below threshold; MCV 88.2 not microcytic - Mentzer not applicable,10000,0,10000,Standard Clearance
8f48d79c-f608-4594-8825-cab199932a8a,7.2,30.7,60.7,2.2,4.4,3.97,9.0,30.5,77.0,22.6,29.5,148.0,14.3,0.14,Iron deficiency anemia,19.4,12.0,true,true,false,false,true,false,false,Suspected Iron Deficiency,Serum Ferritin Test,Hb 9.0 < 12.0; MCV 77.0 < 80; Mentzer 19.4 >= 13,10000,15000,25000,Enabled - ZainCash 15% Preventive Subsidy
0043e0ec-a5a7-4b38-89e5-5f08f116179d,6.0,30.2,63.5,1.8,3.8,4.22,3.8,32.8,77.9,23.2,29.8,143.0,11.3,0.12,Iron deficiency anemia,18.46,12.0,true,true,false,false,true,false,false,Suspected Iron Deficiency,Serum Ferritin Test,Hb 3.8 < 12.0; MCV 77.9 < 80; Mentzer 18.46 >= 13,10000,15000,25000,Enabled - ZainCash 15% Preventive Subsidy
fac0a762-0bae-4517-9ceb-54954be223a4,6.6,27.3,65.4,1.8,4.3,3.96,8.8,29.7,75.2,22.2,79.6,207.0,11.5,0.18,Other microcytic anemia,18.99,12.0,true,true,false,false,true,false,false,Suspected Iron Deficiency,Serum Ferritin Test,Hb 8.8 < 12.0; MCV 75.2 < 80; Mentzer 18.99 >= 13,10000,15000,25000,Enabled - ZainCash 15% Preventive Subsidy
7953bbec-65e4-4356-9313-6dbebcce4e32,16.7,19.1,68.2,3.2,11.4,5.15,14.2,44.8,87.1,27.5,31.6,151.0,12.8,0.14,Leukemia,16.91,12.0,false,false,true,false,false,false,true,Suspected Systemic Inflammation,C-Reactive Protein (CRP),WBC 16.7 > 11,10000,10000,20000,Enabled - ZainCash 15% Preventive Subsidy
d9794d0e-93e2-404e-987e-98359e8a1c0a,9.3,27.4,64.0,2.6,5.9,4.39,12.0,37.9,86.4,27.3,31.6,194.0,15.9,0.19,Normocytic hypochromic anemia,19.68,12.0,false,false,false,false,false,false,false,Within Reference Range,None,All evaluated indices within rule thresholds,10000,0,10000,Standard Clearance
57d32cc5-d7c4-4f23-93bc-40754c7879db,5.2,19.7,72.4,1.0,3.8,4.85,13.2,41.0,84.7,27.2,32.1,181.0,10.0,0.15,Healthy,17.46,12.0,false,false,false,false,false,false,false,Within Reference Range,None,All evaluated indices within rule thresholds,10000,0,10000,Standard Clearance
dbb49806-3e2f-4fc6-a162-24bf2169b14a,10.5,12.4,79.0,1.3,8.3,4.57,12.4,38.9,85.3,27.1,31.8,164.0,11.3,0.14,Normocytic hypochromic anemia,18.67,12.0,false,false,false,false,false,false,false,Within Reference Range,None,All evaluated indices within rule thresholds,10000,0,10000,Standard Clearance
6687d9bd-bf47-4ba7-a791-b16043f652cf,5.6,35.6,56.9,2.0,3.2,4.31,11.0,36.3,84.3,25.5,30.3,171.0,13.1,0.15,Normocytic hypochromic anemia,19.56,12.0,true,false,false,false,false,true,false,Anemia (Non-Microcytic) - Clinician Review,None,Hb 11.0 below threshold; MCV 84.3 not microcytic - Mentzer not applicable,10000,0,10000,Standard Clearance
0e44e78a-a08a-4615-8261-5494c54d4cd1,8.6,41.4,50.3,3.6,4.3,4.28,11.0,35.0,81.9,25.7,31.4,88.0,17.2,0.09,Normocytic hypochromic anemia,19.14,12.0,true,false,false,false,false,true,false,Anemia (Non-Microcytic) - Clinician Review,None,Hb 11.0 below threshold; MCV 81.9 not microcytic - Mentzer not applicable,10000,0,10000,Standard Clearance
f2839901-4b4d-483f-805c-7b69e736530e,5.1,31.3,60.6,1.6,3.1,5.63,14.6,45.6,81.0,25.9,32.0,185.0,11.3,0.16,Healthy,14.39,12.0,false,false,false,false,false,false,false,Within Reference Range,None,All evaluated indices within rule thresholds,10000,0,10000,Standard Clearance
26be7e89-e729-4258-8c4a-8d521b456cf0,5.2,23.0,68.6,1.2,3.6,4.62,13.3,40.9,88.7,28.7,32.5,146.0,14.1,0.13,Thrombocytopenia,19.2,12.0,false,false,false,false,false,false,false,Within Reference Range,None,All evaluated indices within rule thresholds,10000,0,10000,Standard Clearance
64779572-0ffe-4ba0-a8b3-a033299c3bfb,12.3,20.7,71.2,2.6,8.7,5.78,16.5,50.2,86.9,28.5,32.8,190.0,14.1,0.18,Leukemia,15.03,12.0,false,false,true,false,false,false,true,Suspected Systemic Inflammation,C-Reactive Protein (CRP),WBC 12.3 > 11,10000,10000,20000,Enabled - ZainCash 15% Preventive Subsidy
9e8606b1-e27e-4914-b4dc-010bbf062a52,10.4,9.5,85.1,1.0,8.8,5.3,14.5,45.2,85.3,27.3,32.0,211.0,15.6,0.21,Leukemia,16.09,12.0,false,false,false,false,false,false,false,Within Reference Range,None,All evaluated indices within rule thresholds,10000,0,10000,Standard Clearance
0c8c71bd-6788-44f4-b3ab-7a6cd5cb9702,4.5,43.4,51.2,2.0,2.3,5.35,13.5,44.0,82.4,25.7,31.3,202.0,12.3,0.18,Healthy,15.4,12.0,false,false,false,false,false,false,false,Within Reference Range,None,All evaluated indices within rule thresholds,10000,0,10000,Standard Clearance
9e774dc1-c13c-44c0-b351-b0f6bc770f8d,3.1,48.5,45.5,1.5,1.4,5.05,9.6,34.6,68.6,18.8,27.1,263.0,13.6,0.24,Iron deficiency anemia,13.58,12.0,true,true,false,false,true,false,false,Suspected Iron Deficiency,Serum Ferritin Test,Hb 9.6 < 12.0; MCV 68.6 < 80; Mentzer 13.58 >= 13,10000,15000,25000,Enabled - ZainCash 15% Preventive Subsidy
92343d81-9110-4b12-95b5-12df9007573c,4.7,21.5,68.0,1.0,3.2,5.5,14.7,44.7,81.4,26.7,32.8,139.0,14.9,0.14,Thrombocytopenia,14.8,12.0,false,false,false,false,false,false,false,Within Reference Range,None,All evaluated indices within rule thresholds,10000,0,10000,Standard Clearance
ae07de9e-ed4f-4291-8b38-6a0a2cafb66c,13.8,18.9,72.5,2.6,10.0,4.54,9.6,32.4,71.4,21.1,29.6,280.0,16.1,0.29,Iron deficiency anemia,15.73,12.0,true,true,true,false,true,false,true,Suspected Iron Deficiency,Serum Ferritin Test + C-Reactive Protein (CRP),Hb 9.6 < 12.0; MCV 71.4 < 80; Mentzer 15.73 >= 13,10000,25000,35000,Enabled - ZainCash 15% Preventive Subsidy
6ce7ae87-cb89-41fc-9e4b-cc0512408a55,14.3,18.9,72.0,2.7,10.3,4.77,9.8,34.1,71.6,20.5,28.7,259.0,15.6,0.27,Iron deficiency anemia,15.01,12.0,true,true,true,false,true,false,true,Suspected Iron Deficiency,Serum Ferritin Test + C-Reactive Protein (CRP),Hb 9.8 < 12.0; MCV 71.6 < 80; Mentzer 15.01 >= 13,10000,25000,35000,Enabled - ZainCash 15% Preventive Subsidy
519d3cfa-b879-4595-b0be-fab3de7372ba,6.0,21.2,75.3,1.3,4.5,3.31,9.3,29.6,89.7,28.0,31.7,160.0,11.0,0.13,Normocytic hypochromic anemia,27.1,12.0,true,false,false,false,false,true,false,Anemia (Non-Microcytic) - Clinician Review,None,Hb 9.3 below threshold; MCV 89.7 not microcytic - Mentzer not applicable,10000,0,10000,Standard Clearance
9fcabd22-6802-4314-813a-bb265d428f72,2.7,43.4,49.5,1.2,1.3,4.77,13.1,41.2,86.4,27.4,31.1,169.0,14.3,0.17,Healthy,18.11,12.0,false,false,false,false,false,false,false,Within Reference Range,None,All evaluated indices within rule thresholds,10000,0,10000,Standard Clearance
1478cda7-02fd-44d5-9053-09dd99dc21c0,7.3,8.5,84.6,0.6,6.2,4.26,10.5,34.3,80.6,24.6,30.6,192.0,10.7,0.17,Normocytic hypochromic anemia,18.92,12.0,true,false,false,false,false,true,false,Anemia (Non-Microcytic) - Clinician Review,None,Hb 10.5 below threshold; MCV 80.6 not microcytic - Mentzer not applicable,10000,0,10000,Standard Clearance
2b0f3f6d-5893-4ce5-a518-110f7ed33a0d,6.8,29.2,63.5,2.0,4.3,3.99,10.7,34.5,86.5,26.8,31.0,226.0,12.3,0.2,Normocytic hypochromic anemia,21.68,12.0,true,false,false,false,false,true,false,Anemia (Non-Microcytic) - Clinician Review,None,Hb 10.7 below threshold; MCV 86.5 not microcytic - Mentzer not applicable,10000,0,10000,Standard Clearance
02d8fb83-e901-4e72-93de-204a066e0513,2.4,24.8,68.0,0.6,1.6,4.66,13.8,42.0,90.2,29.6,32.8,112.0,18.5,0.12,Thrombocytopenia,19.36,12.0,false,false,false,false,false,false,false,Within Reference Range,None,All evaluated indices within rule thresholds,10000,0,10000,Standard Clearance
f132fa79-e429-4b25-963f-028d94dd5289,4.0,44.9,47.8,1.9,1.9,4.29,11.9,37.5,87.6,27.7,31.7,155.0,12.0,0.14,Normocytic hypochromic anemia,20.42,12.0,true,false,false,false,false,true,false,Anemia (Non-Microcytic) - Clinician Review,None,Hb 11.9 below threshold; MCV 87.6 not microcytic - Mentzer not applicable,10000,0,10000,Standard Clearance
dd20c3d9-a80e-4508-9902-7609087f5a7b,8.3,20.0,70.3,1.7,5.8,5.59,10.0,34.7,62.1,17.8,28.8,203.0,12.8,0.17,Iron deficiency anemia,11.11,12.0,true,true,false,true,false,false,false,Suspected Thalassemia Trait,Hemoglobin Electrophoresis,Hb 10.0 < 12.0; MCV 62.1 < 80; Mentzer 11.11 < 13,10000,25000,35000,Enabled - ZainCash 15% Preventive Subsidy
6743022b-f8e9-4a1e-9686-522e3fa148c5,5.7,28.5,63.8,1.6,3.7,5.23,14.4,44.5,85.2,27.5,32.3,171.0,11.8,0.15,Healthy,16.29,12.0,false,false,false,false,false,false,false,Within Reference Range,None,All evaluated indices within rule thresholds,10000,0,10000,Standard Clearance
542a0604-5343-4453-af06-33986ff17df2,5.4,11.3,81.6,0.6,4.4,3.72,9.8,32.1,86.4,26.3,30.5,125.0,12.0,0.11,Normocytic hypochromic anemia,23.23,12.0,true,false,false,false,false,true,false,Anemia (Non-Microcytic) - Clinician Review,None,Hb 9.8 below threshold; MCV 86.4 not microcytic - Mentzer not applicable,10000,0,10000,Standard Clearance
2c6714d6-5feb-40f6-9781-507998f3e8d8,9.0,16.9,72.1,1.5,6.5,4.26,11.4,36.2,85.1,26.7,31.4,231.0,14.0,0.23,Normocytic hypochromic anemia,19.98,12.0,true,false,false,false,false,true,false,Anemia (Non-Microcytic) - Clinician Review,None,Hb 11.4 below threshold; MCV 85.1 not microcytic - Mentzer not applicable,10000,0,10000,Standard Clearance
b7143322-acf7-4e5e-ab92-1c393f18724b,5.2,43.2,49.8,2.2,2.6,4.18,10.2,33.3,79.7,24.4,30.6,192.0,15.1,0.19,Iron deficiency anemia,19.07,12.0,true,true,false,false,true,false,false,Suspected Iron Deficiency,Serum Ferritin Test,Hb 10.2 < 12.0; MCV 79.7 < 80; Mentzer 19.07 >= 13,10000,15000,25000,Enabled - ZainCash 15% Preventive Subsidy
0392671e-2160-431b-8d2f-34f9851b6336,5.1,11.5,80.1,0.6,4.1,5.08,13.1,41.1,81.1,25.7,31.8,88.0,15.9,0.09,Thrombocytopenia,15.96,12.0,false,false,false,false,false,false,false,Within Reference Range,None,All evaluated indices within rule thresholds,10000,0,10000,Standard Clearance
126a925f-016b-4d0d-95ce-64a262d05375,4.1,36.2,56.8,1.5,2.3,4.71,11.5,37.6,79.9,24.4,30.5,218.0,10.5,0.18,Iron deficiency anemia,16.96,12.0,true,true,false,false,true,false,false,Suspected Iron Deficiency,Serum Ferritin Test,Hb 11.5 < 12.0; MCV 79.9 < 80; Mentzer 16.96 >= 13,10000,15000,25000,Enabled - ZainCash 15% Preventive Subsidy
b21f0c62-eee6-4795-9040-2207da101373,4.9,29.1,62.9,1.4,3.1,4.48,10.3,34.8,77.7,22.9,29.5,126.0,13.8,0.11,Iron deficiency anemia,17.34,12.0,true,true,false,false,true,false,false,Suspected Iron Deficiency,Serum Ferritin Test,Hb 10.3 < 12.0; MCV 77.7 < 80; Mentzer 17.34 >= 13,10000,15000,25000,Enabled - ZainCash 15% Preventive Subsidy
7894ec0e-6f6e-491c-b4e3-47ac250306fa,7.0,23.6,68.5,1.7,4.7,5.27,15.9,47.1,89.4,30.1,33.7,182.0,13.8,0.18,Healthy,16.96,12.0,false,false,false,false,false,false,false,Within Reference Range,None,All evaluated indices within rule thresholds,10000,0,10000,Standard Clearance
200505a7-4efe-46e6-b5b2-e6beb21f23e5,4.9,20.7,70.2,1.0,3.4,3.84,9.5,31.5,81.4,24.7,30.4,160.0,16.1,0.17,Normocytic hypochromic anemia,21.2,12.0,true,false,false,false,false,true,false,Anemia (Non-Microcytic) - Clinician Review,None,Hb 9.5 below threshold; MCV 81.4 not microcytic - Mentzer not applicable,10000,0,10000,Standard Clearance
db45dbf8-f5c9-48c4-8e63-685b13d55d93,6.7,13.2,77.4,0.9,5.2,5.73,15.9,49.5,86.5,27.7,32.1,119.0,15.6,0.12,Thrombocytopenia,15.1,12.0,false,false,false,false,false,false,false,Within Reference Range,None,All evaluated indices within rule thresholds,10000,0,10000,Standard Clearance
7ffb2bbb-f126-4093-b006-dcbee2cee970,2.4,24.8,68.0,0.6,1.6,4.66,13.8,42.0,90.2,29.2,32.8,112.0,18.5,0.12,Thrombocytopenia,19.36,12.0,false,false,false,false,false,false,false,Within Reference Range,None,All evaluated indices within rule thresholds,10000,0,10000,Standard Clearance
d0c78605-f302-4dc4-89a7-196c05ceee83,7.9,17.5,74.7,1.4,5.9,4.47,11.9,38.8,86.9,26.6,30.6,154.0,17.4,0.16,Normocytic hypochromic anemia,19.44,12.0,true,false,false,false,false,true,false,Anemia (Non-Microcytic) - Clinician Review,None,Hb 11.9 below threshold; MCV 86.9 not microcytic - Mentzer not applicable,10000,0,10000,Standard Clearance
b23d133e-660a-470d-9dbf-0cb27c5e28c3,12.8,13.1,78.5,1.7,10.0,5.77,13.9,44.6,77.4,24.0,31.1,164.0,12.3,0.15,Leukemia,13.41,12.0,false,true,true,false,false,false,true,Suspected Systemic Inflammation,C-Reactive Protein (CRP),WBC 12.8 > 11,10000,10000,20000,Enabled - ZainCash 15% Preventive Subsidy
67211100-59fd-4b89-9d46-10c2474aef56,4.0,44.9,47.8,1.8,1.9,4.29,11.9,37.5,87.6,27.7,31.7,155.0,12.0,0.14,Normocytic hypochromic anemia,20.42,12.0,true,false,false,false,false,true,false,Anemia (Non-Microcytic) - Clinician Review,None,Hb 11.9 below threshold; MCV 87.6 not microcytic - Mentzer not applicable,10000,0,10000,Standard Clearance
edc25167-2d9a-4b03-99f0-15f524b5d007,4.2,22.0,69.7,0.9,2.9,5.95,14.6,46.4,78.1,24.5,31.4,85.0,13.3,0.09,Thrombocytopenia,13.13,12.0,false,true,false,false,false,false,false,Within Reference Range,None,All evaluated indices within rule thresholds,10000,0,10000,Standard Clearance
ec780a40-02dd-4526-9442-d5cb17e86e5d,4.4,24.0,68.1,1.1,2.9,4.62,12.5,38.7,83.9,27.0,32.2,169.0,16.9,0.17,Normocytic normochromic anemia,18.16,12.0,false,false,false,false,false,false,false,Within Reference Range,None,All evaluated indices within rule thresholds,10000,0,10000,Standard Clearance
c0a1a78b-607f-42d0-8b10-131d97e86faf,7.3,20.2,72.4,1.5,5.3,4.88,13.7,42.9,88.0,28.0,31.9,152.0,13.8,0.15,Healthy,18.03,12.0,false,false,false,false,false,false,false,Within Reference Range,None,All evaluated indices within rule thresholds,10000,0,10000,Standard Clearance
652402cb-b93c-4c07-a3b5-8e327b3a7008,24.4,6.9,81.8,1.7,19.9,4.53,12.3,37.3,82.4,27.1,32.9,88.0,13.8,0.08,Normocytic normochromic anemia,18.19,12.0,false,false,true,false,false,false,true,Suspected Systemic Inflammation,C-Reactive Protein (CRP),WBC 24.4 > 11,10000,10000,20000,Enabled - ZainCash 15% Preventive Subsidy
4c6d93e6-ab47-4ec6-8fe4-5b89643838c0,4.0,23.9,67.4,1.0,2.6,4.25,7.6,29.1,68.6,17.8,26.1,215.0,15.4,0.2,Iron deficiency anemia,16.14,12.0,true,true,false,false,true,false,false,Suspected Iron Deficiency,Serum Ferritin Test,Hb 7.6 < 12.0; MCV 68.6 < 80; Mentzer 16.14 >= 13,10000,15000,25000,Enabled - ZainCash 15% Preventive Subsidy
a6a99991-9e8c-40d4-a211-37c4a503addd,4.7,49.0,43.6,2.3,2.0,4.35,11.7,34.5,79.4,26.8,33.9,262.0,12.5,0.25,Other microcytic anemia,18.25,12.0,true,true,false,false,true,false,false,Suspected Iron Deficiency,Serum Ferritin Test,Hb 11.7 < 12.0; MCV 79.4 < 80; Mentzer 18.25 >= 13,10000,15000,25000,Enabled - ZainCash 15% Preventive Subsidy
72607d2a-4755-435d-a960-e5c4ca1e3030,4.1,27.0,67.9,1.1,2.8,4.26,9.9,32.8,77.2,23.8,30.1,144.0,15.6,0.15,Iron deficiency anemia,18.12,12.0,true,true,false,false,true,false,false,Suspected Iron Deficiency,Serum Ferritin Test,Hb 9.9 < 12.0; MCV 77.2 < 80; Mentzer 18.12 >= 13,10000,15000,25000,Enabled - ZainCash 15% Preventive Subsidy
de6b72f4-0d1f-450f-b918-4bf411fe66c9,4.6,20.9,70.6,1.0,3.2,5.09,13.4,41.6,81.8,26.3,32.2,110.0,15.4,0.11,Thrombocytopenia,16.07,12.0,false,false,false,false,false,false,false,Within Reference Range,None,All evaluated indices within rule thresholds,10000,0,10000,Standard Clearance
4699f374-cc5e-4513-a8d7-2d3f207ef634,6.9,22.9,67.6,1.6,4.6,4.67,11.6,36.4,78.1,24.8,31.8,149.0,14.1,0.14,Iron deficiency anemia,16.72,12.0,true,true,false,false,true,false,false,Suspected Iron Deficiency,Serum Ferritin Test,Hb 11.6 < 12.0; MCV 78.1 < 80; Mentzer 16.72 >= 13,10000,15000,25000,Enabled - ZainCash 15% Preventive Subsidy
f6d4fe8d-a7cb-45a8-8430-685c75a4dd3c,8.3,24.8,65.9,2.1,5.4,4.52,15.1,42.2,93.5,33.4,35.7,135.0,13.6,0.12,Thrombocytopenia,20.69,12.0,false,false,false,false,false,false,false,Within Reference Range,None,All evaluated indices within rule thresholds,10000,0,10000,Standard Clearance
fb70356f-95a9-42db-a765-8104893753e4,6.2,15.0,73.6,0.9,4.6,5.17,13.5,38.7,74.9,26.1,34.8,143.0,16.4,0.15,Other microcytic anemia,14.49,12.0,false,true,false,false,false,false,false,Within Reference Range,None,All evaluated indices within rule thresholds,10000,0,10000,Standard Clearance
214617b8-e66d-40a0-9768-1fd71915afff,10.8,12.0,82.3,1.3,8.9,4.86,11.8,37.6,77.4,24.2,31.3,173.0,11.8,0.15,Iron deficiency anemia,15.93,12.0,true,true,false,false,true,false,false,Suspected Iron Deficiency,Serum Ferritin Test,Hb 11.8 < 12.0; MCV 77.4 < 80; Mentzer 15.93 >= 13,10000,15000,25000,Enabled - ZainCash 15% Preventive Subsidy
da52f1ab-f314-4538-b669-beb4775d27cc,7.1,28.7,65.0,2.0,4.6,4.94,11.1,36.7,74.3,22.4,30.2,213.0,17.2,0.2,Iron deficiency anemia,15.04,12.0,true,true,false,false,true,false,false,Suspected Iron Deficiency,Serum Ferritin Test,Hb 11.1 < 12.0; MCV 74.3 < 80; Mentzer 15.04 >= 13,10000,15000,25000,Enabled - ZainCash 15% Preventive Subsidy
f4048bd2-eece-42bc-b151-5b169b2be238,5.5,59.2,34.8,3.3,1.9,5.29,13.2,41.9,79.3,24.9,31.5,194.0,12.0,0.18,Healthy,14.99,12.0,false,true,false,false,false,false,false,Within Reference Range,None,All evaluated indices within rule thresholds,10000,0,10000,Standard Clearance
d837e1b3-a332-4999-bc9c-535c2eaef9f4,5.0,32.8,58.4,1.6,3.0,4.05,10.3,33.2,82.0,25.4,31.0,177.0,13.3,0.16,Normocytic hypochromic anemia,20.25,12.0,true,false,false,false,false,true,false,Anemia (Non-Microcytic) - Clinician Review,None,Hb 10.3 below threshold; MCV 82.0 not microcytic - Mentzer not applicable,10000,0,10000,Standard Clearance
46ce9263-18e7-404f-a2ea-f15a543aee3b,13.7,30.7,61.8,4.2,8.5,4.92,11.5,35.7,72.6,23.3,32.2,127.0,10.2,0.1,Other microcytic anemia,14.76,12.0,true,true,true,false,true,false,true,Suspected Iron Deficiency,Serum Ferritin Test + C-Reactive Protein (CRP),Hb 11.5 < 12.0; MCV 72.6 < 80; Mentzer 14.76 >= 13,10000,25000,35000,Enabled - ZainCash 15% Preventive Subsidy
d7eabae6-a857-498e-b45b-2859743e1f51,4.5,40.5,53.2,1.8,2.4,4.56,8.9,31.3,68.7,19.5,28.4,77.0,9.7,0.07,Iron deficiency anemia,15.07,12.0,true,true,false,false,true,false,false,Suspected Iron Deficiency,Serum Ferritin Test,Hb 8.9 < 12.0; MCV 68.7 < 80; Mentzer 15.07 >= 13,10000,15000,25000,Enabled - ZainCash 15% Preventive Subsidy
9d691568-f2dc-46b2-b8e7-16e3aa1e6892,4.6,39.9,54.5,1.8,2.5,4.6,8.8,31.6,68.7,19.1,27.8,91.0,11.3,0.09,Iron deficiency anemia,14.93,12.0,true,true,false,false,true,false,false,Suspected Iron Deficiency,Serum Ferritin Test,Hb 8.8 < 12.0; MCV 68.7 < 80; Mentzer 14.93 >= 13,10000,15000,25000,Enabled - ZainCash 15% Preventive Subsidy
b0a2b6a9-80ac-4dd0-849d-71be8a82723f,4.5,36.6,55.9,1.6,2.6,5.22,14.3,44.4,85.1,27.3,32.2,108.0,14.1,0.1,Thrombocytopenia,16.3,12.0,false,false,false,false,false,false,false,Within Reference Range,None,All evaluated indices within rule thresholds,10000,0,10000,Standard Clearance
65076e7e-d699-46d2-802a-ea12d12a44ef,11.3,23.4,65.0,2.7,7.3,3.32,8.5,28.4,85.6,25.6,29.9,221.0,14.6,0.22,Normocytic hypochromic anemia,25.78,12.0,true,false,true,false,false,true,true,Anemia (Non-Microcytic) - Clinician Review,C-Reactive Protein (CRP),Hb 8.5 below threshold; MCV 85.6 not microcytic - Mentzer not applicable,10000,10000,20000,Enabled - ZainCash 15% Preventive Subsidy
16427da6-fae7-4888-b527-9f079ed8dc80,4.7,42.5,48.8,2.0,2.3,5.14,13.7,44.1,85.8,26.6,31.0,174.0,14.3,0.17,Healthy,16.69,12.0,false,false,false,false,false,false,false,Within Reference Range,None,All evaluated indices within rule thresholds,10000,0,10000,Standard Clearance
8d3af6fe-c680-4e87-b4d5-b1a51f82757c,6.0,32.9,57.3,2.0,3.4,5.34,10.9,36.7,68.8,20.4,29.7,174.0,13.6,0.15,Iron deficiency anemia,12.88,12.0,true,true,false,true,false,false,false,Suspected Thalassemia Trait,Hemoglobin Electrophoresis,Hb 10.9 < 12.0; MCV 68.8 < 80; Mentzer 12.88 < 13,10000,25000,35000,Enabled - ZainCash 15% Preventive Subsidy
f0772ca6-f771-4ae7-98d3-31f87c32e1d5,3.7,21.9,65.9,0.8,2.4,3.95,9.4,32.5,82.5,23.7,28.9,166.0,15.1,0.16,Normocytic hypochromic anemia,20.89,12.0,true,false,false,false,false,true,false,Anemia (Non-Microcytic) - Clinician Review,None,Hb 9.4 below threshold; MCV 82.5 not microcytic - Mentzer not applicable,10000,0,10000,Standard Clearance
08e0d97e-ff2f-40db-9aa9-46ea5d528798,10.8,19.4,67.8,2.1,7.3,5.67,16.7,53.3,94.1,29.4,31.3,115.0,16.9,0.12,Leukemia with thrombocytopenia,16.6,12.0,false,false,false,false,false,false,false,Within Reference Range,None,All evaluated indices within rule thresholds,10000,0,10000,Standard Clearance
30375db1-a3ca-4c2f-92cb-1234a4c0edd7,2.9,28.0,65.2,0.8,1.9,4.35,8.7,30.6,70.4,20.0,28.4,122.0,15.4,0.11,Iron deficiency anemia,16.18,12.0,true,true,false,false,true,false,false,Suspected Iron Deficiency,Serum Ferritin Test,Hb 8.7 < 12.0; MCV 70.4 < 80; Mentzer 16.18 >= 13,10000,15000,25000,Enabled - ZainCash 15% Preventive Subsidy
752cc82d-c74e-4d38-9fbb-63c29166f81e,7.0,13.1,76.3,0.9,5.4,4.72,9.3,32.9,69.8,19.7,28.2,227.0,13.3,0.22,Iron deficiency anemia,14.79,12.0,true,true,false,false,true,false,false,Suspected Iron Deficiency,Serum Ferritin Test,Hb 9.3 < 12.0; MCV 69.8 < 80; Mentzer 14.79 >= 13,10000,15000,25000,Enabled - ZainCash 15% Preventive Subsidy
52049522-01b4-43e6-89e5-c74eb4db3d80,5.9,33.8,57.7,2.0,3.4,4.51,11.5,38.3,85.1,25.4,30.0,161.0,16.7,0.16,Normocytic hypochromic anemia,18.87,12.0,true,false,false,false,false,true,false,Anemia (Non-Microcytic) - Clinician Review,None,Hb 11.5 below threshold; MCV 85.1 not microcytic - Mentzer not applicable,10000,0,10000,Standard Clearance
4e655242-b0b2-44e4-8899-cbe1b70da46f,8.3,9.2,82.9,0.8,6.8,5.07,10.9,37.6,74.2,21.4,28.9,215.0,15.6,0.22,Iron deficiency anemia,14.64,12.0,true,true,false,false,true,false,false,Suspected Iron Deficiency,Serum Ferritin Test,Hb 10.9 < 12.0; MCV 74.2 < 80; Mentzer 14.64 >= 13,10000,15000,25000,Enabled - ZainCash 15% Preventive Subsidy
4a852818-3f37-4625-8f69-921305ca1946,11.0,13.2,78.2,1.5,8.6,5.06,13.0,40.7,80.5,25.6,31.9,136.0,13.8,0.12,Leukemia with thrombocytopenia,15.91,12.0,false,false,false,false,false,false,false,Within Reference Range,None,All evaluated indices within rule thresholds,10000,0,10000,Standard Clearance
bc2c2dd6-c89f-430b-b253-6305b1505e35,6.0,23.6,66.5,1.4,4.0,5.05,12.3,39.5,78.3,24.3,31.1,152.0,11.5,0.14,Iron deficiency anemia,15.5,12.0,false,true,false,false,false,false,false,Within Reference Range,None,All evaluated indices within rule thresholds,10000,0,10000,Standard Clearance
bb4b2e1e-d27d-4cd1-9720-69ae0be5dc24,4.2,37.1,55.2,1.6,2.3,5.25,9.3,33.0,62.9,17.7,28.1,171.0,12.8,0.18,Iron deficiency anemia,11.98,12.0,true,true,false,true,false,false,false,Suspected Thalassemia Trait,Hemoglobin Electrophoresis,Hb 9.3 < 12.0; MCV 62.9 < 80; Mentzer 11.98 < 13,10000,25000,35000,Enabled - ZainCash 15% Preventive Subsidy
d874d039-875a-4057-9ccc-7c9fb8a6aa8b,4.2,38.4,54.3,1.6,2.3,5.2,9.3,32.7,62.9,17.8,28.4,170.0,13.1,0.17,Iron deficiency anemia,12.1,12.0,true,true,false,true,false,false,false,Suspected Thalassemia Trait,Hemoglobin Electrophoresis,Hb 9.3 < 12.0; MCV 62.9 < 80; Mentzer 12.1 < 13,10000,25000,35000,Enabled - ZainCash 15% Preventive Subsidy
cd464e7f-c178-44cb-b98d-cc235c130947,6.6,15.5,75.9,1.0,5.0,4.4,12.6,39.3,89.5,28.6,32.0,156.0,10.7,0.13,Normocytic normochromic anemia,20.34,12.0,false,false,false,false,false,false,false,Within Reference Range,None,All evaluated indices within rule thresholds,10000,0,10000,Standard Clearance
223a652e-20e2-4788-97bb-7f06bfaa8589,6.2,19.1,73.0,1.2,4.5,4.12,11.5,35.9,87.2,27.9,32.0,169.0,12.8,0.16,Normocytic normochromic anemia,21.17,12.0,true,false,false,false,false,true,false,Anemia (Non-Microcytic) - Clinician Review,None,Hb 11.5 below threshold; MCV 87.2 not microcytic - Mentzer not applicable,10000,0,10000,Standard Clearance
68cd0489-5de0-4fe2-8a52-02cdf8ecfc1e,5.7,30.9,61.3,1.8,3.5,4.24,9.5,31.8,75.0,22.4,29.8,217.0,15.6,0.22,Iron deficiency anemia,17.69,12.0,true,true,false,false,true,false,false,Suspected Iron Deficiency,Serum Ferritin Test,Hb 9.5 < 12.0; MCV 75.0 < 80; Mentzer 17.69 >= 13,10000,15000,25000,Enabled - ZainCash 15% Preventive Subsidy
73f491b8-f371-4c46-9216-d5befc84d4b7,5.7,32.6,58.5,1.9,3.3,5.01,15.1,44.2,88.4,30.1,34.1,127.0,13.6,0.12,Thrombocytopenia,17.64,12.0,false,false,false,false,false,false,false,Within Reference Range,None,All evaluated indices within rule thresholds,10000,0,10000,Standard Clearance
de4c7df9-92f7-4aa1-99bb-a1c7f5658d5a,6.8,9.6,82.5,0.7,5.6,3.95,12.3,37.6,95.2,31.1,32.7,132.0,10.7,0.11,Normocytic normochromic anemia,24.1,12.0,false,false,false,false,false,false,false,Within Reference Range,None,All evaluated indices within rule thresholds,10000,0,10000,Standard Clearance
2d0d3d28-810e-4182-8757-565f3be1c0b2,6.4,12.7,80.6,0.8,5.2,5.06,14.6,44.1,87.2,28.8,33.1,177.0,13.8,0.16,Healthy,17.23,12.0,false,false,false,false,false,false,false,Within Reference Range,None,All evaluated indices within rule thresholds,10000,0,10000,Standard Clearance
2ee606fc-2083-4ce4-8a69-b5d58ad3be51,6.4,27.6,63.4,1.8,4.0,4.66,13.6,41.0,88.1,29.1,33.1,140.0,13.1,0.12,Thrombocytopenia,18.91,12.0,false,false,false,false,false,false,false,Within Reference Range,None,All evaluated indices within rule thresholds,10000,0,10000,Standard Clearance
2dec881b-46f6-4a0b-9382-9be454efc9a1,6.5,36.4,55.0,2.4,3.5,5.12,11.5,38.1,74.5,22.4,30.1,187.0,12.3,0.17,Iron deficiency anemia,14.55,12.0,true,true,false,false,true,false,false,Suspected Iron Deficiency,Serum Ferritin Test,Hb 11.5 < 12.0; MCV 74.5 < 80; Mentzer 14.55 >= 13,10000,15000,25000,Enabled - ZainCash 15% Preventive Subsidy
f01fb3a3-aa4e-429d-893e-599886f0d65c,7.4,14.4,77.8,1.1,5.7,5.2,12.9,41.7,80.3,24.8,30.9,152.0,11.3,0.13,Normocytic hypochromic anemia,15.44,12.0,false,false,false,false,false,false,false,Within Reference Range,None,All evaluated indices within rule thresholds,10000,0,10000,Standard Clearance
8b63bd47-8b42-43da-a5ab-662046d2cbb2,6.0,9.6,83.6,0.6,5.0,3.1,10.5,32.7,105.8,33.8,32.1,77.0,14.9,0.07,Macrocytic anemia,34.13,12.0,true,false,false,false,false,true,false,Anemia (Non-Microcytic) - Clinician Review,None,Hb 10.5 below threshold; MCV 105.8 not microcytic - Mentzer not applicable,10000,0,10000,Standard Clearance
3cc0f071-94cb-4f17-9ec7-e6eda00cdbbc,5.9,9.3,85.3,0.6,5.0,3.15,10.8,33.4,106.2,34.2,32.3,80.0,12.5,0.08,Macrocytic anemia,33.71,12.0,true,false,false,false,false,true,false,Anemia (Non-Microcytic) - Clinician Review,None,Hb 10.8 below threshold; MCV 106.2 not microcytic - Mentzer not applicable,10000,0,10000,Standard Clearance
61f30d38-6075-4035-98ed-df87245e298c,8.6,42.6,49.2,3.7,4.2,4.28,9.3,31.4,73.4,21.7,29.6,244.0,13.1,0.23,Iron deficiency anemia,17.15,12.0,true,true,false,false,true,false,false,Suspected Iron Deficiency,Serum Ferritin Test,Hb 9.3 < 12.0; MCV 73.4 < 80; Mentzer 17.15 >= 13,10000,15000,25000,Enabled - ZainCash 15% Preventive Subsidy
422ead18-eb36-4a99-8b07-2765150869c8,9.8,16.1,75.6,1.6,7.4,5.34,15.6,47.0,88.2,29.2,33.1,117.0,14.1,0.11,Thrombocytopenia,16.52,12.0,false,false,false,false,false,false,false,Within Reference Range,None,All evaluated indices within rule thresholds,10000,0,10000,Standard Clearance
be4ad088-f243-4eca-a898-e9a5e91c795f,4.7,29.2,62.2,1.4,2.9,4.71,10.4,35.0,74.0,22.0,29.7,205.0,11.8,0.18,Iron deficiency anemia,15.71,12.0,true,true,false,false,true,false,false,Suspected Iron Deficiency,Serum Ferritin Test,Hb 10.4 < 12.0; MCV 74.0 < 80; Mentzer 15.71 >= 13,10000,15000,25000,Enabled - ZainCash 15% Preventive Subsidy
2964aa94-2923-4650-acdb-240de3532f31,8.5,19.6,71.5,1.7,6.0,3.59,8.7,28.5,79.5,24.2,30.5,122.0,11.3,0.1,Iron deficiency anemia,22.14,12.0,true,true,false,false,true,false,false,Suspected Iron Deficiency,Serum Ferritin Test,Hb 8.7 < 12.0; MCV 79.5 < 80; Mentzer 22.14 >= 13,10000,15000,25000,Enabled - ZainCash 15% Preventive Subsidy
54e41730-3ea8-40ef-a147-8d47a0003e20,3.2,35.6,56.2,1.1,1.8,5.22,14.9,45.8,87.8,28.5,32.5,132.0,14.3,0.13,Thrombocytopenia,16.82,12.0,false,false,false,false,false,false,false,Within Reference Range,None,All evaluated indices within rule thresholds,10000,0,10000,Standard Clearance
90c42157-8a80-40e7-a92a-a13835c9212f,5.2,33.0,59.5,1.7,3.1,4.4,11.7,37.3,84.8,26.5,61.3,210.0,16.9,0.22,Normocytic hypochromic anemia,19.27,12.0,true,false,false,false,false,true,false,Anemia (Non-Microcytic) - Clinician Review,None,Hb 11.7 below threshold; MCV 84.8 not microcytic - Mentzer not applicable,10000,0,10000,Standard Clearance
5bd7a4f7-aef4-49e7-8b9c-5ba836e736ed,3.0,20.3,72.9,0.6,2.2,5.35,12.3,41.0,76.7,22.9,30.0,101.0,12.5,0.11,Iron deficiency anemia,14.34,12.0,false,true,false,false,false,false,false,Within Reference Range,None,All evaluated indices within rule thresholds,10000,0,10000,Standard Clearance
434b5e72-3121-4078-a087-6a0c0034036a,15.4,9.9,81.2,1.5,12.5,3.81,10.0,31.2,81.9,26.2,32.0,135.0,10.5,0.11,Normocytic hypochromic anemia,21.5,12.0,true,false,true,false,false,true,true,Anemia (Non-Microcytic) - Clinician Review,C-Reactive Protein (CRP),Hb 10.0 below threshold; MCV 81.9 not microcytic - Mentzer not applicable,10000,10000,20000,Enabled - ZainCash 15% Preventive Subsidy
142f78fc-3952-415b-847e-289aaddcb11f,6.5,32.7,58.8,2.1,3.8,4.36,12.6,37.8,86.7,28.8,33.3,127.0,16.1,0.13,Normocytic normochromic anemia,19.89,12.0,false,false,false,false,false,false,false,Within Reference Range,None,All evaluated indices within rule thresholds,10000,0,10000,Standard Clearance
aede276d-af41-4649-b9dd-867d37241776,8.3,23.0,68.3,1.9,5.7,4.1,11.1,36.4,88.8,27.0,30.4,189.0,10.0,0.15,Normocytic hypochromic anemia,21.66,12.0,true,false,false,false,false,true,false,Anemia (Non-Microcytic) - Clinician Review,None,Hb 11.1 below threshold; MCV 88.8 not microcytic - Mentzer not applicable,10000,0,10000,Standard Clearance
1ab579cd-0ff2-4ce7-be8c-1e3ab59ae3e4,2.8,47.3,44.6,1.3,1.3,3.44,9.6,30.3,88.2,27.9,61.6,133.0,12.8,0.12,Normocytic normochromic anemia,25.64,12.0,true,false,false,false,false,true,false,Anemia (Non-Microcytic) - Clinician Review,None,Hb 9.6 below threshold; MCV 88.2 not microcytic - Mentzer not applicable,10000,0,10000,Standard Clearance
abfa8a06-120e-4451-8e51-0a18311ff39e,6.2,30.6,62.3,1.9,3.9,4.02,11.2,36.1,89.9,27.8,31.0,125.0,14.1,0.12,Normocytic hypochromic anemia,22.36,12.0,true,false,false,false,false,true,false,Anemia (Non-Microcytic) - Clinician Review,None,Hb 11.2 below threshold; MCV 89.9 not microcytic - Mentzer not applicable,10000,0,10000,Standard Clearance
534a9fc9-d7ad-487f-b968-54a5faa56b06,17.1,28.0,61.3,4.8,10.5,4.21,11.3,36.5,86.8,26.8,30.9,363.0,13.1,0.35,Normocytic hypochromic anemia,20.62,12.0,true,false,true,false,false,true,true,Anemia (Non-Microcytic) - Clinician Review,C-Reactive Protein (CRP),Hb 11.3 below threshold; MCV 86.8 not microcytic - Mentzer not applicable,10000,10000,20000,Enabled - ZainCash 15% Preventive Subsidy
546e5738-e58f-4e17-959c-c770602eae3a,7.8,24.2,67.2,1.9,5.2,5.2,12.7,41.2,79.4,24.4,30.8,161.0,16.1,0.16,Iron deficiency anemia,15.27,12.0,false,true,false,false,false,false,false,Within Reference Range,None,All evaluated indices within rule thresholds,10000,0,10000,Standard Clearance
e5ec436f-1627-4304-bbff-d98eb118b92f,6.0,30.5,61.0,1.8,3.7,4.73,12.9,42.4,89.8,27.2,30.4,108.0,20.0,0.12,Normocytic hypochromic anemia,18.99,12.0,false,false,false,false,false,false,false,Within Reference Range,None,All evaluated indices within rule thresholds,10000,0,10000,Standard Clearance
885bf325-7bf1-4cd2-80c2-11285a59a6ad,8.3,26.2,65.1,2.2,5.4,3.79,10.8,34.3,90.7,28.4,31.4,212.0,13.8,0.2,Normocytic hypochromic anemia,23.93,12.0,true,false,false,false,false,true,false,Anemia (Non-Microcytic) - Clinician Review,None,Hb 10.8 below threshold; MCV 90.7 not microcytic - Mentzer not applicable,10000,0,10000,Standard Clearance
b4389d99-5ee6-45dc-bc13-f33c6ce68922,6.2,33.1,57.8,2.1,3.5,3.48,8.3,27.8,79.9,23.8,29.8,385.0,12.0,0.34,Iron deficiency anemia,22.96,12.0,true,true,false,false,true,false,false,Suspected Iron Deficiency,Serum Ferritin Test,Hb 8.3 < 12.0; MCV 79.9 < 80; Mentzer 22.96 >= 13,10000,15000,25000,Enabled - ZainCash 15% Preventive Subsidy
5c517896-17ab-4c36-83a0-190e28cb719a,7.2,18.8,72.4,1.4,5.2,4.03,9.8,32.1,79.7,24.3,30.5,115.0,13.8,0.11,Iron deficiency anemia,19.78,12.0,true,true,false,false,true,false,false,Suspected Iron Deficiency,Serum Ferritin Test,Hb 9.8 < 12.0; MCV 79.7 < 80; Mentzer 19.78 >= 13,10000,15000,25000,Enabled - ZainCash 15% Preventive Subsidy
4932ae22-eb7c-45a8-a057-11da374d17a1,5.8,19.3,74.0,1.1,4.3,2.55,5.9,19.9,78.4,23.1,29.6,75.0,15.4,0.07,Iron deficiency anemia,30.75,12.0,true,true,false,false,true,false,false,Suspected Iron Deficiency,Serum Ferritin Test,Hb 5.9 < 12.0; MCV 78.4 < 80; Mentzer 30.75 >= 13,10000,15000,25000,Enabled - ZainCash 15% Preventive Subsidy
9438c04d-5712-4de8-940d-46ad0c99660a,5.6,26.0,66.0,1.5,3.7,4.07,10.5,34.3,84.4,25.7,30.6,126.0,15.6,0.13,Normocytic hypochromic anemia,20.74,12.0,true,false,false,false,false,true,false,Anemia (Non-Microcytic) - Clinician Review,None,Hb 10.5 below threshold; MCV 84.4 not microcytic - Mentzer not applicable,10000,0,10000,Standard Clearance
cad7a857-1790-4a17-b952-dee4136d1c27,8.5,27.8,62.4,2.4,5.3,3.85,11.2,34.8,90.6,29.0,32.1,243.0,13.8,0.23,Normocytic normochromic anemia,23.53,12.0,true,false,false,false,false,true,false,Anemia (Non-Microcytic) - Clinician Review,None,Hb 11.2 below threshold; MCV 90.6 not microcytic - Mentzer not applicable,10000,0,10000,Standard Clearance
aacdfe98-7a38-4473-a406-2e330f6e27a0,3.2,42.2,47.8,1.4,1.5,4.33,11.8,35.8,82.9,27.2,32.9,184.0,13.8,0.17,Normocytic normochromic anemia,19.15,12.0,true,false,false,false,false,true,false,Anemia (Non-Microcytic) - Clinician Review,None,Hb 11.8 below threshold; MCV 82.9 not microcytic - Mentzer not applicable,10000,0,10000,Standard Clearance
409afac4-b8b7-4080-bb11-2eb292cbcf5b,6.3,22.1,70.0,1.4,4.4,5.06,14.2,41.6,82.4,28.0,34.1,136.0,13.6,0.13,Thrombocytopenia,16.28,12.0,false,false,false,false,false,false,false,Within Reference Range,None,All evaluated indices within rule thresholds,10000,0,10000,Standard Clearance
150e1e04-6344-4275-aa85-3afb9349311f,9.0,31.0,61.0,2.8,5.5,4.7,11.9,38.7,82.4,25.3,30.7,163.0,17.7,0.17,Normocytic hypochromic anemia,17.53,12.0,true,false,false,false,false,true,false,Anemia (Non-Microcytic) - Clinician Review,None,Hb 11.9 below threshold; MCV 82.4 not microcytic - Mentzer not applicable,10000,0,10000,Standard Clearance
c544aebb-e2cc-4051-827b-d18e05143ce3,13.5,16.5,71.4,2.2,9.7,3.62,7.2,25.1,69.5,19.8,28.6,229.0,14.9,0.21,Iron deficiency anemia,19.2,12.0,true,true,true,false,true,false,true,Suspected Iron Deficiency,Serum Ferritin Test + C-Reactive Protein (CRP),Hb 7.2 < 12.0; MCV 69.5 < 80; Mentzer 19.2 >= 13,10000,25000,35000,Enabled - ZainCash 15% Preventive Subsidy
c61d6f0f-1839-4e1c-be2e-aa6e7a29010d,12.5,21.8,68.2,2.7,8.5,4.47,10.8,36.6,82.0,24.1,29.5,135.0,14.9,0.13,Normocytic hypochromic anemia,18.34,12.0,true,false,true,false,false,true,true,Anemia (Non-Microcytic) - Clinician Review,C-Reactive Protein (CRP),Hb 10.8 below threshold; MCV 82.0 not microcytic - Mentzer not applicable,10000,10000,20000,Enabled - ZainCash 15% Preventive Subsidy
b786e25c-62b7-40e6-ac84-0dcc89c0efa2,7.3,22.2,68.2,1.6,5.0,3.42,9.0,29.7,87.1,26.3,30.3,202.0,11.3,0.17,Normocytic hypochromic anemia,25.47,12.0,true,false,false,false,false,true,false,Anemia (Non-Microcytic) - Clinician Review,None,Hb 9.0 below threshold; MCV 87.1 not microcytic - Mentzer not applicable,10000,0,10000,Standard Clearance
0b1706d4-c4ce-42f5-9a09-0fe2093a5fc4,2.5,36.8,55.3,0.9,1.4,3.55,8.6,28.5,80.3,24.2,30.1,17.0,15.4,0.01,Normocytic hypochromic anemia,22.62,12.0,true,false,false,false,false,true,false,Anemia (Non-Microcytic) - Clinician Review,None,Hb 8.6 below threshold; MCV 80.3 not microcytic - Mentzer not applicable,10000,0,10000,Standard Clearance
68f8cbdf-d2d6-4e39-b943-f07589953748,2.4,35.0,58.4,0.8,1.4,3.58,8.7,28.7,80.4,24.3,30.3,46.0,16.9,0.05,Normocytic hypochromic anemia,22.46,12.0,true,false,false,false,false,true,false,Anemia (Non-Microcytic) - Clinician Review,None,Hb 8.7 below threshold; MCV 80.4 not microcytic - Mentzer not applicable,10000,0,10000,Standard Clearance
cadafdd3-805b-42cd-be0c-acd480ed8a00,4.8,39.7,53.6,1.9,2.6,3.87,9.2,32.0,82.8,23.7,28.7,175.0,16.7,0.17,Normocytic hypochromic anemia,21.4,12.0,true,false,false,false,false,true,false,Anemia (Non-Microcytic) - Clinician Review,None,Hb 9.2 below threshold; MCV 82.8 not microcytic - Mentzer not applicable,10000,0,10000,Standard Clearance
3757fb0a-0565-4580-ba0f-1c25507dde02,7.6,27.7,65.1,2.1,4.9,5.25,14.2,45.8,87.4,27.0,31.0,106.0,14.6,0.1,Thrombocytopenia,16.65,12.0,false,false,false,false,false,false,false,Within Reference Range,None,All evaluated indices within rule thresholds,10000,0,10000,Standard Clearance
250519a1-7d40-4fd6-824b-0824f9a00964,5.3,21.4,69.8,1.1,3.7,3.9,10.0,32.4,83.2,25.6,30.8,190.0,12.0,0.18,Normocytic hypochromic anemia,21.33,12.0,true,false,false,false,false,true,false,Anemia (Non-Microcytic) - Clinician Review,None,Hb 10.0 below threshold; MCV 83.2 not microcytic - Mentzer not applicable,10000,0,10000,Standard Clearance
ed28887b-9c36-4124-94d9-6e7cc6dd6d4e,7.6,16.1,74.2,1.2,5.7,4.86,11.5,38.2,78.7,23.6,30.1,163.0,10.2,0.13,Iron deficiency anemia,16.19,12.0,true,true,false,false,true,false,false,Suspected Iron Deficiency,Serum Ferritin Test,Hb 11.5 < 12.0; MCV 78.7 < 80; Mentzer 16.19 >= 13,10000,15000,25000,Enabled - ZainCash 15% Preventive Subsidy
8bf65c40-c69d-4a30-a621-00fc3af2899a,5.7,28.3,63.5,1.6,3.6,5.1,11.1,37.1,72.8,21.7,29.9,161.0,10.5,0.14,Iron deficiency anemia,14.27,12.0,true,true,false,false,true,false,false,Suspected Iron Deficiency,Serum Ferritin Test,Hb 11.1 < 12.0; MCV 72.8 < 80; Mentzer 14.27 >= 13,10000,15000,25000,Enabled - ZainCash 15% Preventive Subsidy
4ab06e09-8770-4bd7-9676-8714850a4175,12.2,11.7,81.4,1.4,10.0,4.38,11.6,37.5,85.8,26.4,30.9,152.0,12.5,0.14,Normocytic hypochromic anemia,19.59,12.0,true,false,true,false,false,true,true,Anemia (Non-Microcytic) - Clinician Review,C-Reactive Protein (CRP),Hb 11.6 below threshold; MCV 85.8 not microcytic - Mentzer not applicable,10000,10000,20000,Enabled - ZainCash 15% Preventive Subsidy
965e8ab1-7e13-427a-bc7a-7d212c8903eb,6.5,16.1,74.7,1.1,4.8,4.37,11.8,38.2,87.5,27.0,30.8,146.0,13.1,0.14,Normocytic hypochromic anemia,20.02,12.0,true,false,false,false,false,true,false,Anemia (Non-Microcytic) - Clinician Review,None,Hb 11.8 below threshold; MCV 87.5 not microcytic - Mentzer not applicable,10000,0,10000,Standard Clearance
666771f8-9eaf-4be1-b326-3b4ae6d3d07d,8.3,24.1,67.3,2.0,5.6,5.11,14.0,43.8,85.9,27.3,31.9,143.0,16.9,0.15,Thrombocytopenia,16.81,12.0,false,false,false,false,false,false,false,Within Reference Range,None,All evaluated indices within rule thresholds,10000,0,10000,Standard Clearance
05c9c9c2-a6a8-44b1-87f3-ebb52c279e60,8.0,35.6,57.1,2.9,4.5,4.79,13.2,41.4,86.5,27.5,31.8,168.0,14.1,0.16,Healthy,18.06,12.0,false,false,false,false,false,false,false,Within Reference Range,None,All evaluated indices within rule thresholds,10000,0,10000,Standard Clearance
f64fdf41-bf4d-4b3c-9d8d-26416d7c1e10,14.0,14.7,74.3,2.1,10.3,3.85,6.8,25.0,65.1,17.6,27.2,148.0,13.6,0.14,Iron deficiency anemia,16.91,12.0,true,true,true,false,true,false,true,Suspected Iron Deficiency,Serum Ferritin Test + C-Reactive Protein (CRP),Hb 6.8 < 12.0; MCV 65.1 < 80; Mentzer 16.91 >= 13,10000,25000,35000,Enabled - ZainCash 15% Preventive Subsidy
7ffac5ec-cf8d-4f43-acfc-7bc27fddb396,21.7,12.4,80.2,2.7,17.4,4.7,10.6,38.0,81.0,22.6,27.4,508.0,12.3,0.45,Normocytic hypochromic anemia,17.23,12.0,true,false,true,false,false,true,true,Anemia (Non-Microcytic) - Clinician Review,C-Reactive Protein (CRP),Hb 10.6 below threshold; MCV 81.0 not microcytic - Mentzer not applicable,10000,10000,20000,Enabled - ZainCash 15% Preventive Subsidy
36ae0da5-4c7a-48e8-9ed5-c96503bdebf7,8.4,16.8,71.8,1.4,6.0,4.65,12.3,39.4,84.9,26.4,31.2,155.0,17.2,0.16,Normocytic hypochromic anemia,18.26,12.0,false,false,false,false,false,false,false,Within Reference Range,None,All evaluated indices within rule thresholds,10000,0,10000,Standard Clearance
946e04ed-d70b-40b3-b930-4d45981d759e,9.6,20.8,71.3,2.0,6.8,4.58,12.3,38.5,84.1,26.8,31.9,271.0,12.3,0.24,Normocytic hypochromic anemia,18.36,12.0,false,false,false,false,false,false,false,Within Reference Range,None,All evaluated indices within rule thresholds,10000,0,10000,Standard Clearance
3214aea3-74b8-49ac-8dde-83ed1facfef9,5.4,43.7,49.8,2.4,2.6,4.87,12.7,39.9,82.1,26.0,31.8,196.0,13.6,0.18,Normocytic hypochromic anemia,16.86,12.0,false,false,false,false,false,false,false,Within Reference Range,None,All evaluated indices within rule thresholds,10000,0,10000,Standard Clearance
566111c0-0f4a-49b2-95c8-3c900744bf14,5.3,54.9,37.9,2.9,2.0,3.18,5.0,20.2,63.9,15.6,24.5,299.0,14.6,0.26,Iron deficiency anemia,20.09,12.0,true,true,false,false,true,false,false,Suspected Iron Deficiency,Serum Ferritin Test,Hb 5.0 < 12.0; MCV 63.9 < 80; Mentzer 20.09 >= 13,10000,15000,25000,Enabled - ZainCash 15% Preventive Subsidy
09fb8830-b34c-4275-807e-7e4f48c28750,10.8,10.8,80.6,1.2,8.7,4.87,13.4,40.8,83.8,27.5,32.8,192.0,13.6,0.18,Leukemia,17.21,12.0,false,false,false,false,false,false,false,Within Reference Range,None,All evaluated indices within rule thresholds,10000,0,10000,Standard Clearance
693d055d-0cf9-47e7-ab8e-9ee55962321a,14.0,16.1,73.2,2.3,10.2,2.56,6.2,19.5,76.5,24.2,31.7,251.0,15.4,0.25,Iron deficiency anemia,29.88,12.0,true,true,true,false,true,false,true,Suspected Iron Deficiency,Serum Ferritin Test + C-Reactive Protein (CRP),Hb 6.2 < 12.0; MCV 76.5 < 80; Mentzer 29.88 >= 13,10000,25000,35000,Enabled - ZainCash 15% Preventive Subsidy
d794f079-2dde-4483-8fab-ea0b6d13fcec,14.3,11.0,78.4,1.6,11.2,3.88,7.5,25.1,64.9,19.3,29.8,132.0,13.6,0.12,Iron deficiency anemia,16.73,12.0,true,true,true,false,true,false,true,Suspected Iron Deficiency,Serum Ferritin Test + C-Reactive Protein (CRP),Hb 7.5 < 12.0; MCV 64.9 < 80; Mentzer 16.73 >= 13,10000,25000,35000,Enabled - ZainCash 15% Preventive Subsidy
0883228f-e294-4916-99d1-e1aacd929038,13.8,10.7,78.8,1.5,10.9,3.88,7.5,25.1,64.7,19.3,29.8,130.0,13.6,0.12,Iron deficiency anemia,16.68,12.0,true,true,true,false,true,false,true,Suspected Iron Deficiency,Serum Ferritin Test + C-Reactive Protein (CRP),Hb 7.5 < 12.0; MCV 64.7 < 80; Mentzer 16.68 >= 13,10000,25000,35000,Enabled - ZainCash 15% Preventive Subsidy
a9094197-c0bb-43ca-a90e-82a4de531c5c,6.6,25.4,64.9,1.7,4.3,5.75,11.8,36.8,64.1,20.5,32.0,160.0,15.9,0.14,Other microcytic anemia,11.15,12.0,true,true,false,true,false,false,false,Suspected Thalassemia Trait,Hemoglobin Electrophoresis,Hb 11.8 < 12.0; MCV 64.1 < 80; Mentzer 11.15 < 13,10000,25000,35000,Enabled - ZainCash 15% Preventive Subsidy
dc8da557-8922-4d1e-a333-5c9618131815,8.2,34.5,56.3,2.8,4.6,5.29,14.4,45.2,85.5,27.2,31.8,205.0,15.1,0.21,Healthy,16.16,12.0,false,false,false,false,false,false,false,Within Reference Range,None,All evaluated indices within rule thresholds,10000,0,10000,Standard Clearance
ec7cb3a4-f8ac-46dc-899e-1f724d652017,8.0,28.2,63.8,2.3,5.1,5.36,13.0,43.3,80.8,24.2,30.0,173.0,15.4,0.17,Healthy,15.07,12.0,false,false,false,false,false,false,false,Within Reference Range,None,All evaluated indices within rule thresholds,10000,0,10000,Standard Clearance
984508ae-47b3-49de-8d40-b14f8155721d,6.5,31.0,60.5,2.0,3.9,4.62,9.3,33.0,71.5,20.1,28.1,309.0,12.5,0.28,Iron deficiency anemia,15.48,12.0,true,true,false,false,true,false,false,Suspected Iron Deficiency,Serum Ferritin Test,Hb 9.3 < 12.0; MCV 71.5 < 80; Mentzer 15.48 >= 13,10000,15000,25000,Enabled - ZainCash 15% Preventive Subsidy
bc54e122-0185-483b-95c1-cc511338ff6d,5.2,40.2,52.6,2.1,2.7,4.73,12.4,40.0,84.6,26.2,31.0,200.0,13.3,0.19,Normocytic hypochromic anemia,17.89,12.0,false,false,false,false,false,false,false,Within Reference Range,None,All evaluated indices within rule thresholds,10000,0,10000,Standard Clearance
776f2aeb-c0a8-41d2-bf87-b944a50fef43,3.7,21.1,69.1,0.8,2.5,4.9,9.3,33.2,67.8,18.9,28.0,132.0,13.1,0.13,Iron deficiency anemia,13.84,12.0,true,true,false,false,true,false,false,Suspected Iron Deficiency,Serum Ferritin Test,Hb 9.3 < 12.0; MCV 67.8 < 80; Mentzer 13.84 >= 13,10000,15000,25000,Enabled - ZainCash 15% Preventive Subsidy
11e0e00d-4c50-4e6d-8dab-8be81fa801f2,0.8,45.3,48.4,1.7,1.9,3.99,7.3,28.1,70.5,18.2,25.9,146.0,12.8,0.15,Iron deficiency anemia,17.67,12.0,true,true,false,false,true,false,false,Suspected Iron Deficiency,Serum Ferritin Test,Hb 7.3 < 12.0; MCV 70.5 < 80; Mentzer 17.67 >= 13,10000,15000,25000,Enabled - ZainCash 15% Preventive Subsidy
12403fed-857e-4396-ba2e-cf772c106ca3,7.7,31.3,62.0,2.4,4.8,4.21,10.1,34.7,82.5,23.9,29.1,236.0,14.6,0.22,Normocytic hypochromic anemia,19.6,12.0,true,false,false,false,false,true,false,Anemia (Non-Microcytic) - Clinician Review,None,Hb 10.1 below threshold; MCV 82.5 not microcytic - Mentzer not applicable,10000,0,10000,Standard Clearance
72ee4e83-bee0-46d6-969a-718d5c37e72c,16.1,15.6,71.8,2.5,11.6,4.4,8.5,31.3,71.2,19.3,27.1,222.0,12.5,0.2,Iron deficiency anemia,16.18,12.0,true,true,true,false,true,false,true,Suspected Iron Deficiency,Serum Ferritin Test + C-Reactive Protein (CRP),Hb 8.5 < 12.0; MCV 71.2 < 80; Mentzer 16.18 >= 13,10000,25000,35000,Enabled - ZainCash 15% Preventive Subsidy
5d19c181-21f4-4bd3-a8a8-f535049dd01d,10.0,28.9,64.4,2.9,6.4,4.47,12.6,39.4,88.2,28.1,31.9,244.0,11.3,0.2,Normocytic hypochromic anemia,19.73,12.0,false,false,false,false,false,false,false,Within Reference Range,None,All evaluated indices within rule thresholds,10000,0,10000,Standard Clearance
462c8325-e5cc-4f02-a3e6-2fb5747429c4,6.1,26.1,67.8,1.6,4.1,4.22,11.8,38.1,90.3,27.9,30.9,197.0,12.3,0.18,Normocytic hypochromic anemia,21.4,12.0,true,false,false,false,false,true,false,Anemia (Non-Microcytic) - Clinician Review,None,Hb 11.8 below threshold; MCV 90.3 not microcytic - Mentzer not applicable,10000,0,10000,Standard Clearance
2c8aaa29-1bec-4cf3-9ef1-1f3bf5986273,8.4,39.2,54.9,3.3,4.6,4.41,11.7,36.6,83.2,26.5,31.9,233.0,13.8,0.23,Normocytic hypochromic anemia,18.87,12.0,true,false,false,false,false,true,false,Anemia (Non-Microcytic) - Clinician Review,None,Hb 11.7 below threshold; MCV 83.2 not microcytic - Mentzer not applicable,10000,0,10000,Standard Clearance
10f8392a-7881-4e88-a8a2-4de99e7305df,6.7,52.1,41.1,3.5,2.7,4.45,9.8,33.7,75.9,22.0,29.0,244.0,12.5,0.22,Iron deficiency anemia,17.06,12.0,true,true,false,false,true,false,false,Suspected Iron Deficiency,Serum Ferritin Test,Hb 9.8 < 12.0; MCV 75.9 < 80; Mentzer 17.06 >= 13,10000,15000,25000,Enabled - ZainCash 15% Preventive Subsidy
b9ec0ae9-d997-4f85-8cc0-bbb8beceeded,7.7,16.0,73.8,1.2,5.7,4.66,11.7,39.4,84.6,25.1,29.6,184.0,12.5,0.16,Normocytic hypochromic anemia,18.15,12.0,true,false,false,false,false,true,false,Anemia (Non-Microcytic) - Clinician Review,None,Hb 11.7 below threshold; MCV 84.6 not microcytic - Mentzer not applicable,10000,0,10000,Standard Clearance
41ba43b8-287d-4577-8c69-84d2cf879cb3,6.1,28.8,63.9,1.8,3.9,4.7,12.0,40.1,85.5,25.5,29.9,192.0,14.3,0.19,Normocytic hypochromic anemia,18.19,12.0,false,false,false,false,false,false,false,Within Reference Range,None,All evaluated indices within rule thresholds,10000,0,10000,Standard Clearance
9a3046ab-1c9f-4bac-9ea1-7e68d706a1eb,5.3,31.0,61.5,1.6,3.3,5.8,14.9,49.3,85.0,25.6,30.2,137.0,13.6,0.13,Thrombocytopenia,14.66,12.0,false,false,false,false,false,false,false,Within Reference Range,None,All evaluated indices within rule thresholds,10000,0,10000,Standard Clearance
403c077a-0622-422d-bdba-24695ecf7855,7.0,29.5,62.9,2.1,4.4,4.34,11.1,37.4,86.4,25.5,29.6,196.0,13.8,0.19,Normocytic hypochromic anemia,19.91,12.0,true,false,false,false,false,true,false,Anemia (Non-Microcytic) - Clinician Review,None,Hb 11.1 below threshold; MCV 86.4 not microcytic - Mentzer not applicable,10000,0,10000,Standard Clearance
380aa517-c332-45d2-9df8-083c04f2ac1a,7.0,26.4,66.0,1.9,4.6,3.86,10.1,34.7,89.9,26.1,29.1,156.0,13.1,0.14,Normocytic hypochromic anemia,23.29,12.0,true,false,false,false,false,true,false,Anemia (Non-Microcytic) - Clinician Review,None,Hb 10.1 below threshold; MCV 89.9 not microcytic - Mentzer not applicable,10000,0,10000,Standard Clearance
dda7c8b1-12bc-4509-b1be-8f45bcb129f8,13.0,14.3,77.6,1.9,10.0,3.81,9.3,31.5,82.7,24.4,29.5,241.0,14.6,0.23,Normocytic hypochromic anemia,21.71,12.0,true,false,true,false,false,true,true,Anemia (Non-Microcytic) - Clinician Review,C-Reactive Protein (CRP),Hb 9.3 below threshold; MCV 82.7 not microcytic - Mentzer not applicable,10000,10000,20000,Enabled - ZainCash 15% Preventive Subsidy
98e500b1-736f-48af-b7f2-f3033cbea46b,10.9,18.1,71.9,2.0,7.8,4.15,10.8,35.8,86.5,26.0,30.1,158.0,12.5,0.15,Normocytic hypochromic anemia,20.84,12.0,true,false,false,false,false,true,false,Anemia (Non-Microcytic) - Clinician Review,None,Hb 10.8 below threshold; MCV 86.5 not microcytic - Mentzer not applicable,10000,0,10000,Standard Clearance
129e6bab-74a6-4204-ab6a-99a6fc2d1742,5.8,24.3,67.1,1.4,3.9,4.27,11.3,39.1,91.6,26.4,28.9,136.0,15.9,0.14,Normocytic hypochromic anemia,21.45,12.0,true,false,false,false,false,true,false,Anemia (Non-Microcytic) - Clinician Review,None,Hb 11.3 below threshold; MCV 91.6 not microcytic - Mentzer not applicable,10000,0,10000,Standard Clearance
096182ba-f217-4ed6-a1aa-b7a5132d0871,6.6,15.6,75.1,1.0,5.0,4.43,9.9,34.9,78.8,22.9,28.3,143.0,17.4,0.16,Iron deficiency anemia,17.79,12.0,true,true,false,false,true,false,false,Suspected Iron Deficiency,Serum Ferritin Test,Hb 9.9 < 12.0; MCV 78.8 < 80; Mentzer 17.79 >= 13,10000,15000,25000,Enabled - ZainCash 15% Preventive Subsidy
77e1d6f6-57f4-4da0-94b7-b036b7e6cc96,8.8,27.1,64.7,2.4,5.7,4.87,13.0,42.8,87.9,26.6,30.3,202.0,13.3,0.19,Healthy,18.05,12.0,false,false,false,false,false,false,false,Within Reference Range,None,All evaluated indices within rule thresholds,10000,0,10000,Standard Clearance
1b501e2c-42f7-469a-a0c6-18ba51c2bfe4,14.5,43.4,51.2,6.3,7.4,5.5,11.8,40.0,72.8,21.4,29.5,148.0,9.7,0.12,Iron deficiency anemia,13.24,12.0,true,true,true,false,true,false,true,Suspected Iron Deficiency,Serum Ferritin Test + C-Reactive Protein (CRP),Hb 11.8 < 12.0; MCV 72.8 < 80; Mentzer 13.24 >= 13,10000,25000,35000,Enabled - ZainCash 15% Preventive Subsidy
f9b360af-4e7e-4123-95b3-42d1bf9f6fa4,7.2,23.4,70.0,1.7,5.0,4.79,13.1,42.1,88.1,27.3,31.1,93.0,12.0,0.08,Thrombocytopenia,18.39,12.0,false,false,false,false,false,false,false,Within Reference Range,None,All evaluated indices within rule thresholds,10000,0,10000,Standard Clearance
56ac7c67-441e-4fa4-a464-44e6a22c84ce,9.8,20.1,71.9,2.0,7.0,5.71,15.4,49.8,87.3,26.9,30.9,181.0,11.5,0.15,Healthy,15.29,12.0,false,false,false,false,false,false,false,Within Reference Range,None,All evaluated indices within rule thresholds,10000,0,10000,Standard Clearance
870fa417-8951-4141-964e-0956d9fa14da,6.7,32.6,61.3,2.2,4.1,5.5,13.2,44.4,80.9,24.0,29.7,198.0,11.0,0.17,Healthy,14.71,12.0,false,false,false,false,false,false,false,Within Reference Range,None,All evaluated indices within rule thresholds,10000,0,10000,Standard Clearance
36102dbb-054d-40bb-95a7-4d6ecacb9606,8.3,21.9,68.8,1.8,5.7,5.38,15.1,47.8,88.9,28.0,31.5,153.0,14.1,0.14,Healthy,16.52,12.0,false,false,false,false,false,false,false,Within Reference Range,None,All evaluated indices within rule thresholds,10000,0,10000,Standard Clearance
30b81110-b999-4f33-8dfe-4c9932127592,7.6,30.6,62.6,2.3,4.8,5.14,12.6,42.4,82.5,24.5,29.7,182.0,11.0,0.16,Normocytic hypochromic anemia,16.05,12.0,false,false,false,false,false,false,false,Within Reference Range,None,All evaluated indices within rule thresholds,10000,0,10000,Standard Clearance
1f0dfef6-f59b-4d7b-a1db-e6d9701e00b9,3.7,28.3,66.5,1.0,2.5,4.55,11.8,39.0,85.9,25.9,30.2,161.0,13.6,0.15,Normocytic hypochromic anemia,18.88,12.0,true,false,false,false,false,true,false,Anemia (Non-Microcytic) - Clinician Review,None,Hb 11.8 below threshold; MCV 85.9 not microcytic - Mentzer not applicable,10000,0,10000,Standard Clearance
f8ac3b9b-e8cf-4589-b9c3-4d83ac49c283,6.8,25.3,66.2,1.7,4.5,4.44,11.5,38.0,85.8,25.9,30.2,186.0,16.7,0.2,Normocytic hypochromic anemia,19.32,12.0,true,false,false,false,false,true,false,Anemia (Non-Microcytic) - Clinician Review,None,Hb 11.5 below threshold; MCV 85.8 not microcytic - Mentzer not applicable,10000,0,10000,Standard Clearance
346e0ba8-ec1b-4bc9-a44a-924d99353a10,6.8,22.6,69.3,1.5,4.7,4.24,11.7,38.1,90.0,27.5,30.7,192.0,12.5,0.18,Normocytic hypochromic anemia,21.23,12.0,true,false,false,false,false,true,false,Anemia (Non-Microcytic) - Clinician Review,None,Hb 11.7 below threshold; MCV 90.0 not microcytic - Mentzer not applicable,10000,0,10000,Standard Clearance
00562245-1fab-452e-b566-62a2d9978e22,13.0,21.9,70.5,2.8,9.2,5.99,15.9,50.4,84.2,26.5,31.5,194.0,12.0,0.18,Leukemia,14.06,12.0,false,false,true,false,false,false,true,Suspected Systemic Inflammation,C-Reactive Protein (CRP),WBC 13.0 > 11,10000,10000,20000,Enabled - ZainCash 15% Preventive Subsidy
a2116679-35e3-418b-9922-9f64158eb2e3,7.0,12.2,81.6,0.9,7.0,4.5,10.7,36.7,81.6,23.7,29.1,251.0,13.3,0.24,Normocytic hypochromic anemia,18.13,12.0,true,false,false,false,false,true,false,Anemia (Non-Microcytic) - Clinician Review,None,Hb 10.7 below threshold; MCV 81.6 not microcytic - Mentzer not applicable,10000,0,10000,Standard Clearance
e425b2ce-7e01-456f-8c15-e503cdbc3406,4.5,34.5,58.7,1.6,2.6,4.73,12.2,40.5,85.7,25.7,30.1,161.0,16.4,0.16,Normocytic hypochromic anemia,18.12,12.0,false,false,false,false,false,false,false,Within Reference Range,None,All evaluated indices within rule thresholds,10000,0,10000,Standard Clearance
d1cfa94e-0a47-4e36-aadb-4b2a4fe3a155,5.2,42.5,51.9,2.2,2.7,4.61,10.0,34.9,75.9,21.6,28.6,177.0,12.5,0.16,Iron deficiency anemia,16.46,12.0,true,true,false,false,true,false,false,Suspected Iron Deficiency,Serum Ferritin Test,Hb 10.0 < 12.0; MCV 75.9 < 80; Mentzer 16.46 >= 13,10000,15000,25000,Enabled - ZainCash 15% Preventive Subsidy
eb424dcd-a37a-44e2-9b5d-2f83ec64a061,3.8,21.6,71.4,0.8,2.7,4.33,10.5,35.5,82.2,24.2,29.5,162.0,14.3,0.16,Normocytic hypochromic anemia,18.98,12.0,true,false,false,false,false,true,false,Anemia (Non-Microcytic) - Clinician Review,None,Hb 10.5 below threshold; MCV 82.2 not microcytic - Mentzer not applicable,10000,0,10000,Standard Clearance
36d282ae-8bdb-4b95-a194-bd3975a278f2,4.8,42.4,52.0,2.0,2.5,4.41,10.3,35.6,80.8,23.3,28.9,204.0,11.0,0.17,Normocytic hypochromic anemia,18.32,12.0,true,false,false,false,false,true,false,Anemia (Non-Microcytic) - Clinician Review,None,Hb 10.3 below threshold; MCV 80.8 not microcytic - Mentzer not applicable,10000,0,10000,Standard Clearance
11712f6f-b35a-498f-ac65-a14054519a0a,4.4,31.8,62.1,1.4,2.7,4.54,10.5,36.6,80.7,23.1,28.6,141.0,15.4,0.14,Normocytic hypochromic anemia,17.78,12.0,true,false,false,false,false,true,false,Anemia (Non-Microcytic) - Clinician Review,None,Hb 10.5 below threshold; MCV 80.7 not microcytic - Mentzer not applicable,10000,0,10000,Standard Clearance
c1f455e5-f1a1-4a39-a7b0-e5f025324243,4.9,16.0,76.0,0.8,3.7,4.68,13.7,43.8,93.8,29.2,31.2,107.0,12.8,0.1,Thrombocytopenia,20.04,12.0,false,false,false,false,false,false,false,Within Reference Range,None,All evaluated indices within rule thresholds,10000,0,10000,Standard Clearance
ac79aec1-6f69-49fe-a66e-9dfc62961ac4,6.2,37.3,56.0,2.3,3.5,5.38,8.6,31.7,59.1,15.9,27.1,240.0,11.5,0.24,Iron deficiency anemia,10.99,12.0,true,true,false,true,false,false,false,Suspected Thalassemia Trait,Hemoglobin Electrophoresis,Hb 8.6 < 12.0; MCV 59.1 < 80; Mentzer 10.99 < 13,10000,25000,35000,Enabled - ZainCash 15% Preventive Subsidy
de7df202-a8fc-4127-8927-27e14dcb5515,8.0,37.3,55.8,3.0,44.0,4.8,10.6,36.2,75.5,22.0,29.2,132.0,12.8,0.12,Iron deficiency anemia,15.73,12.0,true,true,false,false,true,false,false,Suspected Iron Deficiency,Serum Ferritin Test,Hb 10.6 < 12.0; MCV 75.5 < 80; Mentzer 15.73 >= 13,10000,15000,25000,Enabled - ZainCash 15% Preventive Subsidy
f1e2237c-f6ed-4f45-bc0c-021b73ec8393,4.3,43.0,47.5,1.9,2.0,5.29,14.2,45.5,86.2,26.8,31.2,111.0,11.5,0.1,Thrombocytopenia,16.29,12.0,false,false,false,false,false,false,false,Within Reference Range,None,All evaluated indices within rule thresholds,10000,0,10000,Standard Clearance
0ef51f5b-1a9d-4f21-8751-3a5144d0be4a,7.5,32.1,60.9,2.4,4.6,4.57,11.4,38.4,84.2,24.9,29.6,196.0,13.8,0.19,Normocytic hypochromic anemia,18.42,12.0,true,false,false,false,false,true,false,Anemia (Non-Microcytic) - Clinician Review,None,Hb 11.4 below threshold; MCV 84.2 not microcytic - Mentzer not applicable,10000,0,10000,Standard Clearance
0c58d1c5-b234-49ce-b82e-179fd839ee9d,4.5,38.2,54.6,1.7,2.5,4.19,11.4,37.2,88.8,27.2,30.6,143.0,11.8,0.13,Normocytic hypochromic anemia,21.19,12.0,true,false,false,false,false,true,false,Anemia (Non-Microcytic) - Clinician Review,None,Hb 11.4 below threshold; MCV 88.8 not microcytic - Mentzer not applicable,10000,0,10000,Standard Clearance
37f69439-db68-4e42-bd99-5a0f749134a2,7.2,44.5,48.9,3.2,3.5,5.01,13.3,42.3,84.6,26.5,31.4,225.0,11.3,0.19,Healthy,16.89,12.0,false,false,false,false,false,false,false,Within Reference Range,None,All evaluated indices within rule thresholds,10000,0,10000,Standard Clearance
d311d7a6-28c9-4494-a98b-f2f6e80b0423,6.9,26.6,65.8,1.18,4.6,3.77,7.7,27.7,73.7,20.4,27.7,236.0,16.7,0.24,Iron deficiency anemia,19.55,12.0,true,true,false,false,true,false,false,Suspected Iron Deficiency,Serum Ferritin Test,Hb 7.7 < 12.0; MCV 73.7 < 80; Mentzer 19.55 >= 13,10000,15000,25000,Enabled - ZainCash 15% Preventive Subsidy
01f4b591-3dee-4afd-8f4c-412b20b06b67,9.0,15.7,79.5,1.4,7.2,4.31,10.8,36.1,83.9,25.0,29.9,166.0,17.7,0.17,Normocytic hypochromic anemia,19.47,12.0,true,false,false,false,false,true,false,Anemia (Non-Microcytic) - Clinician Review,None,Hb 10.8 below threshold; MCV 83.9 not microcytic - Mentzer not applicable,10000,0,10000,Standard Clearance
dcbd9375-3b7a-46df-9c39-ab945cbf534a,7.5,11.4,79.0,0.9,5.9,4.94,10.9,36.5,74.0,22.0,29.8,208.0,15.1,0.21,Iron deficiency anemia,14.98,12.0,true,true,false,false,true,false,false,Suspected Iron Deficiency,Serum Ferritin Test,Hb 10.9 < 12.0; MCV 74.0 < 80; Mentzer 14.98 >= 13,10000,15000,25000,Enabled - ZainCash 15% Preventive Subsidy
de286870-831b-4a2c-be33-6d69a0d89a31,6.2,24.6,68.4,1.5,4.3,4.67,12.7,40.8,87.5,27.1,31.1,167.0,14.6,0.16,Normocytic hypochromic anemia,18.74,12.0,false,false,false,false,false,false,false,Within Reference Range,None,All evaluated indices within rule thresholds,10000,0,10000,Standard Clearance
3c73ce4f-0a3d-4b4e-8e98-5d7cf95cc533,4.7,37.5,53.9,1.8,2.5,4.3,11.6,37.0,86.2,26.9,31.3,202.0,11.8,0.17,Normocytic hypochromic anemia,20.05,12.0,true,false,false,false,false,true,false,Anemia (Non-Microcytic) - Clinician Review,None,Hb 11.6 below threshold; MCV 86.2 not microcytic - Mentzer not applicable,10000,0,10000,Standard Clearance
976a163d-e4ed-4432-a2eb-d110b3ac465b,5.1,38.3,53.7,2.0,2.7,4.43,11.7,38.3,86.6,26.4,30.5,206.0,11.8,0.18,Normocytic hypochromic anemia,19.55,12.0,true,false,false,false,false,true,false,Anemia (Non-Microcytic) - Clinician Review,None,Hb 11.7 below threshold; MCV 86.6 not microcytic - Mentzer not applicable,10000,0,10000,Standard Clearance
2e152b8f-0f2c-40c9-b21c-49a741e439e4,8.0,48.2,45.8,3.9,3.6,3.95,9.3,30.8,78.0,23.5,30.1,163.0,9.5,0.13,Iron deficiency anemia,19.75,12.0,true,true,false,false,true,false,false,Suspected Iron Deficiency,Serum Ferritin Test,Hb 9.3 < 12.0; MCV 78.0 < 80; Mentzer 19.75 >= 13,10000,15000,25000,Enabled - ZainCash 15% Preventive Subsidy
6d2ae0be-67b1-464f-a88b-83af9f8d606b,6.9,33.3,59.1,2.3,4.1,4.93,13.4,42.2,85.7,27.1,31.7,185.0,10.7,0.16,Healthy,17.38,12.0,false,false,false,false,false,false,false,Within Reference Range,None,All evaluated indices within rule thresholds,10000,0,10000,Standard Clearance
9f9b4a3b-7007-409b-9ef6-17438de8238e,5.1,39.4,54.0,2.0,2.8,4.66,12.5,39.7,85.4,26.8,31.4,184.0,14.9,0.19,Normocytic hypochromic anemia,18.33,12.0,false,false,false,false,false,false,false,Within Reference Range,None,All evaluated indices within rule thresholds,10000,0,10000,Standard Clearance
37f59281-aa42-44ea-830f-e0c63e021dc9,8.5,33.9,58.4,2.9,4.9,3.94,7.4,27.5,69.9,18.7,26.9,271.0,13.6,0.25,Iron deficiency anemia,17.74,12.0,true,true,false,false,true,false,false,Suspected Iron Deficiency,Serum Ferritin Test,Hb 7.4 < 12.0; MCV 69.9 < 80; Mentzer 17.74 >= 13,10000,15000,25000,Enabled - ZainCash 15% Preventive Subsidy
2b6c2194-0728-4e06-a30e-5c588c242c96,5.4,42.5,50.2,3.0,2.7,4.52,12.1,39.4,87.3,26.7,30.7,183.0,15.6,0.18,Normocytic hypochromic anemia,19.31,12.0,false,false,false,false,false,false,false,Within Reference Range,None,All evaluated indices within rule thresholds,10000,0,10000,Standard Clearance
0c56d6fe-bdaa-4658-b583-5c27fe8d32cf,5.0,30.1,62.5,1.5,3.1,4.54,10.0,35.0,77.3,22.0,28.5,222.0,15.9,0.22,Iron deficiency anemia,17.03,12.0,true,true,false,false,true,false,false,Suspected Iron Deficiency,Serum Ferritin Test,Hb 10.0 < 12.0; MCV 77.3 < 80; Mentzer 17.03 >= 13,10000,15000,25000,Enabled - ZainCash 15% Preventive Subsidy
48aa43db-f6d9-460e-a591-4e9bb09c9469,5.5,26.7,66.6,1.5,3.6,3.66,6.3,24.7,67.6,17.2,25.5,195.0,14.1,0.17,Iron deficiency anemia,18.47,12.0,true,true,false,false,true,false,false,Suspected Iron Deficiency,Serum Ferritin Test,Hb 6.3 < 12.0; MCV 67.6 < 80; Mentzer 18.47 >= 13,10000,15000,25000,Enabled - ZainCash 15% Preventive Subsidy
d1a9194e-4f9b-47a0-969c-0813218729c5,7.7,38.1,54.7,2.9,4.2,4.44,9.3,32.1,72.3,20.9,28.9,133.0,12.8,0.13,Iron deficiency anemia,16.28,12.0,true,true,false,false,true,false,false,Suspected Iron Deficiency,Serum Ferritin Test,Hb 9.3 < 12.0; MCV 72.3 < 80; Mentzer 16.28 >= 13,10000,15000,25000,Enabled - ZainCash 15% Preventive Subsidy
21a545e9-7635-4331-a426-e2dc78ece32e,6.7,15.6,77.5,1.1,5.1,4.61,12.5,39.0,84.7,27.1,32.0,153.0,11.8,0.14,Normocytic normochromic anemia,18.37,12.0,false,false,false,false,false,false,false,Within Reference Range,None,All evaluated indices within rule thresholds,10000,0,10000,Standard Clearance
bbad2c18-f75d-4855-88c2-64d7210925b4,10.0,48.2,50.1,4.3,5.0,2.77,7.3,24.2,87.7,26.3,30.1,189.0,12.5,0.17,Normocytic hypochromic anemia,31.66,12.0,true,false,false,false,false,true,false,Anemia (Non-Microcytic) - Clinician Review,None,Hb 7.3 below threshold; MCV 87.7 not microcytic - Mentzer not applicable,10000,0,10000,Standard Clearance
4e0a9df5-6cd1-4c24-951c-c76bac40a1b5,10.0,42.4,52.3,4.2,5.3,2.84,7.3,25.0,88.2,25.7,29.2,180.0,12.5,0.16,Normocytic hypochromic anemia,31.06,12.0,true,false,false,false,false,true,false,Anemia (Non-Microcytic) - Clinician Review,None,Hb 7.3 below threshold; MCV 88.2 not microcytic - Mentzer not applicable,10000,0,10000,Standard Clearance
b9132433-fe5e-45d3-a613-612021983735,6.0,30.2,63.5,1.8,3.8,4.22,9.8,32.8,77.9,23.2,29.8,143.0,11.3,0.12,Iron deficiency anemia,18.46,12.0,true,true,false,false,true,false,false,Suspected Iron Deficiency,Serum Ferritin Test,Hb 9.8 < 12.0; MCV 77.9 < 80; Mentzer 18.46 >= 13,10000,15000,25000,Enabled - ZainCash 15% Preventive Subsidy
eba9b6ee-1f14-43f6-9e96-c4c59db9503e,4.2,39.1,53.7,1.6,2.3,3.93,9.4,31.6,80.6,23.9,29.7,236.0,12.8,0.22,Normocytic hypochromic anemia,20.51,12.0,true,false,false,false,false,true,false,Anemia (Non-Microcytic) - Clinician Review,None,Hb 9.4 below threshold; MCV 80.6 not microcytic - Mentzer not applicable,10000,0,10000,Standard Clearance
60c4d603-d363-4e40-ad8e-a494b2318a55,6.6,27.3,65.4,1.8,4.3,3.96,8.8,29.7,75.2,22.2,29.6,207.0,11.5,0.18,Iron deficiency anemia,18.99,12.0,true,true,false,false,true,false,false,Suspected Iron Deficiency,Serum Ferritin Test,Hb 8.8 < 12.0; MCV 75.2 < 80; Mentzer 18.99 >= 13,10000,15000,25000,Enabled - ZainCash 15% Preventive Subsidy
055b677b-6755-47e5-bac6-6e01702945e3,5.5,21.9,71.1,1.2,3.9,5.09,13.2,42.2,83.1,25.9,31.2,173.0,13.3,0.16,Healthy,16.33,12.0,false,false,false,false,false,false,false,Within Reference Range,None,All evaluated indices within rule thresholds,10000,0,10000,Standard Clearance
ef8c875a-e275-4bde-85fb-86129b4fa01e,10.5,12.4,79.0,1.3,8.3,4.57,12.4,38.9,85.3,27.1,31.8,12.4,8.6,11.3,Normocytic hypochromic anemia,18.67,12.0,false,false,false,false,false,false,false,Within Reference Range,None,All evaluated indices within rule thresholds,10000,0,10000,Standard Clearance
0e1d13b6-a9fc-4565-b3c7-01e03ae9fee1,5.6,35.6,56.9,2.0,3.2,4.31,11.0,36.3,84.3,25.5,30.3,171.0,13.1,0.15,Normocytic hypochromic anemia,19.56,12.0,true,false,false,false,false,true,false,Anemia (Non-Microcytic) - Clinician Review,None,Hb 11.0 below threshold; MCV 84.3 not microcytic - Mentzer not applicable,10000,0,10000,Standard Clearance
077157eb-26bc-4b5f-9799-ef220a7a660e,4.0,12.7,79.4,0.5,3.2,4.25,11.3,35.9,84.5,26.5,31.4,110.0,14.3,0.1,Normocytic hypochromic anemia,19.88,12.0,true,false,false,false,false,true,false,Anemia (Non-Microcytic) - Clinician Review,None,Hb 11.3 below threshold; MCV 84.5 not microcytic - Mentzer not applicable,10000,0,10000,Standard Clearance
7e4dee80-a865-4756-a867-a0265e08c1f2,7.4,10.5,81.0,0.8,6.0,4.41,11.2,35.6,80.9,25.3,31.4,110.0,14.6,0.11,Normocytic hypochromic anemia,18.34,12.0,true,false,false,false,false,true,false,Anemia (Non-Microcytic) - Clinician Review,None,Hb 11.2 below threshold; MCV 80.9 not microcytic - Mentzer not applicable,10000,0,10000,Standard Clearance
d4f6382f-1919-4685-83e0-c2ac10761f7b,8.0,13.6,77.9,1.1,6.2,5.26,14.0,42.1,80.2,26.6,33.2,168.0,13.1,0.15,Healthy,15.25,12.0,false,false,false,false,false,false,false,Within Reference Range,None,All evaluated indices within rule thresholds,10000,0,10000,Standard Clearance
bc69a0ff-a073-4ff0-a32b-e3665440a6e7,10.1,26.2,65.5,2.6,6.7,5.11,15.1,43.5,85.3,29.5,34.7,202.0,14.3,0.2,Leukemia,16.69,12.0,false,false,false,false,false,false,false,Within Reference Range,None,All evaluated indices within rule thresholds,10000,0,10000,Standard Clearance
15815105-7f85-40b3-9514-e612277089a4,10.6,54.5,39.3,5.8,4.1,4.45,9.3,29.2,65.9,20.7,31.0,402.0,13.3,0.33,Iron deficiency anemia,14.81,12.0,true,true,false,false,true,false,false,Suspected Iron Deficiency,Serum Ferritin Test,Hb 9.3 < 12.0; MCV 65.9 < 80; Mentzer 14.81 >= 13,10000,15000,25000,Enabled - ZainCash 15% Preventive Subsidy
debb8c92-aad8-45ae-9edc-bb9c21f15a62,8.0,26.0,67.0,2.1,5.3,4.64,13.0,40.1,86.6,28.0,32.4,186.0,13.1,0.18,Healthy,18.66,12.0,false,false,false,false,false,false,false,Within Reference Range,None,All evaluated indices within rule thresholds,10000,0,10000,Standard Clearance
40a64864-3638-46d5-a7ec-a45629696794,13.0,12.7,79.3,1.7,10.3,4.97,11.2,36.1,72.7,22.5,31.0,153.0,12.3,0.13,Iron deficiency anemia,14.63,12.0,true,true,true,false,true,false,true,Suspected Iron Deficiency,Serum Ferritin Test + C-Reactive Protein (CRP),Hb 11.2 < 12.0; MCV 72.7 < 80; Mentzer 14.63 >= 13,10000,25000,35000,Enabled - ZainCash 15% Preventive Subsidy
30834258-3556-4899-ac3f-97bbf6f743a0,11.5,47.0,45.5,5.4,5.2,3.91,9.6,29.4,75.3,24.5,32.6,205.0,12.3,0.18,Other microcytic anemia,19.26,12.0,true,true,true,false,true,false,true,Suspected Iron Deficiency,Serum Ferritin Test + C-Reactive Protein (CRP),Hb 9.6 < 12.0; MCV 75.3 < 80; Mentzer 19.26 >= 13,10000,25000,35000,Enabled - ZainCash 15% Preventive Subsidy
fb3ebb7f-5d15-4a98-90cc-a3b1f4ac917a,6.7,40.2,51.4,2.7,3.4,4.69,13.3,40.2,85.9,28.3,33.0,177.0,15.6,0.18,Healthy,18.32,12.0,false,false,false,false,false,false,false,Within Reference Range,None,All evaluated indices within rule thresholds,10000,0,10000,Standard Clearance
5a12fd7a-e560-464f-80e8-c7ecd0dd6ed0,9.0,33.6,58.8,3.0,5.3,4.76,11.5,37.3,78.5,24.1,30.8,210.0,11.8,0.18,Iron deficiency anemia,16.49,12.0,true,true,false,false,true,false,false,Suspected Iron Deficiency,Serum Ferritin Test,Hb 11.5 < 12.0; MCV 78.5 < 80; Mentzer 16.49 >= 13,10000,15000,25000,Enabled - ZainCash 15% Preventive Subsidy
60096af7-6575-46a1-868e-d9f31fd5df34,6.8,23.7,70.0,1.6,4.8,3.85,10.3,33.5,87.2,26.7,30.7,134.0,13.6,0.12,Normocytic hypochromic anemia,22.65,12.0,true,false,false,false,false,true,false,Anemia (Non-Microcytic) - Clinician Review,None,Hb 10.3 below threshold; MCV 87.2 not microcytic - Mentzer not applicable,10000,0,10000,Standard Clearance
b1f56443-ced3-471b-8d31-d8a9a2d24ac7,10.0,42.4,52.3,4.2,5.3,2.84,7.3,25.0,88.2,25.7,29.2,180.0,12.5,0.16,Normocytic hypochromic anemia,31.06,12.0,true,false,false,false,false,true,false,Anemia (Non-Microcytic) - Clinician Review,None,Hb 7.3 below threshold; MCV 88.2 not microcytic - Mentzer not applicable,10000,0,10000,Standard Clearance
e1163029-95a3-47b8-82d9-6947e8a4cc43,4.2,39.1,5317.0,1.6,2.3,3.93,9.4,31.6,80.6,23.9,29.7,236.0,12.8,0.22,Normocytic hypochromic anemia,20.51,12.0,true,false,false,false,false,true,false,Anemia (Non-Microcytic) - Clinician Review,None,Hb 9.4 below threshold; MCV 80.6 not microcytic - Mentzer not applicable,10000,0,10000,Standard Clearance
59384c0d-9256-40de-8493-919e5f7cd7cd,12.3,20.7,71.2,2.6,8.7,2.26,16.5,50.2,86.9,28.5,32.8,190.0,14.1,0.18,Leukemia,38.45,12.0,false,false,true,false,false,false,true,Suspected Systemic Inflammation,C-Reactive Protein (CRP),WBC 12.3 > 11,10000,10000,20000,Enabled - ZainCash 15% Preventive Subsidy
e613e390-e307-4e58-bca1-504115f9adcd,5.6,29.4,63.3,1.6,3.6,4.0,10.3,33.9,84.8,25.7,30.3,164.0,19.2,0.18,Normocytic hypochromic anemia,21.2,12.0,true,false,false,false,false,true,false,Anemia (Non-Microcytic) - Clinician Review,None,Hb 10.3 below threshold; MCV 84.8 not microcytic - Mentzer not applicable,10000,0,10000,Standard Clearance
139fbdb6-c4a2-4a21-a7cd-f267315a8178,7.2,34.2,58.1,2.5,4.1,5.34,14.2,45.6,85.5,26.5,31.1,185.0,16.7,0.19,Healthy,16.01,12.0,false,false,false,false,false,false,false,Within Reference Range,None,All evaluated indices within rule thresholds,10000,0,10000,Standard Clearance
79940814-baae-471d-8ff8-29f3ac381a99,8.8,13.1,78.7,1.2,6.9,4.65,13.7,43.1,92.7,29.4,31.7,150.0,11.0,0.13,Healthy,19.94,12.0,false,false,false,false,false,false,false,Within Reference Range,None,All evaluated indices within rule thresholds,10000,0,10000,Standard Clearance
8f406a6e-e5d7-41bc-9ed5-6d3f238c59d1,7.3,22.9,69.8,1.7,5.1,5.69,14.5,48.0,85.3,25.7,30.2,161.0,16.1,0.17,Healthy,14.99,12.0,false,false,false,false,false,false,false,Within Reference Range,None,All evaluated indices within rule thresholds,10000,0,10000,Standard Clearance
bcb7f0ae-e5f4-4575-9433-a8dee90d02a4,5.2,39.0,53.3,2.0,2.8,4.97,9.8,33.8,68.1,19.7,28.9,207.0,12.8,0.19,Iron deficiency anemia,13.7,12.0,true,true,false,false,true,false,false,Suspected Iron Deficiency,Serum Ferritin Test,Hb 9.8 < 12.0; MCV 68.1 < 80; Mentzer 13.7 >= 13,10000,15000,25000,Enabled - ZainCash 15% Preventive Subsidy
28ad2206-2d92-4ec9-b639-4c026cb3798f,4.8,44.5,50.0,2.1,2.4,4.43,10.6,35.2,79.6,23.9,30.1,139.0,11.5,0.12,Iron deficiency anemia,17.97,12.0,true,true,false,false,true,false,false,Suspected Iron Deficiency,Serum Ferritin Test,Hb 10.6 < 12.0; MCV 79.6 < 80; Mentzer 17.97 >= 13,10000,15000,25000,Enabled - ZainCash 15% Preventive Subsidy
0567668a-ccbd-45c4-bdd9-6d03b12dbca2,9.3,19.3,72.5,1.8,6.7,5.39,15.1,46.1,85.7,28.0,32.7,143.0,11.3,0.12,Thrombocytopenia,15.9,12.0,false,false,false,false,false,false,false,Within Reference Range,None,All evaluated indices within rule thresholds,10000,0,10000,Standard Clearance
8b3974b9-51a0-479f-aa64-0d07e3b74637,13.2,46.4,45.8,6.1,6.1,4.16,10.7,35.1,84.6,25.7,30.4,178.0,14.9,0.18,Normocytic hypochromic anemia,20.34,12.0,true,false,true,false,false,true,true,Anemia (Non-Microcytic) - Clinician Review,C-Reactive Protein (CRP),Hb 10.7 below threshold; MCV 84.6 not microcytic - Mentzer not applicable,10000,10000,20000,Enabled - ZainCash 15% Preventive Subsidy
0bb77728-2293-4f7e-8e0e-747a2f7082f2,9.1,8.9,86.1,0.8,7.8,4.66,10.0,34.6,74.4,21.4,28.9,312.0,12.3,0.28,Iron deficiency anemia,15.97,12.0,true,true,false,false,true,false,false,Suspected Iron Deficiency,Serum Ferritin Test,Hb 10.0 < 12.0; MCV 74.4 < 80; Mentzer 15.97 >= 13,10000,15000,25000,Enabled - ZainCash 15% Preventive Subsidy
277f3785-adec-4112-93bc-a9e932b088e6,7.6,27.1,64.5,2.1,4.9,4.89,10.6,37.2,76.2,21.6,28.4,192.0,15.1,0.19,Iron deficiency anemia,15.58,12.0,true,true,false,false,true,false,false,Suspected Iron Deficiency,Serum Ferritin Test,Hb 10.6 < 12.0; MCV 76.2 < 80; Mentzer 15.58 >= 13,10000,15000,25000,Enabled - ZainCash 15% Preventive Subsidy
246b9c9a-7fbb-488d-a9f7-37c7827b6d76,7.6,26.0,68.3,2.0,5.2,5.09,14.1,44.3,87.2,27.7,31.8,173.0,11.0,0.15,Healthy,17.13,12.0,false,false,false,false,false,false,false,Within Reference Range,None,All evaluated indices within rule thresholds,10000,0,10000,Standard Clearance
5ef63a87-3d1a-486f-9683-cfff65405fc3,11.5,20.6,68.9,2.4,17.9,6.67,13.0,46.2,69.3,19.4,28.1,390.0,15.1,0.35,Leukemia,10.39,12.0,false,true,true,false,false,false,true,Suspected Systemic Inflammation,C-Reactive Protein (CRP),WBC 11.5 > 11,10000,10000,20000,Enabled - ZainCash 15% Preventive Subsidy
dd7db5ff-c47d-4f93-b1f4-a0db136f8d5c,5.4,27.8,65.8,1.5,3.6,4.45,11.3,37.4,84.2,25.3,30.2,166.0,13.6,0.15,Normocytic hypochromic anemia,18.92,12.0,true,false,false,false,false,true,false,Anemia (Non-Microcytic) - Clinician Review,None,Hb 11.3 below threshold; MCV 84.2 not microcytic - Mentzer not applicable,10000,0,10000,Standard Clearance
2c33c729-bad0-46b0-a2ae-e9c673f3a35e,7.7,24.8,61.8,1.9,4.8,4.73,12.1,39.6,83.9,25.5,30.5,161.0,14.6,0.16,Normocytic hypochromic anemia,17.74,12.0,false,false,false,false,false,false,false,Within Reference Range,None,All evaluated indices within rule thresholds,10000,0,10000,Standard Clearance
bd62662e-2d5a-4fdd-b396-a421a5b03b2f,7.2,19.6,72.8,1.4,5.3,4.5,11.7,38.6,85.8,26.0,30.3,238.0,14.6,0.23,Normocytic hypochromic anemia,19.07,12.0,true,false,false,false,false,true,false,Anemia (Non-Microcytic) - Clinician Review,None,Hb 11.7 below threshold; MCV 85.8 not microcytic - Mentzer not applicable,10000,0,10000,Standard Clearance
1dc8b40d-fb91-401c-b0a4-ad8cf690704f,4.1,12.1,80.4,0.5,3.3,4.35,10.6,35.0,80.6,24.3,30.2,157.0,12.8,0.15,Normocytic hypochromic anemia,18.53,12.0,true,false,false,false,false,true,false,Anemia (Non-Microcytic) - Clinician Review,None,Hb 10.6 below threshold; MCV 80.6 not microcytic - Mentzer not applicable,10000,0,10000,Standard Clearance
3b34f955-089c-41cb-bd51-1a53ea8adb84,10.9,15.6,74.6,1.7,8.1,5.74,15.3,49.5,86.3,26.6,30.9,99.0,12.8,0.09,Leukemia with thrombocytopenia,15.03,12.0,false,false,false,false,false,false,false,Within Reference Range,None,All evaluated indices within rule thresholds,10000,0,10000,Standard Clearance
c6da51c9-49c4-44da-ad2a-b463920d9255,10.8,17.5,70.2,1.9,7.6,5.5,15.2,46.8,85.2,27.6,32.4,86.0,12.0,0.08,Leukemia with thrombocytopenia,15.49,12.0,false,false,false,false,false,false,false,Within Reference Range,None,All evaluated indices within rule thresholds,10000,0,10000,Standard Clearance
5967db00-da23-4fc6-a856-948804286714,10.4,18.2,71.1,1.9,7.4,5.37,15.2,45.5,84.9,28.3,33.4,93.0,13.3,0.09,Leukemia with thrombocytopenia,15.81,12.0,false,false,false,false,false,false,false,Within Reference Range,None,All evaluated indices within rule thresholds,10000,0,10000,Standard Clearance
dd0729d2-9f2b-41c6-806a-f156a9478bdc,10.5,16.5,75.0,1.7,79.0,5.54,14.9,47.2,85.3,26.8,31.5,89.0,10.5,0.08,Leukemia with thrombocytopenia,15.4,12.0,false,false,false,false,false,false,false,Within Reference Range,None,All evaluated indices within rule thresholds,10000,0,10000,Standard Clearance
55b779ea-30fe-4443-8b2d-a58c02615f17,9.0,18.6,74.3,1.7,6.7,4.73,13.1,30.2,63.9,17.1,26.8,260.0,12.5,0.22,Iron deficiency anemia,13.51,12.0,false,true,false,false,false,false,false,Within Reference Range,None,All evaluated indices within rule thresholds,10000,0,10000,Standard Clearance
67d8d20b-ebf6-41d3-a6c8-9629e6d9ed8c,10.8,20.7,70.9,2.2,7.7,4.59,13.0,41.4,90.3,28.3,31.4,264.0,12.5,0.24,Leukemia,19.67,12.0,false,false,false,false,false,false,false,Within Reference Range,None,All evaluated indices within rule thresholds,10000,0,10000,Standard Clearance
e3c74c8e-1404-4a2c-83f2-3ff941d3873b,5.5,26.9,65.8,1.5,3.6,4.93,11.6,39.0,79.3,23.5,29.7,148.0,15.1,0.14,Iron deficiency anemia,16.09,12.0,true,true,false,false,true,false,false,Suspected Iron Deficiency,Serum Ferritin Test,Hb 11.6 < 12.0; MCV 79.3 < 80; Mentzer 16.09 >= 13,10000,15000,25000,Enabled - ZainCash 15% Preventive Subsidy
cf570706-8b34-4b1a-93d8-7cd5e0c39ff7,4.2,31.3,60.6,1.3,2.6,5.0,13.7,43.4,86.8,27.4,31.5,146.0,12.5,0.13,Thrombocytopenia,17.36,12.0,false,false,false,false,false,false,false,Within Reference Range,None,All evaluated indices within rule thresholds,10000,0,10000,Standard Clearance
5a506e14-3adc-4d4b-ab78-681ac3bcc288,9.9,29.5,60.2,2.9,6.0,4.94,12.6,40.9,82.9,25.5,30.8,130.0,14.1,0.13,Normocytic hypochromic anemia,16.78,12.0,false,false,false,false,false,false,false,Within Reference Range,None,All evaluated indices within rule thresholds,10000,0,10000,Standard Clearance
857beafe-aab3-4a3c-b4fb-b860b17c351c,6.4,30.4,62.1,1.9,4.0,4.49,8.2,29.2,65.12,18.2,28.0,165.0,12.5,0.15,Iron deficiency anemia,14.5,12.0,true,true,false,false,true,false,false,Suspected Iron Deficiency,Serum Ferritin Test,Hb 8.2 < 12.0; MCV 65.12 < 80; Mentzer 14.5 >= 13,10000,15000,25000,Enabled - ZainCash 15% Preventive Subsidy
f866276b-c55e-42ef-b1e9-b440c549f70b,11.5,20.6,68.9,2.4,7.9,6.67,13.0,46.2,69.3,19.4,28.1,390.0,15.1,0.35,Leukemia,10.39,12.0,false,true,true,false,false,false,true,Suspected Systemic Inflammation,C-Reactive Protein (CRP),WBC 11.5 > 11,10000,10000,20000,Enabled - ZainCash 15% Preventive Subsidy
3188d0cb-b152-4ddf-8ed7-205d92d2f228,5.4,27.8,65.8,1.5,3.6,4.45,11.3,37.4,84.2,25.3,30.2,166.0,13.6,0.15,Normocytic hypochromic anemia,18.92,12.0,true,false,false,false,false,true,false,Anemia (Non-Microcytic) - Clinician Review,None,Hb 11.3 below threshold; MCV 84.2 not microcytic - Mentzer not applicable,10000,0,10000,Standard Clearance
56b0621c-c3d8-4dd1-8be9-389a86ff0d5a,7.2,19.6,72.8,14.0,5.3,4.5,11.7,38.6,85.8,26.0,30.3,238.0,14.6,0.23,Normocytic hypochromic anemia,19.07,12.0,true,false,false,false,false,true,false,Anemia (Non-Microcytic) - Clinician Review,None,Hb 11.7 below threshold; MCV 85.8 not microcytic - Mentzer not applicable,10000,0,10000,Standard Clearance
4f9516a6-6e94-4c48-a3ce-f331f9df56de,4.1,12.1,30.4,0.5,3.3,4.35,10.6,35.0,80.6,24.3,30.2,157.0,12.8,0.15,Normocytic hypochromic anemia,18.53,12.0,true,false,false,false,false,true,false,Anemia (Non-Microcytic) - Clinician Review,None,Hb 10.6 below threshold; MCV 80.6 not microcytic - Mentzer not applicable,10000,0,10000,Standard Clearance
f6b628f0-486c-44e4-ac7c-2b5f83dbaaf1,4.9,9.8,82.7,0.5,4.0,4.83,9.3,32.1,66.6,19.2,28.9,127.0,13.1,0.13,Iron deficiency anemia,13.79,12.0,true,true,false,false,true,false,false,Suspected Iron Deficiency,Serum Ferritin Test,Hb 9.3 < 12.0; MCV 66.6 < 80; Mentzer 13.79 >= 13,10000,15000,25000,Enabled - ZainCash 15% Preventive Subsidy
4c023d54-8d21-40a2-8f2f-9a13848a696d,7.9,42.7,51.9,3.4,4.1,4.5,9.5,32.6,72.5,21.1,29.1,199.0,11.8,0.18,Iron deficiency anemia,16.11,12.0,true,true,false,false,true,false,false,Suspected Iron Deficiency,Serum Ferritin Test,Hb 9.5 < 12.0; MCV 72.5 < 80; Mentzer 16.11 >= 13,10000,15000,25000,Enabled - ZainCash 15% Preventive Subsidy
95db2630-845f-4e22-88d7-b6752b68d1d2,6.2,22.4,70.7,1.4,4.4,5.43,15.4,48.9,90.2,28.3,31.4,140.0,97.0,0.11,Thrombocytopenia,16.61,12.0,false,false,false,false,false,false,false,Within Reference Range,None,All evaluated indices within rule thresholds,10000,0,10000,Standard Clearance
1dcbca9b-a4dd-4f22-a6e4-8272afe1392e,7.2,41.6,47.8,3.0,3.4,3.1,5.8,22.8,73.9,18.6,25.0,429.0,17.4,0.44,Iron deficiency anemia,23.84,12.0,true,true,false,false,true,false,false,Suspected Iron Deficiency,Serum Ferritin Test,Hb 5.8 < 12.0; MCV 73.9 < 80; Mentzer 23.84 >= 13,10000,15000,25000,Enabled - ZainCash 15% Preventive Subsidy
43a42ad0-7890-4c80-9f20-ea4566cc9455,5.0,44.6,45.6,2.2,2.3,4.0,9.0,17.0,74.3,17.2,22.9,295.0,16.1,0.3,Iron deficiency anemia,18.58,12.0,true,true,false,false,true,false,false,Suspected Iron Deficiency,Serum Ferritin Test,Hb 9.0 < 12.0; MCV 74.3 < 80; Mentzer 18.58 >= 13,10000,15000,25000,Enabled - ZainCash 15% Preventive Subsidy
bb2b9b99-d856-4a5e-998d-77fdcee0e72b,5.1,32.0,60.5,1.6,3.1,5.38,14.6,45.8,85.2,27.1,31.8,182.0,11.8,0.16,Healthy,15.84,12.0,false,false,false,false,false,false,false,Within Reference Range,None,All evaluated indices within rule thresholds,10000,0,10000,Standard Clearance
236fd352-3c8d-4c8e-a29e-182c965d0f6d,8.8,26.5,64.6,2.3,5.7,3.89,11.3,34.4,88.6,29.0,32.8,207.0,11.5,0.18,Normocytic normochromic anemia,22.78,12.0,true,false,false,false,false,true,false,Anemia (Non-Microcytic) - Clinician Review,None,Hb 11.3 below threshold; MCV 88.6 not microcytic - Mentzer not applicable,10000,0,10000,Standard Clearance
1efb3e25-bd83-4048-8292-4f88d06f0549,10.3,10.8,78.4,1.1,8.1,4.82,14.6,43.1,89.6,30.2,33.8,149.0,11.5,0.12,Leukemia with thrombocytopenia,18.59,12.0,false,false,false,false,false,false,false,Within Reference Range,None,All evaluated indices within rule thresholds,10000,0,10000,Standard Clearance
d508498e-3e50-46f8-998f-bb3196bf4e56,8.7,19.6,72.7,1.7,6.3,5.37,14.2,44.1,82.3,26.4,32.1,152.0,16.4,0.16,Healthy,15.33,12.0,false,false,false,false,false,false,false,Within Reference Range,None,All evaluated indices within rule thresholds,10000,0,10000,Standard Clearance
5f697ef3-7937-48ae-86d9-18d98231990f,8.8,11.0,81.2,1.0,7.1,4.8,13.4,41.5,86.5,27.9,32.2,162.0,12.8,0.14,Healthy,18.02,12.0,false,false,false,false,false,false,false,Within Reference Range,None,All evaluated indices within rule thresholds,10000,0,10000,Standard Clearance
285859f1-e777-46c3-a74e-5dda856c2f13,6.8,19.2,73.8,1.3,5.0,4.77,11.7,37.5,78.8,24.5,31.2,182.0,10.7,0.16,Iron deficiency anemia,16.52,12.0,true,true,false,false,true,false,false,Suspected Iron Deficiency,Serum Ferritin Test,Hb 11.7 < 12.0; MCV 78.8 < 80; Mentzer 16.52 >= 13,10000,15000,25000,Enabled - ZainCash 15% Preventive Subsidy
988ee33a-c03f-4e77-b803-3b574b015187,6.4,29.3,62.4,1.9,4.0,5.39,15.1,46.3,85.9,28.0,32.6,107.0,11.5,0.09,Thrombocytopenia,15.94,12.0,false,false,false,false,false,false,false,Within Reference Range,None,All evaluated indices within rule thresholds,10000,0,10000,Standard Clearance
a256bd32-0866-439e-bd69-56e1adec3303,4.7,38.2,52.3,1.8,2.5,4.37,11.1,36.5,83.7,25.4,30.4,177.0,13.3,0.17,Normocytic hypochromic anemia,19.15,12.0,true,false,false,false,false,true,false,Anemia (Non-Microcytic) - Clinician Review,None,Hb 11.1 below threshold; MCV 83.7 not microcytic - Mentzer not applicable,10000,0,10000,Standard Clearance
41f02843-3b39-4520-846d-1220a9713558,9.0,22.6,70.8,2.0,6.4,4.49,10.5,35.2,78.6,23.3,29.8,224.0,13.3,0.21,Iron deficiency anemia,17.51,12.0,true,true,false,false,true,false,false,Suspected Iron Deficiency,Serum Ferritin Test,Hb 10.5 < 12.0; MCV 78.6 < 80; Mentzer 17.51 >= 13,10000,15000,25000,Enabled - ZainCash 15% Preventive Subsidy
af86740d-7497-4775-9ff7-7eb311c9489e,5.5,30.1,62.5,1.7,3.4,5.25,14.6,45.5,86.7,27.8,32.0,140.0,12.3,0.12,Thrombocytopenia,16.51,12.0,false,false,false,false,false,false,false,Within Reference Range,None,All evaluated indices within rule thresholds,10000,0,10000,Standard Clearance
6731d33b-d224-4cc6-9a4d-01dab31cfcf5,5.2,46.9,46.1,2.4,4.4,4.7,11.8,38.5,80.9,24.7,30.6,121.0,12.8,0.11,Normocytic hypochromic anemia,17.21,12.0,true,false,false,false,false,true,false,Anemia (Non-Microcytic) - Clinician Review,None,Hb 11.8 below threshold; MCV 80.9 not microcytic - Mentzer not applicable,10000,0,10000,Standard Clearance
c743f141-7877-4f95-aea9-cdc21a047b14,7.6,28.6,65.2,2.2,4.9,4.62,6.6,27.3,59.2,14.2,24.1,257.0,11.3,0.23,Iron deficiency anemia,12.81,12.0,true,true,false,true,false,false,false,Suspected Thalassemia Trait,Hemoglobin Electrophoresis,Hb 6.6 < 12.0; MCV 59.2 < 80; Mentzer 12.81 < 13,10000,25000,35000,Enabled - ZainCash 15% Preventive Subsidy
ee470c0f-2fc2-44b8-a6c5-1f264867eb28,5.9,16.2,78.4,1.0,4.6,4.27,11.3,36.5,85.7,26.4,30.9,155.0,13.1,0.15,Normocytic hypochromic anemia,20.07,12.0,true,false,false,false,false,true,false,Anemia (Non-Microcytic) - Clinician Review,None,Hb 11.3 below threshold; MCV 85.7 not microcytic - Mentzer not applicable,10000,0,10000,Standard Clearance
b24f5879-974d-435d-97a7-2e973d6dfcab,10.4,11.7,80.1,1.2,8.3,4.82,14.5,43.7,90.8,30.0,33.1,69.0,17.4,0.08,Leukemia with thrombocytopenia,18.84,12.0,false,false,false,false,false,false,false,Within Reference Range,None,All evaluated indices within rule thresholds,10000,0,10000,Standard Clearance
06fa546f-918c-4bc1-924d-aec6f62082e8,5.9,16.2,78.4,1.0,4.6,4.27,11.3,36.5,85.7,26.4,30.9,155.0,13.1,0.15,Normocytic hypochromic anemia,20.07,12.0,true,false,false,false,false,true,false,Anemia (Non-Microcytic) - Clinician Review,None,Hb 11.3 below threshold; MCV 85.7 not microcytic - Mentzer not applicable,10000,0,10000,Standard Clearance
bfc5ffbf-fa46-4443-b27d-67dac473c509,4.7,28.1,65.4,1.3,3.1,4.05,10.5,33.7,83.3,25.9,31.1,145.0,14.3,0.14,Normocytic hypochromic anemia,20.57,12.0,true,false,false,false,false,true,false,Anemia (Non-Microcytic) - Clinician Review,None,Hb 10.5 below threshold; MCV 83.3 not microcytic - Mentzer not applicable,10000,0,10000,Standard Clearance
7ceabcd4-6593-42f0-874f-c939258120c9,10.9,11.9,79.5,1.2,3.4,4.89,14.5,14.0,91.2,90.0,32.9,45.0,21.8,0.05,Normocytic normochromic anemia,18.65,12.0,false,false,false,false,false,false,false,Within Reference Range,None,All evaluated indices within rule thresholds,10000,0,10000,Standard Clearance
09a3a77d-26b4-4bdd-bbb2-981ab85140ff,9.6,14.5,80.6,1.4,7.7,5.13,14.6,44.5,86.8,28.4,92.8,230.0,11.5,0.2,Healthy,16.92,12.0,false,false,false,false,false,false,false,Within Reference Range,None,All evaluated indices within rule thresholds,10000,0,10000,Standard Clearance
21726494-8fd4-4dba-b0cc-7656b1f27890,7.0,31.2,60.0,2.2,4.2,4.7,11.9,37.8,80.5,25.3,31.4,226.0,16.4,0.25,Normocytic hypochromic anemia,17.13,12.0,true,false,false,false,false,true,false,Anemia (Non-Microcytic) - Clinician Review,None,Hb 11.9 below threshold; MCV 80.5 not microcytic - Mentzer not applicable,10000,0,10000,Standard Clearance
6e22952e-bae0-4165-9aea-d46b940ba405,10.1,16.2,77.7,1.6,7.9,5.19,14.9,44.5,86.8,29.0,33.4,217.0,11.8,0.19,Leukemia,16.72,12.0,false,false,false,false,false,false,false,Within Reference Range,None,All evaluated indices within rule thresholds,10000,0,10000,Standard Clearance
d18a5417-9957-4568-8102-4cd0dae8c2fc,6.9,15.2,75.8,1.1,5.2,4.09,11.9,37.2,91.0,29.0,31.9,131.0,10.0,0.11,Normocytic hypochromic anemia,22.25,12.0,true,false,false,false,false,true,false,Anemia (Non-Microcytic) - Clinician Review,None,Hb 11.9 below threshold; MCV 91.0 not microcytic - Mentzer not applicable,10000,0,10000,Standard Clearance
d5284a75-4372-452e-b4e5-ce3159e9e44e,6.3,16.3,76.2,1.0,4.8,4.92,13.4,42.9,87.3,27.2,31.2,151.0,10.2,0.12,Healthy,17.74,12.0,false,false,false,false,false,false,false,Within Reference Range,None,All evaluated indices within rule thresholds,10000,0,10000,Standard Clearance
f7d7f684-da31-4302-8ed2-568a73c45dee,4.3,35.8,58.2,1.5,2.5,5.21,12.6,40.1,77.0,24.1,31.4,153.0,12.5,0.14,Iron deficiency anemia,14.78,12.0,false,true,false,false,false,false,false,Within Reference Range,None,All evaluated indices within rule thresholds,10000,0,10000,Standard Clearance
68b0c7f2-d3b5-4c2d-9334-f040fa8492d4,10.9,51.5,42.2,5.6,4.6,4.58,7.7,28.6,62.6,16.7,26.3,300.0,14.6,0.26,Iron deficiency anemia,13.67,12.0,true,true,false,false,true,false,false,Suspected Iron Deficiency,Serum Ferritin Test,Hb 7.7 < 12.0; MCV 62.6 < 80; Mentzer 13.67 >= 13,10000,15000,25000,Enabled - ZainCash 15% Preventive Subsidy
8bbf49bf-39a7-44e6-b9e5-8bbbdf7760d9,4.2,35.8,58.3,1.5,2.5,5.17,12.5,39.8,77.0,24.1,31.4,155.0,13.1,0.14,Iron deficiency anemia,14.89,12.0,false,true,false,false,false,false,false,Within Reference Range,None,All evaluated indices within rule thresholds,10000,0,10000,Standard Clearance
b846da62-b8ea-455b-8604-2057a5a92459,10.0,37.9,55.5,2.5,3.6,4.6,11.2,35.2,76.6,24.3,31.8,224.0,11.0,0.2,Iron deficiency anemia,16.65,12.0,true,true,false,false,true,false,false,Suspected Iron Deficiency,Serum Ferritin Test,Hb 11.2 < 12.0; MCV 76.6 < 80; Mentzer 16.65 >= 13,10000,15000,25000,Enabled - ZainCash 15% Preventive Subsidy
0dd45a2d-09b7-4953-bd2a-387169abf7bc,5.8,27.7,66.8,1.6,3.9,3.94,10.8,34.6,87.9,27.4,31.2,170.0,12.3,0.15,Normocytic hypochromic anemia,22.31,12.0,true,false,false,false,false,true,false,Anemia (Non-Microcytic) - Clinician Review,None,Hb 10.8 below threshold; MCV 87.9 not microcytic - Mentzer not applicable,10000,0,10000,Standard Clearance
943959fc-bc26-4b2e-a831-680f3c80bbc1,9.5,11.6,82.8,1.1,7.9,4.38,11.4,39.2,89.6,26.0,29.0,164.0,13.3,0.16,Normocytic hypochromic anemia,20.46,12.0,true,false,false,false,false,true,false,Anemia (Non-Microcytic) - Clinician Review,None,Hb 11.4 below threshold; MCV 89.6 not microcytic - Mentzer not applicable,10000,0,10000,Standard Clearance
90a53911-7e08-4e28-ba7f-5b3b079c01af,2.9,35.6,56.6,1.0,1.7,4.86,14.0,43.9,90.4,28.8,31.8,90.0,12.8,0.08,Thrombocytopenia,18.6,12.0,false,false,false,false,false,false,false,Within Reference Range,None,All evaluated indices within rule thresholds,10000,0,10000,Standard Clearance
3a006e70-605d-438c-859b-009449b35a38,5.4,36.5,55.0,2.0,2.9,4.42,10.9,37.6,85.1,24.6,28.9,184.0,13.1,0.18,Normocytic hypochromic anemia,19.25,12.0,true,false,false,false,false,true,false,Anemia (Non-Microcytic) - Clinician Review,None,Hb 10.9 below threshold; MCV 85.1 not microcytic - Mentzer not applicable,10000,0,10000,Standard Clearance
38f307ac-3ffe-4d63-8dd6-ff427ad022b7,5.1,37.6,54.3,1.9,2.8,4.11,10.3,34.5,84.0,25.0,29.8,173.0,13.6,0.16,Normocytic hypochromic anemia,20.44,12.0,true,false,false,false,false,true,false,Anemia (Non-Microcytic) - Clinician Review,None,Hb 10.3 below threshold; MCV 84.0 not microcytic - Mentzer not applicable,10000,0,10000,Standard Clearance
300bba58-aa4e-480b-aaee-a582e3dd6560,11.4,10.9,83.4,1.2,9.6,5.15,12.5,40.3,78.3,24.2,31.0,158.0,14.6,0.15,Iron deficiency anemia,15.2,12.0,false,true,true,false,false,false,true,Suspected Systemic Inflammation,C-Reactive Protein (CRP),WBC 11.4 > 11,10000,10000,20000,Enabled - ZainCash 15% Preventive Subsidy
21301004-707e-4966-8cd2-5fac1c7f0e3a,7.8,24.3,66.9,1.9,5.2,4.48,8.3,29.8,66.6,18.5,27.8,354.0,13.1,0.35,Iron deficiency anemia,14.87,12.0,true,true,false,false,true,false,false,Suspected Iron Deficiency,Serum Ferritin Test,Hb 8.3 < 12.0; MCV 66.6 < 80; Mentzer 14.87 >= 13,10000,15000,25000,Enabled - ZainCash 15% Preventive Subsidy
4380c6bf-1488-4da3-8b22-87cb054226d0,7.9,23.0,68.7,1.8,5.4,4.51,8.4,30.1,66.8,18.6,27.9,325.0,15.4,0.3,Iron deficiency anemia,14.81,12.0,true,true,false,false,true,false,false,Suspected Iron Deficiency,Serum Ferritin Test,Hb 8.4 < 12.0; MCV 66.8 < 80; Mentzer 14.81 >= 13,10000,15000,25000,Enabled - ZainCash 15% Preventive Subsidy
798007cf-2798-4f85-b92a-8010d766d302,8.2,17.3,76.2,1.4,6.3,4.58,13.0,40.6,88.7,28.3,32.0,181.0,11.3,0.16,Healthy,19.37,12.0,false,false,false,false,false,false,false,Within Reference Range,None,All evaluated indices within rule thresholds,10000,0,10000,Standard Clearance
9e81d439-5e64-433d-8942-61c0c14badf6,5.5,30.4,61.9,1.7,3.4,4.79,13.8,41.7,87.2,28.8,33.0,177.0,12.3,0.16,Healthy,18.2,12.0,false,false,false,false,false,false,false,Within Reference Range,None,All evaluated indices within rule thresholds,10000,0,10000,Standard Clearance
8eb8ecb4-60fe-43cf-a281-252aa5fe4bf5,21.1,23.2,67.6,4.9,14.2,1.42,3.1,10.1,71.8,21.8,30.6,250.0,12.0,0.22,Iron deficiency anemia,50.56,12.0,true,true,true,false,true,false,true,Suspected Iron Deficiency,Serum Ferritin Test + C-Reactive Protein (CRP),Hb 3.1 < 12.0; MCV 71.8 < 80; Mentzer 50.56 >= 13,10000,25000,35000,Enabled - ZainCash 15% Preventive Subsidy
19e856fb-b271-4f08-9819-bd325aac29e5,5.5,37.9,54.3,2.1,3.0,5.21,14.5,44.3,85.1,27.8,32.7,132.0,13.3,0.12,Thrombocytopenia,16.33,12.0,false,false,false,false,false,false,false,Within Reference Range,None,All evaluated indices within rule thresholds,10000,0,10000,Standard Clearance
c8aea8f7-7648-481d-938e-ac5a3df681c2,5.7,38.2,51.0,2.2,2.9,5.25,14.9,45.9,87.5,28.3,32.4,134.0,14.3,0.13,Thrombocytopenia,16.67,12.0,false,false,false,false,false,false,false,Within Reference Range,None,All evaluated indices within rule thresholds,10000,0,10000,Standard Clearance
2381c7ec-8897-41a4-806f-88fbb7f29018,6.3,26.1,66.5,1.6,4.2,4.37,9.9,33.2,76.2,22.6,29.8,205.0,14.3,0.2,Iron deficiency anemia,17.44,12.0,true,true,false,false,true,false,false,Suspected Iron Deficiency,Serum Ferritin Test,Hb 9.9 < 12.0; MCV 76.2 < 80; Mentzer 17.44 >= 13,10000,15000,25000,Enabled - ZainCash 15% Preventive Subsidy
c4dceec7-5dc2-4006-9e20-4e1d65b4cd2b,3.8,26.9,65.1,1.0,2.5,4.4,12.2,36.9,83.9,27.7,33.0,126.0,17.4,0.13,Normocytic normochromic anemia,19.07,12.0,false,false,false,false,false,false,false,Within Reference Range,None,All evaluated indices within rule thresholds,10000,0,10000,Standard Clearance
253c2769-4027-4c46-9ebd-d3e42b783da2,10.6,19.8,73.0,2.1,7.7,5.23,10.8,34.7,66.5,20.6,31.1,127.0,16.9,0.11,Iron deficiency anemia,12.72,12.0,true,true,false,true,false,false,false,Suspected Thalassemia Trait,Hemoglobin Electrophoresis,Hb 10.8 < 12.0; MCV 66.5 < 80; Mentzer 12.72 < 13,10000,25000,35000,Enabled - ZainCash 15% Preventive Subsidy
81961c71-fff9-4717-9660-6ca47ed60152,11.7,24.1,67.5,2.8,7.9,4.35,13.5,38.9,89.5,31.0,34.7,106.0,17.7,0.11,Normocytic normochromic anemia,20.57,12.0,false,false,true,false,false,false,true,Suspected Systemic Inflammation,C-Reactive Protein (CRP),WBC 11.7 > 11,10000,10000,20000,Enabled - ZainCash 15% Preventive Subsidy
85034676-8cca-4633-ad1c-0c0269a50c71,5.5,25.0,68.5,1.4,3.7,4.19,11.8,37.6,89.9,28.1,31.3,137.0,19.2,0.15,Normocytic hypochromic anemia,21.46,12.0,true,false,false,false,false,true,false,Anemia (Non-Microcytic) - Clinician Review,None,Hb 11.8 below threshold; MCV 89.9 not microcytic - Mentzer not applicable,10000,0,10000,Standard Clearance
26a4f30c-3835-4da9-96e3-09292a62e872,7.0,28.2,64.3,2.0,4.5,4.58,12.0,38.5,84.2,26.2,31.1,228.0,17.9,0.24,Normocytic hypochromic anemia,18.38,12.0,false,false,false,false,false,false,false,Within Reference Range,None,All evaluated indices within rule thresholds,10000,0,10000,Standard Clearance
6a43708e-34c9-45dd-b43b-24dc6ecdc2a7,6.7,28.0,64.7,1.9,4.3,4.64,12.2,39.2,84.5,26.2,31.1,235.0,17.4,0.25,Normocytic hypochromic anemia,18.21,12.0,false,false,false,false,false,false,false,Within Reference Range,None,All evaluated indices within rule thresholds,10000,0,10000,Standard Clearance
f56caad2-bc5f-411f-b69e-d1c931d328b3,6.0,16.7,73.9,1.0,4.4,5.2,15.0,45.5,87.5,28.8,32.9,127.0,13.6,0.12,Thrombocytopenia,16.83,12.0,false,false,false,false,false,false,false,Within Reference Range,None,All evaluated indices within rule thresholds,10000,0,10000,Standard Clearance
0770557d-73d8-4b10-a717-349ec7e0b977,4.5,13.0,82.1,0.6,3.7,4.22,11.0,36.1,85.7,26.0,30.4,161.0,15.9,0.16,Normocytic hypochromic anemia,20.31,12.0,true,false,false,false,false,true,false,Anemia (Non-Microcytic) - Clinician Review,None,Hb 11.0 below threshold; MCV 85.7 not microcytic - Mentzer not applicable,10000,0,10000,Standard Clearance
04232530-fed1-4e40-9649-f42deaf76064,7.6,35.6,57.5,2.7,4.4,4.59,10.3,36.3,79.1,22.4,28.3,122.0,17.7,0.12,Iron deficiency anemia,17.23,12.0,true,true,false,false,true,false,false,Suspected Iron Deficiency,Serum Ferritin Test,Hb 10.3 < 12.0; MCV 79.1 < 80; Mentzer 17.23 >= 13,10000,15000,25000,Enabled - ZainCash 15% Preventive Subsidy
b108537f-2ac6-4f1c-948b-58f4ea43b614,6.0,39.2,53.7,2.4,3.2,4.42,9.1,32.4,73.4,20.5,28.0,238.0,18.2,0.24,Iron deficiency anemia,16.61,12.0,true,true,false,false,true,false,false,Suspected Iron Deficiency,Serum Ferritin Test,Hb 9.1 < 12.0; MCV 73.4 < 80; Mentzer 16.61 >= 13,10000,15000,25000,Enabled - ZainCash 15% Preventive Subsidy
31c2eac8-21b7-4ff2-8b4d-43e17cb85f47,7.8,24.5,69.9,1.9,5.5,4.4,10.2,35.8,81.4,23.1,28.4,168.0,12.5,0.15,Normocytic hypochromic anemia,18.5,12.0,true,false,false,false,false,true,false,Anemia (Non-Microcytic) - Clinician Review,None,Hb 10.2 below threshold; MCV 81.4 not microcytic - Mentzer not applicable,10000,0,10000,Standard Clearance
5da581db-c36d-444f-a52b-62f41708c871,8.8,55.1,38.2,4.8,3.4,5.93,6.9,33.1,56.1,11.4,20.3,429.0,10.0,0.36,Iron deficiency anemia,9.46,12.0,true,true,false,true,false,false,false,Suspected Thalassemia Trait,Hemoglobin Electrophoresis,Hb 6.9 < 12.0; MCV 56.1 < 80; Mentzer 9.46 < 13,10000,25000,35000,Enabled - ZainCash 15% Preventive Subsidy
aafb82ae-6f11-463d-ab10-59de655b1329,4.6,42.3,50.7,1.9,2.4,5.54,13.8,45.0,81.3,24.9,30.6,115.0,15.9,0.12,Thrombocytopenia,14.68,12.0,false,false,false,false,false,false,false,Within Reference Range,None,All evaluated indices within rule thresholds,10000,0,10000,Standard Clearance
1563cf79-f69b-4cf8-9c58-d0617e1f0dc4,3.8,30.0,63.2,1.1,2.4,4.48,11.8,36.9,82.4,26.3,31.9,186.0,13.3,0.17,Normocytic hypochromic anemia,18.39,12.0,true,false,false,false,false,true,false,Anemia (Non-Microcytic) - Clinician Review,None,Hb 11.8 below threshold; MCV 82.4 not microcytic - Mentzer not applicable,10000,0,10000,Standard Clearance
30a8fdd5-1a57-463a-95ba-79a3ac635d37,4.5,24.3,66.5,1.1,3.0,4.34,10.7,35.4,81.7,24.6,30.2,85.0,16.7,0.09,Normocytic hypochromic anemia,18.82,12.0,true,false,false,false,false,true,false,Anemia (Non-Microcytic) - Clinician Review,None,Hb 10.7 below threshold; MCV 81.7 not microcytic - Mentzer not applicable,10000,0,10000,Standard Clearance
7b8100e3-e048-4660-8354-5c6ce369e139,4.7,28.4,63.7,1.3,3.0,5.17,15.1,44.9,87.0,29.2,33.6,140.0,12.8,0.13,Thrombocytopenia,16.83,12.0,false,false,false,false,false,false,false,Within Reference Range,None,All evaluated indices within rule thresholds,10000,0,10000,Standard Clearance
30645a64-1ee7-43ff-84a2-24f3125c999f,8.0,11.6,81.0,0.9,6.5,5.09,14.8,45.8,90.1,29.0,32.3,199.0,15.4,0.2,Healthy,17.7,12.0,false,false,false,false,false,false,false,Within Reference Range,None,All evaluated indices within rule thresholds,10000,0,10000,Standard Clearance
1d5d1258-d1d9-4dab-9480-606654a8e239,7.1,29.5,62.6,2.1,4.4,5.28,15.4,46.6,88.4,29.1,33.0,173.0,11.0,0.15,Healthy,16.74,12.0,false,false,false,false,false,false,false,Within Reference Range,None,All evaluated indices within rule thresholds,10000,0,10000,Standard Clearance
5c3e67eb-54aa-4a28-a69c-69d7dff3a517,8.3,26.7,68.2,2.2,5.7,3.82,9.8,32.5,85.1,25.6,30.1,144.0,14.1,0.13,Normocytic hypochromic anemia,22.28,12.0,true,false,false,false,false,true,false,Anemia (Non-Microcytic) - Clinician Review,None,Hb 9.8 below threshold; MCV 85.1 not microcytic - Mentzer not applicable,10000,0,10000,Standard Clearance
1e77d3c1-f520-4242-87c3-b0b076dda899,7.2,23.0,69.9,1.7,5.0,5.01,15.5,47.2,94.4,30.9,32.8,153.0,9.7,0.12,Healthy,18.84,12.0,false,false,false,false,false,false,false,Within Reference Range,None,All evaluated indices within rule thresholds,10000,0,10000,Standard Clearance
936a14a6-013b-48be-8e4d-ca93b1044654,9.8,13.4,78.8,1.3,7.7,4.47,11.3,37.0,82.8,25.2,30.5,138.0,14.6,0.14,Normocytic hypochromic anemia,18.52,12.0,true,false,false,false,false,true,false,Anemia (Non-Microcytic) - Clinician Review,None,Hb 11.3 below threshold; MCV 82.8 not microcytic - Mentzer not applicable,10000,0,10000,Standard Clearance
dffe7edd-ec18-4740-9936-4ae933a0e435,6.6,22.0,71.7,1.5,4.7,4.48,12.4,39.5,88.3,27.6,31.3,197.0,11.3,0.16,Normocytic hypochromic anemia,19.71,12.0,false,false,false,false,false,false,false,Within Reference Range,None,All evaluated indices within rule thresholds,10000,0,10000,Standard Clearance
181c11b8-ef74-4e76-a12f-04854e2d550b,6.0,34.7,58.4,2.1,3.5,4.94,13.3,42.6,86.4,26.9,31.2,182.0,11.5,0.16,Healthy,17.49,12.0,false,false,false,false,false,false,false,Within Reference Range,None,All evaluated indices within rule thresholds,10000,0,10000,Standard Clearance
5d465abb-f91d-4556-8de6-8023d20fa93f,7.2,29.7,61.6,2.1,4.5,4.71,12.0,39.9,84.9,25.4,30.0,160.0,14.1,0.16,Normocytic hypochromic anemia,18.03,12.0,false,false,false,false,false,false,false,Within Reference Range,None,All evaluated indices within rule thresholds,10000,0,10000,Standard Clearance
e1cdfd72-b946-40ac-bc0b-9e6eff73cfc0,6.2,16.3,77.2,1.0,4.8,3.85,9.3,31.5,82.0,24.1,29.5,161.0,12.3,0.15,Normocytic hypochromic anemia,21.3,12.0,true,false,false,false,false,true,false,Anemia (Non-Microcytic) - Clinician Review,None,Hb 9.3 below threshold; MCV 82.0 not microcytic - Mentzer not applicable,10000,0,10000,Standard Clearance
340fef13-3c2a-4f66-a282-2be9f7affec5,8.5,28.8,67.1,2.5,5.7,4.53,10.8,37.1,82.0,23.8,29.1,161.0,13.6,0.15,Normocytic hypochromic anemia,18.1,12.0,true,false,false,false,false,true,false,Anemia (Non-Microcytic) - Clinician Review,None,Hb 10.8 below threshold; MCV 82.0 not microcytic - Mentzer not applicable,10000,0,10000,Standard Clearance
74223833-815e-4489-9dfb-7b19f496e58e,5.3,29.3,64.0,1.6,3.3,4.63,10.0,34.4,74.3,21.5,29.0,172.0,13.3,0.16,Iron deficiency anemia,16.05,12.0,true,true,false,false,true,false,false,Suspected Iron Deficiency,Serum Ferritin Test,Hb 10.0 < 12.0; MCV 74.3 < 80; Mentzer 16.05 >= 13,10000,15000,25000,Enabled - ZainCash 15% Preventive Subsidy
13b80782-cb0d-4ac3-9295-bf973447be57,8.7,18.2,74.3,1.6,6.4,4.28,10.4,34.7,81.2,24.2,29.9,132.0,15.1,0.13,Normocytic hypochromic anemia,18.97,12.0,true,false,false,false,false,true,false,Anemia (Non-Microcytic) - Clinician Review,None,Hb 10.4 below threshold; MCV 81.2 not microcytic - Mentzer not applicable,10000,0,10000,Standard Clearance
dc0332f6-6a82-4ae3-bfe6-4bee622e4dbe,6.7,33.7,58.9,2.3,3.9,4.94,8.6,31.0,62.9,17.4,27.7,213.0,13.3,0.21,Iron deficiency anemia,12.73,12.0,true,true,false,true,false,false,false,Suspected Thalassemia Trait,Hemoglobin Electrophoresis,Hb 8.6 < 12.0; MCV 62.9 < 80; Mentzer 12.73 < 13,10000,25000,35000,Enabled - ZainCash 15% Preventive Subsidy
3bf992e5-7f60-4797-a4ad-ee23265e07a5,7.5,23.4,70.3,1.8,5.2,4.88,13.7,43.0,88.2,28.0,31.8,131.0,17.7,0.14,Thrombocytopenia,18.07,12.0,false,false,false,false,false,false,false,Within Reference Range,None,All evaluated indices within rule thresholds,10000,0,10000,Standard Clearance
e28c21c1-653a-4477-81ba-a972d9b71c6c,7.0,21.7,69.8,1.5,4.9,4.72,14.4,42.8,90.7,30.5,33.6,87.0,10.2,0.07,Thrombocytopenia,19.22,12.0,false,false,false,false,false,false,false,Within Reference Range,None,All evaluated indices within rule thresholds,10000,0,10000,Standard Clearance
76ff510f-7e88-4095-9da4-fc04ebdc2d4c,4.5,25.8,64.4,1.2,2.9,4.13,10.5,34.3,83.2,25.4,30.6,128.0,12.8,0.12,Normocytic hypochromic anemia,20.15,12.0,true,false,false,false,false,true,false,Anemia (Non-Microcytic) - Clinician Review,None,Hb 10.5 below threshold; MCV 83.2 not microcytic - Mentzer not applicable,10000,0,10000,Standard Clearance
b8b26c48-ab07-4d07-9d30-8769f4f5e8ab,6.1,33.5,58.8,2.0,3.6,4.92,14.1,42.9,87.2,28.6,32.8,160.0,14.9,0.16,Healthy,17.72,12.0,false,false,false,false,false,false,false,Within Reference Range,None,All evaluated indices within rule thresholds,10000,0,10000,Standard Clearance
f4ba4fbb-3fee-4a57-bd3c-b6d93cb2db14,6.5,32.5,59.7,2.1,3.9,4.24,12.5,37.1,87.5,29.4,33.6,155.0,12.0,0.14,Normocytic normochromic anemia,20.64,12.0,false,false,false,false,false,false,false,Within Reference Range,None,All evaluated indices within rule thresholds,10000,0,10000,Standard Clearance
b7b6fdc6-93c7-43a5-815c-7ab254645ed8,8.6,19.4,71.4,1.7,6.1,5.12,14.1,43.5,85.1,27.5,32.4,181.0,15.9,0.19,Healthy,16.62,12.0,false,false,false,false,false,false,false,Within Reference Range,None,All evaluated indices within rule thresholds,10000,0,10000,Standard Clearance
e0f0f12a-dd6b-47ab-80d6-e2a8beb948df,7.5,23.2,71.1,1.7,5.4,4.76,13.6,41.9,88.1,28.5,32.4,132.0,16.4,0.13,Thrombocytopenia,18.51,12.0,false,false,false,false,false,false,false,Within Reference Range,None,All evaluated indices within rule thresholds,10000,0,10000,Standard Clearance
9725592f-db84-48c2-abc5-c4b6cd006142,5.1,36.9,54.9,1.9,2.8,5.07,14.0,42.8,84.6,27.6,32.7,120.0,19.0,0.13,Thrombocytopenia,16.69,12.0,false,false,false,false,false,false,false,Within Reference Range,None,All evaluated indices within rule thresholds,10000,0,10000,Standard Clearance
814f588b-8d38-4ef3-8bf1-646c0f312ae7,9.0,20.4,70.5,1.8,6.4,5.2,14.0,44.4,85.5,26.9,31.5,189.0,17.2,0.19,Healthy,16.44,12.0,false,false,false,false,false,false,false,Within Reference Range,None,All evaluated indices within rule thresholds,10000,0,10000,Standard Clearance
5967b853-dcc1-45b9-9a58-af29c1aace06,10.5,24.5,67.2,2.6,7.0,5.27,12.3,39.5,75.1,23.3,31.1,171.0,12.8,0.16,Iron deficiency anemia,14.25,12.0,false,true,false,false,false,false,false,Within Reference Range,None,All evaluated indices within rule thresholds,10000,0,10000,Standard Clearance
2dd00d9a-a6c4-43dd-8f9f-2c8888ba217f,5.5,13.1,79.4,1.6,4.4,4.83,12.0,38.6,80.0,24.8,31.0,170.0,12.0,0.15,Normocytic hypochromic anemia,16.56,12.0,false,false,false,false,false,false,false,Within Reference Range,None,All evaluated indices within rule thresholds,10000,0,10000,Standard Clearance
18512880-1959-451c-9153-b4fe5a20ab13,7.6,31.6,60.4,2.4,4.6,5.01,13.1,41.4,82.8,26.1,31.6,171.0,14.9,0.17,Healthy,16.53,12.0,false,false,false,false,false,false,false,Within Reference Range,None,All evaluated indices within rule thresholds,10000,0,10000,Standard Clearance
d88ef920-f9e6-4fd6-82d8-9d4eecf74269,10.0,15.2,77.4,1.5,7.8,4.71,11.6,37.7,80.1,24.6,30.7,176.0,15.6,0.18,Normocytic hypochromic anemia,17.01,12.0,true,false,false,false,false,true,false,Anemia (Non-Microcytic) - Clinician Review,None,Hb 11.6 below threshold; MCV 80.1 not microcytic - Mentzer not applicable,10000,0,10000,Standard Clearance
dd05660e-5848-410d-8782-98ea01fc6c34,5.5,12.5,79.8,0.7,4.4,4.88,12.2,39.1,80.2,25.0,31.2,157.0,12.8,0.14,Normocytic hypochromic anemia,16.43,12.0,false,false,false,false,false,false,false,Within Reference Range,None,All evaluated indices within rule thresholds,10000,0,10000,Standard Clearance
fbc88cf6-9b0e-4c0e-a850-c23ce5347897,7.4,25.9,67.1,1.9,5.0,5.29,10.3,34.8,65.8,19.4,29.5,37.0,8.4,0.03,Iron deficiency anemia,12.44,12.0,true,true,false,true,false,false,false,Suspected Thalassemia Trait,Hemoglobin Electrophoresis,Hb 10.3 < 12.0; MCV 65.8 < 80; Mentzer 12.44 < 13,10000,25000,35000,Enabled - ZainCash 15% Preventive Subsidy
21f9aef3-7ab7-4cc2-bf16-f5ecb269d72d,4.1,30.7,60.2,1.3,2.4,3.62,12.2,36.5,101.1,33.7,33.4,130.0,10.7,0.11,Macrocytic anemia,27.93,12.0,false,false,false,false,false,false,false,Within Reference Range,None,All evaluated indices within rule thresholds,10000,0,10000,Standard Clearance
3776d3eb-f7db-424e-b79f-818ff3b794b2,6.9,11.0,79.1,0.8,5.4,4.75,13.6,41.8,88.0,28.6,32.5,148.0,12.0,0.13,Thrombocytopenia,18.53,12.0,false,false,false,false,false,false,false,Within Reference Range,None,All evaluated indices within rule thresholds,10000,0,10000,Standard Clearance
df82882b-0b7c-49a3-85d1-7b44543edda2,7.1,28.1,63.2,2.0,4.5,4.69,10.5,34.9,74.5,22.3,30.0,193.0,13.1,0.18,Iron deficiency anemia,15.88,12.0,true,true,false,false,true,false,false,Suspected Iron Deficiency,Serum Ferritin Test,Hb 10.5 < 12.0; MCV 74.5 < 80; Mentzer 15.88 >= 13,10000,15000,25000,Enabled - ZainCash 15% Preventive Subsidy
4b32bf9c-5e6e-4242-8750-9411230a7224,11.6,10.5,80.2,1.2,9.3,5.24,14.2,45.2,86.4,27.0,31.4,140.0,17.9,0.15,Leukemia with thrombocytopenia,16.49,12.0,false,false,true,false,false,false,true,Suspected Systemic Inflammation,C-Reactive Protein (CRP),WBC 11.6 > 11,10000,10000,20000,Enabled - ZainCash 15% Preventive Subsidy
83605689-ab99-43ee-8cb7-2c8f6549fc2b,45.7,91.4,7.6,41.8,4.0,5.19,9.8,33.5,64.7,18.8,29.2,213.0,13.1,0.21,Iron deficiency anemia,12.47,12.0,true,true,true,true,false,false,true,Suspected Thalassemia Trait,Hemoglobin Electrophoresis + C-Reactive Protein (CRP),Hb 9.8 < 12.0; MCV 64.7 < 80; Mentzer 12.47 < 13,10000,35000,45000,Enabled - ZainCash 15% Preventive Subsidy
340ebace-18c4-4427-bb47-7e839d105f2a,6.3,48.1,41.1,3.0,2.6,5.29,10.0,34.3,65.0,18.9,29.1,40.0,11.3,0.04,Iron deficiency anemia,12.29,12.0,true,true,false,true,false,false,false,Suspected Thalassemia Trait,Hemoglobin Electrophoresis,Hb 10.0 < 12.0; MCV 65.0 < 80; Mentzer 12.29 < 13,10000,25000,35000,Enabled - ZainCash 15% Preventive Subsidy
cc928149-7e2e-4def-973c-566bbf42ef11,6.2,23.6,69.8,1.5,4.3,4.33,12.0,38.5,89.0,27.7,31.1,225.0,11.3,0.2,Normocytic hypochromic anemia,20.55,12.0,false,false,false,false,false,false,false,Within Reference Range,None,All evaluated indices within rule thresholds,10000,0,10000,Standard Clearance
fc3c1176-79f1-40e8-948c-c1712e6e754b,6.7,23.8,67.2,1.6,4.5,5.07,13.1,42.2,83.4,25.8,31.0,126.0,14.3,0.12,Thrombocytopenia,16.45,12.0,false,false,false,false,false,false,false,Within Reference Range,None,All evaluated indices within rule thresholds,10000,0,10000,Standard Clearance
42c94e58-c92a-4106-81f8-d58b5c830141,7.7,25.4,64.9,2.0,4.9,4.05,9.4,32.2,79.7,23.2,29.1,134.0,11.3,0.12,Iron deficiency anemia,19.68,12.0,true,true,false,false,true,false,false,Suspected Iron Deficiency,Serum Ferritin Test,Hb 9.4 < 12.0; MCV 79.7 < 80; Mentzer 19.68 >= 13,10000,15000,25000,Enabled - ZainCash 15% Preventive Subsidy
7149ee11-c8de-4b60-add2-cf15fc761034,6.9,20.2,72.5,1.4,5.0,4.1,10.8,35.4,86.4,26.3,30.5,153.0,14.3,0.15,Normocytic hypochromic anemia,21.07,12.0,true,false,false,false,false,true,false,Anemia (Non-Microcytic) - Clinician Review,None,Hb 10.8 below threshold; MCV 86.4 not microcytic - Mentzer not applicable,10000,0,10000,Standard Clearance
cff7fafb-ae8e-4e78-b68d-e4793310ec33,5.0,37.1,56.3,1.9,2.8,4.93,11.9,39.4,80.0,241.0,30.2,240.0,12.8,0.22,Normocytic hypochromic anemia,16.23,12.0,true,false,false,false,false,true,false,Anemia (Non-Microcytic) - Clinician Review,None,Hb 11.9 below threshold; MCV 80.0 not microcytic - Mentzer not applicable,10000,0,10000,Standard Clearance
9481349b-990a-46ba-8b4e-01f025e737bb,9.0,24.7,69.0,2.2,6.2,5.16,14.3,44.7,86.7,27.7,31.9,182.0,12.3,0.16,Healthy,16.8,12.0,false,false,false,false,false,false,false,Within Reference Range,None,All evaluated indices within rule thresholds,10000,0,10000,Standard Clearance
0d8a0c08-eac0-43e7-a82c-b475744ad4e7,7.1,17.5,73.8,1.2,5.3,4.14,8.9,30.7,74.2,21.4,28.9,275.0,13.6,0.26,Iron deficiency anemia,17.92,12.0,true,true,false,false,true,false,false,Suspected Iron Deficiency,Serum Ferritin Test,Hb 8.9 < 12.0; MCV 74.2 < 80; Mentzer 17.92 >= 13,10000,15000,25000,Enabled - ZainCash 15% Preventive Subsidy
a305996f-d7c2-48ae-aacb-d6796e362fe5,4.9,19.9,74.3,1.0,3.6,3.8,10.2,31.9,84.1,26.8,31.9,163.0,13.1,0.15,Normocytic hypochromic anemia,22.13,12.0,true,false,false,false,false,true,false,Anemia (Non-Microcytic) - Clinician Review,None,Hb 10.2 below threshold; MCV 84.1 not microcytic - Mentzer not applicable,10000,0,10000,Standard Clearance
6643a06f-8d7b-4edf-89c6-55a9b31f1879,4.2,9.5,84.7,0.4,3.6,3.34,9.2,28.4,85.3,27.5,32.3,107.0,13.1,0.1,Normocytic normochromic anemia,25.54,12.0,true,false,false,false,false,true,false,Anemia (Non-Microcytic) - Clinician Review,None,Hb 9.2 below threshold; MCV 85.3 not microcytic - Mentzer not applicable,10000,0,10000,Standard Clearance
c9da93c0-b5c1-4f14-8aef-6fad81204400,13.1,12.7,78.4,1.7,10.3,4.81,13.0,40.8,44.9,27.0,31.8,180.0,14.9,0.17,Leukemia,9.33,12.0,false,true,true,false,false,false,true,Suspected Systemic Inflammation,C-Reactive Protein (CRP),WBC 13.1 > 11,10000,10000,20000,Enabled - ZainCash 15% Preventive Subsidy
981e4d5b-bebf-4768-ba29-6899f5234c88,4.5,17.0,72.8,0.8,3.2,4.57,12.8,40.2,88.0,28.0,31.8,177.0,10.7,0.15,Normocytic hypochromic anemia,19.26,12.0,false,false,false,false,false,false,false,Within Reference Range,None,All evaluated indices within rule thresholds,10000,0,10000,Standard Clearance
54a704cd-ca28-41e5-bbc2-6659ba8e4c4b,6.8,30.3,63.9,2.1,4.3,4.29,11.1,34.9,81.5,25.8,31.8,152.0,12.5,0.13,Normocytic hypochromic anemia,19.0,12.0,true,false,false,false,false,true,false,Anemia (Non-Microcytic) - Clinician Review,None,Hb 11.1 below threshold; MCV 81.5 not microcytic - Mentzer not applicable,10000,0,10000,Standard Clearance
605537fd-27bb-4c4d-b082-fd2f8789b4bb,4.0,24.1,66.7,1.0,2.6,4.4,9.8,31.6,72.0,22.2,31.0,142.0,13.1,0.13,Iron deficiency anemia,16.36,12.0,true,true,false,false,true,false,false,Suspected Iron Deficiency,Serum Ferritin Test,Hb 9.8 < 12.0; MCV 72.0 < 80; Mentzer 16.36 >= 13,10000,15000,25000,Enabled - ZainCash 15% Preventive Subsidy
4d9672d7-e70f-4140-bd52-0608fe96f131,4.7,29.2,62.2,1.4,2.9,4.71,10.4,35.0,74.4,22.0,29.7,205.0,11.8,0.18,Iron deficiency anemia,15.8,12.0,true,true,false,false,true,false,false,Suspected Iron Deficiency,Serum Ferritin Test,Hb 10.4 < 12.0; MCV 74.4 < 80; Mentzer 15.8 >= 13,10000,15000,25000,Enabled - ZainCash 15% Preventive Subsidy
1b57ce8e-e2fc-441a-b6dd-56e8cb10d459,3.8,36.6,54.7,1.4,2.1,4.34,10.9,35.2,81.2,25.1,30.9,119.0,17.9,0.12,Normocytic hypochromic anemia,18.71,12.0,true,false,false,false,false,true,false,Anemia (Non-Microcytic) - Clinician Review,None,Hb 10.9 below threshold; MCV 81.2 not microcytic - Mentzer not applicable,10000,0,10000,Standard Clearance
f3d0b622-f023-445b-871c-fbe46e1a585a,6.5,27.8,64.9,1.8,4.2,4.79,12.7,39.9,83.3,26.5,31.8,247.0,11.0,0.22,Normocytic hypochromic anemia,17.39,12.0,false,false,false,false,false,false,false,Within Reference Range,None,All evaluated indices within rule thresholds,10000,0,10000,Standard Clearance
4600dde4-1cf9-40e3-9bec-3f9b0e205189,7.6,25.5,65.2,1.9,5.0,4.02,10.5,33.5,83.5,26.1,31.3,208.0,10.5,0.17,Normocytic hypochromic anemia,20.77,12.0,true,false,false,false,false,true,false,Anemia (Non-Microcytic) - Clinician Review,None,Hb 10.5 below threshold; MCV 83.5 not microcytic - Mentzer not applicable,10000,0,10000,Standard Clearance
9f811175-078b-4c01-b59a-c16248e1909d,8.7,7.3,85.8,0.6,7.5,4.44,12.9,39.6,89.3,29.0,32.5,140.0,11.3,0.12,Normocytic normochromic anemia,20.11,12.0,false,false,false,false,false,false,false,Within Reference Range,None,All evaluated indices within rule thresholds,10000,0,10000,Standard Clearance
88864240-7731-4740-8376-84e4761042bd,8.5,9.9,81.0,0.8,6.9,5.39,12.5,40.3,74.8,23.1,31.0,143.0,8.9,0.11,Iron deficiency anemia,13.88,12.0,false,true,false,false,false,false,false,Within Reference Range,None,All evaluated indices within rule thresholds,10000,0,10000,Standard Clearance
ea1d6b15-4fb9-48a8-ada4-4c98ac93f723,5.3,28.3,66.4,1.5,3.5,3.95,9.0,29.8,75.6,22.7,30.2,157.0,9.2,0.12,Iron deficiency anemia,19.14,12.0,true,true,false,false,true,false,false,Suspected Iron Deficiency,Serum Ferritin Test,Hb 9.0 < 12.0; MCV 75.6 < 80; Mentzer 19.14 >= 13,10000,15000,25000,Enabled - ZainCash 15% Preventive Subsidy
9d0f5909-a5e8-4c7d-81fd-a05ecab594f6,6.8,11.3,79.7,0.8,5.4,4.16,10.7,34.7,83.5,25.7,30.8,150.0,11.0,0.13,Normocytic hypochromic anemia,20.07,12.0,true,false,false,false,false,true,false,Anemia (Non-Microcytic) - Clinician Review,None,Hb 10.7 below threshold; MCV 83.5 not microcytic - Mentzer not applicable,10000,0,10000,Standard Clearance
b5e90c6e-a7f0-47f5-8bdc-6b2d21055e33,11.7,17.0,72.9,2.0,8.5,4.46,10.1,34.2,76.9,22.6,29.5,176.0,11.5,0.15,Iron deficiency anemia,17.24,12.0,true,true,true,false,true,false,true,Suspected Iron Deficiency,Serum Ferritin Test + C-Reactive Protein (CRP),Hb 10.1 < 12.0; MCV 76.9 < 80; Mentzer 17.24 >= 13,10000,25000,35000,Enabled - ZainCash 15% Preventive Subsidy
25b3a18d-35a1-49ea-833d-401f3646f1bf,2.8,8.1,84.2,0.2,2.4,2.37,5.9,20.1,85.1,24.8,29.3,89.0,10.2,0.08,Normocytic hypochromic anemia,35.91,12.0,true,false,false,false,false,true,false,Anemia (Non-Microcytic) - Clinician Review,None,Hb 5.9 below threshold; MCV 85.1 not microcytic - Mentzer not applicable,10000,0,10000,Standard Clearance
937433b1-d559-4e59-9434-b16b59a0869e,6.5,19.0,69.6,1.2,4.6,4.35,8.7,30.5,70.2,20.0,28.5,169.0,13.3,0.16,Iron deficiency anemia,16.14,12.0,true,true,false,false,true,false,false,Suspected Iron Deficiency,Serum Ferritin Test,Hb 8.7 < 12.0; MCV 70.2 < 80; Mentzer 16.14 >= 13,10000,15000,25000,Enabled - ZainCash 15% Preventive Subsidy
3b2cf326-c497-4fc2-ade9-945210394cb2,10.0,14.8,78.1,1.5,7.8,3.53,9.8,32.2,91.5,27.7,30.4,145.0,12.8,0.13,Normocytic hypochromic anemia,25.92,12.0,true,false,false,false,false,true,false,Anemia (Non-Microcytic) - Clinician Review,None,Hb 9.8 below threshold; MCV 91.5 not microcytic - Mentzer not applicable,10000,0,10000,Standard Clearance
7661345f-17d3-483b-ba02-21aaeffb4598,8.0,16.0,73.1,1.3,5.8,4.57,9.7,34.5,75.7,21.2,28.1,238.0,11.5,0.22,Iron deficiency anemia,16.56,12.0,true,true,false,false,true,false,false,Suspected Iron Deficiency,Serum Ferritin Test,Hb 9.7 < 12.0; MCV 75.7 < 80; Mentzer 16.56 >= 13,10000,15000,25000,Enabled - ZainCash 15% Preventive Subsidy
31017b14-3063-4f88-8aff-91d40f49899b,4.7,21.5,68.0,1.0,3.2,5.5,14.7,44.7,91.4,26.7,32.8,139.0,14.9,0.14,Thrombocytopenia,16.62,12.0,false,false,false,false,false,false,false,Within Reference Range,None,All evaluated indices within rule thresholds,10000,0,10000,Standard Clearance
b668074d-e3ac-4b2f-84ee-7feca239898f,14.3,18.9,72.0,2.7,10.3,4.77,9.8,741.0,71.6,20.5,28.7,259.0,15.6,0.27,Iron deficiency anemia,15.01,12.0,true,true,true,false,true,false,true,Suspected Iron Deficiency,Serum Ferritin Test + C-Reactive Protein (CRP),Hb 9.8 < 12.0; MCV 71.6 < 80; Mentzer 15.01 >= 13,10000,25000,35000,Enabled - ZainCash 15% Preventive Subsidy
270f856c-5818-488b-8602-74c154f9aac2,6.0,21.2,75.3,1.3,4.5,3.31,9.3,29.6,89.7,28.0,31.4,160.0,11.0,0.13,Normocytic hypochromic anemia,27.1,12.0,true,false,false,false,false,true,false,Anemia (Non-Microcytic) - Clinician Review,None,Hb 9.3 below threshold; MCV 89.7 not microcytic - Mentzer not applicable,10000,0,10000,Standard Clearance
20e5ab7b-52e9-4351-9143-3d0c5d62d17f,2.7,43.4,49.5,1.2,1.3,4.77,13.1,41.2,74.1,27.4,31.7,169.0,14.3,0.17,Healthy,15.53,12.0,false,true,false,false,false,false,false,Within Reference Range,None,All evaluated indices within rule thresholds,10000,0,10000,Standard Clearance
3dc85f96-e56c-4515-82c0-e49dedba42ec,14.0,29.2,63.5,2.0,4.3,3.99,10.7,34.5,86.5,26.8,31.0,226.0,12.3,0.2,Normocytic hypochromic anemia,21.68,12.0,true,false,true,false,false,true,true,Anemia (Non-Microcytic) - Clinician Review,C-Reactive Protein (CRP),Hb 10.7 below threshold; MCV 86.5 not microcytic - Mentzer not applicable,10000,10000,20000,Enabled - ZainCash 15% Preventive Subsidy
43f7f06f-8aeb-4f33-9c3f-4c24823a278f,4.0,19.0,72.5,0.8,2.9,3.6,9.1,29.2,81.2,25.2,31.1,76.0,15.6,0.07,Normocytic hypochromic anemia,22.56,12.0,true,false,false,false,false,true,false,Anemia (Non-Microcytic) - Clinician Review,None,Hb 9.1 below threshold; MCV 81.2 not microcytic - Mentzer not applicable,10000,0,10000,Standard Clearance
2c55fba9-c556-4c5d-b494-36f7d2f2fe4a,4.0,15.5,75.4,0.6,3.0,3.52,8.8,28.6,81.4,25.0,30.7,80.0,15.1,0.08,Normocytic hypochromic anemia,23.12,12.0,true,false,false,false,false,true,false,Anemia (Non-Microcytic) - Clinician Review,None,Hb 8.8 below threshold; MCV 81.4 not microcytic - Mentzer not applicable,10000,0,10000,Standard Clearance
6a18be9e-88e0-4840-bca1-63e3595ca7cc,11.8,10.2,81.4,1.2,9.6,4.84,14.0,42.8,88.5,28.9,32.7,125.0,13.8,0.12,Leukemia with thrombocytopenia,18.29,12.0,false,false,true,false,false,false,true,Suspected Systemic Inflammation,C-Reactive Protein (CRP),WBC 11.8 > 11,10000,10000,20000,Enabled - ZainCash 15% Preventive Subsidy
50a4b555-1828-48ca-abb6-2db43a6d2216,2.4,26.4,66.2,0.6,1.6,4.46,12.5,39.2,88.1,28.0,31.8,193.0,13.8,0.18,Normocytic hypochromic anemia,19.75,12.0,false,false,false,false,false,false,false,Within Reference Range,None,All evaluated indices within rule thresholds,10000,0,10000,Standard Clearance
39d78eeb-7d57-4930-b396-2f397349131f,6.1,24.1,671.0,5.1,4.1,5.53,14.4,46.1,83.5,26.0,31.2,151.0,15.1,0.15,Healthy,15.1,12.0,false,false,false,false,false,false,false,Within Reference Range,None,All evaluated indices within rule thresholds,10000,0,10000,Standard Clearance
93f00aef-6102-4e33-bf78-b6f9dae9d6f4,6.5,13.5,78.5,0.9,0.5,5.1,5.29,14.9,46.6,88.2,28.1,11.4,9.8,13.6,Other microcytic anemia,9.14,12.0,true,true,false,true,false,false,false,Suspected Thalassemia Trait,Hemoglobin Electrophoresis,Hb 5.29 < 12.0; MCV 46.6 < 80; Mentzer 9.14 < 13,10000,25000,35000,Enabled - ZainCash 15% Preventive Subsidy
10fa1223-1868-445f-96bb-4bdbde160d51,5.7,33.6,59.7,1.9,3.4,5.07,14.6,44.7,88.3,28.7,32.6,120.0,11.8,0.11,Thrombocytopenia,17.42,12.0,false,false,false,false,false,false,false,Within Reference Range,None,All evaluated indices within rule thresholds,10000,0,10000,Standard Clearance
db7bad2b-484d-412d-a9ae-6bd45c006ee6,14.0,18.6,74.3,0.8,3.3,5.73,12.1,40.8,71.3,21.1,29.6,136.0,14.1,0.13,Iron deficiency anemia,12.44,12.0,false,true,true,false,false,false,true,Suspected Systemic Inflammation,C-Reactive Protein (CRP),WBC 14.0 > 11,10000,10000,20000,Enabled - ZainCash 15% Preventive Subsidy
8247f974-a261-41e4-804c-5f39f1d3fb21,3.4,23.9,70.6,0.4,2.4,4.95,11.3,38.0,76.9,22.8,29.7,191.0,12.0,0.17,Iron deficiency anemia,15.54,12.0,true,true,false,false,true,false,false,Suspected Iron Deficiency,Serum Ferritin Test,Hb 11.3 < 12.0; MCV 76.9 < 80; Mentzer 15.54 >= 13,10000,15000,25000,Enabled - ZainCash 15% Preventive Subsidy
0a9030d2-8888-4240-98f6-7c90269e1676,2.7,24.9,66.8,0.7,1.8,4.6,10.6,36.3,79.1,23.0,29.2,134.0,19.5,0.15,Iron deficiency anemia,17.2,12.0,true,true,false,false,true,false,false,Suspected Iron Deficiency,Serum Ferritin Test,Hb 10.6 < 12.0; MCV 79.1 < 80; Mentzer 17.2 >= 13,10000,15000,25000,Enabled - ZainCash 15% Preventive Subsidy
0f5b6e5c-7504-4f68-ad4b-27649a4e2e90,8.4,31.6,61.1,2.7,5.1,5.02,11.5,38.4,76.5,22.9,29.9,193.0,13.3,0.19,Iron deficiency anemia,15.24,12.0,true,true,false,false,true,false,false,Suspected Iron Deficiency,Serum Ferritin Test,Hb 11.5 < 12.0; MCV 76.5 < 80; Mentzer 15.24 >= 13,10000,15000,25000,Enabled - ZainCash 15% Preventive Subsidy
576077da-23cf-4f02-819a-792482e5aa36,7.4,21.3,72.7,1.6,5.3,3.99,9.4,32.1,80.9,23.6,29.2,210.0,11.5,0.19,Normocytic hypochromic anemia,20.28,12.0,true,false,false,false,false,true,false,Anemia (Non-Microcytic) - Clinician Review,None,Hb 9.4 below threshold; MCV 80.9 not microcytic - Mentzer not applicable,10000,0,10000,Standard Clearance
0deb034e-be38-45f9-9437-e9061afd7cbe,11.8,19.5,73.8,2.3,8.7,4.35,10.0,33.6,77.4,22.9,29.7,242.0,10.5,0.2,Iron deficiency anemia,17.79,12.0,true,true,true,false,true,false,true,Suspected Iron Deficiency,Serum Ferritin Test + C-Reactive Protein (CRP),Hb 10.0 < 12.0; MCV 77.4 < 80; Mentzer 17.79 >= 13,10000,25000,35000,Enabled - ZainCash 15% Preventive Subsidy
cead3139-f6fd-4d3f-be42-8c94483fc652,7.0,15.3,76.3,1.1,5.3,4.44,10.6,36.2,81.7,23.8,29.2,153.0,16.4,0.15,Normocytic hypochromic anemia,18.4,12.0,true,false,false,false,false,true,false,Anemia (Non-Microcytic) - Clinician Review,None,Hb 10.6 below threshold; MCV 81.7 not microcytic - Mentzer not applicable,10000,0,10000,Standard Clearance
6e1c0a0d-7dad-4d28-8da8-6c25ad7e999f,5.9,19.0,75.5,1.1,4.5,4.86,11.9,39.2,80.8,24.4,30.3,164.0,12.3,0.15,Normocytic hypochromic anemia,16.63,12.0,true,false,false,false,false,true,false,Anemia (Non-Microcytic) - Clinician Review,None,Hb 11.9 below threshold; MCV 80.8 not microcytic - Mentzer not applicable,10000,0,10000,Standard Clearance
eaa67be9-9322-4720-8ea1-48510737bbcd,6.4,25.2,66.6,1.6,4.3,4.22,8.7,30.0,71.1,20.6,29.0,223.0,12.5,0.2,Iron deficiency anemia,16.85,12.0,true,true,false,false,true,false,false,Suspected Iron Deficiency,Serum Ferritin Test,Hb 8.7 < 12.0; MCV 71.1 < 80; Mentzer 16.85 >= 13,10000,15000,25000,Enabled - ZainCash 15% Preventive Subsidy
eb74ee1e-4c8f-4172-9096-356ecb22604e,10.3,29.1,58.4,3.0,6.0,4.7,10.1,32.9,70.2,21.4,30.6,142.0,14.3,0.12,Iron deficiency anemia,14.94,12.0,true,true,false,false,true,false,false,Suspected Iron Deficiency,Serum Ferritin Test,Hb 10.1 < 12.0; MCV 70.2 < 80; Mentzer 14.94 >= 13,10000,15000,25000,Enabled - ZainCash 15% Preventive Subsidy
342f83d7-fa05-445f-8d87-9c8cab4e57e4,5.7,27.7,65.1,1.6,3.7,4.38,11.3,37.2,85.0,25.7,30.3,161.0,13.1,0.15,Normocytic hypochromic anemia,19.41,12.0,true,false,false,false,false,true,false,Anemia (Non-Microcytic) - Clinician Review,None,Hb 11.3 below threshold; MCV 85.0 not microcytic - Mentzer not applicable,10000,0,10000,Standard Clearance
6ef383c0-eac6-47bc-bdcc-7d65acbdfee3,9.4,16.2,77.6,1.5,7.3,5.1,11.9,40.7,79.9,23.3,29.2,174.0,13.8,0.16,Iron deficiency anemia,15.67,12.0,true,true,false,false,true,false,false,Suspected Iron Deficiency,Serum Ferritin Test,Hb 11.9 < 12.0; MCV 79.9 < 80; Mentzer 15.67 >= 13,10000,15000,25000,Enabled - ZainCash 15% Preventive Subsidy
2fa72140-556d-4d4e-aa3d-e3d5f0f281b7,5.5,18.9,74.7,1.0,4.1,4.8,12.5,40.2,83.8,26.0,31.0,176.0,13.3,0.17,Normocytic hypochromic anemia,17.46,12.0,false,false,false,false,false,false,false,Within Reference Range,None,All evaluated indices within rule thresholds,10000,0,10000,Standard Clearance
4789df5b-2e1c-4c4a-8883-9eed759bd1cf,9.9,11.9,79.5,1.2,7.8,4.22,10.5,33.4,79.2,24.8,31.4,192.0,11.8,0.17,Iron deficiency anemia,18.77,12.0,true,true,false,false,true,false,false,Suspected Iron Deficiency,Serum Ferritin Test,Hb 10.5 < 12.0; MCV 79.2 < 80; Mentzer 18.77 >= 13,10000,15000,25000,Enabled - ZainCash 15% Preventive Subsidy
3ece11ce-457b-4f79-b845-839fa3e53933,5.2,28.0,64.9,1.5,3.3,4.74,17.5,40.2,84.9,26.3,31.0,107.0,14.6,0.1,Thrombocytopenia,17.91,12.0,false,false,false,false,false,false,false,Within Reference Range,None,All evaluated indices within rule thresholds,10000,0,10000,Standard Clearance
cc488610-9158-49e3-95df-2dafa1a23ce9,15.4,14.7,75.1,2.3,11.5,4.4,7.4,26.4,60.0,16.8,28.0,118.0,8.4,0.1,Iron deficiency anemia,13.64,12.0,true,true,true,false,true,false,true,Suspected Iron Deficiency,Serum Ferritin Test + C-Reactive Protein (CRP),Hb 7.4 < 12.0; MCV 60.0 < 80; Mentzer 13.64 >= 13,10000,25000,35000,Enabled - ZainCash 15% Preventive Subsidy
1b5c96cf-7a90-410d-ba1a-6566ef5d852c,7.6,27.2,63.7,2.1,4.8,4.43,11.6,36.5,82.4,26.1,31.7,171.0,11.5,0.15,Normocytic hypochromic anemia,18.6,12.0,true,false,false,false,false,true,false,Anemia (Non-Microcytic) - Clinician Review,None,Hb 11.6 below threshold; MCV 82.4 not microcytic - Mentzer not applicable,10000,0,10000,Standard Clearance
310243ac-6c74-419a-8c05-97348749473d,4.2,34.1,58.8,1.4,2.5,4.23,8.1,28.8,68.2,19.1,28.1,151.0,12.5,0.14,Iron deficiency anemia,16.12,12.0,true,true,false,false,true,false,false,Suspected Iron Deficiency,Serum Ferritin Test,Hb 8.1 < 12.0; MCV 68.2 < 80; Mentzer 16.12 >= 13,10000,15000,25000,Enabled - ZainCash 15% Preventive Subsidy
cca8945c-9f38-49b9-baa5-c6d9a05bd361,8.7,7.3,85.8,0.6,7.5,4.44,12.9,39.6,89.3,29.0,32.5,140.0,11.3,0.12,Normocytic normochromic anemia,20.11,12.0,false,false,false,false,false,false,false,Within Reference Range,None,All evaluated indices within rule thresholds,10000,0,10000,Standard Clearance
816acd92-83f7-4d40-a1c4-b7ffff8e1260,8.3,20.0,70.3,1.7,5.8,5.59,10.0,34.7,62.1,17.8,28.8,203.0,12.8,0.17,Iron deficiency anemia,11.11,12.0,true,true,false,true,false,false,false,Suspected Thalassemia Trait,Hemoglobin Electrophoresis,Hb 10.0 < 12.0; MCV 62.1 < 80; Mentzer 11.11 < 13,10000,25000,35000,Enabled - ZainCash 15% Preventive Subsidy
4ed7823b-43d3-4a8a-baa4-da89a3a5d747,5.4,11.3,81.6,0.6,4.4,3.72,9.8,32.1,86.4,26.3,30.5,125.0,12.0,0.11,Normocytic hypochromic anemia,23.23,12.0,true,false,false,false,false,true,false,Anemia (Non-Microcytic) - Clinician Review,None,Hb 9.8 below threshold; MCV 86.4 not microcytic - Mentzer not applicable,10000,0,10000,Standard Clearance
e94e2d04-bf9e-41c3-b89e-15c66f1f890b,9.0,16.9,72.1,1.5,6.5,4.26,11.4,36.2,85.1,26.7,31.4,231.0,14.6,0.23,Normocytic hypochromic anemia,19.98,12.0,true,false,false,false,false,true,false,Anemia (Non-Microcytic) - Clinician Review,None,Hb 11.4 below threshold; MCV 85.1 not microcytic - Mentzer not applicable,10000,0,10000,Standard Clearance
f9357da4-c75e-4645-b808-f1348ba2bea5,5.1,11.5,80.1,0.6,4.1,5.08,13.1,41.1,79.7,24.4,30.6,192.0,15.1,0.19,Healthy,15.69,12.0,false,true,false,false,false,false,false,Within Reference Range,None,All evaluated indices within rule thresholds,10000,0,10000,Standard Clearance
9ffeff1e-9428-4ee2-80c7-fd69e63d6fcf,7.6,25.5,65.2,1.9,5.0,4.02,10.5,33.5,83.5,26.1,31.5,208.0,10.5,0.17,Normocytic hypochromic anemia,20.77,12.0,true,false,false,false,false,true,false,Anemia (Non-Microcytic) - Clinician Review,None,Hb 10.5 below threshold; MCV 83.5 not microcytic - Mentzer not applicable,10000,0,10000,Standard Clearance
a84be039-df1e-4b66-b1b8-bf6786810746,8.7,7.3,85.8,0.6,7.5,4.44,12.9,39.6,89.3,29.0,32.5,140.0,11.3,0.12,Normocytic normochromic anemia,20.11,12.0,false,false,false,false,false,false,false,Within Reference Range,None,All evaluated indices within rule thresholds,10000,0,10000,Standard Clearance
a76f9035-d641-4b21-a76c-6f8ebb688d35,5.0,28.6,63.4,1.4,3.2,4.52,8.2,27.7,61.3,18.1,29.6,176.0,15.1,0.16,Iron deficiency anemia,13.56,12.0,true,true,false,false,true,false,false,Suspected Iron Deficiency,Serum Ferritin Test,Hb 8.2 < 12.0; MCV 61.3 < 80; Mentzer 13.56 >= 13,10000,15000,25000,Enabled - ZainCash 15% Preventive Subsidy
98e67d3a-740f-40db-96d6-0d475ec94d2a,8.9,6.2,31.8,5.6,2.8,4.22,10.9,39.4,93.5,25.8,27.1,419.0,13.8,0.41,Normocytic hypochromic anemia,22.16,12.0,true,false,false,false,false,true,false,Anemia (Non-Microcytic) - Clinician Review,None,Hb 10.9 below threshold; MCV 93.5 not microcytic - Mentzer not applicable,10000,0,10000,Standard Clearance
d6cb5d81-3787-4654-b8f3-c8578cea1824,6.4,22.7,67.4,1.5,4.3,4.68,10.2,36.2,77.4,21.7,28.1,170.0,17.7,0.17,Iron deficiency anemia,16.54,12.0,true,true,false,false,true,false,false,Suspected Iron Deficiency,Serum Ferritin Test,Hb 10.2 < 12.0; MCV 77.4 < 80; Mentzer 16.54 >= 13,10000,15000,25000,Enabled - ZainCash 15% Preventive Subsidy
72ce90af-9d15-43fe-b56a-e0ba6e333052,2.0,33.8,61.4,0.7,1.2,4.51,9.3,31.0,68.8,20.6,30.0,135.0,13.3,0.13,Iron deficiency anemia,15.25,12.0,true,true,false,false,true,false,false,Suspected Iron Deficiency,Serum Ferritin Test,Hb 9.3 < 12.0; MCV 68.8 < 80; Mentzer 15.25 >= 13,10000,15000,25000,Enabled - ZainCash 15% Preventive Subsidy
ede53805-f163-47c0-b4a9-89b9e4c87b67,14.7,89.8,9.7,13.2,1.4,4.5,9.3,30.8,68.6,20.6,30.1,127.0,12.0,0.12,Iron deficiency anemia,15.24,12.0,true,true,true,false,true,false,true,Suspected Iron Deficiency,Serum Ferritin Test + C-Reactive Protein (CRP),Hb 9.3 < 12.0; MCV 68.6 < 80; Mentzer 15.24 >= 13,10000,25000,35000,Enabled - ZainCash 15% Preventive Subsidy
53781bfa-46b5-4fea-a93e-f4bdd7801f51,2.0,30.7,64.4,0.6,1.3,4.62,9.3,31.8,68.9,20.1,29.2,134.0,13.3,0.13,Iron deficiency anemia,14.91,12.0,true,true,false,false,true,false,false,Suspected Iron Deficiency,Serum Ferritin Test,Hb 9.3 < 12.0; MCV 68.9 < 80; Mentzer 14.91 >= 13,10000,15000,25000,Enabled - ZainCash 15% Preventive Subsidy
9918e09e-e38f-4305-a51b-08275e48213c,13.4,29.1,60.1,3.9,8.1,4.56,12.2,38.0,83.4,26.7,32.1,205.0,14.1,0.2,Normocytic hypochromic anemia,18.29,12.0,false,false,true,false,false,false,true,Suspected Systemic Inflammation,C-Reactive Protein (CRP),WBC 13.4 > 11,10000,10000,20000,Enabled - ZainCash 15% Preventive Subsidy
19449e8f-ff62-4d55-935f-7f75b9b34700,7.4,21.7,69.5,1.6,5.1,5.28,14.5,44.9,85.2,27.4,32.2,143.0,10.0,0.12,Thrombocytopenia,16.14,12.0,false,false,false,false,false,false,false,Within Reference Range,None,All evaluated indices within rule thresholds,10000,0,10000,Standard Clearance
2883c6ee-8226-4e0c-84b0-2b78ac01c24d,8.5,15.6,74.3,1.3,6.3,4.89,13.6,41.1,84.1,27.8,33.0,137.0,14.6,0.13,Thrombocytopenia,17.2,12.0,false,false,false,false,false,false,false,Within Reference Range,None,All evaluated indices within rule thresholds,10000,0,10000,Standard Clearance
49702e67-02cf-4ef2-b62b-59ac33fd039d,11.2,18.9,68.6,2.1,7.7,4.81,11.5,36.1,75.1,23.9,31.8,214.0,16.9,0.23,Iron deficiency anemia,15.61,12.0,true,true,true,false,true,false,true,Suspected Iron Deficiency,Serum Ferritin Test + C-Reactive Protein (CRP),Hb 11.5 < 12.0; MCV 75.1 < 80; Mentzer 15.61 >= 13,10000,25000,35000,Enabled - ZainCash 15% Preventive Subsidy
38c09ce7-8d86-43d4-8f10-38e7b5bb0876,3.6,41.0,52.0,1.5,1.8,4.64,11.6,37.4,80.8,25.0,31.0,155.0,17.7,0.16,Normocytic hypochromic anemia,17.41,12.0,true,false,false,false,false,true,false,Anemia (Non-Microcytic) - Clinician Review,None,Hb 11.6 below threshold; MCV 80.8 not microcytic - Mentzer not applicable,10000,0,10000,Standard Clearance
096dd51c-87e2-4562-b3c8-f0accc4fca74,4.2,17.0,74.2,0.7,3.1,4.24,11.0,34.8,82.1,25.9,31.6,119.0,12.3,0.11,Normocytic hypochromic anemia,19.36,12.0,true,false,false,false,false,true,false,Anemia (Non-Microcytic) - Clinician Review,None,Hb 11.0 below threshold; MCV 82.1 not microcytic - Mentzer not applicable,10000,0,10000,Standard Clearance
aa5e34c7-0eae-4068-a3a5-b113eea5c8bd,5.6,30.3,63.2,1.7,3.5,4.8,12.5,38.8,81.0,26.0,32.2,267.0,14.9,0.27,Normocytic hypochromic anemia,16.88,12.0,false,false,false,false,false,false,false,Within Reference Range,None,All evaluated indices within rule thresholds,10000,0,10000,Standard Clearance
877ca66a-c2ec-4b43-974d-e1fa498c55aa,5.8,37.2,54.8,2.2,3.1,5.55,12.0,43.6,78.8,21.5,26.8,141.0,22.1,0.15,Iron deficiency anemia,14.2,12.0,false,true,false,false,false,false,false,Within Reference Range,None,All evaluated indices within rule thresholds,10000,0,10000,Standard Clearance
0773ba3c-b538-4347-96b4-f0b677e54fe5,5.5,31.2,61.8,1.7,3.4,4.9,12.7,39.9,81.5,25.9,31.8,247.0,13.1,0.23,Normocytic hypochromic anemia,16.63,12.0,false,false,false,false,false,false,false,Within Reference Range,None,All evaluated indices within rule thresholds,10000,0,10000,Standard Clearance
41ffe02e-7e28-47d3-a3a7-92958879c58d,2.6,21.4,71.4,0.6,1.8,4.77,9.0,30.8,64.6,18.8,29.2,111.0,13.1,0.12,Iron deficiency anemia,13.54,12.0,true,true,false,false,true,false,false,Suspected Iron Deficiency,Serum Ferritin Test,Hb 9.0 < 12.0; MCV 64.6 < 80; Mentzer 13.54 >= 13,10000,15000,25000,Enabled - ZainCash 15% Preventive Subsidy
978dd546-a8b9-4037-a033-c2039df4d334,15.0,12.1,80.2,1.8,12.0,4.87,13.5,40.7,83.6,27.7,33.1,155.0,9.5,0.12,Leukemia,17.17,12.0,false,false,true,false,false,false,true,Suspected Systemic Inflammation,C-Reactive Protein (CRP),WBC 15.0 > 11,10000,10000,20000,Enabled - ZainCash 15% Preventive Subsidy
64195fb5-7181-4383-b5cd-d1ce9a5611fe,3.7,17.3,70.9,0.6,2.7,4.7,13.4,41.0,87.3,28.5,32.6,92.0,12.3,0.08,Thrombocytopenia,18.57,12.0,false,false,false,false,false,false,false,Within Reference Range,None,All evaluated indices within rule thresholds,10000,0,10000,Standard Clearance
3d11a06d-e90c-4824-ac94-128a6def3032,21.2,13.9,80.3,3.0,17.0,5.7,14.4,48.4,85.1,25.0,28.9,273.0,12.0,0.26,Leukemia,14.93,12.0,false,false,true,false,false,false,true,Suspected Systemic Inflammation,C-Reactive Protein (CRP),WBC 21.2 > 11,10000,10000,20000,Enabled - ZainCash 15% Preventive Subsidy
e44918c2-84f6-4ae5-910b-e72c8e521074,3.8,15.2,74.8,0.6,2.8,4.46,12.5,39.2,88.1,28.0,31.8,127.0,12.8,0.12,Normocytic hypochromic anemia,19.75,12.0,false,false,false,false,false,false,false,Within Reference Range,None,All evaluated indices within rule thresholds,10000,0,10000,Standard Clearance
eea06496-a462-49c1-9670-60b9a9395484,6.1,32.2,61.3,2.0,3.7,4.62,11.6,37.5,81.2,25.1,30.9,94.0,22.8,0.1,Normocytic hypochromic anemia,17.58,12.0,true,false,false,false,false,true,false,Anemia (Non-Microcytic) - Clinician Review,None,Hb 11.6 below threshold; MCV 81.2 not microcytic - Mentzer not applicable,10000,0,10000,Standard Clearance
b8a76500-c4b2-41ad-b90f-2fa013e4c018,6.1,37.4,54.4,2.3,3.3,5.28,13.2,40.5,76.8,25.0,32.5,161.0,15.1,0.17,Healthy,14.55,12.0,false,true,false,false,false,false,false,Within Reference Range,None,All evaluated indices within rule thresholds,10000,0,10000,Standard Clearance
9c578e6a-7434-48bd-aaaa-eef28fec3876,8.0,16.7,73.1,1.5,6.4,5.5,12.8,41.3,75.1,23.2,30.9,153.0,12.8,0.13,Iron deficiency anemia,13.65,12.0,false,true,false,false,false,false,false,Within Reference Range,None,All evaluated indices within rule thresholds,10000,0,10000,Standard Clearance
cbc45e3a-c6d3-4d0b-bf2e-56d97153521f,3.5,31.0,59.4,1.1,2.1,5.07,14.7,43.7,86.3,28.9,33.6,119.0,13.3,0.12,Thrombocytopenia,17.02,12.0,false,false,false,false,false,false,false,Within Reference Range,None,All evaluated indices within rule thresholds,10000,0,10000,Standard Clearance
ddd2cfe1-420e-43ec-9cf1-fdbe471efae2,6.6,34.0,56.3,2.2,3.8,5.12,13.4,42.1,82.3,26.1,31.8,233.0,12.5,0.22,Healthy,16.07,12.0,false,false,false,false,false,false,false,Within Reference Range,None,All evaluated indices within rule thresholds,10000,0,10000,Standard Clearance
45b7e6be-926f-4824-9f00-58d592d5b467,8.0,7.8,79.6,0.6,6.4,4.99,14.8,44.6,89.4,29.6,33.1,118.0,12.5,0.11,Thrombocytopenia,17.92,12.0,false,false,false,false,false,false,false,Within Reference Range,None,All evaluated indices within rule thresholds,10000,0,10000,Standard Clearance
37f4abc1-69d7-4f90-a11f-5583af32d909,4.2,9.5,84.7,0.4,3.6,3.34,9.2,28.4,85.3,275.0,32.3,107.0,13.1,0.1,Normocytic normochromic anemia,25.54,12.0,true,false,false,false,false,true,false,Anemia (Non-Microcytic) - Clinician Review,None,Hb 9.2 below threshold; MCV 85.3 not microcytic - Mentzer not applicable,10000,0,10000,Standard Clearance
de895043-cbf2-45f2-a230-c079fbbb906a,8.5,19.6,71.5,1.7,6.0,3.59,8.7,28.5,79.5,24.2,30.5,122.0,11.3,0.1,Iron deficiency anemia,22.14,12.0,true,true,false,false,true,false,false,Suspected Iron Deficiency,Serum Ferritin Test,Hb 8.7 < 12.0; MCV 79.5 < 80; Mentzer 22.14 >= 13,10000,15000,25000,Enabled - ZainCash 15% Preventive Subsidy
0b552370-85b8-41d0-bb42-27879fc68ea9,5.2,33.0,59.5,1.7,3.1,4.4,11.7,37.3,84.8,26.5,31.3,210.0,16.9,0.22,Normocytic hypochromic anemia,19.27,12.0,true,false,false,false,false,true,false,Anemia (Non-Microcytic) - Clinician Review,None,Hb 11.7 below threshold; MCV 84.8 not microcytic - Mentzer not applicable,10000,0,10000,Standard Clearance
eb4c7494-90d4-49b2-be88-938b5df4a89f,3.2,35.6,56.2,1.1,1.8,5.22,14.9,45.8,87.8,28.5,32.5,132.0,14.3,0.13,Thrombocytopenia,16.82,12.0,false,false,false,false,false,false,false,Within Reference Range,None,All evaluated indices within rule thresholds,10000,0,10000,Standard Clearance
958d6f20-6428-4f0e-882d-bd3430ab62dc,15.4,9.9,81.2,1.5,12.5,3.81,10.0,31.2,81.9,26.2,32.0,135.0,10.5,0.11,Normocytic hypochromic anemia,21.5,12.0,true,false,true,false,false,true,true,Anemia (Non-Microcytic) - Clinician Review,C-Reactive Protein (CRP),Hb 10.0 below threshold; MCV 81.9 not microcytic - Mentzer not applicable,10000,10000,20000,Enabled - ZainCash 15% Preventive Subsidy
cbd9256f-0bb0-4ba6-acb8-ec305aa03ba2,2.8,47.3,44.6,1.3,1.3,3.44,9.6,30.3,88.2,27.9,31.6,133.0,12.8,0.12,Normocytic hypochromic anemia,25.64,12.0,true,false,false,false,false,true,false,Anemia (Non-Microcytic) - Clinician Review,None,Hb 9.6 below threshold; MCV 88.2 not microcytic - Mentzer not applicable,10000,0,10000,Standard Clearance
02f557a0-2761-41da-b902-1f8af489994d,5.6,26.0,66.0,1.5,3.7,4.07,10.5,34.3,84.4,25.7,30.6,126.0,15.9,0.13,Normocytic hypochromic anemia,20.74,12.0,true,false,false,false,false,true,false,Anemia (Non-Microcytic) - Clinician Review,None,Hb 10.5 below threshold; MCV 84.4 not microcytic - Mentzer not applicable,10000,0,10000,Standard Clearance
b696731b-7a9f-4b03-b0a6-ed3b6b042ae3,8.5,27.8,62.4,2.4,5.3,3.85,11.2,34.8,90.6,29.0,32.1,243.0,13.8,0.23,Normocytic normochromic anemia,23.53,12.0,true,false,false,false,false,true,false,Anemia (Non-Microcytic) - Clinician Review,None,Hb 11.2 below threshold; MCV 90.6 not microcytic - Mentzer not applicable,10000,0,10000,Standard Clearance
dcda0d49-4d26-4451-8d96-0b6a819179f8,7.1,17.2,73.9,1.2,5.3,3.82,8.5,28.6,75.0,22.2,29.7,314.0,10.7,0.27,Iron deficiency anemia,19.63,12.0,true,true,false,false,true,false,false,Suspected Iron Deficiency,Serum Ferritin Test,Hb 8.5 < 12.0; MCV 75.0 < 80; Mentzer 19.63 >= 13,10000,15000,25000,Enabled - ZainCash 15% Preventive Subsidy
5c0d8177-f7f0-4d6b-aad3-0a995bfa1f1f,6.0,15.3,74.9,0.9,4.5,4.28,11.8,37.0,86.6,27.5,31.8,126.0,14.6,0.12,Normocytic hypochromic anemia,20.23,12.0,true,false,false,false,false,true,false,Anemia (Non-Microcytic) - Clinician Review,None,Hb 11.8 below threshold; MCV 86.6 not microcytic - Mentzer not applicable,10000,0,10000,Standard Clearance
02066dab-25af-4f88-8b25-c3b7d02f4dcc,3.4,27.2,64.9,0.9,2.2,3.91,9.6,31.1,79.7,24.5,30.8,171.0,14.3,0.17,Iron deficiency anemia,20.38,12.0,true,true,false,false,true,false,false,Suspected Iron Deficiency,Serum Ferritin Test,Hb 9.6 < 12.0; MCV 79.7 < 80; Mentzer 20.38 >= 13,10000,15000,25000,Enabled - ZainCash 15% Preventive Subsidy
e1fa5e4b-2795-4897-8d2c-9fc2cf410009,7.2,21.0,69.4,1.5,5.0,3.56,11.3,34.3,96.6,31.7,32.9,192.0,14.6,0.18,Normocytic normochromic anemia,27.13,12.0,true,false,false,false,false,true,false,Anemia (Non-Microcytic) - Clinician Review,None,Hb 11.3 below threshold; MCV 96.6 not microcytic - Mentzer not applicable,10000,0,10000,Standard Clearance
ce44f89b-244a-45e0-ba09-0b10d6387617,4.7,27.8,62.3,1.3,2.9,4.38,12.3,38.4,87.8,28.0,32.0,171.0,11.5,0.15,Normocytic normochromic anemia,20.05,12.0,false,false,false,false,false,false,false,Within Reference Range,None,All evaluated indices within rule thresholds,10000,0,10000,Standard Clearance
cd4a96d6-c5f7-4a25-a9e7-a9e2efdea3f9,3.1,20.3,72.1,0.6,2.3,5.36,12.2,40.4,75.5,22.7,30.1,149.0,13.6,0.14,Iron deficiency anemia,14.09,12.0,false,true,false,false,false,false,false,Within Reference Range,None,All evaluated indices within rule thresholds,10000,0,10000,Standard Clearance
9772b611-8e2d-4d1e-bf61-682fbea0e70d,13.8,18.9,72.5,2.6,10.0,4.45,9.6,32.4,71.4,21.1,29.1,280.0,16.1,0.29,Iron deficiency anemia,16.04,12.0,true,true,true,false,true,false,true,Suspected Iron Deficiency,Serum Ferritin Test + C-Reactive Protein (CRP),Hb 9.6 < 12.0; MCV 71.4 < 80; Mentzer 16.04 >= 13,10000,25000,35000,Enabled - ZainCash 15% Preventive Subsidy
793cab53-18ae-4913-947f-fe35f32d4475,8.8,21.6,71.5,1.9,6.3,3.58,10.7,33.3,93.1,29.8,32.1,171.0,14.6,0.17,Normocytic normochromic anemia,26.01,12.0,true,false,false,false,false,true,false,Anemia (Non-Microcytic) - Clinician Review,None,Hb 10.7 below threshold; MCV 93.1 not microcytic - Mentzer not applicable,10000,0,10000,Standard Clearance
29719aa8-0ddd-4949-a265-b814ca0e118f,6.2,35.3,57.6,2.2,3.6,4.82,11.6,36.9,76.7,24.0,31.4,177.0,13.6,0.17,Iron deficiency anemia,15.91,12.0,true,true,false,false,true,false,false,Suspected Iron Deficiency,Serum Ferritin Test,Hb 11.6 < 12.0; MCV 76.7 < 80; Mentzer 15.91 >= 13,10000,15000,25000,Enabled - ZainCash 15% Preventive Subsidy
80c9f04a-85e6-4864-a222-a78e587b8f56,6.3,16.3,75.8,1.1,5.2,4.09,11.9,37.2,91.0,29.0,31.9,17.0,15.4,0.01,Normocytic hypochromic anemia,22.25,12.0,true,false,false,false,false,true,false,Anemia (Non-Microcytic) - Clinician Review,None,Hb 11.9 below threshold; MCV 91.0 not microcytic - Mentzer not applicable,10000,0,10000,Standard Clearance
f05a129b-bb4a-4e0f-876d-a285f57901bd,5.8,27.7,66.8,1.6,3.9,3.94,10.8,34.6,87.9,27.4,31.2,224.0,11.0,0.15,Normocytic hypochromic anemia,22.31,12.0,true,false,false,false,false,true,false,Anemia (Non-Microcytic) - Clinician Review,None,Hb 10.8 below threshold; MCV 87.9 not microcytic - Mentzer not applicable,10000,0,10000,Standard Clearance
63db63c6-cb98-4784-a57c-d19e673ebe85,5.6,32.1,66.0,1.5,3.9,4.07,11.4,37.2,88.8,27.2,30.6,126.0,15.9,0.13,Normocytic hypochromic anemia,21.82,12.0,true,false,false,false,false,true,false,Anemia (Non-Microcytic) - Clinician Review,None,Hb 11.4 below threshold; MCV 88.8 not microcytic - Mentzer not applicable,10000,0,10000,Standard Clearance
5fa8c538-59ad-4a12-9028-608844a78d56,6.2,35.3,57.6,2.2,3.6,4.82,11.6,36.9,76.7,27.5,31.4,177.0,13.6,0.17,Other microcytic anemia,15.91,12.0,true,true,false,false,true,false,false,Suspected Iron Deficiency,Serum Ferritin Test,Hb 11.6 < 12.0; MCV 76.7 < 80; Mentzer 15.91 >= 13,10000,15000,25000,Enabled - ZainCash 15% Preventive Subsidy
382db8ea-1523-42e3-b5b5-b2a74d709351,8.8,21.6,71.5,1.9,6.3,3.58,10.7,33.3,93.1,29.8,32.1,177.0,13.6,0.17,Normocytic normochromic anemia,26.01,12.0,true,false,false,false,false,true,false,Anemia (Non-Microcytic) - Clinician Review,None,Hb 10.7 below threshold; MCV 93.1 not microcytic - Mentzer not applicable,10000,0,10000,Standard Clearance
bbbd1426-7168-4d52-b7be-35b6521e4450,7.2,21.0,84.7,0.4,3.6,3.34,9.2,28.4,85.3,27.5,32.3,107.0,14.6,0.18,Normocytic normochromic anemia,25.54,12.0,true,false,false,false,false,true,false,Anemia (Non-Microcytic) - Clinician Review,None,Hb 9.2 below threshold; MCV 85.3 not microcytic - Mentzer not applicable,10000,0,10000,Standard Clearance
b6cd6a18-834f-4283-a4ee-5f71d1e34b57,4.2,19.9,74.3,1.0,3.6,3.8,9.0,31.9,85.0,26.8,31.9,163.0,13.1,0.15,Normocytic hypochromic anemia,22.37,12.0,true,false,false,false,false,true,false,Anemia (Non-Microcytic) - Clinician Review,None,Hb 9.0 below threshold; MCV 85.0 not microcytic - Mentzer not applicable,10000,0,10000,Standard Clearance
dc973396-3ef6-4ac5-ba1b-60610a023741,6.8,27.7,65.1,1.0,3.7,4.38,11.3,37.2,85.0,25.7,30.3,161.0,13.8,0.15,Normocytic hypochromic anemia,19.41,12.0,true,false,false,false,false,true,false,Anemia (Non-Microcytic) - Clinician Review,None,Hb 11.3 below threshold; MCV 85.0 not microcytic - Mentzer not applicable,10000,0,10000,Standard Clearance
0e6e672d-97be-4324-b865-85b298f937e0,7.2,21.0,69.4,1.5,5.0,3.56,11.3,34.8,96.6,3117.0,32.91,192.0,14.6,0.18,Normocytic normochromic anemia,27.13,12.0,true,false,false,false,false,true,false,Anemia (Non-Microcytic) - Clinician Review,None,Hb 11.3 below threshold; MCV 96.6 not microcytic - Mentzer not applicable,10000,0,10000,Standard Clearance
2f4b2ed9-0dcd-46da-a301-31eaf85febd7,4.7,27.8,62.3,1.3,2.9,4.38,12.3,38.4,87.8,28.0,32.0,171.0,11.5,0.15,Normocytic normochromic anemia,20.05,12.0,false,false,false,false,false,false,false,Within Reference Range,None,All evaluated indices within rule thresholds,10000,0,10000,Standard Clearance
e2082057-b194-4298-af9c-e2f3f7508a09,3.1,20.3,72.1,0.6,2.3,5.36,12.2,40.4,75.5,22.7,30.1,149.0,13.6,0.14,Iron deficiency anemia,14.09,12.0,false,true,false,false,false,false,false,Within Reference Range,None,All evaluated indices within rule thresholds,10000,0,10000,Standard Clearance
dfec0dc0-f8c4-4ec0-a473-d249d3b7a82a,8.0,7.8,79.6,0.6,6.4,4.99,14.8,44.6,89.4,29.4,33.1,118.0,12.5,0.11,Thrombocytopenia,17.92,12.0,false,false,false,false,false,false,false,Within Reference Range,None,All evaluated indices within rule thresholds,10000,0,10000,Standard Clearance
fd28088c-4898-4c76-8256-c16a596a659e,6.6,7.8,56.3,2.2,3.8,5.12,13.4,44.6,82.3,26.1,31.8,233.0,12.5,0.22,Healthy,16.07,12.0,false,false,false,false,false,false,false,Within Reference Range,None,All evaluated indices within rule thresholds,10000,0,10000,Standard Clearance
24215aea-305e-486f-ad4c-535bb6789610,3.5,31.0,56.3,1.0,2.1,5.07,14.7,43.7,86.3,28.9,33.6,119.0,13.3,0.22,Thrombocytopenia,17.02,12.0,false,false,false,false,false,false,false,Within Reference Range,None,All evaluated indices within rule thresholds,10000,0,10000,Standard Clearance
49e52bff-8e07-4de4-8c4b-04e4d2e8284d,6.1,37.4,54.4,2.3,2.3,5.28,13.2,40.5,76.8,25.0,32.5,161.0,15.1,0.17,Healthy,14.55,12.0,false,true,false,false,false,false,false,Within Reference Range,None,All evaluated indices within rule thresholds,10000,0,10000,Standard Clearance
57d3c10d-eb9c-480f-aa62-65144b499229,6.1,32.2,61.3,2.0,13.7,4.62,11.6,3715.0,81.27,2511.0,30.9,94.0,22.8,0.1,Normocytic hypochromic anemia,17.59,12.0,true,false,false,false,false,true,false,Anemia (Non-Microcytic) - Clinician Review,None,Hb 11.6 below threshold; MCV 81.27 not microcytic - Mentzer not applicable,10000,0,10000,Standard Clearance
504bd9d0-d15b-4bd1-81a1-b7ef2b6d5057,3.8,15.2,74.8,0.6,2.8,4.46,12.5,39.2,88.1,28.0,31.8,127.0,12.8,12.0,Normocytic hypochromic anemia,19.75,12.0,false,false,false,false,false,false,false,Within Reference Range,None,All evaluated indices within rule thresholds,10000,0,10000,Standard Clearance
b7633062-2508-4202-a8bc-8ca618ba0548,21.2,13.9,80.3,3.0,17.0,5.7,14.4,48.4,85.1,25.0,28.9,273.0,12.0,0.26,Leukemia,14.93,12.0,false,false,true,false,false,false,true,Suspected Systemic Inflammation,C-Reactive Protein (CRP),WBC 21.2 > 11,10000,10000,20000,Enabled - ZainCash 15% Preventive Subsidy
7ed2a172-3af8-4ce3-be16-84443c510c9b,4.9,20.7,70.2,1.0,3.4,3.84,9.5,31.2,81.4,24.7,30.4,160.0,16.1,0.17,Normocytic hypochromic anemia,21.2,12.0,true,false,false,false,false,true,false,Anemia (Non-Microcytic) - Clinician Review,None,Hb 9.5 below threshold; MCV 81.4 not microcytic - Mentzer not applicable,10000,0,10000,Standard Clearance
4cc71988-fa7d-4354-a6bd-6ff5089faac9,3.5,36.6,80.3,1.6,2.6,5.22,14.3,44.0,85.1,27.3,30.2,108.0,14.1,0.1,Thrombocytopenia,16.3,12.0,false,false,false,false,false,false,false,Within Reference Range,None,All evaluated indices within rule thresholds,10000,0,10000,Standard Clearance
d8f42619-cde2-4cf6-8a13-c1054d13fe02,4.6,20.3,54.5,1.0,2.5,4.6,8.8,31.6,68.7,19.1,27.8,91.0,11.3,0.09,Iron deficiency anemia,14.93,12.0,true,true,false,false,true,false,false,Suspected Iron Deficiency,Serum Ferritin Test,Hb 8.8 < 12.0; MCV 68.7 < 80; Mentzer 14.93 >= 13,10000,15000,25000,Enabled - ZainCash 15% Preventive Subsidy
aaf0c4a7-4c5c-4cad-9121-4c207e4a9893,4.5,40.5,71.5,1.9,6.3,4.56,10.9,31.3,68.7,19.5,28.4,77.0,11.0,0.07,Iron deficiency anemia,15.07,12.0,true,true,false,false,true,false,false,Suspected Iron Deficiency,Serum Ferritin Test,Hb 10.9 < 12.0; MCV 68.7 < 80; Mentzer 15.07 >= 13,10000,15000,25000,Enabled - ZainCash 15% Preventive Subsidy
c2426f22-9724-4cd8-ab39-1a9b3252c8cc,13.7,30.7,61.8,4.2,8.5,4.92,14.5,35.7,72.6,23.3,32.2,127.0,10.2,0.22,Other microcytic anemia,14.76,12.0,false,true,true,false,false,false,true,Suspected Systemic Inflammation,C-Reactive Protein (CRP),WBC 13.7 > 11,10000,10000,20000,Enabled - ZainCash 15% Preventive Subsidy
b4e35537-9de8-418e-8b24-3d6c924d878b,2.8,19.0,69.6,1.2,4.6,2.37,5.9,30.5,70.2,20.0,28.5,169.0,13.3,0.22,Iron deficiency anemia,29.62,12.0,true,true,false,false,true,false,false,Suspected Iron Deficiency,Serum Ferritin Test,Hb 5.9 < 12.0; MCV 70.2 < 80; Mentzer 29.62 >= 13,10000,15000,25000,Enabled - ZainCash 15% Preventive Subsidy
6ec78e67-f77a-4051-88e5-c33369392c54,4.9,19.9,74.3,1.0,3.6,3.8,10.2,31.9,84.1,26.8,31.9,163.0,13.1,0.1,Normocytic hypochromic anemia,22.13,12.0,true,false,false,false,false,true,false,Anemia (Non-Microcytic) - Clinician Review,None,Hb 10.2 below threshold; MCV 84.1 not microcytic - Mentzer not applicable,10000,0,10000,Standard Clearance
d8653be8-91d4-4ef9-bc4e-0941ed933223,10.1,13.7,78.5,1.4,7.9,4.55,9.7,32.5,71.5,21.3,29.8,137.0,10.7,0.12,Iron deficiency anemia,15.71,12.0,true,true,false,false,true,false,false,Suspected Iron Deficiency,Serum Ferritin Test,Hb 9.7 < 12.0; MCV 71.5 < 80; Mentzer 15.71 >= 13,10000,15000,25000,Enabled - ZainCash 15% Preventive Subsidy
940f2002-b035-4cdb-a578-7d46a2af84c3,8.9,13.3,76.3,1.2,6.8,4.85,10.2,34.2,70.7,21.0,29.8,173.0,12.3,0.15,Iron deficiency anemia,14.58,12.0,true,true,false,false,true,false,false,Suspected Iron Deficiency,Serum Ferritin Test,Hb 10.2 < 12.0; MCV 70.7 < 80; Mentzer 14.58 >= 13,10000,15000,25000,Enabled - ZainCash 15% Preventive Subsidy
339aa079-582f-437c-b36e-63a53442f6a5,6.0,25.5,66.1,1.5,4.0,5.23,12.2,40.4,77.3,23.3,30.1,166.0,12.8,0.15,Iron deficiency anemia,14.78,12.0,false,true,false,false,false,false,false,Within Reference Range,None,All evaluated indices within rule thresholds,10000,0,10000,Standard Clearance
da6d94f4-198e-42ea-b104-e96a90fd45bd,4.0,41.0,52.9,1.6,2.2,4.99,8.6,29.8,59.9,17.2,28.8,233.0,12.8,0.23,Iron deficiency anemia,12.0,12.0,true,true,false,true,false,false,false,Suspected Thalassemia Trait,Hemoglobin Electrophoresis,Hb 8.6 < 12.0; MCV 59.9 < 80; Mentzer 12.0 < 13,10000,25000,35000,Enabled - ZainCash 15% Preventive Subsidy
6eadedd6-b42d-45b6-8e51-c512b076440f,9.1,13.7,78.5,1.4,7.9,4.55,9.7,32.5,71.5,21.3,29.8,137.0,10.7,0.22,Iron deficiency anemia,15.71,12.0,true,true,false,false,true,false,false,Suspected Iron Deficiency,Serum Ferritin Test,Hb 9.7 < 12.0; MCV 71.5 < 80; Mentzer 15.71 >= 13,10000,15000,25000,Enabled - ZainCash 15% Preventive Subsidy
b8caf628-06b0-42ca-9293-df0429641116,10.3,15.7,76.2,1.6,7.9,4.04,8.3,28.4,70.5,20.5,29.2,184.0,11.0,0.16,Iron deficiency anemia,17.45,12.0,true,true,false,false,true,false,false,Suspected Iron Deficiency,Serum Ferritin Test,Hb 8.3 < 12.0; MCV 70.5 < 80; Mentzer 17.45 >= 13,10000,15000,25000,Enabled - ZainCash 15% Preventive Subsidy
a4765891-12f7-4f47-b953-c6f3f83b50c4,9.8,16.1,75.6,1.5,7.5,4.76,9.3,29.2,61.5,19.5,31.8,293.0,10.8,0.29,Iron deficiency anemia,12.92,12.0,true,true,false,true,false,false,false,Suspected Thalassemia Trait,Hemoglobin Electrophoresis,Hb 9.3 < 12.0; MCV 61.5 < 80; Mentzer 12.92 < 13,10000,25000,35000,Enabled - ZainCash 15% Preventive Subsidy
018d8c2c-7421-4ea2-a513-b8d970d9e7e4,2.9,34.4,57.4,1.0,1.7,4.24,11.8,36.2,85.6,27.8,32.5,272.0,14.6,0.27,Normocytic normochromic anemia,20.19,12.0,true,false,false,false,false,true,false,Anemia (Non-Microcytic) - Clinician Review,None,Hb 11.8 below threshold; MCV 85.6 not microcytic - Mentzer not applicable,10000,0,10000,Standard Clearance
4f857cae-fd6b-42c9-ba87-b6527012f68f,9.7,16.0,75.6,1.5,7.5,4.76,9.3,29.2,61.5,19.5,31.8,290.0,11.8,0.19,Iron deficiency anemia,12.92,12.0,true,true,false,true,false,false,false,Suspected Thalassemia Trait,Hemoglobin Electrophoresis,Hb 9.3 < 12.0; MCV 61.5 < 80; Mentzer 12.92 < 13,10000,25000,35000,Enabled - ZainCash 15% Preventive Subsidy
51bfdd04-ca32-4f62-969a-5833d3fa57b1,9.9,15.9,75.6,1.5,7.5,4.76,9.3,29.2,61.5,19.5,31.0,193.0,12.1,0.26,Iron deficiency anemia,12.92,12.0,true,true,false,true,false,false,false,Suspected Thalassemia Trait,Hemoglobin Electrophoresis,Hb 9.3 < 12.0; MCV 61.5 < 80; Mentzer 12.92 < 13,10000,25000,35000,Enabled - ZainCash 15% Preventive Subsidy
31ce3b48-9999-4160-a547-cfcdc9e1a52f,8.8,21.6,71.5,1.9,6.3,3.58,10.7,33.3,93.1,29.8,32.8,170.0,14.5,0.17,Normocytic normochromic anemia,26.01,12.0,true,false,false,false,false,true,false,Anemia (Non-Microcytic) - Clinician Review,None,Hb 10.7 below threshold; MCV 93.1 not microcytic - Mentzer not applicable,10000,0,10000,Standard Clearance
664c5329-6348-4fce-8beb-e8c026914a01,13.0,18.0,72.8,2.3,10.0,4.54,9.6,32.4,71.4,21.1,29.6,280.0,16.1,0.15,Iron deficiency anemia,15.73,12.0,true,true,true,false,true,false,true,Suspected Iron Deficiency,Serum Ferritin Test + C-Reactive Protein (CRP),Hb 9.6 < 12.0; MCV 71.4 < 80; Mentzer 15.73 >= 13,10000,25000,35000,Enabled - ZainCash 15% Preventive Subsidy
bb62b5a4-fe7b-4248-82c7-0151c72954cc,2.7,43.4,49.5,1.2,1.3,4.77,13.2,41.2,86.4,27.4,31.7,169.0,14.3,0.17,Healthy,18.11,12.0,false,false,false,false,false,false,false,Within Reference Range,None,All evaluated indices within rule thresholds,10000,0,10000,Standard Clearance
bd0be8f7-7923-4271-88ad-867c25379625,6.2,35.0,57.6,2.2,3.6,4.82,11.6,37.0,76.7,24.0,31.4,177.0,13.6,0.18,Iron deficiency anemia,15.91,12.0,true,true,false,false,true,false,false,Suspected Iron Deficiency,Serum Ferritin Test,Hb 11.6 < 12.0; MCV 76.7 < 80; Mentzer 15.91 >= 13,10000,15000,25000,Enabled - ZainCash 15% Preventive Subsidy
4bbe1ed4-0b87-4ca7-8b61-d0cd45c9238f,8.4,29.2,63.5,2.0,4.3,4.4,9.9,30.3,68.8,22.7,33.0,133.1,12.8,0.12,Other microcytic anemia,15.64,12.0,true,true,false,false,true,false,false,Suspected Iron Deficiency,Serum Ferritin Test,Hb 9.9 < 12.0; MCV 68.8 < 80; Mentzer 15.64 >= 13,10000,15000,25000,Enabled - ZainCash 15% Preventive Subsidy
37ff68db-8f4f-4c53-9353-f6f6d251ab93,7.4,19.0,72.5,0.8,2.9,3.34,7.4,23.6,70.6,21.9,30.9,125.0,15.9,0.13,Iron deficiency anemia,21.14,12.0,true,true,false,false,true,false,false,Suspected Iron Deficiency,Serum Ferritin Test,Hb 7.4 < 12.0; MCV 70.6 < 80; Mentzer 21.14 >= 13,10000,15000,25000,Enabled - ZainCash 15% Preventive Subsidy
6ed6fef8-cf35-4240-8ea4-349f36fdddcc,12.9,15.5,75.4,0.6,3.0,4.27,10.3,31.0,72.0,24.4,33.5,244.0,13.8,0.23,Other microcytic anemia,16.86,12.0,true,true,true,false,true,false,true,Suspected Iron Deficiency,Serum Ferritin Test + C-Reactive Protein (CRP),Hb 10.3 < 12.0; MCV 72.0 < 80; Mentzer 16.86 >= 13,10000,25000,35000,Enabled - ZainCash 15% Preventive Subsidy
64a8e720-81cd-4168-9a54-7771514c8366,5.7,25.845,77.511,1.88076,5.14094,3.7,10.4,46.1526,77.0,25.0,32.0,180.0,20.0,0.26028,Other microcytic anemia,20.81,12.0,true,true,false,false,true,false,false,Suspected Iron Deficiency,Serum Ferritin Test,Hb 10.4 < 12.0; MCV 77.0 < 80; Mentzer 20.81 >= 13,10000,15000,25000,Enabled - ZainCash 15% Preventive Subsidy
d4ca68d1-0b36-41db-867e-ae8b0d4ebb1b,7.5,25.845,77.511,1.88076,5.14094,5.4,13.8,46.1526,92.0,30.0,32.0,320.0,13.0,0.26028,Healthy,17.04,12.0,false,false,false,false,false,false,false,Within Reference Range,None,All evaluated indices within rule thresholds,10000,0,10000,Standard Clearance
0af4bb6f-03e3-4344-a2be-5cf45648b17f,8.5,25.845,77.511,1.88076,5.14094,5.1,13.5,46.1526,90.0,29.0,32.0,370.0,13.0,0.26028,Healthy,17.65,12.0,false,false,false,false,false,false,false,Within Reference Range,None,All evaluated indices within rule thresholds,10000,0,10000,Standard Clearance
dcab5409-1663-4e16-8e64-9a27765e4aa7,7.8,25.845,77.511,1.88076,5.14094,4.8,12.7,46.1526,86.0,29.0,33.0,290.0,14.9,0.26028,Normocytic normochromic anemia,17.92,12.0,false,false,false,false,false,false,false,Within Reference Range,None,All evaluated indices within rule thresholds,10000,0,10000,Standard Clearance
a74de846-54a2-4859-9836-d07f1bf0b999,8.7,25.845,77.511,1.88076,5.14094,5.7,14.9,46.1526,95.0,31.0,33.0,380.0,13.2,0.26028,Healthy,16.67,12.0,false,false,false,false,false,false,false,Within Reference Range,None,All evaluated indices within rule thresholds,10000,0,10000,Standard Clearance
c65e2115-1ee2-4940-9639-9df748668127,7.0,25.845,77.511,1.88076,5.14094,4.4,12.0,46.1526,87.0,28.0,32.0,260.0,14.5,0.26028,Normocytic normochromic anemia,19.77,12.0,false,false,false,false,false,false,false,Within Reference Range,None,All evaluated indices within rule thresholds,10000,0,10000,Standard Clearance
c1108afe-7417-4ae2-acc6-7f6ed8973085,8.7,25.845,77.511,1.88076,5.14094,5.7,14.5,46.1526,95.0,31.0,33.0,380.0,16.2,0.26028,Healthy,16.67,12.0,false,false,false,false,false,false,false,Within Reference Range,None,All evaluated indices within rule thresholds,10000,0,10000,Standard Clearance
885d319c-88b4-4e94-b6f7-002bada62cfb,7.0,25.845,77.511,1.88076,5.14094,4.2,11.8,46.1526,84.0,27.0,32.0,250.0,15.2,0.26028,Normocytic normochromic anemia,20.0,12.0,true,false,false,false,false,true,false,Anemia (Non-Microcytic) - Clinician Review,None,Hb 11.8 below threshold; MCV 84.0 not microcytic - Mentzer not applicable,10000,0,10000,Standard Clearance
a1f76d6d-298b-4399-a4c3-544138fb7cea,7.1,25.845,77.511,1.88076,5.14094,4.2,11.5,46.1526,84.0,27.0,32.0,240.0,17.9,0.26028,Normocytic normochromic anemia,20.0,12.0,true,false,false,false,false,true,false,Anemia (Non-Microcytic) - Clinician Review,None,Hb 11.5 below threshold; MCV 84.0 not microcytic - Mentzer not applicable,10000,0,10000,Standard Clearance
f6f4c6c8-ea63-4781-9abd-9e908a646065,7.4,25.845,77.511,1.88076,5.14094,5.6,13.6,46.1526,93.0,31.0,32.0,330.0,15.6,0.26028,Healthy,16.61,12.0,false,false,false,false,false,false,false,Within Reference Range,None,All evaluated indices within rule thresholds,10000,0,10000,Standard Clearance
264a561f-d94b-4392-9ff4-fa94e0e3d448,7.7,25.845,77.511,1.88076,5.14094,4.6,12.2,46.1526,88.0,29.0,33.0,310.0,24.6,0.26028,Normocytic normochromic anemia,19.13,12.0,false,false,false,false,false,false,false,Within Reference Range,None,All evaluated indices within rule thresholds,10000,0,10000,Standard Clearance
8b9b9ac9-7893-48fd-a163-388566c4445b,7.3,25.845,77.511,1.88076,5.14094,4.3,11.8,46.1526,85.0,28.0,32.0,280.0,14.3,0.26028,Normocytic normochromic anemia,19.77,12.0,true,false,false,false,false,true,false,Anemia (Non-Microcytic) - Clinician Review,None,Hb 11.8 below threshold; MCV 85.0 not microcytic - Mentzer not applicable,10000,0,10000,Standard Clearance
1a176737-073d-408c-8d5a-791b2a2d1a59,9.2,25.845,77.511,1.88076,5.14094,5.8,15.2,46.1526,96.0,32.0,33.0,400.0,16.8,0.26028,Healthy,16.55,12.0,false,false,false,false,false,false,false,Within Reference Range,None,All evaluated indices within rule thresholds,10000,0,10000,Standard Clearance
eb16f2b6-33ee-48ed-b90d-da117c933a36,8.9,25.845,77.511,1.88076,5.14094,5.7,13.4,46.1526,94.0,31.0,33.0,390.0,15.6,0.26028,Healthy,16.49,12.0,false,false,false,false,false,false,false,Within Reference Range,None,All evaluated indices within rule thresholds,10000,0,10000,Standard Clearance
9df986ee-b41f-43cb-80e5-d1e293087d36,7.3,25.845,77.511,1.88076,5.14094,4.3,11.8,46.1526,85.0,28.0,32.0,280.0,14.7,0.26028,Normocytic normochromic anemia,19.77,12.0,true,false,false,false,false,true,false,Anemia (Non-Microcytic) - Clinician Review,None,Hb 11.8 below threshold; MCV 85.0 not microcytic - Mentzer not applicable,10000,0,10000,Standard Clearance
c36b84bb-525a-40cf-8661-2790ed93e392,7.6,25.845,77.511,1.88076,5.14094,5.0,13.0,46.1526,90.0,29.0,32.0,330.0,13.2,0.26028,Healthy,18.0,12.0,false,false,false,false,false,false,false,Within Reference Range,None,All evaluated indices within rule thresholds,10000,0,10000,Standard Clearance
a38244f3-6734-4182-b41a-0c4dd555d14b,5.9,25.845,77.511,1.88076,5.14094,3.9,10.7,46.1526,79.0,26.0,32.0,200.0,14.4,0.26028,Other microcytic anemia,20.26,12.0,true,true,false,false,true,false,false,Suspected Iron Deficiency,Serum Ferritin Test,Hb 10.7 < 12.0; MCV 79.0 < 80; Mentzer 20.26 >= 13,10000,15000,25000,Enabled - ZainCash 15% Preventive Subsidy
5ac2ff76-397e-4742-8e1a-07944594832b,7.0,25.845,77.511,1.88076,5.14094,4.2,11.8,46.1526,84.0,27.0,32.0,250.0,14.9,0.26028,Normocytic normochromic anemia,20.0,12.0,true,false,false,false,false,true,false,Anemia (Non-Microcytic) - Clinician Review,None,Hb 11.8 below threshold; MCV 84.0 not microcytic - Mentzer not applicable,10000,0,10000,Standard Clearance
5ebe0fcd-d0de-4c23-b424-f894f80f9843,8.5,25.845,77.511,1.88076,5.14094,5.2,14.5,46.1526,94.0,31.0,33.0,380.0,25.0,0.26028,Healthy,18.08,12.0,false,false,false,false,false,false,false,Within Reference Range,None,All evaluated indices within rule thresholds,10000,0,10000,Standard Clearance
67b46834-5237-43e2-9d18-aae86fe379a1,9.2,25.845,77.511,1.88076,5.14094,5.8,15.2,46.1526,96.0,32.0,33.0,400.0,13.3,0.26028,Healthy,16.55,12.0,false,false,false,false,false,false,false,Within Reference Range,None,All evaluated indices within rule thresholds,10000,0,10000,Standard Clearance
45ad9e39-b48e-499c-9bb7-3b8efcea22cc,8.3,25.845,77.511,1.88076,5.14094,5.4,14.2,46.1526,92.0,31.0,33.0,370.0,17.2,0.26028,Healthy,17.04,12.0,false,false,false,false,false,false,false,Within Reference Range,None,All evaluated indices within rule thresholds,10000,0,10000,Standard Clearance
2f8890a8-daca-4f81-bcb5-d03abac71380,5.6,25.845,77.511,1.88076,5.14094,3.6,10.2,46.1526,76.0,24.0,32.0,190.0,16.0,0.26028,Other microcytic anemia,21.11,12.0,true,true,false,false,true,false,false,Suspected Iron Deficiency,Serum Ferritin Test,Hb 10.2 < 12.0; MCV 76.0 < 80; Mentzer 21.11 >= 13,10000,15000,25000,Enabled - ZainCash 15% Preventive Subsidy
9572df49-5917-4f39-b701-7ba3ef1a1e36,7.2,25.845,77.511,1.88076,5.14094,4.6,12.2,46.1526,88.0,28.0,32.0,270.0,15.8,0.26028,Normocytic normochromic anemia,19.13,12.0,false,false,false,false,false,false,false,Within Reference Range,None,All evaluated indices within rule thresholds,10000,0,10000,Standard Clearance
c7cc1a9e-b341-4acf-af27-157927b69294,5.9,25.845,77.511,1.88076,5.14094,3.9,10.8,46.1526,79.0,26.0,32.0,200.0,14.3,0.26028,Other microcytic anemia,20.26,12.0,true,true,false,false,true,false,false,Suspected Iron Deficiency,Serum Ferritin Test,Hb 10.8 < 12.0; MCV 79.0 < 80; Mentzer 20.26 >= 13,10000,15000,25000,Enabled - ZainCash 15% Preventive Subsidy
84237b1e-11a1-4f50-bb2a-86aafb6254da,8.2,25.845,77.511,1.88076,5.14094,5.3,14.8,46.1526,91.0,30.0,33.0,360.0,16.1,0.26028,Healthy,17.17,12.0,false,false,false,false,false,false,false,Within Reference Range,None,All evaluated indices within rule thresholds,10000,0,10000,Standard Clearance
2de7308a-4c02-49c5-8a79-3d78552e71f5,6.0,25.845,77.511,1.88076,5.14094,4.0,11.0,46.1526,80.0,26.0,32.0,200.0,22.5,0.26028,Normocytic hypochromic anemia,20.0,12.0,true,false,false,false,false,true,false,Anemia (Non-Microcytic) - Clinician Review,None,Hb 11.0 below threshold; MCV 80.0 not microcytic - Mentzer not applicable,10000,0,10000,Standard Clearance
e254d08a-1cf9-4e82-bc71-7f61aa835bad,7.7,25.845,77.511,1.88076,5.14094,4.6,12.2,46.1526,88.0,29.0,33.0,310.0,13.5,0.26028,Normocytic normochromic anemia,19.13,12.0,false,false,false,false,false,false,false,Within Reference Range,None,All evaluated indices within rule thresholds,10000,0,10000,Standard Clearance
da834d79-da72-41b2-8574-cb533cb4de00,8.1,25.845,77.511,1.88076,5.14094,5.5,14.7,46.1526,93.0,31.0,33.0,360.0,17.7,0.26028,Healthy,16.91,12.0,false,false,false,false,false,false,false,Within Reference Range,None,All evaluated indices within rule thresholds,10000,0,10000,Standard Clearance
1fc3af9b-5aa9-4a12-a456-5d5c61acc0dc,8.2,25.845,77.511,1.88076,5.14094,5.3,14.8,46.1526,91.0,30.0,33.0,360.0,16.3,0.26028,Healthy,17.17,12.0,false,false,false,false,false,false,false,Within Reference Range,None,All evaluated indices within rule thresholds,10000,0,10000,Standard Clearance
c0c2c87b-8da5-4fee-be64-ff142e966558,9.0,25.845,77.511,1.88076,5.14094,5.7,15.1,46.1526,96.0,32.0,33.0,380.0,16.2,0.26028,Healthy,16.84,12.0,false,false,false,false,false,false,false,Within Reference Range,None,All evaluated indices within rule thresholds,10000,0,10000,Standard Clearance
f9700908-4429-4c1c-8225-0d48fdc4645c,6.9,25.845,77.511,1.88076,5.14094,4.3,12.0,46.1526,85.0,28.0,32.0,230.0,17.9,0.26028,Normocytic normochromic anemia,19.77,12.0,false,false,false,false,false,false,false,Within Reference Range,None,All evaluated indices within rule thresholds,10000,0,10000,Standard Clearance
29037fcc-8966-499d-a387-57bdc30200d5,6.8,25.845,77.511,1.88076,5.14094,4.1,11.7,46.1526,83.0,27.0,32.0,250.0,17.4,0.26028,Normocytic normochromic anemia,20.24,12.0,true,false,false,false,false,true,false,Anemia (Non-Microcytic) - Clinician Review,None,Hb 11.7 below threshold; MCV 83.0 not microcytic - Mentzer not applicable,10000,0,10000,Standard Clearance
b6fdb5d8-57fc-4695-8d12-8bde897664f3,8.0,25.845,77.511,1.88076,5.14094,5.1,13.5,46.1526,90.0,29.0,32.0,350.0,17.3,0.26028,Healthy,17.65,12.0,false,false,false,false,false,false,false,Within Reference Range,None,All evaluated indices within rule thresholds,10000,0,10000,Standard Clearance
a27dff5f-5c3c-4fc7-8bd5-142611f75ac7,7.1,25.845,77.511,1.88076,5.14094,4.2,11.5,46.1526,84.0,27.0,32.0,240.0,15.0,0.26028,Normocytic normochromic anemia,20.0,12.0,true,false,false,false,false,true,false,Anemia (Non-Microcytic) - Clinician Review,None,Hb 11.5 below threshold; MCV 84.0 not microcytic - Mentzer not applicable,10000,0,10000,Standard Clearance
6108b66b-8917-4a44-9fb8-3bd7f52d55d5,7.2,25.845,77.511,1.88076,5.14094,5.3,13.9,46.1526,91.0,30.0,32.0,330.0,25.0,0.26028,Healthy,17.17,12.0,false,false,false,false,false,false,false,Within Reference Range,None,All evaluated indices within rule thresholds,10000,0,10000,Standard Clearance
9a0ca4a4-5f41-4013-8e1d-36f9b8f85160,8.6,25.845,77.511,1.88076,5.14094,5.3,14.4,46.1526,91.0,30.0,33.0,370.0,15.8,0.26028,Healthy,17.17,12.0,false,false,false,false,false,false,false,Within Reference Range,None,All evaluated indices within rule thresholds,10000,0,10000,Standard Clearance
7bbda8f3-8a84-4ca1-b668-3814f9ad444b,6.8,25.845,77.511,1.88076,5.14094,4.2,11.8,46.1526,84.0,27.0,32.0,250.0,16.5,0.26028,Normocytic normochromic anemia,20.0,12.0,true,false,false,false,false,true,false,Anemia (Non-Microcytic) - Clinician Review,None,Hb 11.8 below threshold; MCV 84.0 not microcytic - Mentzer not applicable,10000,0,10000,Standard Clearance
20e66776-7953-4b60-b493-6748c3312feb,7.1,25.845,77.511,1.88076,5.14094,4.2,11.5,46.1526,84.0,27.0,32.0,240.0,15.1,0.26028,Normocytic normochromic anemia,20.0,12.0,true,false,false,false,false,true,false,Anemia (Non-Microcytic) - Clinician Review,None,Hb 11.5 below threshold; MCV 84.0 not microcytic - Mentzer not applicable,10000,0,10000,Standard Clearance
0ccc3d05-8409-4c90-9ebf-6f2c517d1b08,8.0,25.845,77.511,1.88076,5.14094,5.0,13.2,46.1526,90.0,29.0,32.0,350.0,13.3,0.26028,Healthy,18.0,12.0,false,false,false,false,false,false,false,Within Reference Range,None,All evaluated indices within rule thresholds,10000,0,10000,Standard Clearance
47b4942f-db00-4616-ae46-a96ca60886cc,8.5,25.845,77.511,1.88076,5.14094,5.2,14.5,46.1526,94.0,31.0,33.0,380.0,14.8,0.26028,Healthy,18.08,12.0,false,false,false,false,false,false,false,Within Reference Range,None,All evaluated indices within rule thresholds,10000,0,10000,Standard Clearance
e6ff8b41-33f1-4ba6-8f25-4c04f2909f01,7.4,25.845,77.511,1.88076,5.14094,5.6,13.6,46.1526,93.0,31.0,32.0,330.0,13.3,0.26028,Healthy,16.61,12.0,false,false,false,false,false,false,false,Within Reference Range,None,All evaluated indices within rule thresholds,10000,0,10000,Standard Clearance
087d1086-86b2-42ba-a711-3dcd44298c17,5.7,25.845,77.511,1.88076,5.14094,3.7,10.4,46.1526,77.0,25.0,32.0,180.0,13.5,0.26028,Other microcytic anemia,20.81,12.0,true,true,false,false,true,false,false,Suspected Iron Deficiency,Serum Ferritin Test,Hb 10.4 < 12.0; MCV 77.0 < 80; Mentzer 20.81 >= 13,10000,15000,25000,Enabled - ZainCash 15% Preventive Subsidy
d39259df-2847-41b5-b6ae-39d995999c71,7.8,25.845,77.511,1.88076,5.14094,4.8,12.7,46.1526,86.0,29.0,33.0,290.0,16.3,0.26028,Normocytic normochromic anemia,17.92,12.0,false,false,false,false,false,false,false,Within Reference Range,None,All evaluated indices within rule thresholds,10000,0,10000,Standard Clearance
57e1ab90-2d57-4037-9a25-5a25c3877cad,8.0,25.845,77.511,1.88076,5.14094,5.3,13.8,46.1526,92.0,30.0,33.0,350.0,13.9,0.26028,Healthy,17.36,12.0,false,false,false,false,false,false,false,Within Reference Range,None,All evaluated indices within rule thresholds,10000,0,10000,Standard Clearance
e6d817f7-6df1-4c37-845f-7c8345f467ba,7.0,25.845,77.511,1.88076,5.14094,4.5,12.6,46.1526,87.0,28.0,32.0,260.0,17.9,0.26028,Normocytic normochromic anemia,19.33,12.0,false,false,false,false,false,false,false,Within Reference Range,None,All evaluated indices within rule thresholds,10000,0,10000,Standard Clearance
d9bb1441-8e56-4dec-9ebe-cb60c51a8c74,7.5,25.845,77.511,1.88076,5.14094,5.4,13.8,46.1526,92.0,30.0,32.0,320.0,18.3,0.26028,Healthy,17.04,12.0,false,false,false,false,false,false,false,Within Reference Range,None,All evaluated indices within rule thresholds,10000,0,10000,Standard Clearance
ab476c8c-3cd3-433f-8b18-bc59e1f7647d,7.0,25.845,77.511,1.88076,5.14094,4.5,12.1,46.1526,89.0,27.0,32.0,280.0,16.5,0.26028,Normocytic normochromic anemia,19.78,12.0,false,false,false,false,false,false,false,Within Reference Range,None,All evaluated indices within rule thresholds,10000,0,10000,Standard Clearance
d4582a98-4a83-47c7-8ec3-8f302c9fc6b1,8.3,25.845,77.511,1.88076,5.14094,5.2,14.2,46.1526,91.0,30.0,33.0,360.0,13.7,0.26028,Healthy,17.5,12.0,false,false,false,false,false,false,false,Within Reference Range,None,All evaluated indices within rule thresholds,10000,0,10000,Standard Clearance
ebc7e2af-3f95-486c-a3e2-d8315c51c07b,8.5,25.845,77.511,1.88076,5.14094,5.1,13.5,46.1526,90.0,29.0,32.0,370.0,15.5,0.26028,Healthy,17.65,12.0,false,false,false,false,false,false,false,Within Reference Range,None,All evaluated indices within rule thresholds,10000,0,10000,Standard Clearance
c7c8b3a9-983a-477e-a1a4-d45c0ea496ce,7.2,25.845,77.511,1.88076,5.14094,4.4,12.0,46.1526,87.0,28.0,32.0,260.0,14.5,0.26028,Normocytic normochromic anemia,19.77,12.0,false,false,false,false,false,false,false,Within Reference Range,None,All evaluated indices within rule thresholds,10000,0,10000,Standard Clearance
c839dfa8-4d8a-4fc0-974a-24a7799d825f,8.2,25.845,77.511,1.88076,5.14094,5.6,14.0,46.1526,93.0,31.0,33.0,360.0,13.9,0.26028,Healthy,16.61,12.0,false,false,false,false,false,false,false,Within Reference Range,None,All evaluated indices within rule thresholds,10000,0,10000,Standard Clearance
47987754-c7b9-41fd-9dd8-5c6186f6db98,7.7,25.845,77.511,1.88076,5.14094,4.6,12.1,46.1526,88.0,29.0,33.0,310.0,13.6,0.26028,Normocytic normochromic anemia,19.13,12.0,false,false,false,false,false,false,false,Within Reference Range,None,All evaluated indices within rule thresholds,10000,0,10000,Standard Clearance
d427014f-0fed-472d-abab-6b80b104cfe5,8.7,25.845,77.511,1.88076,5.14094,5.7,14.9,46.1526,95.0,31.0,33.0,380.0,13.3,0.26028,Healthy,16.67,12.0,false,false,false,false,false,false,false,Within Reference Range,None,All evaluated indices within rule thresholds,10000,0,10000,Standard Clearance
837bcbd3-6366-4e9f-a66d-edd90273b139,7.2,25.845,77.511,1.88076,5.14094,4.4,11.6,46.1526,86.0,28.0,32.0,260.0,14.9,0.26028,Normocytic normochromic anemia,19.55,12.0,true,false,false,false,false,true,false,Anemia (Non-Microcytic) - Clinician Review,None,Hb 11.6 below threshold; MCV 86.0 not microcytic - Mentzer not applicable,10000,0,10000,Standard Clearance
f830f575-68e9-4e6a-bb39-b664110d0ea5,8.6,25.845,77.511,1.88076,5.14094,5.3,14.4,46.1526,91.0,30.0,33.0,370.0,18.5,0.26028,Healthy,17.17,12.0,false,false,false,false,false,false,false,Within Reference Range,None,All evaluated indices within rule thresholds,10000,0,10000,Standard Clearance
93ac7cc8-61a9-4582-9f86-8a6ec7dc5ff8,7.6,25.845,77.511,1.88076,5.14094,4.7,12.4,46.1526,88.0,29.0,33.0,310.0,19.2,0.26028,Normocytic normochromic anemia,18.72,12.0,false,false,false,false,false,false,false,Within Reference Range,None,All evaluated indices within rule thresholds,10000,0,10000,Standard Clearance
1ef44746-9315-4ff7-9321-7f8f2129f464,8.5,25.845,77.511,1.88076,5.14094,5.1,13.5,46.1526,90.0,29.0,32.0,370.0,12.4,0.26028,Healthy,17.65,12.0,false,false,false,false,false,false,false,Within Reference Range,None,All evaluated indices within rule thresholds,10000,0,10000,Standard Clearance
72b391bb-6347-4f2e-8a26-64571190ba84,7.1,25.845,77.511,1.88076,5.14094,4.2,11.6,46.1526,84.0,27.0,32.0,240.0,15.8,0.26028,Normocytic normochromic anemia,20.0,12.0,true,false,false,false,false,true,false,Anemia (Non-Microcytic) - Clinician Review,None,Hb 11.6 below threshold; MCV 84.0 not microcytic - Mentzer not applicable,10000,0,10000,Standard Clearance
f6dc9174-8d59-492b-9e3f-1c821438cf2d,8.7,25.845,77.511,1.88076,5.14094,5.8,14.9,46.1526,95.0,31.0,33.0,380.0,17.1,0.26028,Healthy,16.38,12.0,false,false,false,false,false,false,false,Within Reference Range,None,All evaluated indices within rule thresholds,10000,0,10000,Standard Clearance
b2f6dfdc-fce0-4942-8c80-496b8a3e44ec,6.9,25.845,77.511,1.88076,5.14094,4.3,12.0,46.1526,85.0,28.0,32.0,230.0,13.2,0.26028,Normocytic normochromic anemia,19.77,12.0,false,false,false,false,false,false,false,Within Reference Range,None,All evaluated indices within rule thresholds,10000,0,10000,Standard Clearance
21543adc-1230-4271-85b5-9c10371aa55b,5.6,25.845,77.511,1.88076,5.14094,3.7,10.3,46.1526,77.0,25.0,32.0,180.0,16.4,0.26028,Other microcytic anemia,20.81,12.0,true,true,false,false,true,false,false,Suspected Iron Deficiency,Serum Ferritin Test,Hb 10.3 < 12.0; MCV 77.0 < 80; Mentzer 20.81 >= 13,10000,15000,25000,Enabled - ZainCash 15% Preventive Subsidy
a097cfd2-cfc9-4da4-80a2-0ee942baa5f5,6.0,25.845,77.511,1.88076,5.14094,4.0,11.0,46.1526,80.0,26.0,32.0,200.0,17.2,0.26028,Normocytic hypochromic anemia,20.0,12.0,true,false,false,false,false,true,false,Anemia (Non-Microcytic) - Clinician Review,None,Hb 11.0 below threshold; MCV 80.0 not microcytic - Mentzer not applicable,10000,0,10000,Standard Clearance
7cd49ffa-3d1d-4e85-a46e-5b2affd5675f,7.2,25.845,77.511,1.88076,5.14094,4.4,11.6,46.1526,86.0,28.0,32.0,260.0,13.6,0.26028,Normocytic normochromic anemia,19.55,12.0,true,false,false,false,false,true,false,Anemia (Non-Microcytic) - Clinician Review,None,Hb 11.6 below threshold; MCV 86.0 not microcytic - Mentzer not applicable,10000,0,10000,Standard Clearance
f38cb3bd-d2f2-4b0e-b4b2-0a6dce7c79ad,7.6,25.845,77.511,1.88076,5.14094,5.0,13.0,46.1526,90.0,29.0,32.0,330.0,13.5,0.26028,Healthy,18.0,12.0,false,false,false,false,false,false,false,Within Reference Range,None,All evaluated indices within rule thresholds,10000,0,10000,Standard Clearance
0d60fbcb-e090-465f-8516-fe1a222853eb,8.5,25.845,77.511,1.88076,5.14094,5.5,14.8,46.1526,93.0,31.0,33.0,370.0,14.75,0.26028,Healthy,16.91,12.0,false,false,false,false,false,false,false,Within Reference Range,None,All evaluated indices within rule thresholds,10000,0,10000,Standard Clearance
8f620f85-5e75-4f46-9bb9-1b8225394ceb,7.3,25.845,77.511,1.88076,5.14094,4.7,12.5,46.1526,87.0,29.0,32.0,270.0,13.5,0.26028,Normocytic normochromic anemia,18.51,12.0,false,false,false,false,false,false,false,Within Reference Range,None,All evaluated indices within rule thresholds,10000,0,10000,Standard Clearance
dacde356-c5c2-438d-95c0-3ec60d58b4d7,7.9,25.845,77.511,1.88076,5.14094,5.1,13.3,46.1526,90.0,29.0,32.0,340.0,14.5,0.26028,Healthy,17.65,12.0,false,false,false,false,false,false,false,Within Reference Range,None,All evaluated indices within rule thresholds,10000,0,10000,Standard Clearance
98942bfe-0a01-456c-bd7b-ea000e8325d9,7.8,25.845,77.511,1.88076,5.14094,5.6,13.7,46.1526,93.0,31.0,32.0,310.0,14.0,0.26028,Healthy,16.61,12.0,false,false,false,false,false,false,false,Within Reference Range,None,All evaluated indices within rule thresholds,10000,0,10000,Standard Clearance
1aee7649-3b97-4754-aa1b-9ae0dd6626a2,7.1,25.845,77.511,1.88076,5.14094,4.4,11.9,46.1526,87.0,28.0,32.0,260.0,13.7,0.26028,Normocytic normochromic anemia,19.77,12.0,true,false,false,false,false,true,false,Anemia (Non-Microcytic) - Clinician Review,None,Hb 11.9 below threshold; MCV 87.0 not microcytic - Mentzer not applicable,10000,0,10000,Standard Clearance
c51a343e-5865-4dac-88dc-f6afaf4c9227,9.0,25.845,77.511,1.88076,5.14094,5.8,15.0,46.1526,96.0,32.0,33.0,400.0,14.4,0.26028,Healthy,16.55,12.0,false,false,false,false,false,false,false,Within Reference Range,None,All evaluated indices within rule thresholds,10000,0,10000,Standard Clearance
8d3f0c09-052d-42a1-bf2d-e376d9350a1b,7.6,25.845,77.511,1.88076,5.14094,5.0,13.0,46.1526,90.0,29.0,32.0,330.0,13.3,0.26028,Healthy,18.0,12.0,false,false,false,false,false,false,false,Within Reference Range,None,All evaluated indices within rule thresholds,10000,0,10000,Standard Clearance
a7c220d3-fa4c-4a7c-b224-f28c78ffa5f6,5.8,25.845,77.511,1.88076,5.14094,3.8,10.5,46.1526,78.0,25.0,32.0,180.0,14.3,0.26028,Other microcytic anemia,20.53,12.0,true,true,false,false,true,false,false,Suspected Iron Deficiency,Serum Ferritin Test,Hb 10.5 < 12.0; MCV 78.0 < 80; Mentzer 20.53 >= 13,10000,15000,25000,Enabled - ZainCash 15% Preventive Subsidy
e935854f-f564-4df3-aefe-f0af4878ebac,7.1,25.845,77.511,1.88076,5.14094,4.2,11.6,46.1526,84.0,27.0,32.0,240.0,14.2,0.26028,Normocytic normochromic anemia,20.0,12.0,true,false,false,false,false,true,false,Anemia (Non-Microcytic) - Clinician Review,None,Hb 11.6 below threshold; MCV 84.0 not microcytic - Mentzer not applicable,10000,0,10000,Standard Clearance
fb47b165-09dd-4d6a-aa6e-3480c2d23c2b,7.4,25.845,77.511,1.88076,5.14094,4.8,12.6,46.1526,86.0,29.0,33.0,280.0,13.6,0.26028,Normocytic normochromic anemia,17.92,12.0,false,false,false,false,false,false,false,Within Reference Range,None,All evaluated indices within rule thresholds,10000,0,10000,Standard Clearance
1490a2f0-7800-4c60-9f62-08cfcf77f4b2,9.0,25.845,77.511,1.88076,5.14094,5.7,15.1,46.1526,96.0,32.0,33.0,380.0,12.2,0.26028,Healthy,16.84,12.0,false,false,false,false,false,false,false,Within Reference Range,None,All evaluated indices within rule thresholds,10000,0,10000,Standard Clearance
cdfb7bda-616f-4948-b8e0-79f12fa19d38,7.4,25.845,77.511,1.88076,5.14094,4.8,12.6,46.1526,86.0,29.0,33.0,280.0,14.8,0.26028,Normocytic normochromic anemia,17.92,12.0,false,false,false,false,false,false,false,Within Reference Range,None,All evaluated indices within rule thresholds,10000,0,10000,Standard Clearance
1908adb7-66ff-4615-8fe6-4d4d5c44f95a,8.7,25.845,77.511,1.88076,5.14094,5.8,14.9,46.1526,95.0,31.0,33.0,380.0,13.7,0.26028,Healthy,16.38,12.0,false,false,false,false,false,false,false,Within Reference Range,None,All evaluated indices within rule thresholds,10000,0,10000,Standard Clearance
0be7975a-54a3-495b-bbda-b1b80763eb1e,7.4,25.845,77.511,1.88076,5.14094,4.6,12.3,46.1526,88.0,29.0,32.0,290.0,17.4,0.26028,Normocytic normochromic anemia,19.13,12.0,false,false,false,false,false,false,false,Within Reference Range,None,All evaluated indices within rule thresholds,10000,0,10000,Standard Clearance
5206ea28-7440-48aa-b9f1-9f3bcc3aabd1,8.0,25.845,77.511,1.88076,5.14094,5.0,13.2,46.1526,90.0,29.0,32.0,350.0,14.8,0.26028,Healthy,18.0,12.0,false,false,false,false,false,false,false,Within Reference Range,None,All evaluated indices within rule thresholds,10000,0,10000,Standard Clearance
730ae5f4-13c5-46e1-a58c-90253471aa6c,7.8,25.845,77.511,1.88076,5.14094,5.3,13.2,46.1526,91.0,30.0,32.0,340.0,13.0,0.26028,Healthy,17.17,12.0,false,false,false,false,false,false,false,Within Reference Range,None,All evaluated indices within rule thresholds,10000,0,10000,Standard Clearance
564569e8-2cff-427f-982f-0e2057dbec1b,5.6,25.845,77.511,1.88076,5.14094,3.6,10.2,46.1526,76.0,24.0,32.0,190.0,17.1,0.26028,Other microcytic anemia,21.11,12.0,true,true,false,false,true,false,false,Suspected Iron Deficiency,Serum Ferritin Test,Hb 10.2 < 12.0; MCV 76.0 < 80; Mentzer 21.11 >= 13,10000,15000,25000,Enabled - ZainCash 15% Preventive Subsidy
fbcdffea-a912-49aa-883e-d9f59c84054e,8.2,25.845,77.511,1.88076,5.14094,5.4,14.7,46.1526,92.0,30.0,33.0,350.0,18.0,0.26028,Healthy,17.04,12.0,false,false,false,false,false,false,false,Within Reference Range,None,All evaluated indices within rule thresholds,10000,0,10000,Standard Clearance
4be324f8-bd4e-494d-899c-09cc61ac8a3d,5.7,25.845,77.511,1.88076,5.14094,3.7,10.4,46.1526,77.0,25.0,32.0,180.0,15.9,0.26028,Other microcytic anemia,20.81,12.0,true,true,false,false,true,false,false,Suspected Iron Deficiency,Serum Ferritin Test,Hb 10.4 < 12.0; MCV 77.0 < 80; Mentzer 20.81 >= 13,10000,15000,25000,Enabled - ZainCash 15% Preventive Subsidy
1db33c70-e3d1-408b-a25f-f7898178a3d2,7.4,25.845,77.511,1.88076,5.14094,5.6,13.6,46.1526,93.0,31.0,32.0,330.0,13.7,0.26028,Healthy,16.61,12.0,false,false,false,false,false,false,false,Within Reference Range,None,All evaluated indices within rule thresholds,10000,0,10000,Standard Clearance
abacf476-883c-4426-b3fc-235aa9baa498,7.8,25.845,77.511,1.88076,5.14094,5.3,13.2,46.1526,91.0,30.0,32.0,340.0,17.8,0.26028,Healthy,17.17,12.0,false,false,false,false,false,false,false,Within Reference Range,None,All evaluated indices within rule thresholds,10000,0,10000,Standard Clearance
88161d92-90e8-420f-b167-586c975d0200,7.4,25.845,77.511,1.88076,5.14094,5.5,13.8,46.1526,93.0,31.0,32.0,320.0,12.9,0.26028,Healthy,16.91,12.0,false,false,false,false,false,false,false,Within Reference Range,None,All evaluated indices within rule thresholds,10000,0,10000,Standard Clearance
3a275376-c54f-44b2-b042-e4c46d9875f5,7.4,25.845,77.511,1.88076,5.14094,4.8,12.7,46.1526,86.0,29.0,33.0,280.0,14.6,0.26028,Normocytic normochromic anemia,17.92,12.0,false,false,false,false,false,false,false,Within Reference Range,None,All evaluated indices within rule thresholds,10000,0,10000,Standard Clearance
3e774d8f-4e48-4aab-b4cb-41e5f47cfa12,8.3,25.845,77.511,1.88076,5.14094,5.2,14.2,46.1526,91.0,30.0,33.0,360.0,15.2,0.26028,Healthy,17.5,12.0,false,false,false,false,false,false,false,Within Reference Range,None,All evaluated indices within rule thresholds,10000,0,10000,Standard Clearance
4dda0beb-62c8-4d3b-875e-2bdf8515c522,9.0,25.845,77.511,1.88076,5.14094,5.8,15.0,46.1526,96.0,32.0,33.0,400.0,13.3,0.26028,Healthy,16.55,12.0,false,false,false,false,false,false,false,Within Reference Range,None,All evaluated indices within rule thresholds,10000,0,10000,Standard Clearance
980e2da4-cf64-4a94-8cb7-df83f914c773,8.3,25.845,77.511,1.88076,5.14094,5.2,14.2,46.1526,91.0,30.0,33.0,360.0,13.6,0.26028,Healthy,17.5,12.0,false,false,false,false,false,false,false,Within Reference Range,None,All evaluated indices within rule thresholds,10000,0,10000,Standard Clearance
90af255d-636a-4348-b00f-10eb524c5813,5.9,25.845,77.511,1.88076,5.14094,3.9,10.8,46.1526,79.0,26.0,32.0,200.0,12.5,0.26028,Other microcytic anemia,20.26,12.0,true,true,false,false,true,false,false,Suspected Iron Deficiency,Serum Ferritin Test,Hb 10.8 < 12.0; MCV 79.0 < 80; Mentzer 20.26 >= 13,10000,15000,25000,Enabled - ZainCash 15% Preventive Subsidy
c3acb9c4-c2b3-41e1-a164-318f8f42b2e0,7.6,25.845,77.511,1.88076,5.14094,5.0,13.0,46.1526,90.0,29.0,32.0,330.0,12.8,0.26028,Healthy,18.0,12.0,false,false,false,false,false,false,false,Within Reference Range,None,All evaluated indices within rule thresholds,10000,0,10000,Standard Clearance
b677519a-4a08-486b-b56b-32bf737c7a18,9.2,25.845,77.511,1.88076,5.14094,5.8,15.2,46.1526,96.0,32.0,33.0,400.0,14.1,0.26028,Healthy,16.55,12.0,false,false,false,false,false,false,false,Within Reference Range,None,All evaluated indices within rule thresholds,10000,0,10000,Standard Clearance
5975bb4b-fdb0-424c-a4ed-314734552735,7.2,25.845,77.511,1.88076,5.14094,4.4,12.0,46.1526,87.0,28.0,32.0,260.0,12.8,0.26028,Normocytic normochromic anemia,19.77,12.0,false,false,false,false,false,false,false,Within Reference Range,None,All evaluated indices within rule thresholds,10000,0,10000,Standard Clearance
5b4faa6a-1055-444d-a8e1-d8fdd0c18433,8.0,25.845,77.511,1.88076,5.14094,5.3,13.8,46.1526,92.0,30.0,33.0,350.0,14.6,0.26028,Healthy,17.36,12.0,false,false,false,false,false,false,false,Within Reference Range,None,All evaluated indices within rule thresholds,10000,0,10000,Standard Clearance
d486282d-480f-4fe3-ba6b-b6a7a412529f,8.7,25.845,77.511,1.88076,5.14094,5.7,14.9,46.1526,95.0,31.0,33.0,380.0,15.8,0.26028,Healthy,16.67,12.0,false,false,false,false,false,false,false,Within Reference Range,None,All evaluated indices within rule thresholds,10000,0,10000,Standard Clearance
66491360-f76a-41f0-9db7-eecef7f9eb48,7.1,25.845,77.511,1.88076,5.14094,4.2,11.5,46.1526,84.0,27.0,32.0,240.0,12.7,0.26028,Normocytic normochromic anemia,20.0,12.0,true,false,false,false,false,true,false,Anemia (Non-Microcytic) - Clinician Review,None,Hb 11.5 below threshold; MCV 84.0 not microcytic - Mentzer not applicable,10000,0,10000,Standard Clearance
f1f4df34-bc14-4669-8f5b-2347dde310e0,8.0,25.845,77.511,1.88076,5.14094,5.1,13.5,46.1526,90.0,29.0,32.0,350.0,15.0,0.26028,Healthy,17.65,12.0,false,false,false,false,false,false,false,Within Reference Range,None,All evaluated indices within rule thresholds,10000,0,10000,Standard Clearance
886b1e76-4cbe-4298-99af-69a387bf765b,5.8,25.845,77.511,1.88076,5.14094,3.8,10.9,46.1526,80.0,26.0,32.0,190.0,12.9,0.26028,Normocytic hypochromic anemia,21.05,12.0,true,false,false,false,false,true,false,Anemia (Non-Microcytic) - Clinician Review,None,Hb 10.9 below threshold; MCV 80.0 not microcytic - Mentzer not applicable,10000,0,10000,Standard Clearance
fbee15e1-b8ab-4430-addd-ef9bd8b839d4,7.0,25.845,77.511,1.88076,5.14094,4.5,12.1,46.1526,89.0,27.0,32.0,280.0,13.4,0.26028,Normocytic normochromic anemia,19.78,12.0,false,false,false,false,false,false,false,Within Reference Range,None,All evaluated indices within rule thresholds,10000,0,10000,Standard Clearance
1e54aa73-106e-4b3d-96b6-74b49bd5d562,7.8,25.845,77.511,1.88076,5.14094,5.1,13.2,46.1526,90.0,29.0,32.0,340.0,15.9,0.26028,Healthy,17.65,12.0,false,false,false,false,false,false,false,Within Reference Range,None,All evaluated indices within rule thresholds,10000,0,10000,Standard Clearance
cb384f9b-7a1d-4269-9187-a14016d05c6e,8.7,25.845,77.511,1.88076,5.14094,5.8,14.9,46.1526,95.0,31.0,33.0,380.0,16.5,0.26028,Healthy,16.38,12.0,false,false,false,false,false,false,false,Within Reference Range,None,All evaluated indices within rule thresholds,10000,0,10000,Standard Clearance
159fe6ab-5cd3-4407-ae51-a414395d9bd2,8.7,25.845,77.511,1.88076,5.14094,5.5,14.0,46.1526,95.0,30.0,33.0,370.0,15.3,0.26028,Healthy,17.27,12.0,false,false,false,false,false,false,false,Within Reference Range,None,All evaluated indices within rule thresholds,10000,0,10000,Standard Clearance
9f662f08-717f-4561-9298-6f2e563d3e97,7.4,25.845,77.511,1.88076,5.14094,5.5,13.8,46.1526,93.0,31.0,32.0,320.0,12.9,0.26028,Healthy,16.91,12.0,false,false,false,false,false,false,false,Within Reference Range,None,All evaluated indices within rule thresholds,10000,0,10000,Standard Clearance
814a7832-0bd9-4654-9ac5-6233b7bfca85,7.0,25.845,77.511,1.88076,5.14094,4.4,12.0,46.1526,87.0,28.0,32.0,260.0,12.9,0.26028,Normocytic normochromic anemia,19.77,12.0,false,false,false,false,false,false,false,Within Reference Range,None,All evaluated indices within rule thresholds,10000,0,10000,Standard Clearance
783058fd-11de-497b-b6eb-f3af13689ec8,5.9,25.845,77.511,1.88076,5.14094,3.9,10.7,46.1526,79.0,26.0,32.0,200.0,14.0,0.26028,Other microcytic anemia,20.26,12.0,true,true,false,false,true,false,false,Suspected Iron Deficiency,Serum Ferritin Test,Hb 10.7 < 12.0; MCV 79.0 < 80; Mentzer 20.26 >= 13,10000,15000,25000,Enabled - ZainCash 15% Preventive Subsidy
2b7fe0ea-dbd5-4b70-8cc1-c7181ae139a1,5.8,25.845,77.511,1.88076,5.14094,3.8,10.9,46.1526,80.0,26.0,32.0,190.0,13.2,0.26028,Normocytic hypochromic anemia,21.05,12.0,true,false,false,false,false,true,false,Anemia (Non-Microcytic) - Clinician Review,None,Hb 10.9 below threshold; MCV 80.0 not microcytic - Mentzer not applicable,10000,0,10000,Standard Clearance
cf1a2cdf-4a55-4be0-9eb4-abfacef2df82,7.1,25.845,77.511,1.88076,5.14094,4.4,11.9,46.1526,87.0,28.0,32.0,260.0,14.8,0.26028,Normocytic normochromic anemia,19.77,12.0,true,false,false,false,false,true,false,Anemia (Non-Microcytic) - Clinician Review,None,Hb 11.9 below threshold; MCV 87.0 not microcytic - Mentzer not applicable,10000,0,10000,Standard Clearance
2f21d759-2333-4c14-9676-a9cb5ff0a441,7.2,25.845,77.511,1.88076,5.14094,4.4,12.0,46.1526,87.0,28.0,32.0,260.0,15.8,0.26028,Normocytic normochromic anemia,19.77,12.0,false,false,false,false,false,false,false,Within Reference Range,None,All evaluated indices within rule thresholds,10000,0,10000,Standard Clearance
f0968e51-e928-463e-803b-06c690c97033,8.0,25.845,77.511,1.88076,5.14094,5.3,13.8,46.1526,92.0,30.0,33.0,350.0,15.2,0.26028,Healthy,17.36,12.0,false,false,false,false,false,false,false,Within Reference Range,None,All evaluated indices within rule thresholds,10000,0,10000,Standard Clearance
d5c83916-50f0-49c5-a7bc-e9e942b65501,7.7,25.845,77.511,1.88076,5.14094,4.7,12.5,46.1526,88.0,29.0,33.0,300.0,12.9,0.26028,Normocytic normochromic anemia,18.72,12.0,false,false,false,false,false,false,false,Within Reference Range,None,All evaluated indices within rule thresholds,10000,0,10000,Standard Clearance
daa4f90e-9489-42ab-8a0e-bbc8f7071464,7.4,25.845,77.511,1.88076,5.14094,4.8,12.6,46.1526,86.0,29.0,33.0,280.0,14.3,0.26028,Normocytic normochromic anemia,17.92,12.0,false,false,false,false,false,false,false,Within Reference Range,None,All evaluated indices within rule thresholds,10000,0,10000,Standard Clearance
196db345-5a5b-415e-befd-010537ed6724,8.3,25.845,77.511,1.88076,5.14094,5.2,14.2,46.1526,91.0,30.0,33.0,360.0,15.7,0.26028,Healthy,17.5,12.0,false,false,false,false,false,false,false,Within Reference Range,None,All evaluated indices within rule thresholds,10000,0,10000,Standard Clearance
c37c051b-4330-49e3-9636-bd6ae5400352,7.5,25.845,77.511,1.88076,5.14094,4.7,12.5,46.1526,88.0,29.0,32.0,290.0,12.6,0.26028,Normocytic normochromic anemia,18.72,12.0,false,false,false,false,false,false,false,Within Reference Range,None,All evaluated indices within rule thresholds,10000,0,10000,Standard Clearance
cc9bdbdd-e0d9-466c-8704-7f78e2fb2190,8.2,25.845,77.511,1.88076,5.14094,5.4,14.6,46.1526,92.0,30.0,33.0,350.0,14.5,0.26028,Healthy,17.04,12.0,false,false,false,false,false,false,false,Within Reference Range,None,All evaluated indices within rule thresholds,10000,0,10000,Standard Clearance
25d05a16-c7fa-49c7-8c11-b8014db3e720,8.3,25.845,77.511,1.88076,5.14094,5.2,14.2,46.1526,91.0,30.0,33.0,360.0,14.4,0.26028,Healthy,17.5,12.0,false,false,false,false,false,false,false,Within Reference Range,None,All evaluated indices within rule thresholds,10000,0,10000,Standard Clearance
7c445bbe-82f7-44c9-a238-6be7f7820b39,9.0,25.845,77.511,1.88076,5.14094,5.8,15.0,46.1526,96.0,32.0,33.0,400.0,13.9,0.26028,Healthy,16.55,12.0,false,false,false,false,false,false,false,Within Reference Range,None,All evaluated indices within rule thresholds,10000,0,10000,Standard Clearance
b6d1bc8e-7238-46a7-a19c-e487d4f9ff41,8.3,25.845,77.511,1.88076,5.14094,5.2,14.2,46.1526,91.0,30.0,33.0,360.0,16.4,0.26028,Healthy,17.5,12.0,false,false,false,false,false,false,false,Within Reference Range,None,All evaluated indices within rule thresholds,10000,0,10000,Standard Clearance
26c257fe-6356-4293-a2ca-d9431ea9b284,7.2,25.845,77.511,1.88076,5.14094,4.4,11.6,46.1526,86.0,28.0,32.0,260.0,14.3,0.26028,Normocytic normochromic anemia,19.55,12.0,true,false,false,false,false,true,false,Anemia (Non-Microcytic) - Clinician Review,None,Hb 11.6 below threshold; MCV 86.0 not microcytic - Mentzer not applicable,10000,0,10000,Standard Clearance
b76076c3-bd56-4500-b809-60d6ebb57938,6.8,25.845,77.511,1.88076,5.14094,4.1,11.9,46.1526,83.0,27.0,32.0,250.0,14.8,0.26028,Normocytic normochromic anemia,20.24,12.0,true,false,false,false,false,true,false,Anemia (Non-Microcytic) - Clinician Review,None,Hb 11.9 below threshold; MCV 83.0 not microcytic - Mentzer not applicable,10000,0,10000,Standard Clearance
b184e11d-a7ab-4fac-a6b5-1160d8d751f1,7.7,25.845,77.511,1.88076,5.14094,4.7,12.4,46.1526,88.0,29.0,33.0,300.0,18.0,0.26028,Normocytic normochromic anemia,18.72,12.0,false,false,false,false,false,false,false,Within Reference Range,None,All evaluated indices within rule thresholds,10000,0,10000,Standard Clearance
150eec55-d16a-42de-8d7f-504376b983be,7.9,25.845,77.511,1.88076,5.14094,5.1,13.3,46.1526,90.0,29.0,32.0,340.0,16.2,0.26028,Healthy,17.65,12.0,false,false,false,false,false,false,false,Within Reference Range,None,All evaluated indices within rule thresholds,10000,0,10000,Standard Clearance
274f3dbd-0ea6-45f6-9f4f-0e4dcd493dd1,8.3,25.845,77.511,1.88076,5.14094,5.2,14.3,46.1526,91.0,30.0,33.0,360.0,13.1,0.26028,Healthy,17.5,12.0,false,false,false,false,false,false,false,Within Reference Range,None,All evaluated indices within rule thresholds,10000,0,10000,Standard Clearance
fb0e74b8-e53e-4e38-ac57-7502a6491385,7.2,25.845,77.511,1.88076,5.14094,5.3,13.9,46.1526,91.0,30.0,32.0,330.0,13.1,0.26028,Healthy,17.17,12.0,false,false,false,false,false,false,false,Within Reference Range,None,All evaluated indices within rule thresholds,10000,0,10000,Standard Clearance
0f91fe4c-27ef-424b-b3c6-3a2d278867b4,8.2,25.845,77.511,1.88076,5.14094,5.4,14.7,46.1526,92.0,30.0,33.0,350.0,20.9,0.26028,Healthy,17.04,12.0,false,false,false,false,false,false,false,Within Reference Range,None,All evaluated indices within rule thresholds,10000,0,10000,Standard Clearance
fee0a8de-8683-4b29-b980-d49ee2206e39,7.8,25.845,77.511,1.88076,5.14094,5.1,13.2,46.1526,90.0,29.0,32.0,340.0,20.1,0.26028,Healthy,17.65,12.0,false,false,false,false,false,false,false,Within Reference Range,None,All evaluated indices within rule thresholds,10000,0,10000,Standard Clearance
bfa05b32-c901-4ed8-8d23-e78317b8e975,8.6,25.845,77.511,1.88076,5.14094,5.4,14.6,46.1526,92.0,31.0,33.0,370.0,14.7,0.26028,Healthy,17.04,12.0,false,false,false,false,false,false,false,Within Reference Range,None,All evaluated indices within rule thresholds,10000,0,10000,Standard Clearance
aa3981c7-d3f1-49b2-b4e1-d6822b9546c6,7.1,25.845,77.511,1.88076,5.14094,4.2,11.5,46.1526,84.0,27.0,32.0,240.0,16.7,0.26028,Normocytic normochromic anemia,20.0,12.0,true,false,false,false,false,true,false,Anemia (Non-Microcytic) - Clinician Review,None,Hb 11.5 below threshold; MCV 84.0 not microcytic - Mentzer not applicable,10000,0,10000,Standard Clearance
3044a2b7-352d-4c12-9f4f-e2932b895b59,8.3,25.845,77.511,1.88076,5.14094,5.4,14.2,46.1526,92.0,31.0,33.0,370.0,13.4,0.26028,Healthy,17.04,12.0,false,false,false,false,false,false,false,Within Reference Range,None,All evaluated indices within rule thresholds,10000,0,10000,Standard Clearance
b65c1ae6-3c6c-48d3-8d07-2f8af96b62a6,8.2,25.845,77.511,1.88076,5.14094,5.6,14.0,46.1526,93.0,31.0,33.0,360.0,13.1,0.26028,Healthy,16.61,12.0,false,false,false,false,false,false,false,Within Reference Range,None,All evaluated indices within rule thresholds,10000,0,10000,Standard Clearance
879ed2e5-c758-4a8b-be47-211521aee4ba,8.3,25.845,77.511,1.88076,5.14094,5.2,14.3,46.1526,91.0,30.0,33.0,360.0,12.7,0.26028,Healthy,17.5,12.0,false,false,false,false,false,false,false,Within Reference Range,None,All evaluated indices within rule thresholds,10000,0,10000,Standard Clearance
8c243671-4581-4bcc-be1e-57a378825e58,8.2,25.845,77.511,1.88076,5.14094,5.4,14.6,46.1526,92.0,30.0,33.0,350.0,14.9,0.26028,Healthy,17.04,12.0,false,false,false,false,false,false,false,Within Reference Range,None,All evaluated indices within rule thresholds,10000,0,10000,Standard Clearance
a943ceeb-d667-4736-aaa5-05d53be6abbf,8.3,25.845,77.511,1.88076,5.14094,5.2,14.2,46.1526,91.0,30.0,33.0,360.0,15.5,0.26028,Healthy,17.5,12.0,false,false,false,false,false,false,false,Within Reference Range,None,All evaluated indices within rule thresholds,10000,0,10000,Standard Clearance
d45288d6-c131-458f-b771-5f4c6a51d5ec,8.5,25.845,77.511,1.88076,5.14094,5.1,13.5,46.1526,90.0,29.0,32.0,370.0,17.4,0.26028,Healthy,17.65,12.0,false,false,false,false,false,false,false,Within Reference Range,None,All evaluated indices within rule thresholds,10000,0,10000,Standard Clearance
224a39ca-eb2c-494b-8c79-934a6f56832c,7.5,25.845,77.511,1.88076,5.14094,4.5,12.3,46.1526,89.0,28.0,32.0,290.0,12.8,0.26028,Normocytic normochromic anemia,19.78,12.0,false,false,false,false,false,false,false,Within Reference Range,None,All evaluated indices within rule thresholds,10000,0,10000,Standard Clearance
2bef5e52-42b9-4af0-9a6f-a840a6bc8279,8.2,25.845,77.511,1.88076,5.14094,5.4,14.7,46.1526,92.0,30.0,33.0,350.0,14.6,0.26028,Healthy,17.04,12.0,false,false,false,false,false,false,false,Within Reference Range,None,All evaluated indices within rule thresholds,10000,0,10000,Standard Clearance
ca86736d-6a74-4fc5-ad8c-a7265a0477c6,7.2,25.845,77.511,1.88076,5.14094,5.5,13.5,46.1526,93.0,31.0,32.0,330.0,16.1,0.26028,Healthy,16.91,12.0,false,false,false,false,false,false,false,Within Reference Range,None,All evaluated indices within rule thresholds,10000,0,10000,Standard Clearance
a4bc0522-0850-47eb-82b0-4664052b471e,7.8,25.845,77.511,1.88076,5.14094,5.1,13.2,46.1526,90.0,29.0,32.0,340.0,15.1,0.26028,Healthy,17.65,12.0,false,false,false,false,false,false,false,Within Reference Range,None,All evaluated indices within rule thresholds,10000,0,10000,Standard Clearance
617343cc-7238-41d6-ada9-0b1b5a8a642b,7.8,25.845,77.511,1.88076,5.14094,5.3,13.2,46.1526,91.0,30.0,32.0,340.0,16.9,0.26028,Healthy,17.17,12.0,false,false,false,false,false,false,false,Within Reference Range,None,All evaluated indices within rule thresholds,10000,0,10000,Standard Clearance
33bb0469-b4c5-4999-a858-7d1fed5191fc,7.6,25.845,77.511,1.88076,5.14094,5.0,13.0,46.1526,90.0,29.0,32.0,330.0,14.7,0.26028,Healthy,18.0,12.0,false,false,false,false,false,false,false,Within Reference Range,None,All evaluated indices within rule thresholds,10000,0,10000,Standard Clearance
d82f73fb-d7f1-4f48-894a-9abd5885c2f6,7.8,25.845,77.511,1.88076,5.14094,4.8,12.7,46.1526,86.0,29.0,33.0,290.0,13.1,0.26028,Normocytic normochromic anemia,17.92,12.0,false,false,false,false,false,false,false,Within Reference Range,None,All evaluated indices within rule thresholds,10000,0,10000,Standard Clearance
4954fe6b-64a6-464a-871e-952456aeddbb,6.9,25.845,77.511,1.88076,5.14094,4.3,12.0,46.1526,85.0,28.0,32.0,230.0,13.1,0.26028,Normocytic normochromic anemia,19.77,12.0,false,false,false,false,false,false,false,Within Reference Range,None,All evaluated indices within rule thresholds,10000,0,10000,Standard Clearance
30b8d523-b5c1-4918-9cd3-453e7328417f,5.6,25.845,77.511,1.88076,5.14094,3.6,10.2,46.1526,76.0,24.0,32.0,190.0,15.3,0.26028,Other microcytic anemia,21.11,12.0,true,true,false,false,true,false,false,Suspected Iron Deficiency,Serum Ferritin Test,Hb 10.2 < 12.0; MCV 76.0 < 80; Mentzer 21.11 >= 13,10000,15000,25000,Enabled - ZainCash 15% Preventive Subsidy
84a3bac3-ee85-4e4e-b0e7-56ee954d4ee8,7.5,25.845,77.511,1.88076,5.14094,4.5,12.3,46.1526,89.0,28.0,32.0,290.0,14.7,0.26028,Normocytic normochromic anemia,19.78,12.0,false,false,false,false,false,false,false,Within Reference Range,None,All evaluated indices within rule thresholds,10000,0,10000,Standard Clearance
cf45d64d-1996-43db-8a2a-639ba46ff946,7.4,25.845,77.511,1.88076,5.14094,5.6,13.6,46.1526,93.0,31.0,32.0,330.0,21.3,0.26028,Healthy,16.61,12.0,false,false,false,false,false,false,false,Within Reference Range,None,All evaluated indices within rule thresholds,10000,0,10000,Standard Clearance
7ac38825-3064-4de0-8fe3-4723ed4fc5fa,9.0,25.845,77.511,1.88076,5.14094,5.7,15.1,46.1526,96.0,32.0,33.0,380.0,13.0,0.26028,Healthy,16.84,12.0,false,false,false,false,false,false,false,Within Reference Range,None,All evaluated indices within rule thresholds,10000,0,10000,Standard Clearance
35140c02-b62b-44e4-8694-81c2bd53e88f,9.0,25.845,77.511,1.88076,5.14094,5.8,15.1,46.1526,96.0,32.0,33.0,380.0,15.2,0.26028,Healthy,16.55,12.0,false,false,false,false,false,false,false,Within Reference Range,None,All evaluated indices within rule thresholds,10000,0,10000,Standard Clearance
0895ca45-247a-4bc9-b7a9-6d706d79e5a4,8.2,25.845,77.511,1.88076,5.14094,5.2,14.0,46.1526,91.0,30.0,33.0,360.0,12.7,0.26028,Healthy,17.5,12.0,false,false,false,false,false,false,false,Within Reference Range,None,All evaluated indices within rule thresholds,10000,0,10000,Standard Clearance
5a672477-4486-4418-9b9b-7ef5adc3894c,6.8,25.845,77.511,1.88076,5.14094,4.1,11.7,46.1526,83.0,27.0,32.0,250.0,14.0,0.26028,Normocytic normochromic anemia,20.24,12.0,true,false,false,false,false,true,false,Anemia (Non-Microcytic) - Clinician Review,None,Hb 11.7 below threshold; MCV 83.0 not microcytic - Mentzer not applicable,10000,0,10000,Standard Clearance
87ec2fc8-7f60-47c2-b966-a74fe324a3e9,9.0,25.845,77.511,1.88076,5.14094,5.8,15.0,46.1526,96.0,32.0,33.0,400.0,18.2,0.26028,Healthy,16.55,12.0,false,false,false,false,false,false,false,Within Reference Range,None,All evaluated indices within rule thresholds,10000,0,10000,Standard Clearance
ea526835-e95a-4ec6-899d-bc0665622936,8.7,25.845,77.511,1.88076,5.14094,5.5,14.0,46.1526,95.0,30.0,33.0,370.0,15.6,0.26028,Healthy,17.27,12.0,false,false,false,false,false,false,false,Within Reference Range,None,All evaluated indices within rule thresholds,10000,0,10000,Standard Clearance
f4268074-6c15-4750-af1c-69a4b53a9cab,8.1,25.845,77.511,1.88076,5.14094,5.5,14.7,46.1526,93.0,31.0,33.0,360.0,15.2,0.26028,Healthy,16.91,12.0,false,false,false,false,false,false,false,Within Reference Range,None,All evaluated indices within rule thresholds,10000,0,10000,Standard Clearance
622cfdbd-5373-41fc-b09b-f1932656722b,5.8,25.845,77.511,1.88076,5.14094,3.8,10.9,46.1526,80.0,26.0,32.0,190.0,16.5,0.26028,Normocytic hypochromic anemia,21.05,12.0,true,false,false,false,false,true,false,Anemia (Non-Microcytic) - Clinician Review,None,Hb 10.9 below threshold; MCV 80.0 not microcytic - Mentzer not applicable,10000,0,10000,Standard Clearance
f8650eef-f3fe-4464-a46c-e4898d2eefbb,7.2,25.845,77.511,1.88076,5.14094,4.6,12.2,46.1526,88.0,28.0,32.0,270.0,16.7,0.26028,Normocytic normochromic anemia,19.13,12.0,false,false,false,false,false,false,false,Within Reference Range,None,All evaluated indices within rule thresholds,10000,0,10000,Standard Clearance
855a98d0-254d-410e-bf02-b687856e2cf0,7.1,25.845,77.511,1.88076,5.14094,4.2,11.5,46.1526,84.0,27.0,32.0,240.0,17.4,0.26028,Normocytic normochromic anemia,20.0,12.0,true,false,false,false,false,true,false,Anemia (Non-Microcytic) - Clinician Review,None,Hb 11.5 below threshold; MCV 84.0 not microcytic - Mentzer not applicable,10000,0,10000,Standard Clearance
a00ed197-f768-41d0-bc77-fe3257d76a3a,8.0,25.845,77.511,1.88076,5.14094,5.1,13.5,46.1526,90.0,29.0,32.0,350.0,15.4,0.26028,Healthy,17.65,12.0,false,false,false,false,false,false,false,Within Reference Range,None,All evaluated indices within rule thresholds,10000,0,10000,Standard Clearance
a89b9573-37ee-49f3-91ff-c43be8c8a282,7.0,25.845,77.511,1.88076,5.14094,4.4,12.0,46.1526,87.0,28.0,32.0,260.0,16.7,0.26028,Normocytic normochromic anemia,19.77,12.0,false,false,false,false,false,false,false,Within Reference Range,None,All evaluated indices within rule thresholds,10000,0,10000,Standard Clearance
52f6e09b-58ac-4fa5-9c9d-3549d46ca960,7.8,25.845,77.511,1.88076,5.14094,5.3,13.2,46.1526,91.0,30.0,32.0,340.0,14.5,0.26028,Healthy,17.17,12.0,false,false,false,false,false,false,false,Within Reference Range,None,All evaluated indices within rule thresholds,10000,0,10000,Standard Clearance
33823fe0-4f6c-4b5f-aaac-904ced6e2d84,7.3,25.845,77.511,1.88076,5.14094,4.7,12.5,46.1526,87.0,29.0,32.0,270.0,16.7,0.26028,Normocytic normochromic anemia,18.51,12.0,false,false,false,false,false,false,false,Within Reference Range,None,All evaluated indices within rule thresholds,10000,0,10000,Standard Clearance
a0cc1bd9-313e-4559-9fe6-64d0b7a5c25c,7.8,25.845,77.511,1.88076,5.14094,5.1,14.3,46.1526,89.0,30.0,32.0,340.0,15.5,0.26028,Healthy,17.45,12.0,false,false,false,false,false,false,false,Within Reference Range,None,All evaluated indices within rule thresholds,10000,0,10000,Standard Clearance
6e633f43-db9d-42dc-b30a-71fb004edf29,7.4,25.845,77.511,1.88076,5.14094,4.8,12.6,46.1526,86.0,29.0,33.0,280.0,15.0,0.26028,Normocytic normochromic anemia,17.92,12.0,false,false,false,false,false,false,false,Within Reference Range,None,All evaluated indices within rule thresholds,10000,0,10000,Standard Clearance
913a5c9e-34c4-4e65-b610-d95bd9ae2a42,7.2,25.845,77.511,1.88076,5.14094,4.4,12.0,46.1526,87.0,28.0,32.0,260.0,13.9,0.26028,Normocytic normochromic anemia,19.77,12.0,false,false,false,false,false,false,false,Within Reference Range,None,All evaluated indices within rule thresholds,10000,0,10000,Standard Clearance
e0e094fe-8872-4a7a-9427-7d980fee05f9,8.3,25.845,77.511,1.88076,5.14094,5.2,14.2,46.1526,91.0,30.0,33.0,360.0,15.0,0.26028,Healthy,17.5,12.0,false,false,false,false,false,false,false,Within Reference Range,None,All evaluated indices within rule thresholds,10000,0,10000,Standard Clearance
63e997c1-de00-438c-9326-040685622f1a,8.2,25.845,77.511,1.88076,5.14094,5.3,14.8,46.1526,91.0,30.0,33.0,360.0,14.2,0.26028,Healthy,17.17,12.0,false,false,false,false,false,false,false,Within Reference Range,None,All evaluated indices within rule thresholds,10000,0,10000,Standard Clearance
e18cf236-eb59-449b-90dc-bb82444df427,7.0,25.845,77.511,1.88076,5.14094,4.3,12.8,46.1526,87.0,28.0,32.0,280.0,14.8,0.26028,Normocytic normochromic anemia,20.23,12.0,false,false,false,false,false,false,false,Within Reference Range,None,All evaluated indices within rule thresholds,10000,0,10000,Standard Clearance
7d476c97-48b5-4954-8682-3fbd02871681,8.0,25.845,77.511,1.88076,5.14094,5.3,13.5,46.1526,92.0,30.0,32.0,350.0,15.7,0.26028,Healthy,17.36,12.0,false,false,false,false,false,false,false,Within Reference Range,None,All evaluated indices within rule thresholds,10000,0,10000,Standard Clearance
17f008fc-cdef-40a3-9cf7-a52db149b25d,7.0,25.845,77.511,1.88076,5.14094,4.3,12.8,46.1526,87.0,28.0,32.0,280.0,14.7,0.26028,Normocytic normochromic anemia,20.23,12.0,false,false,false,false,false,false,false,Within Reference Range,None,All evaluated indices within rule thresholds,10000,0,10000,Standard Clearance
c958b7c2-28d1-4502-8d48-0539a4c0ceb8,7.4,25.845,77.511,1.88076,5.14094,4.6,12.3,46.1526,88.0,29.0,32.0,290.0,16.3,0.26028,Normocytic normochromic anemia,19.13,12.0,false,false,false,false,false,false,false,Within Reference Range,None,All evaluated indices within rule thresholds,10000,0,10000,Standard Clearance
370a4f0b-eb21-4e75-b1f8-dc798abe3a8c,7.2,25.845,77.511,1.88076,5.14094,4.6,12.2,46.1526,88.0,28.0,32.0,270.0,15.4,0.26028,Normocytic normochromic anemia,19.13,12.0,false,false,false,false,false,false,false,Within Reference Range,None,All evaluated indices within rule thresholds,10000,0,10000,Standard Clearance
92cbb343-5684-4b87-954a-9bf8b60aa3cf,6.8,25.845,77.511,1.88076,5.14094,4.2,11.8,46.1526,84.0,27.0,32.0,250.0,15.4,0.26028,Normocytic normochromic anemia,20.0,12.0,true,false,false,false,false,true,false,Anemia (Non-Microcytic) - Clinician Review,None,Hb 11.8 below threshold; MCV 84.0 not microcytic - Mentzer not applicable,10000,0,10000,Standard Clearance
69effbe5-799b-4726-9858-e58755fa4f7e,9.0,25.845,77.511,1.88076,5.14094,5.8,15.0,46.1526,96.0,32.0,33.0,400.0,16.2,0.26028,Healthy,16.55,12.0,false,false,false,false,false,false,false,Within Reference Range,None,All evaluated indices within rule thresholds,10000,0,10000,Standard Clearance
0363eca7-437f-444d-a8f2-e692d562cf59,7.6,25.845,77.511,1.88076,5.14094,4.9,12.8,46.1526,88.0,29.0,33.0,300.0,15.9,0.26028,Normocytic normochromic anemia,17.96,12.0,false,false,false,false,false,false,false,Within Reference Range,None,All evaluated indices within rule thresholds,10000,0,10000,Standard Clearance
9ebf9ac3-a141-46bc-9603-42626f6eea40,7.5,25.845,77.511,1.88076,5.14094,4.5,12.2,46.1526,89.0,28.0,32.0,290.0,16.3,0.26028,Normocytic normochromic anemia,19.78,12.0,false,false,false,false,false,false,false,Within Reference Range,None,All evaluated indices within rule thresholds,10000,0,10000,Standard Clearance
e8c4adf3-0d32-4d7a-bcef-f6d40520f345,8.7,25.845,77.511,1.88076,5.14094,5.7,14.9,46.1526,95.0,31.0,33.0,380.0,15.7,0.26028,Healthy,16.67,12.0,false,false,false,false,false,false,false,Within Reference Range,None,All evaluated indices within rule thresholds,10000,0,10000,Standard Clearance
d584f63e-ef23-4b61-803d-d5c563c67428,7.4,25.845,77.511,1.88076,5.14094,4.6,12.3,46.1526,88.0,29.0,32.0,290.0,16.1,0.26028,Normocytic normochromic anemia,19.13,12.0,false,false,false,false,false,false,false,Within Reference Range,None,All evaluated indices within rule thresholds,10000,0,10000,Standard Clearance
3982bdf6-4c21-40c9-8938-3cca2b7c4a00,7.8,25.845,77.511,1.88076,5.14094,5.6,13.6,46.1526,93.0,31.0,32.0,310.0,15.6,0.26028,Healthy,16.61,12.0,false,false,false,false,false,false,false,Within Reference Range,None,All evaluated indices within rule thresholds,10000,0,10000,Standard Clearance
d3c56323-1bce-43f8-86a5-fb85ae351753,7.6,25.845,77.511,1.88076,5.14094,5.0,13.0,46.1526,90.0,29.0,32.0,330.0,16.1,0.26028,Healthy,18.0,12.0,false,false,false,false,false,false,false,Within Reference Range,None,All evaluated indices within rule thresholds,10000,0,10000,Standard Clearance
dc9ffff5-d1f9-4414-b8c5-23041662d213,7.0,25.845,77.511,1.88076,5.14094,4.3,12.8,46.1526,87.0,28.0,32.0,280.0,16.3,0.26028,Normocytic normochromic anemia,20.23,12.0,false,false,false,false,false,false,false,Within Reference Range,None,All evaluated indices within rule thresholds,10000,0,10000,Standard Clearance
a13c577b-055a-4ae9-a119-182369583bb7,7.2,25.845,77.511,1.88076,5.14094,4.4,12.0,46.1526,87.0,28.0,32.0,260.0,16.1,0.26028,Normocytic normochromic anemia,19.77,12.0,false,false,false,false,false,false,false,Within Reference Range,None,All evaluated indices within rule thresholds,10000,0,10000,Standard Clearance
25ae3032-9e1c-4af8-90ff-55617d0531d8,8.7,25.845,77.511,1.88076,5.14094,5.8,14.9,46.1526,95.0,31.0,33.0,380.0,15.9,0.26028,Healthy,16.38,12.0,false,false,false,false,false,false,false,Within Reference Range,None,All evaluated indices within rule thresholds,10000,0,10000,Standard Clearance
a4784479-870e-46b5-a2b1-8b261f45a310,7.4,25.845,77.511,1.88076,5.14094,5.5,13.8,46.1526,93.0,31.0,32.0,320.0,16.2,0.26028,Healthy,16.91,12.0,false,false,false,false,false,false,false,Within Reference Range,None,All evaluated indices within rule thresholds,10000,0,10000,Standard Clearance
61fb2a93-da54-42ca-bc9a-7b91e5501d7d,7.8,25.845,77.511,1.88076,5.14094,5.6,13.7,46.1526,93.0,31.0,32.0,310.0,16.0,0.26028,Healthy,16.61,12.0,false,false,false,false,false,false,false,Within Reference Range,None,All evaluated indices within rule thresholds,10000,0,10000,Standard Clearance
d1af89da-c386-4837-8d38-fd91b46f4b77,7.4,25.845,77.511,1.88076,5.14094,4.6,12.3,46.1526,88.0,29.0,32.0,290.0,16.2,0.26028,Normocytic normochromic anemia,19.13,12.0,false,false,false,false,false,false,false,Within Reference Range,None,All evaluated indices within rule thresholds,10000,0,10000,Standard Clearance
d6a211e0-26d5-46b7-b986-bb14b1e9a42e,7.5,25.845,77.511,1.88076,5.14094,4.7,12.5,46.1526,88.0,29.0,32.0,290.0,15.7,0.26028,Normocytic normochromic anemia,18.72,12.0,false,false,false,false,false,false,false,Within Reference Range,None,All evaluated indices within rule thresholds,10000,0,10000,Standard Clearance
e7ba0ea6-206c-4d8c-bc1e-f98933887dfe,7.4,25.845,77.511,1.88076,5.14094,5.2,13.0,46.1526,91.0,30.0,32.0,320.0,16.3,0.26028,Healthy,17.5,12.0,false,false,false,false,false,false,false,Within Reference Range,None,All evaluated indices within rule thresholds,10000,0,10000,Standard Clearance
836f18c8-b416-40ff-97c8-f46c6ebef8bf,5.9,25.845,77.511,1.88076,5.14094,3.9,10.7,46.1526,79.0,26.0,32.0,200.0,16.0,0.26028,Other microcytic anemia,20.26,12.0,true,true,false,false,true,false,false,Suspected Iron Deficiency,Serum Ferritin Test,Hb 10.7 < 12.0; MCV 79.0 < 80; Mentzer 20.26 >= 13,10000,15000,25000,Enabled - ZainCash 15% Preventive Subsidy
4e9165cb-448e-4fc4-be6f-96bc33ff6db3,7.8,25.845,77.511,1.88076,5.14094,5.3,13.2,46.1526,91.0,30.0,32.0,340.0,15.7,0.26028,Healthy,17.17,12.0,false,false,false,false,false,false,false,Within Reference Range,None,All evaluated indices within rule thresholds,10000,0,10000,Standard Clearance
3901dcf7-6921-48bd-ad85-381bd6b50107,5.8,25.845,77.511,1.88076,5.14094,3.8,10.5,46.1526,78.0,25.0,32.0,180.0,16.1,0.26028,Other microcytic anemia,20.53,12.0,true,true,false,false,true,false,false,Suspected Iron Deficiency,Serum Ferritin Test,Hb 10.5 < 12.0; MCV 78.0 < 80; Mentzer 20.53 >= 13,10000,15000,25000,Enabled - ZainCash 15% Preventive Subsidy
0aa27c6e-581c-4747-96df-83cef78bafcf,8.7,25.845,77.511,1.88076,5.14094,5.5,14.0,46.1526,95.0,30.0,33.0,370.0,16.4,0.26028,Healthy,17.27,12.0,false,false,false,false,false,false,false,Within Reference Range,None,All evaluated indices within rule thresholds,10000,0,10000,Standard Clearance
7180c64d-4f11-436f-816a-f7c58e3244d3,7.9,25.845,77.511,1.88076,5.14094,5.1,13.3,46.1526,90.0,29.0,32.0,340.0,15.0,0.26028,Healthy,17.65,12.0,false,false,false,false,false,false,false,Within Reference Range,None,All evaluated indices within rule thresholds,10000,0,10000,Standard Clearance
ae73bb82-a937-4957-9f5f-a3b6a3cd9385,7.4,25.845,77.511,1.88076,5.14094,4.6,12.3,46.1526,88.0,29.0,32.0,290.0,16.9,0.26028,Normocytic normochromic anemia,19.13,12.0,false,false,false,false,false,false,false,Within Reference Range,None,All evaluated indices within rule thresholds,10000,0,10000,Standard Clearance
5fb6839e-6278-43c1-8028-72047f06a73e,7.4,25.845,77.511,1.88076,5.14094,5.2,13.0,46.1526,91.0,30.0,32.0,320.0,15.5,0.26028,Healthy,17.5,12.0,false,false,false,false,false,false,false,Within Reference Range,None,All evaluated indices within rule thresholds,10000,0,10000,Standard Clearance
e6d2f96e-a082-4ab5-a1be-c56b0902e5ab,7.9,25.845,77.511,1.88076,5.14094,5.1,13.3,46.1526,90.0,29.0,32.0,340.0,14.7,0.26028,Healthy,17.65,12.0,false,false,false,false,false,false,false,Within Reference Range,None,All evaluated indices within rule thresholds,10000,0,10000,Standard Clearance
ac5ad19a-53e0-486b-8d2b-a7db89dd46bd,7.4,25.845,77.511,1.88076,5.14094,4.8,12.6,46.1526,86.0,29.0,33.0,280.0,17.8,0.26028,Normocytic normochromic anemia,17.92,12.0,false,false,false,false,false,false,false,Within Reference Range,None,All evaluated indices within rule thresholds,10000,0,10000,Standard Clearance
be63c96c-78c4-49e0-a7e8-2bf9d77846d2,8.7,25.845,77.511,1.88076,5.14094,5.7,14.5,46.1526,95.0,31.0,33.0,380.0,14.7,0.26028,Healthy,16.67,12.0,false,false,false,false,false,false,false,Within Reference Range,None,All evaluated indices within rule thresholds,10000,0,10000,Standard Clearance
f72238ce-cad3-4464-9e9b-e0cb07076805,7.2,25.845,77.511,1.88076,5.14094,4.4,11.6,46.1526,86.0,28.0,32.0,260.0,14.1,0.26028,Normocytic normochromic anemia,19.55,12.0,true,false,false,false,false,true,false,Anemia (Non-Microcytic) - Clinician Review,None,Hb 11.6 below threshold; MCV 86.0 not microcytic - Mentzer not applicable,10000,0,10000,Standard Clearance
0d0ec33c-27e1-46c2-af5c-69ede8fb4160,7.0,25.845,77.511,1.88076,5.14094,4.4,12.0,46.1526,87.0,28.0,32.0,260.0,14.2,0.26028,Normocytic normochromic anemia,19.77,12.0,false,false,false,false,false,false,false,Within Reference Range,None,All evaluated indices within rule thresholds,10000,0,10000,Standard Clearance
6bc8b397-b9ca-4795-97df-969679122092,7.8,25.845,77.511,1.88076,5.14094,5.3,13.2,46.1526,91.0,30.0,32.0,340.0,14.6,0.26028,Healthy,17.17,12.0,false,false,false,false,false,false,false,Within Reference Range,None,All evaluated indices within rule thresholds,10000,0,10000,Standard Clearance
91d65b68-1cb2-4f13-bf3b-a3fa080ebec2,7.0,25.845,77.511,1.88076,5.14094,4.5,12.6,46.1526,87.0,28.0,32.0,260.0,14.2,0.26028,Normocytic normochromic anemia,19.33,12.0,false,false,false,false,false,false,false,Within Reference Range,None,All evaluated indices within rule thresholds,10000,0,10000,Standard Clearance
3f0c4139-aaa6-43a0-a1f7-a7d25cce1ff5,7.4,25.845,77.511,1.88076,5.14094,5.2,13.0,46.1526,91.0,30.0,32.0,320.0,13.3,0.26028,Healthy,17.5,12.0,false,false,false,false,false,false,false,Within Reference Range,None,All evaluated indices within rule thresholds,10000,0,10000,Standard Clearance
8266921b-ee81-4e1d-b27a-724e78445f89,7.6,25.845,77.511,1.88076,5.14094,5.0,13.0,46.1526,90.0,29.0,32.0,330.0,12.9,0.26028,Healthy,18.0,12.0,false,false,false,false,false,false,false,Within Reference Range,None,All evaluated indices within rule thresholds,10000,0,10000,Standard Clearance
b78c20e2-996c-46a6-b394-c5ecf0e9d8f9,7.4,25.845,77.511,1.88076,5.14094,4.8,12.7,46.1526,86.0,29.0,33.0,280.0,15.6,0.26028,Normocytic normochromic anemia,17.92,12.0,false,false,false,false,false,false,false,Within Reference Range,None,All evaluated indices within rule thresholds,10000,0,10000,Standard Clearance
a9f6877e-dc38-4d9b-ade9-1cd2a5c8d776,7.8,25.845,77.511,1.88076,5.14094,4.8,12.7,46.1526,86.0,29.0,33.0,290.0,13.6,0.26028,Normocytic normochromic anemia,17.92,12.0,false,false,false,false,false,false,false,Within Reference Range,None,All evaluated indices within rule thresholds,10000,0,10000,Standard Clearance
e95a2ae8-b78c-4002-9fa5-7c6e09ca8317,9.0,25.845,77.511,1.88076,5.14094,5.7,15.1,46.1526,96.0,32.0,33.0,380.0,15.4,0.26028,Healthy,16.84,12.0,false,false,false,false,false,false,false,Within Reference Range,None,All evaluated indices within rule thresholds,10000,0,10000,Standard Clearance
ae152b1e-12ec-425e-8048-8f106b1763fc,7.4,25.845,77.511,1.88076,5.14094,4.6,12.3,46.1526,88.0,29.0,32.0,290.0,13.9,0.26028,Normocytic normochromic anemia,19.13,12.0,false,false,false,false,false,false,false,Within Reference Range,None,All evaluated indices within rule thresholds,10000,0,10000,Standard Clearance
9d131e29-afe6-4b75-a883-4873cf99a674,9.0,25.845,77.511,1.88076,5.14094,5.7,15.1,46.1526,96.0,32.0,33.0,380.0,15.9,0.26028,Healthy,16.84,12.0,false,false,false,false,false,false,false,Within Reference Range,None,All evaluated indices within rule thresholds,10000,0,10000,Standard Clearance
84d80df9-3eb7-4ff3-b675-0ec6485f0630,7.0,25.845,77.511,1.88076,5.14094,4.2,11.8,46.1526,84.0,27.0,32.0,250.0,16.4,0.26028,Normocytic normochromic anemia,20.0,12.0,true,false,false,false,false,true,false,Anemia (Non-Microcytic) - Clinician Review,None,Hb 11.8 below threshold; MCV 84.0 not microcytic - Mentzer not applicable,10000,0,10000,Standard Clearance
ecee4937-47e1-4a46-9617-6a961da5744e,5.8,25.845,77.511,1.88076,5.14094,3.8,10.9,46.1526,80.0,26.0,32.0,190.0,15.7,0.26028,Normocytic hypochromic anemia,21.05,12.0,true,false,false,false,false,true,false,Anemia (Non-Microcytic) - Clinician Review,None,Hb 10.9 below threshold; MCV 80.0 not microcytic - Mentzer not applicable,10000,0,10000,Standard Clearance
a96f1258-ff53-4be2-b2a4-58a5f52914a4,7.4,25.845,77.511,1.88076,5.14094,4.8,12.6,46.1526,86.0,29.0,33.0,280.0,14.3,0.26028,Normocytic normochromic anemia,17.92,12.0,false,false,false,false,false,false,false,Within Reference Range,None,All evaluated indices within rule thresholds,10000,0,10000,Standard Clearance
94c0cc2b-01b5-483c-b280-ddded60d62ac,8.6,25.845,77.511,1.88076,5.14094,5.4,14.6,46.1526,92.0,31.0,33.0,370.0,15.2,0.26028,Healthy,17.04,12.0,false,false,false,false,false,false,false,Within Reference Range,None,All evaluated indices within rule thresholds,10000,0,10000,Standard Clearance
13508a01-5f2d-471b-87ef-6007c1dd1891,7.9,25.845,77.511,1.88076,5.14094,5.1,13.4,46.1526,90.0,29.0,32.0,340.0,14.2,0.26028,Healthy,17.65,12.0,false,false,false,false,false,false,false,Within Reference Range,None,All evaluated indices within rule thresholds,10000,0,10000,Standard Clearance
9dfc0458-1b3e-4cca-85c5-3776ff44ea93,8.9,25.845,77.511,1.88076,5.14094,5.7,13.4,46.1526,94.0,31.0,33.0,390.0,12.1,0.26028,Healthy,16.49,12.0,false,false,false,false,false,false,false,Within Reference Range,None,All evaluated indices within rule thresholds,10000,0,10000,Standard Clearance
184f5f3e-99c7-4af8-97fe-51681b32e0e7,7.5,25.845,77.511,1.88076,5.14094,5.4,13.8,46.1526,92.0,30.0,32.0,320.0,14.0,0.26028,Healthy,17.04,12.0,false,false,false,false,false,false,false,Within Reference Range,None,All evaluated indices within rule thresholds,10000,0,10000,Standard Clearance
cfa10fa2-de7c-483b-a7fb-b5573c6323eb,5.9,25.845,77.511,1.88076,5.14094,3.9,10.8,46.1526,79.0,26.0,32.0,200.0,21.3,0.26028,Other microcytic anemia,20.26,12.0,true,true,false,false,true,false,false,Suspected Iron Deficiency,Serum Ferritin Test,Hb 10.8 < 12.0; MCV 79.0 < 80; Mentzer 20.26 >= 13,10000,15000,25000,Enabled - ZainCash 15% Preventive Subsidy
9359c753-40b3-49f9-a7db-2e8291c3e6e8,7.3,25.845,77.511,1.88076,5.14094,4.7,12.5,46.1526,87.0,29.0,32.0,270.0,16.1,0.26028,Normocytic normochromic anemia,18.51,12.0,false,false,false,false,false,false,false,Within Reference Range,None,All evaluated indices within rule thresholds,10000,0,10000,Standard Clearance
bebd360b-2bfe-4ca0-9457-ef7296a6dc2c,8.9,25.845,77.511,1.88076,5.14094,5.7,13.4,46.1526,94.0,31.0,33.0,390.0,12.9,0.26028,Healthy,16.49,12.0,false,false,false,false,false,false,false,Within Reference Range,None,All evaluated indices within rule thresholds,10000,0,10000,Standard Clearance
6b74c1c6-149b-4e77-b2c8-7d757f4a2347,7.8,25.845,77.511,1.88076,5.14094,5.6,13.7,46.1526,93.0,31.0,32.0,310.0,14.2,0.26028,Healthy,16.61,12.0,false,false,false,false,false,false,false,Within Reference Range,None,All evaluated indices within rule thresholds,10000,0,10000,Standard Clearance
7d6e3fa1-21a7-41e7-9012-9845bcedf818,7.2,25.845,77.511,1.88076,5.14094,4.4,12.0,46.1526,87.0,28.0,32.0,260.0,15.6,0.26028,Normocytic normochromic anemia,19.77,12.0,false,false,false,false,false,false,false,Within Reference Range,None,All evaluated indices within rule thresholds,10000,0,10000,Standard Clearance
45e22215-7119-4387-b5c7-bc5fb8f30926,8.6,25.845,77.511,1.88076,5.14094,5.4,14.6,46.1526,92.0,31.0,33.0,370.0,13.8,0.26028,Healthy,17.04,12.0,false,false,false,false,false,false,false,Within Reference Range,None,All evaluated indices within rule thresholds,10000,0,10000,Standard Clearance
a35146fe-d3c3-4947-a560-9d499bf2f31f,8.7,25.845,77.511,1.88076,5.14094,5.7,14.5,46.1526,95.0,31.0,33.0,380.0,13.9,0.26028,Healthy,16.67,12.0,false,false,false,false,false,false,false,Within Reference Range,None,All evaluated indices within rule thresholds,10000,0,10000,Standard Clearance
82223daa-a071-45a9-9fc1-9ad3b74456f7,7.1,25.845,77.511,1.88076,5.14094,4.4,11.9,46.1526,87.0,28.0,32.0,260.0,18.2,0.26028,Normocytic normochromic anemia,19.77,12.0,true,false,false,false,false,true,false,Anemia (Non-Microcytic) - Clinician Review,None,Hb 11.9 below threshold; MCV 87.0 not microcytic - Mentzer not applicable,10000,0,10000,Standard Clearance
747622a3-ad07-4027-8b21-4288af72ddcc,7.1,25.845,77.511,1.88076,5.14094,4.2,11.6,46.1526,84.0,27.0,32.0,240.0,16.1,0.26028,Normocytic normochromic anemia,20.0,12.0,true,false,false,false,false,true,false,Anemia (Non-Microcytic) - Clinician Review,None,Hb 11.6 below threshold; MCV 84.0 not microcytic - Mentzer not applicable,10000,0,10000,Standard Clearance
f1585a42-7c8d-40d5-b6ad-07fa2fa8e3a1,7.4,25.845,77.511,1.88076,5.14094,4.8,12.6,46.1526,86.0,29.0,33.0,280.0,13.6,0.26028,Normocytic normochromic anemia,17.92,12.0,false,false,false,false,false,false,false,Within Reference Range,None,All evaluated indices within rule thresholds,10000,0,10000,Standard Clearance
44a00c90-c162-4dd8-9020-76736c329f33,8.2,25.845,77.511,1.88076,5.14094,5.4,14.7,46.1526,92.0,30.0,33.0,350.0,17.4,0.26028,Healthy,17.04,12.0,false,false,false,false,false,false,false,Within Reference Range,None,All evaluated indices within rule thresholds,10000,0,10000,Standard Clearance
30e760bc-8c3c-4114-ad99-09bf8bfbb0dd,7.7,25.845,77.511,1.88076,5.14094,4.7,12.5,46.1526,88.0,29.0,33.0,300.0,12.3,0.26028,Normocytic normochromic anemia,18.72,12.0,false,false,false,false,false,false,false,Within Reference Range,None,All evaluated indices within rule thresholds,10000,0,10000,Standard Clearance
e1968e1f-41ef-4bf4-bc60-7425846e671e,5.9,25.845,77.511,1.88076,5.14094,3.9,10.8,46.1526,79.0,26.0,32.0,200.0,13.9,0.26028,Other microcytic anemia,20.26,12.0,true,true,false,false,true,false,false,Suspected Iron Deficiency,Serum Ferritin Test,Hb 10.8 < 12.0; MCV 79.0 < 80; Mentzer 20.26 >= 13,10000,15000,25000,Enabled - ZainCash 15% Preventive Subsidy
635be737-c9fa-4aee-b12b-ebebb459edd2,8.1,25.845,77.511,1.88076,5.14094,5.5,14.7,46.1526,93.0,31.0,33.0,360.0,12.2,0.26028,Healthy,16.91,12.0,false,false,false,false,false,false,false,Within Reference Range,None,All evaluated indices within rule thresholds,10000,0,10000,Standard Clearance
dd29ea88-113b-4feb-a8ba-a2486d9d9694,7.5,25.845,77.511,1.88076,5.14094,4.7,12.5,46.1526,88.0,29.0,32.0,290.0,12.4,0.26028,Normocytic normochromic anemia,18.72,12.0,false,false,false,false,false,false,false,Within Reference Range,None,All evaluated indices within rule thresholds,10000,0,10000,Standard Clearance
83cfc277-a98d-440f-a5ef-23d6bffea085,7.5,25.845,77.511,1.88076,5.14094,4.5,12.2,46.1526,89.0,28.0,32.0,290.0,13.6,0.26028,Normocytic normochromic anemia,19.78,12.0,false,false,false,false,false,false,false,Within Reference Range,None,All evaluated indices within rule thresholds,10000,0,10000,Standard Clearance
d8fde458-43ca-41d7-b5d4-a8687474306e,8.7,25.845,77.511,1.88076,5.14094,5.5,14.0,46.1526,95.0,30.0,33.0,370.0,13.8,0.26028,Healthy,17.27,12.0,false,false,false,false,false,false,false,Within Reference Range,None,All evaluated indices within rule thresholds,10000,0,10000,Standard Clearance
5ac76c83-f5c6-43eb-9540-31108d6364bd,7.2,25.845,77.511,1.88076,5.14094,5.5,13.5,46.1526,93.0,31.0,32.0,330.0,18.2,0.26028,Healthy,16.91,12.0,false,false,false,false,false,false,false,Within Reference Range,None,All evaluated indices within rule thresholds,10000,0,10000,Standard Clearance
4f29bb01-b12e-4622-ba0d-c61282cca7da,7.7,25.845,77.511,1.88076,5.14094,4.7,12.4,46.1526,88.0,29.0,33.0,300.0,13.7,0.26028,Normocytic normochromic anemia,18.72,12.0,false,false,false,false,false,false,false,Within Reference Range,None,All evaluated indices within rule thresholds,10000,0,10000,Standard Clearance
39a9c202-bc4c-4ae2-a821-a546f4989119,9.0,25.845,77.511,1.88076,5.14094,5.7,15.1,46.1526,96.0,32.0,33.0,380.0,15.3,0.26028,Healthy,16.84,12.0,false,false,false,false,false,false,false,Within Reference Range,None,All evaluated indices within rule thresholds,10000,0,10000,Standard Clearance
65118f26-0f48-4624-b1b4-a4f6c9071f94,7.8,25.845,77.511,1.88076,5.14094,5.6,13.6,46.1526,93.0,31.0,32.0,310.0,15.9,0.26028,Healthy,16.61,12.0,false,false,false,false,false,false,false,Within Reference Range,None,All evaluated indices within rule thresholds,10000,0,10000,Standard Clearance
737d65a3-dc82-43ab-8cc6-412ba9a89b91,7.6,25.845,77.511,1.88076,5.14094,4.7,12.4,46.1526,88.0,29.0,33.0,310.0,12.9,0.26028,Normocytic normochromic anemia,18.72,12.0,false,false,false,false,false,false,false,Within Reference Range,None,All evaluated indices within rule thresholds,10000,0,10000,Standard Clearance
63fd0113-1775-4202-8c6e-9bb4c62d8a2f,8.2,25.845,77.511,1.88076,5.14094,5.2,14.0,46.1526,91.0,30.0,33.0,360.0,14.1,0.26028,Healthy,17.5,12.0,false,false,false,false,false,false,false,Within Reference Range,None,All evaluated indices within rule thresholds,10000,0,10000,Standard Clearance
87de296b-823c-4cd6-8358-e2c1fec633c6,7.7,25.845,77.511,1.88076,5.14094,4.6,12.2,46.1526,88.0,29.0,33.0,310.0,15.3,0.26028,Normocytic normochromic anemia,19.13,12.0,false,false,false,false,false,false,false,Within Reference Range,None,All evaluated indices within rule thresholds,10000,0,10000,Standard Clearance
1fa53a44-00e3-4e86-8393-598b2a3b9a5d,7.0,25.845,77.511,1.88076,5.14094,4.5,12.6,46.1526,87.0,28.0,32.0,260.0,15.3,0.26028,Normocytic normochromic anemia,19.33,12.0,false,false,false,false,false,false,false,Within Reference Range,None,All evaluated indices within rule thresholds,10000,0,10000,Standard Clearance
7109747d-646d-4397-8f00-94f745902d32,8.3,25.845,77.511,1.88076,5.14094,5.4,14.2,46.1526,92.0,31.0,33.0,360.0,14.9,0.26028,Healthy,17.04,12.0,false,false,false,false,false,false,false,Within Reference Range,None,All evaluated indices within rule thresholds,10000,0,10000,Standard Clearance
19065d49-ef31-4b13-bec4-14154c13d0dd,7.4,25.845,77.511,1.88076,5.14094,4.6,12.3,46.1526,88.0,29.0,32.0,290.0,13.8,0.26028,Normocytic normochromic anemia,19.13,12.0,false,false,false,false,false,false,false,Within Reference Range,None,All evaluated indices within rule thresholds,10000,0,10000,Standard Clearance
7318fd4e-1ccf-40ab-a93b-cb4e665a49ff,7.3,25.845,77.511,1.88076,5.14094,4.9,12.4,46.1526,88.0,29.0,33.0,270.0,12.6,0.26028,Normocytic normochromic anemia,17.96,12.0,false,false,false,false,false,false,false,Within Reference Range,None,All evaluated indices within rule thresholds,10000,0,10000,Standard Clearance
86791a6c-cfe1-4ef5-be77-eea86b849864,8.1,25.845,77.511,1.88076,5.14094,5.5,14.7,46.1526,93.0,31.0,33.0,360.0,14.8,0.26028,Healthy,16.91,12.0,false,false,false,false,false,false,false,Within Reference Range,None,All evaluated indices within rule thresholds,10000,0,10000,Standard Clearance
8582b867-c5ec-40bc-9bab-3fb808c75091,7.2,25.845,77.511,1.88076,5.14094,4.6,12.2,46.1526,88.0,28.0,32.0,270.0,14.8,0.26028,Normocytic normochromic anemia,19.13,12.0,false,false,false,false,false,false,false,Within Reference Range,None,All evaluated indices within rule thresholds,10000,0,10000,Standard Clearance
b023031a-87ee-42ae-88e2-22f7cf0ced0b,5.8,25.845,77.511,1.88076,5.14094,3.8,10.5,46.1526,78.0,25.0,32.0,180.0,16.2,0.26028,Other microcytic anemia,20.53,12.0,true,true,false,false,true,false,false,Suspected Iron Deficiency,Serum Ferritin Test,Hb 10.5 < 12.0; MCV 78.0 < 80; Mentzer 20.53 >= 13,10000,15000,25000,Enabled - ZainCash 15% Preventive Subsidy
ad10410a-3575-4e9e-9014-29d0c1d4c685,5.9,25.845,77.511,1.88076,5.14094,3.9,10.8,46.1526,79.0,26.0,32.0,200.0,13.8,0.26028,Other microcytic anemia,20.26,12.0,true,true,false,false,true,false,false,Suspected Iron Deficiency,Serum Ferritin Test,Hb 10.8 < 12.0; MCV 79.0 < 80; Mentzer 20.26 >= 13,10000,15000,25000,Enabled - ZainCash 15% Preventive Subsidy
8139dc25-49c2-48c7-bae4-6496b02bc64e,7.1,25.845,77.511,1.88076,5.14094,4.2,11.5,46.1526,84.0,27.0,32.0,240.0,14.9,0.26028,Normocytic normochromic anemia,20.0,12.0,true,false,false,false,false,true,false,Anemia (Non-Microcytic) - Clinician Review,None,Hb 11.5 below threshold; MCV 84.0 not microcytic - Mentzer not applicable,10000,0,10000,Standard Clearance
add0a826-42f3-4ffc-bbbb-b911e5ba896b,7.8,25.845,77.511,1.88076,5.14094,5.3,13.2,46.1526,91.0,30.0,32.0,340.0,13.9,0.26028,Healthy,17.17,12.0,false,false,false,false,false,false,false,Within Reference Range,None,All evaluated indices within rule thresholds,10000,0,10000,Standard Clearance
66d15813-a514-4c37-864d-4a46977d5a7d,7.6,25.845,77.511,1.88076,5.14094,5.0,13.0,46.1526,90.0,29.0,32.0,330.0,21.0,0.26028,Healthy,18.0,12.0,false,false,false,false,false,false,false,Within Reference Range,None,All evaluated indices within rule thresholds,10000,0,10000,Standard Clearance
18445654-a5be-40b5-86bc-0ea8622b6635,7.3,25.845,77.511,1.88076,5.14094,4.9,12.4,46.1526,88.0,29.0,33.0,270.0,18.7,0.26028,Normocytic normochromic anemia,17.96,12.0,false,false,false,false,false,false,false,Within Reference Range,None,All evaluated indices within rule thresholds,10000,0,10000,Standard Clearance
134e3c07-2620-4be0-9e3e-684a8c4d24f9,7.3,25.845,77.511,1.88076,5.14094,4.3,11.8,46.1526,85.0,28.0,32.0,280.0,16.5,0.26028,Normocytic normochromic anemia,19.77,12.0,true,false,false,false,false,true,false,Anemia (Non-Microcytic) - Clinician Review,None,Hb 11.8 below threshold; MCV 85.0 not microcytic - Mentzer not applicable,10000,0,10000,Standard Clearance
76dcb4bc-5d34-4f2f-b021-fce87877bd69,8.2,25.845,77.511,1.88076,5.14094,5.6,14.0,46.1526,93.0,31.0,33.0,360.0,15.2,0.26028,Healthy,16.61,12.0,false,false,false,false,false,false,false,Within Reference Range,None,All evaluated indices within rule thresholds,10000,0,10000,Standard Clearance
53d360d9-de0d-4ff4-88e2-77424ebf7e70,8.0,25.845,77.511,1.88076,5.14094,5.0,13.2,46.1526,90.0,29.0,32.0,350.0,19.1,0.26028,Healthy,18.0,12.0,false,false,false,false,false,false,false,Within Reference Range,None,All evaluated indices within rule thresholds,10000,0,10000,Standard Clearance
0ab09f09-ee7c-4326-9cb4-aa7521113318,7.7,25.845,77.511,1.88076,5.14094,4.7,12.4,46.1526,88.0,29.0,33.0,300.0,14.6,0.26028,Normocytic normochromic anemia,18.72,12.0,false,false,false,false,false,false,false,Within Reference Range,None,All evaluated indices within rule thresholds,10000,0,10000,Standard Clearance
e1399c32-e318-4c99-bc1b-0dc820ddc1ca,7.3,25.845,77.511,1.88076,5.14094,4.7,12.5,46.1526,87.0,29.0,32.0,270.0,15.9,0.26028,Normocytic normochromic anemia,18.51,12.0,false,false,false,false,false,false,false,Within Reference Range,None,All evaluated indices within rule thresholds,10000,0,10000,Standard Clearance
c799ee27-6106-4998-a656-10da7d6f44e2,8.3,25.845,77.511,1.88076,5.14094,5.4,14.2,46.1526,92.0,31.0,33.0,360.0,15.9,0.26028,Healthy,17.04,12.0,false,false,false,false,false,false,false,Within Reference Range,None,All evaluated indices within rule thresholds,10000,0,10000,Standard Clearance
7d70b2cb-7a93-45a0-baf4-457659b01e4c,8.5,25.845,77.511,1.88076,5.14094,5.2,14.5,46.1526,94.0,31.0,33.0,380.0,13.1,0.26028,Healthy,18.08,12.0,false,false,false,false,false,false,false,Within Reference Range,None,All evaluated indices within rule thresholds,10000,0,10000,Standard Clearance
2ea0fb8f-f0a9-41f4-8b9b-39a0212aa4ee,5.8,25.845,77.511,1.88076,5.14094,3.8,10.6,46.1526,80.0,26.0,32.0,190.0,12.6,0.26028,Normocytic hypochromic anemia,21.05,12.0,true,false,false,false,false,true,false,Anemia (Non-Microcytic) - Clinician Review,None,Hb 10.6 below threshold; MCV 80.0 not microcytic - Mentzer not applicable,10000,0,10000,Standard Clearance
75e60753-9483-4d0c-b1e6-546a6d949a4e,7.0,25.845,77.511,1.88076,5.14094,4.4,12.0,46.1526,87.0,28.0,32.0,260.0,16.3,0.26028,Normocytic normochromic anemia,19.77,12.0,false,false,false,false,false,false,false,Within Reference Range,None,All evaluated indices within rule thresholds,10000,0,10000,Standard Clearance
8efa8f86-ea58-4fa1-b861-563b7c8cfe23,7.4,25.845,77.511,1.88076,5.14094,4.8,12.6,46.1526,86.0,29.0,33.0,280.0,17.3,0.26028,Normocytic normochromic anemia,17.92,12.0,false,false,false,false,false,false,false,Within Reference Range,None,All evaluated indices within rule thresholds,10000,0,10000,Standard Clearance
87becf53-dc18-4c14-a276-3a3965053f6c,7.2,25.845,77.511,1.88076,5.14094,4.4,12.0,46.1526,87.0,28.0,32.0,260.0,13.9,0.26028,Normocytic normochromic anemia,19.77,12.0,false,false,false,false,false,false,false,Within Reference Range,None,All evaluated indices within rule thresholds,10000,0,10000,Standard Clearance
96ce76cf-df0c-4c72-ba44-d47bdac59034,6.8,25.845,77.511,1.88076,5.14094,4.2,11.8,46.1526,84.0,27.0,32.0,250.0,12.9,0.26028,Normocytic normochromic anemia,20.0,12.0,true,false,false,false,false,true,false,Anemia (Non-Microcytic) - Clinician Review,None,Hb 11.8 below threshold; MCV 84.0 not microcytic - Mentzer not applicable,10000,0,10000,Standard Clearance
05c4de89-ef42-49c5-8d88-cd0ad7630a4d,8.6,25.845,77.511,1.88076,5.14094,5.3,14.4,46.1526,91.0,30.0,33.0,370.0,14.9,0.26028,Healthy,17.17,12.0,false,false,false,false,false,false,false,Within Reference Range,None,All evaluated indices within rule thresholds,10000,0,10000,Standard Clearance
a1cabbca-1e4e-4a00-8435-2cbd21a2f93b,8.5,25.845,77.511,1.88076,5.14094,5.2,14.5,46.1526,94.0,31.0,33.0,380.0,13.1,0.26028,Healthy,18.08,12.0,false,false,false,false,false,false,false,Within Reference Range,None,All evaluated indices within rule thresholds,10000,0,10000,Standard Clearance
39a7395e-d9e9-4249-9485-da11e9e4ed37,5.6,25.845,77.511,1.88076,5.14094,3.6,10.2,46.1526,76.0,24.0,32.0,190.0,14.6,0.26028,Other microcytic anemia,21.11,12.0,true,true,false,false,true,false,false,Suspected Iron Deficiency,Serum Ferritin Test,Hb 10.2 < 12.0; MCV 76.0 < 80; Mentzer 21.11 >= 13,10000,15000,25000,Enabled - ZainCash 15% Preventive Subsidy
ebccac07-c388-45dd-a4a0-715e967b1180,7.9,25.845,77.511,1.88076,5.14094,5.2,13.3,46.1526,91.0,30.0,32.0,340.0,14.6,0.26028,Healthy,17.5,12.0,false,false,false,false,false,false,false,Within Reference Range,None,All evaluated indices within rule thresholds,10000,0,10000,Standard Clearance
21fe75b4-0317-45e6-86fa-d4fe47d16172,7.0,25.845,77.511,1.88076,5.14094,4.3,12.8,46.1526,87.0,28.0,32.0,280.0,15.8,0.26028,Normocytic normochromic anemia,20.23,12.0,false,false,false,false,false,false,false,Within Reference Range,None,All evaluated indices within rule thresholds,10000,0,10000,Standard Clearance
efae3b85-f9ff-441b-8dfe-5f158a78f1af,7.1,25.845,77.511,1.88076,5.14094,4.2,11.5,46.1526,84.0,27.0,32.0,240.0,18.6,0.26028,Normocytic normochromic anemia,20.0,12.0,true,false,false,false,false,true,false,Anemia (Non-Microcytic) - Clinician Review,None,Hb 11.5 below threshold; MCV 84.0 not microcytic - Mentzer not applicable,10000,0,10000,Standard Clearance
cb6c6968-28d0-4d64-a949-f1a88469de72,5.7,25.845,77.511,1.88076,5.14094,3.7,10.4,46.1526,77.0,25.0,32.0,180.0,13.1,0.26028,Other microcytic anemia,20.81,12.0,true,true,false,false,true,false,false,Suspected Iron Deficiency,Serum Ferritin Test,Hb 10.4 < 12.0; MCV 77.0 < 80; Mentzer 20.81 >= 13,10000,15000,25000,Enabled - ZainCash 15% Preventive Subsidy
27443b93-e6de-4171-b2e5-a4f7a1880ae8,8.5,25.845,77.511,1.88076,5.14094,5.5,14.8,46.1526,93.0,31.0,33.0,370.0,14.6,0.26028,Healthy,16.91,12.0,false,false,false,false,false,false,false,Within Reference Range,None,All evaluated indices within rule thresholds,10000,0,10000,Standard Clearance
6c511980-9cd2-47c2-9c19-c257bbc315f5,8.2,25.845,77.511,1.88076,5.14094,5.3,14.8,46.1526,91.0,30.0,33.0,360.0,14.9,0.26028,Healthy,17.17,12.0,false,false,false,false,false,false,false,Within Reference Range,None,All evaluated indices within rule thresholds,10000,0,10000,Standard Clearance
9e448b80-dea3-4ce2-9b77-31a68e173531,8.2,25.845,77.511,1.88076,5.14094,5.3,14.8,46.1526,91.0,30.0,33.0,360.0,14.2,0.26028,Healthy,17.17,12.0,false,false,false,false,false,false,false,Within Reference Range,None,All evaluated indices within rule thresholds,10000,0,10000,Standard Clearance
b4a39f1f-8302-43f6-b0e6-d84fe85ba9db,5.6,25.845,77.511,1.88076,5.14094,3.7,10.3,46.1526,77.0,25.0,32.0,180.0,13.6,0.26028,Other microcytic anemia,20.81,12.0,true,true,false,false,true,false,false,Suspected Iron Deficiency,Serum Ferritin Test,Hb 10.3 < 12.0; MCV 77.0 < 80; Mentzer 20.81 >= 13,10000,15000,25000,Enabled - ZainCash 15% Preventive Subsidy
61b84e95-0caa-42d8-8fe3-1ac2c0b6a85c,7.4,25.845,77.511,1.88076,5.14094,5.2,13.0,46.1526,91.0,30.0,32.0,320.0,16.8,0.26028,Healthy,17.5,12.0,false,false,false,false,false,false,false,Within Reference Range,None,All evaluated indices within rule thresholds,10000,0,10000,Standard Clearance
5916bbcd-f5b1-4b7e-a2e6-29b52660cbf2,7.1,25.845,77.511,1.88076,5.14094,4.2,11.5,46.1526,84.0,27.0,32.0,240.0,11.8,0.26028,Normocytic normochromic anemia,20.0,12.0,true,false,false,false,false,true,false,Anemia (Non-Microcytic) - Clinician Review,None,Hb 11.5 below threshold; MCV 84.0 not microcytic - Mentzer not applicable,10000,0,10000,Standard Clearance
b147c5b2-79a5-47f5-9cd7-7d101618d1bb,6.0,25.845,77.511,1.88076,5.14094,4.0,11.0,46.1526,80.0,26.0,32.0,200.0,15.3,0.26028,Normocytic hypochromic anemia,20.0,12.0,true,false,false,false,false,true,false,Anemia (Non-Microcytic) - Clinician Review,None,Hb 11.0 below threshold; MCV 80.0 not microcytic - Mentzer not applicable,10000,0,10000,Standard Clearance
95c4a257-603f-4219-84dc-64fa79912cc4,7.8,25.845,77.511,1.88076,5.14094,5.3,13.2,46.1526,91.0,30.0,32.0,340.0,21.2,0.26028,Healthy,17.17,12.0,false,false,false,false,false,false,false,Within Reference Range,None,All evaluated indices within rule thresholds,10000,0,10000,Standard Clearance
82c0aa03-ac77-4295-bedf-9cd81b8802fe,7.2,25.845,77.511,1.88076,5.14094,5.5,13.5,46.1526,93.0,31.0,32.0,330.0,13.7,0.26028,Healthy,16.91,12.0,false,false,false,false,false,false,false,Within Reference Range,None,All evaluated indices within rule thresholds,10000,0,10000,Standard Clearance
9553a171-0501-4469-a14b-f3535b0c77e8,5.9,25.845,77.511,1.88076,5.14094,3.9,10.7,46.1526,79.0,26.0,32.0,200.0,13.9,0.26028,Other microcytic anemia,20.26,12.0,true,true,false,false,true,false,false,Suspected Iron Deficiency,Serum Ferritin Test,Hb 10.7 < 12.0; MCV 79.0 < 80; Mentzer 20.26 >= 13,10000,15000,25000,Enabled - ZainCash 15% Preventive Subsidy
047e0a33-a375-461b-9011-32a0a559ac7d,7.6,25.845,77.511,1.88076,5.14094,5.0,13.0,46.1526,90.0,29.0,32.0,330.0,13.2,0.26028,Healthy,18.0,12.0,false,false,false,false,false,false,false,Within Reference Range,None,All evaluated indices within rule thresholds,10000,0,10000,Standard Clearance
e12ddeb8-52e2-412f-bb7a-790cf2d22134,8.7,25.845,77.511,1.88076,5.14094,5.5,14.0,46.1526,95.0,30.0,33.0,370.0,13.6,0.26028,Healthy,17.27,12.0,false,false,false,false,false,false,false,Within Reference Range,None,All evaluated indices within rule thresholds,10000,0,10000,Standard Clearance
a387f771-95b5-48d3-99c4-5382e2f60036,7.9,25.845,77.511,1.88076,5.14094,5.2,13.3,46.1526,91.0,30.0,32.0,340.0,14.2,0.26028,Healthy,17.5,12.0,false,false,false,false,false,false,false,Within Reference Range,None,All evaluated indices within rule thresholds,10000,0,10000,Standard Clearance
d99a4d76-0cc4-4c1f-888a-290ab252cd01,8.2,25.845,77.511,1.88076,5.14094,5.2,14.0,46.1526,91.0,30.0,33.0,360.0,11.3,0.26028,Healthy,17.5,12.0,false,false,false,false,false,false,false,Within Reference Range,None,All evaluated indices within rule thresholds,10000,0,10000,Standard Clearance
ac312a49-6077-4344-9774-fb38776299f0,7.9,25.845,77.511,1.88076,5.14094,5.1,13.4,46.1526,90.0,29.0,32.0,340.0,15.1,0.26028,Healthy,17.65,12.0,false,false,false,false,false,false,false,Within Reference Range,None,All evaluated indices within rule thresholds,10000,0,10000,Standard Clearance
ee27d30b-01b4-4537-a193-d5f744018811,8.5,25.845,77.511,1.88076,5.14094,5.5,14.8,46.1526,93.0,31.0,33.0,370.0,13.6,0.26028,Healthy,16.91,12.0,false,false,false,false,false,false,false,Within Reference Range,None,All evaluated indices within rule thresholds,10000,0,10000,Standard Clearance
53366c07-8f15-4c3f-861d-b14fd72e9061,7.7,25.845,77.511,1.88076,5.14094,4.6,12.1,46.1526,88.0,29.0,33.0,310.0,16.8,0.26028,Normocytic normochromic anemia,19.13,12.0,false,false,false,false,false,false,false,Within Reference Range,None,All evaluated indices within rule thresholds,10000,0,10000,Standard Clearance
5ea342de-791b-43c0-a275-4d899bb0a7d0,8.3,25.845,77.511,1.88076,5.14094,5.2,14.2,46.1526,91.0,30.0,33.0,360.0,15.1,0.26028,Healthy,17.5,12.0,false,false,false,false,false,false,false,Within Reference Range,None,All evaluated indices within rule thresholds,10000,0,10000,Standard Clearance
a6dd26b4-1b1a-46ec-aea2-cd7e30b10c1e,7.8,25.845,77.511,1.88076,5.14094,4.8,12.7,46.1526,86.0,29.0,33.0,290.0,12.7,0.26028,Normocytic normochromic anemia,17.92,12.0,false,false,false,false,false,false,false,Within Reference Range,None,All evaluated indices within rule thresholds,10000,0,10000,Standard Clearance
cdac8631-d7ae-4da6-97fe-9c094e5e10b2,7.6,25.845,77.511,1.88076,5.14094,5.0,13.0,46.1526,90.0,29.0,32.0,330.0,14.6,0.26028,Healthy,18.0,12.0,false,false,false,false,false,false,false,Within Reference Range,None,All evaluated indices within rule thresholds,10000,0,10000,Standard Clearance
c1d20609-d427-4c2e-ac52-fad5f027c3dc,6.8,25.845,77.511,1.88076,5.14094,4.2,11.8,46.1526,84.0,27.0,32.0,250.0,10.6,0.26028,Normocytic normochromic anemia,20.0,12.0,true,false,false,false,false,true,false,Anemia (Non-Microcytic) - Clinician Review,None,Hb 11.8 below threshold; MCV 84.0 not microcytic - Mentzer not applicable,10000,0,10000,Standard Clearance
75929160-f12c-405a-88b9-77d2454d81cb,7.0,25.845,77.511,1.88076,5.14094,4.2,11.8,46.1526,84.0,27.0,32.0,250.0,12.7,0.26028,Normocytic normochromic anemia,20.0,12.0,true,false,false,false,false,true,false,Anemia (Non-Microcytic) - Clinician Review,None,Hb 11.8 below threshold; MCV 84.0 not microcytic - Mentzer not applicable,10000,0,10000,Standard Clearance
27b2f03f-416d-4f93-bc20-16ef7dd90a41,7.3,25.845,77.511,1.88076,5.14094,4.9,12.4,46.1526,88.0,29.0,33.0,270.0,18.0,0.26028,Normocytic normochromic anemia,17.96,12.0,false,false,false,false,false,false,false,Within Reference Range,None,All evaluated indices within rule thresholds,10000,0,10000,Standard Clearance
4439ce63-5c68-406f-8ed0-25e7fc90803a,7.6,25.845,77.511,1.88076,5.14094,4.7,12.4,46.1526,88.0,29.0,33.0,310.0,18.3,0.26028,Normocytic normochromic anemia,18.72,12.0,false,false,false,false,false,false,false,Within Reference Range,None,All evaluated indices within rule thresholds,10000,0,10000,Standard Clearance
99e867e5-3be0-40bf-a38c-8b5921e778a3,6.8,25.845,77.511,1.88076,5.14094,4.1,11.9,46.1526,83.0,27.0,32.0,250.0,14.9,0.26028,Normocytic normochromic anemia,20.24,12.0,true,false,false,false,false,true,false,Anemia (Non-Microcytic) - Clinician Review,None,Hb 11.9 below threshold; MCV 83.0 not microcytic - Mentzer not applicable,10000,0,10000,Standard Clearance
b8f43b58-9550-4c61-9578-ef607fefc454,7.2,25.845,77.511,1.88076,5.14094,4.4,12.0,46.1526,87.0,28.0,32.0,260.0,15.0,0.26028,Normocytic normochromic anemia,19.77,12.0,false,false,false,false,false,false,false,Within Reference Range,None,All evaluated indices within rule thresholds,10000,0,10000,Standard Clearance
33317c5d-f60c-473f-8253-5098ffb2367f,7.7,25.845,77.511,1.88076,5.14094,4.6,12.1,46.1526,88.0,29.0,33.0,310.0,13.2,0.26028,Normocytic normochromic anemia,19.13,12.0,false,false,false,false,false,false,false,Within Reference Range,None,All evaluated indices within rule thresholds,10000,0,10000,Standard Clearance
1a58fc32-6337-4cc1-807d-907f39c2a5ef,7.6,25.845,77.511,1.88076,5.14094,4.9,12.8,46.1526,88.0,29.0,33.0,300.0,19.9,0.26028,Normocytic normochromic anemia,17.96,12.0,false,false,false,false,false,false,false,Within Reference Range,None,All evaluated indices within rule thresholds,10000,0,10000,Standard Clearance
d67022be-0c2f-4007-82f4-17b534042809,6.9,25.845,77.511,1.88076,5.14094,4.3,12.0,46.1526,85.0,28.0,32.0,230.0,15.5,0.26028,Normocytic normochromic anemia,19.77,12.0,false,false,false,false,false,false,false,Within Reference Range,None,All evaluated indices within rule thresholds,10000,0,10000,Standard Clearance
e158b5ac-44d4-44a2-af02-2c7ee01f3360,7.9,25.845,77.511,1.88076,5.14094,5.1,13.4,46.1526,90.0,29.0,32.0,340.0,16.0,0.26028,Healthy,17.65,12.0,false,false,false,false,false,false,false,Within Reference Range,None,All evaluated indices within rule thresholds,10000,0,10000,Standard Clearance
5d447ef9-92f1-4e03-b2b4-90233c80337b,5.8,25.845,77.511,1.88076,5.14094,3.8,10.6,46.1526,80.0,26.0,32.0,190.0,14.7,0.26028,Normocytic hypochromic anemia,21.05,12.0,true,false,false,false,false,true,false,Anemia (Non-Microcytic) - Clinician Review,None,Hb 10.6 below threshold; MCV 80.0 not microcytic - Mentzer not applicable,10000,0,10000,Standard Clearance
5c04d4da-b564-4cae-8e20-b0ab8a60e3c8,7.6,25.845,77.511,1.88076,5.14094,5.0,13.0,46.1526,90.0,29.0,32.0,330.0,13.3,0.26028,Healthy,18.0,12.0,false,false,false,false,false,false,false,Within Reference Range,None,All evaluated indices within rule thresholds,10000,0,10000,Standard Clearance
b9f33184-d2d0-4039-bd37-d352e2e78da9,7.2,25.845,77.511,1.88076,5.14094,5.3,13.9,46.1526,91.0,30.0,32.0,330.0,18.3,0.26028,Healthy,17.17,12.0,false,false,false,false,false,false,false,Within Reference Range,None,All evaluated indices within rule thresholds,10000,0,10000,Standard Clearance
eb051473-00ba-4288-8d41-3a86cf0c7256,7.0,25.845,77.511,1.88076,5.14094,4.3,12.8,46.1526,87.0,28.0,32.0,280.0,14.4,0.26028,Normocytic normochromic anemia,20.23,12.0,false,false,false,false,false,false,false,Within Reference Range,None,All evaluated indices within rule thresholds,10000,0,10000,Standard Clearance
5c87a890-e5ba-4be0-9c29-efc5dfd7c26f,7.5,25.845,77.511,1.88076,5.14094,4.5,12.2,46.1526,89.0,28.0,32.0,290.0,13.8,0.26028,Normocytic normochromic anemia,19.78,12.0,false,false,false,false,false,false,false,Within Reference Range,None,All evaluated indices within rule thresholds,10000,0,10000,Standard Clearance
20e8440f-81f9-44ac-adbf-4fc3840a975d,7.5,25.845,77.511,1.88076,5.14094,5.4,13.8,46.1526,92.0,30.0,32.0,320.0,14.1,0.26028,Healthy,17.04,12.0,false,false,false,false,false,false,false,Within Reference Range,None,All evaluated indices within rule thresholds,10000,0,10000,Standard Clearance
dd238c66-4d97-4142-acf8-419a05216803,5.9,25.845,77.511,1.88076,5.14094,3.9,10.8,46.1526,79.0,26.0,32.0,200.0,14.7,0.26028,Other microcytic anemia,20.26,12.0,true,true,false,false,true,false,false,Suspected Iron Deficiency,Serum Ferritin Test,Hb 10.8 < 12.0; MCV 79.0 < 80; Mentzer 20.26 >= 13,10000,15000,25000,Enabled - ZainCash 15% Preventive Subsidy
fe366e05-41ab-452e-a634-93087197742e,7.8,25.845,77.511,1.88076,5.14094,5.6,13.6,46.1526,93.0,31.0,32.0,310.0,14.2,0.26028,Healthy,16.61,12.0,false,false,false,false,false,false,false,Within Reference Range,None,All evaluated indices within rule thresholds,10000,0,10000,Standard Clearance
f7d731c2-86c3-48f1-812b-bcdade0251dc,7.4,25.845,77.511,1.88076,5.14094,5.6,13.6,46.1526,93.0,31.0,32.0,330.0,15.1,0.26028,Healthy,16.61,12.0,false,false,false,false,false,false,false,Within Reference Range,None,All evaluated indices within rule thresholds,10000,0,10000,Standard Clearance
a2f9ce5b-92a9-4c05-a306-d6e7fa75a4b8,7.9,25.845,77.511,1.88076,5.14094,5.2,13.3,46.1526,91.0,30.0,32.0,340.0,13.4,0.26028,Healthy,17.5,12.0,false,false,false,false,false,false,false,Within Reference Range,None,All evaluated indices within rule thresholds,10000,0,10000,Standard Clearance
a973ef59-9dc2-44c5-b9d6-1f7320836703,6.8,25.845,77.511,1.88076,5.14094,4.1,11.7,46.1526,83.0,27.0,32.0,250.0,15.5,0.26028,Normocytic normochromic anemia,20.24,12.0,true,false,false,false,false,true,false,Anemia (Non-Microcytic) - Clinician Review,None,Hb 11.7 below threshold; MCV 83.0 not microcytic - Mentzer not applicable,10000,0,10000,Standard Clearance
cd4b6ae0-677f-4e8e-a1eb-ebbe5735b246,8.7,25.845,77.511,1.88076,5.14094,5.7,14.9,46.1526,95.0,31.0,33.0,380.0,14.3,0.26028,Healthy,16.67,12.0,false,false,false,false,false,false,false,Within Reference Range,None,All evaluated indices within rule thresholds,10000,0,10000,Standard Clearance
8570d421-02ea-4601-b5a5-d8e16d76e628,7.0,25.845,77.511,1.88076,5.14094,4.4,12.0,46.1526,87.0,28.0,32.0,260.0,14.9,0.26028,Normocytic normochromic anemia,19.77,12.0,false,false,false,false,false,false,false,Within Reference Range,None,All evaluated indices within rule thresholds,10000,0,10000,Standard Clearance
dc5295f8-e3f9-4e94-8946-ea71286692e0,8.0,25.845,77.511,1.88076,5.14094,5.3,13.8,46.1526,92.0,30.0,33.0,350.0,14.7,0.26028,Healthy,17.36,12.0,false,false,false,false,false,false,false,Within Reference Range,None,All evaluated indices within rule thresholds,10000,0,10000,Standard Clearance
dd6ca74a-239c-409d-a046-e146ba0c4130,7.4,25.845,77.511,1.88076,5.14094,4.8,12.6,46.1526,86.0,29.0,33.0,280.0,13.3,0.26028,Normocytic normochromic anemia,17.92,12.0,false,false,false,false,false,false,false,Within Reference Range,None,All evaluated indices within rule thresholds,10000,0,10000,Standard Clearance
6900d50d-b17c-428a-a32a-32e3215230bc,7.3,25.845,77.511,1.88076,5.14094,4.7,12.5,46.1526,87.0,29.0,32.0,270.0,17.9,0.26028,Normocytic normochromic anemia,18.51,12.0,false,false,false,false,false,false,false,Within Reference Range,None,All evaluated indices within rule thresholds,10000,0,10000,Standard Clearance
266dbfc1-8907-493c-b7f5-c8d1e64f5347,7.8,25.845,77.511,1.88076,5.14094,5.6,13.7,46.1526,93.0,31.0,32.0,310.0,19.5,0.26028,Healthy,16.61,12.0,false,false,false,false,false,false,false,Within Reference Range,None,All evaluated indices within rule thresholds,10000,0,10000,Standard Clearance
ab83a25e-a2d9-42e9-b37f-693d6a8de527,8.3,25.845,77.511,1.88076,5.14094,5.4,14.2,46.1526,92.0,31.0,33.0,370.0,12.4,0.26028,Healthy,17.04,12.0,false,false,false,false,false,false,false,Within Reference Range,None,All evaluated indices within rule thresholds,10000,0,10000,Standard Clearance
c66592d0-7003-42a9-b611-42a0eed767e8,8.3,25.845,77.511,1.88076,5.14094,5.4,14.2,46.1526,92.0,31.0,33.0,370.0,13.5,0.26028,Healthy,17.04,12.0,false,false,false,false,false,false,false,Within Reference Range,None,All evaluated indices within rule thresholds,10000,0,10000,Standard Clearance
31547fc3-a051-4407-9b51-ee760dbed000,8.7,25.845,77.511,1.88076,5.14094,5.7,14.9,46.1526,95.0,31.0,33.0,380.0,17.0,0.26028,Healthy,16.67,12.0,false,false,false,false,false,false,false,Within Reference Range,None,All evaluated indices within rule thresholds,10000,0,10000,Standard Clearance
57e81334-1ee9-4b8d-9780-e825812a0879,6.0,25.845,77.511,1.88076,5.14094,4.0,11.0,46.1526,80.0,26.0,32.0,200.0,16.0,0.26028,Normocytic hypochromic anemia,20.0,12.0,true,false,false,false,false,true,false,Anemia (Non-Microcytic) - Clinician Review,None,Hb 11.0 below threshold; MCV 80.0 not microcytic - Mentzer not applicable,10000,0,10000,Standard Clearance
7a1a895c-3604-4f7c-9852-9aab33cfaf34,7.9,25.845,77.511,1.88076,5.14094,5.2,13.3,46.1526,91.0,30.0,32.0,340.0,29.2,0.26028,Healthy,17.5,12.0,false,false,false,false,false,false,false,Within Reference Range,None,All evaluated indices within rule thresholds,10000,0,10000,Standard Clearance
11dea60f-a48f-4dd6-a595-f958f1964a64,8.0,25.845,77.511,1.88076,5.14094,5.1,13.5,46.1526,90.0,29.0,32.0,350.0,16.0,0.26028,Healthy,17.65,12.0,false,false,false,false,false,false,false,Within Reference Range,None,All evaluated indices within rule thresholds,10000,0,10000,Standard Clearance
dddf98d9-5ffc-4e3e-8633-df07e8bac8a9,7.0,25.845,77.511,1.88076,5.14094,4.3,12.8,46.1526,87.0,28.0,32.0,280.0,16.2,0.26028,Normocytic normochromic anemia,20.23,12.0,false,false,false,false,false,false,false,Within Reference Range,None,All evaluated indices within rule thresholds,10000,0,10000,Standard Clearance
57202b5c-f4e4-4f89-a904-e77eda44d7da,5.9,25.845,77.511,1.88076,5.14094,3.9,10.8,46.1526,79.0,26.0,32.0,200.0,13.3,0.26028,Other microcytic anemia,20.26,12.0,true,true,false,false,true,false,false,Suspected Iron Deficiency,Serum Ferritin Test,Hb 10.8 < 12.0; MCV 79.0 < 80; Mentzer 20.26 >= 13,10000,15000,25000,Enabled - ZainCash 15% Preventive Subsidy
318d0075-c07e-47b3-8bdc-eae1fe112fd8,8.9,25.845,77.511,1.88076,5.14094,5.7,13.4,46.1526,94.0,31.0,33.0,390.0,16.1,0.26028,Healthy,16.49,12.0,false,false,false,false,false,false,false,Within Reference Range,None,All evaluated indices within rule thresholds,10000,0,10000,Standard Clearance
bec2a2a7-7bd7-4ec1-ac02-77061dca83c8,7.4,25.845,77.511,1.88076,5.14094,4.8,12.6,46.1526,86.0,29.0,33.0,280.0,14.3,0.26028,Normocytic normochromic anemia,17.92,12.0,false,false,false,false,false,false,false,Within Reference Range,None,All evaluated indices within rule thresholds,10000,0,10000,Standard Clearance
59410862-20b9-4a6d-9653-48ccf43fab54,8.6,25.845,77.511,1.88076,5.14094,5.3,14.4,46.1526,91.0,30.0,33.0,370.0,14.5,0.26028,Healthy,17.17,12.0,false,false,false,false,false,false,false,Within Reference Range,None,All evaluated indices within rule thresholds,10000,0,10000,Standard Clearance
72e43e03-9b76-47cf-a384-9d5a71d3f731,8.9,25.845,77.511,1.88076,5.14094,5.7,13.4,46.1526,94.0,31.0,33.0,390.0,14.8,0.26028,Healthy,16.49,12.0,false,false,false,false,false,false,false,Within Reference Range,None,All evaluated indices within rule thresholds,10000,0,10000,Standard Clearance
0adb0674-f95c-458f-b782-1e9c7655f837,8.2,25.845,77.511,1.88076,5.14094,5.4,14.6,46.1526,92.0,30.0,33.0,350.0,12.3,0.26028,Healthy,17.04,12.0,false,false,false,false,false,false,false,Within Reference Range,None,All evaluated indices within rule thresholds,10000,0,10000,Standard Clearance
5abe50f0-4ace-4d07-ac08-25c67053bb29,8.3,25.845,77.511,1.88076,5.14094,5.4,14.2,46.1526,92.0,31.0,33.0,360.0,16.7,0.26028,Healthy,17.04,12.0,false,false,false,false,false,false,false,Within Reference Range,None,All evaluated indices within rule thresholds,10000,0,10000,Standard Clearance
2b506f86-6526-4706-9f76-07bedf2858ab,7.7,25.845,77.511,1.88076,5.14094,4.6,12.1,46.1526,88.0,29.0,33.0,310.0,16.66,0.26028,Normocytic normochromic anemia,19.13,12.0,false,false,false,false,false,false,false,Within Reference Range,None,All evaluated indices within rule thresholds,10000,0,10000,Standard Clearance
1e6628a8-c252-4009-be75-5da2f0dced60,5.6,25.845,77.511,1.88076,5.14094,3.7,10.3,46.1526,77.0,25.0,32.0,180.0,14.0,0.26028,Other microcytic anemia,20.81,12.0,true,true,false,false,true,false,false,Suspected Iron Deficiency,Serum Ferritin Test,Hb 10.3 < 12.0; MCV 77.0 < 80; Mentzer 20.81 >= 13,10000,15000,25000,Enabled - ZainCash 15% Preventive Subsidy
acc04161-d936-428e-b6b5-043f4031f113,7.0,25.845,77.511,1.88076,5.14094,4.4,12.0,46.1526,87.0,28.0,32.0,260.0,15.0,0.26028,Normocytic normochromic anemia,19.77,12.0,false,false,false,false,false,false,false,Within Reference Range,None,All evaluated indices within rule thresholds,10000,0,10000,Standard Clearance
b8d95382-a601-4103-9f64-775eb46a9f10,6.8,25.845,77.511,1.88076,5.14094,4.1,11.9,46.1526,83.0,27.0,32.0,250.0,14.2,0.26028,Normocytic normochromic anemia,20.24,12.0,true,false,false,false,false,true,false,Anemia (Non-Microcytic) - Clinician Review,None,Hb 11.9 below threshold; MCV 83.0 not microcytic - Mentzer not applicable,10000,0,10000,Standard Clearance
cd73d664-213c-4f97-9e5b-506d5943c2e4,6.9,25.845,77.511,1.88076,5.14094,4.3,12.0,46.1526,85.0,28.0,32.0,230.0,13.8,0.26028,Normocytic normochromic anemia,19.77,12.0,false,false,false,false,false,false,false,Within Reference Range,None,All evaluated indices within rule thresholds,10000,0,10000,Standard Clearance
c0c66de2-5607-49a4-936a-9ca2ae381b20,7.7,25.845,77.511,1.88076,5.14094,4.7,12.5,46.1526,88.0,29.0,33.0,300.0,14.0,0.26028,Normocytic normochromic anemia,18.72,12.0,false,false,false,false,false,false,false,Within Reference Range,None,All evaluated indices within rule thresholds,10000,0,10000,Standard Clearance
5661c12b-6534-4531-8817-03ef1d541d2e,7.5,25.845,77.511,1.88076,5.14094,4.5,12.3,46.1526,89.0,28.0,32.0,290.0,15.2,0.26028,Normocytic normochromic anemia,19.78,12.0,false,false,false,false,false,false,false,Within Reference Range,None,All evaluated indices within rule thresholds,10000,0,10000,Standard Clearance
1e9f6f89-ca26-4487-9d63-e951ad3e80f4,7.5,25.845,77.511,1.88076,5.14094,4.5,12.3,46.1526,89.0,28.0,32.0,290.0,16.1,0.26028,Normocytic normochromic anemia,19.78,12.0,false,false,false,false,false,false,false,Within Reference Range,None,All evaluated indices within rule thresholds,10000,0,10000,Standard Clearance
2ec113f5-65a3-441c-8d07-b1537ec85ffa,8.7,25.845,77.511,1.88076,5.14094,5.7,14.9,46.1526,95.0,31.0,33.0,380.0,14.1,0.26028,Healthy,16.67,12.0,false,false,false,false,false,false,false,Within Reference Range,None,All evaluated indices within rule thresholds,10000,0,10000,Standard Clearance
9680098a-d37a-45b6-b527-765f69440529,7.0,25.845,77.511,1.88076,5.14094,4.5,12.1,46.1526,89.0,27.0,32.0,280.0,13.1,0.26028,Normocytic normochromic anemia,19.78,12.0,false,false,false,false,false,false,false,Within Reference Range,None,All evaluated indices within rule thresholds,10000,0,10000,Standard Clearance
5b4b020d-9b53-4e6e-8c39-d315237ed806,8.3,25.845,77.511,1.88076,5.14094,5.2,14.3,46.1526,91.0,30.0,33.0,360.0,13.8,0.26028,Healthy,17.5,12.0,false,false,false,false,false,false,false,Within Reference Range,None,All evaluated indices within rule thresholds,10000,0,10000,Standard Clearance
8e118afc-0f78-4866-ba47-60dde4c08ba2,7.3,25.845,77.511,1.88076,5.14094,4.9,12.4,46.1526,88.0,29.0,33.0,270.0,13.4,0.26028,Normocytic normochromic anemia,17.96,12.0,false,false,false,false,false,false,false,Within Reference Range,None,All evaluated indices within rule thresholds,10000,0,10000,Standard Clearance
d8b49be7-1008-483b-8427-92207694d636,8.3,25.845,77.511,1.88076,5.14094,5.2,14.3,46.1526,91.0,30.0,33.0,360.0,16.1,0.26028,Healthy,17.5,12.0,false,false,false,false,false,false,false,Within Reference Range,None,All evaluated indices within rule thresholds,10000,0,10000,Standard Clearance
f716f7c0-1b09-47b2-861c-4e968fb6227c,7.6,25.845,77.511,1.88076,5.14094,4.7,12.4,46.1526,88.0,29.0,33.0,310.0,13.6,0.26028,Normocytic normochromic anemia,18.72,12.0,false,false,false,false,false,false,false,Within Reference Range,None,All evaluated indices within rule thresholds,10000,0,10000,Standard Clearance
aa87bcd0-d3b8-4212-98bf-99c5327e2555,8.3,25.845,77.511,1.88076,5.14094,5.2,14.2,46.1526,91.0,30.0,33.0,360.0,13.8,0.26028,Healthy,17.5,12.0,false,false,false,false,false,false,false,Within Reference Range,None,All evaluated indices within rule thresholds,10000,0,10000,Standard Clearance
41692182-50fd-4a13-a999-b8a8a59b04a0,7.1,25.845,77.511,1.88076,5.14094,4.2,11.5,46.1526,84.0,27.0,32.0,240.0,14.4,0.26028,Normocytic normochromic anemia,20.0,12.0,true,false,false,false,false,true,false,Anemia (Non-Microcytic) - Clinician Review,None,Hb 11.5 below threshold; MCV 84.0 not microcytic - Mentzer not applicable,10000,0,10000,Standard Clearance
06548235-051a-4b87-a2ea-2b1c4592b8db,7.1,25.845,77.511,1.88076,5.14094,4.4,11.9,46.1526,87.0,28.0,32.0,260.0,14.4,0.26028,Normocytic normochromic anemia,19.77,12.0,true,false,false,false,false,true,false,Anemia (Non-Microcytic) - Clinician Review,None,Hb 11.9 below threshold; MCV 87.0 not microcytic - Mentzer not applicable,10000,0,10000,Standard Clearance
fb0856a8-b02d-48d5-b674-c0cd9f5257f2,5.8,25.845,77.511,1.88076,5.14094,3.8,10.6,46.1526,80.0,26.0,32.0,190.0,13.0,0.26028,Normocytic hypochromic anemia,21.05,12.0,true,false,false,false,false,true,false,Anemia (Non-Microcytic) - Clinician Review,None,Hb 10.6 below threshold; MCV 80.0 not microcytic - Mentzer not applicable,10000,0,10000,Standard Clearance
c41a126e-6005-4b06-b0f6-3a82a559d2d5,8.0,25.845,77.511,1.88076,5.14094,5.3,13.5,46.1526,92.0,30.0,32.0,350.0,13.1,0.26028,Healthy,17.36,12.0,false,false,false,false,false,false,false,Within Reference Range,None,All evaluated indices within rule thresholds,10000,0,10000,Standard Clearance
a5b8487e-d935-4301-84ae-114baf6452cc,7.9,25.845,77.511,1.88076,5.14094,5.1,13.4,46.1526,90.0,29.0,32.0,340.0,12.7,0.26028,Healthy,17.65,12.0,false,false,false,false,false,false,false,Within Reference Range,None,All evaluated indices within rule thresholds,10000,0,10000,Standard Clearance
2feccfde-9b3a-4982-b9ce-565942b0024d,7.0,25.845,77.511,1.88076,5.14094,4.5,12.6,46.1526,87.0,28.0,32.0,260.0,13.2,0.26028,Normocytic normochromic anemia,19.33,12.0,false,false,false,false,false,false,false,Within Reference Range,None,All evaluated indices within rule thresholds,10000,0,10000,Standard Clearance
7c0caabd-7507-439a-aca8-2e04d8f53b9e,9.2,25.845,77.511,1.88076,5.14094,5.8,15.2,46.1526,96.0,32.0,33.0,400.0,13.1,0.26028,Healthy,16.55,12.0,false,false,false,false,false,false,false,Within Reference Range,None,All evaluated indices within rule thresholds,10000,0,10000,Standard Clearance
368ec7a1-eac2-4953-950d-aa48ad41b4f8,7.1,25.845,77.511,1.88076,5.14094,4.2,11.5,46.1526,84.0,27.0,32.0,240.0,13.7,0.26028,Normocytic normochromic anemia,20.0,12.0,true,false,false,false,false,true,false,Anemia (Non-Microcytic) - Clinician Review,None,Hb 11.5 below threshold; MCV 84.0 not microcytic - Mentzer not applicable,10000,0,10000,Standard Clearance
7b31b924-310a-4ba4-bb6f-93b13fc0556b,7.0,25.845,77.511,1.88076,5.14094,4.3,12.8,46.1526,87.0,28.0,32.0,280.0,12.9,0.26028,Normocytic normochromic anemia,20.23,12.0,false,false,false,false,false,false,false,Within Reference Range,None,All evaluated indices within rule thresholds,10000,0,10000,Standard Clearance
9a721bab-5a58-4b47-b2e4-419db5e4f9a3,8.3,25.845,77.511,1.88076,5.14094,5.2,14.2,46.1526,91.0,30.0,33.0,360.0,11.4,0.26028,Healthy,17.5,12.0,false,false,false,false,false,false,false,Within Reference Range,None,All evaluated indices within rule thresholds,10000,0,10000,Standard Clearance
3c4bde4e-a0a7-40b2-8c42-d60ffd239889,7.0,25.845,77.511,1.88076,5.14094,4.3,12.8,46.1526,87.0,28.0,32.0,280.0,13.1,0.26028,Normocytic normochromic anemia,20.23,12.0,false,false,false,false,false,false,false,Within Reference Range,None,All evaluated indices within rule thresholds,10000,0,10000,Standard Clearance
3d18864f-4416-4520-aa74-bf56d9008788,8.0,25.845,77.511,1.88076,5.14094,5.3,13.5,46.1526,92.0,30.0,32.0,350.0,17.4,0.26028,Healthy,17.36,12.0,false,false,false,false,false,false,false,Within Reference Range,None,All evaluated indices within rule thresholds,10000,0,10000,Standard Clearance
19d47260-1eaa-4b4f-bc8e-2ce9629a5eb8,7.2,25.845,77.511,1.88076,5.14094,4.6,12.2,46.1526,88.0,28.0,32.0,270.0,13.7,0.26028,Normocytic normochromic anemia,19.13,12.0,false,false,false,false,false,false,false,Within Reference Range,None,All evaluated indices within rule thresholds,10000,0,10000,Standard Clearance
69a5fb06-c375-490a-bc14-122df4d75260,8.6,25.845,77.511,1.88076,5.14094,5.4,14.6,46.1526,92.0,31.0,33.0,370.0,19.0,0.26028,Healthy,17.04,12.0,false,false,false,false,false,false,false,Within Reference Range,None,All evaluated indices within rule thresholds,10000,0,10000,Standard Clearance
f1991457-1c3c-4148-bfe3-5c06ec388a59,6.8,25.845,77.511,1.88076,5.14094,4.1,11.7,46.1526,83.0,27.0,32.0,250.0,17.0,0.26028,Normocytic normochromic anemia,20.24,12.0,true,false,false,false,false,true,false,Anemia (Non-Microcytic) - Clinician Review,None,Hb 11.7 below threshold; MCV 83.0 not microcytic - Mentzer not applicable,10000,0,10000,Standard Clearance
c19caecc-9faa-4fd4-81b6-d004696a24f2,5.6,25.845,77.511,1.88076,5.14094,3.7,10.3,46.1526,77.0,25.0,32.0,180.0,13.4,0.26028,Other microcytic anemia,20.81,12.0,true,true,false,false,true,false,false,Suspected Iron Deficiency,Serum Ferritin Test,Hb 10.3 < 12.0; MCV 77.0 < 80; Mentzer 20.81 >= 13,10000,15000,25000,Enabled - ZainCash 15% Preventive Subsidy
c4a24663-01f2-4674-a825-9b9c12641dc0,5.9,25.845,77.511,1.88076,5.14094,3.9,10.8,46.1526,79.0,26.0,32.0,200.0,13.3,0.26028,Other microcytic anemia,20.26,12.0,true,true,false,false,true,false,false,Suspected Iron Deficiency,Serum Ferritin Test,Hb 10.8 < 12.0; MCV 79.0 < 80; Mentzer 20.26 >= 13,10000,15000,25000,Enabled - ZainCash 15% Preventive Subsidy
272374e2-3fbc-4b30-9984-f25c684ac943,6.8,25.845,77.511,1.88076,5.14094,4.1,11.9,46.1526,83.0,27.0,32.0,250.0,13.5,0.26028,Normocytic normochromic anemia,20.24,12.0,true,false,false,false,false,true,false,Anemia (Non-Microcytic) - Clinician Review,None,Hb 11.9 below threshold; MCV 83.0 not microcytic - Mentzer not applicable,10000,0,10000,Standard Clearance
08d488cb-f90a-44a5-80e3-4a74bf6a6ffe,7.5,25.845,77.511,1.88076,5.14094,5.4,13.8,46.1526,92.0,30.0,32.0,320.0,13.5,0.26028,Healthy,17.04,12.0,false,false,false,false,false,false,false,Within Reference Range,None,All evaluated indices within rule thresholds,10000,0,10000,Standard Clearance
30c55b91-c802-4a9e-b0e4-c3726599316a,8.3,25.845,77.511,1.88076,5.14094,5.2,14.2,46.1526,91.0,30.0,33.0,360.0,12.3,0.26028,Healthy,17.5,12.0,false,false,false,false,false,false,false,Within Reference Range,None,All evaluated indices within rule thresholds,10000,0,10000,Standard Clearance
78c4d058-93f6-4a34-949b-d95971ba366f,5.8,25.845,77.511,1.88076,5.14094,3.8,10.5,46.1526,78.0,25.0,32.0,180.0,14.31251157,0.26028,Other microcytic anemia,20.53,12.0,true,true,false,false,true,false,false,Suspected Iron Deficiency,Serum Ferritin Test,Hb 10.5 < 12.0; MCV 78.0 < 80; Mentzer 20.53 >= 13,10000,15000,25000,Enabled - ZainCash 15% Preventive Subsidy
c847fd26-94a2-44d5-a993-93f8511dfa2e,8.0,25.845,77.511,1.88076,5.14094,5.0,13.2,46.1526,90.0,29.0,32.0,350.0,14.31251157,0.26028,Healthy,18.0,12.0,false,false,false,false,false,false,false,Within Reference Range,None,All evaluated indices within rule thresholds,10000,0,10000,Standard Clearance
380e84e2-28f1-4885-8551-f59c318aa158,7.4,25.845,77.511,1.88076,5.14094,4.8,12.7,46.1526,86.0,29.0,33.0,280.0,14.31251157,0.26028,Normocytic normochromic anemia,17.92,12.0,false,false,false,false,false,false,false,Within Reference Range,None,All evaluated indices within rule thresholds,10000,0,10000,Standard Clearance
cf17e4ee-b076-41b0-9dd4-4432a558efcf,8.3,25.845,77.511,1.88076,5.14094,5.2,14.2,46.1526,91.0,30.0,33.0,360.0,14.31251157,0.26028,Healthy,17.5,12.0,false,false,false,false,false,false,false,Within Reference Range,None,All evaluated indices within rule thresholds,10000,0,10000,Standard Clearance
dce75e67-f4d5-4e41-b3e5-7ec11940bb35,7.6,25.845,77.511,1.88076,5.14094,4.9,12.8,46.1526,88.0,29.0,33.0,300.0,14.31251157,0.26028,Normocytic normochromic anemia,17.96,12.0,false,false,false,false,false,false,false,Within Reference Range,None,All evaluated indices within rule thresholds,10000,0,10000,Standard Clearance
fb5e99ae-fce0-45c8-9795-4102c8fb43a8,8.5,25.845,77.511,1.88076,5.14094,5.2,14.5,46.1526,94.0,31.0,33.0,380.0,14.31251157,0.26028,Healthy,18.08,12.0,false,false,false,false,false,false,false,Within Reference Range,None,All evaluated indices within rule thresholds,10000,0,10000,Standard Clearance
1d7b7cc3-731c-4d1b-8040-e767285fdecb,7.4,25.845,77.511,1.88076,5.14094,4.6,12.3,46.1526,88.0,29.0,32.0,290.0,14.31251157,0.26028,Normocytic normochromic anemia,19.13,12.0,false,false,false,false,false,false,false,Within Reference Range,None,All evaluated indices within rule thresholds,10000,0,10000,Standard Clearance
7a650631-ea86-4f87-987c-fe4448bc76ad,7.4,25.845,77.511,1.88076,5.14094,5.5,13.8,46.1526,93.0,31.0,32.0,320.0,14.31251157,0.26028,Healthy,16.91,12.0,false,false,false,false,false,false,false,Within Reference Range,None,All evaluated indices within rule thresholds,10000,0,10000,Standard Clearance
017c8aa2-d328-4c69-bad3-a94c905d368e,7.0,25.845,77.511,1.88076,5.14094,4.4,12.0,46.1526,87.0,28.0,32.0,260.0,14.31251157,0.26028,Normocytic normochromic anemia,19.77,12.0,false,false,false,false,false,false,false,Within Reference Range,None,All evaluated indices within rule thresholds,10000,0,10000,Standard Clearance
538c46d0-9f9f-4ebf-8523-5e11e1369222,8.2,25.845,77.511,1.88076,5.14094,5.6,14.0,46.1526,93.0,31.0,33.0,360.0,14.31251157,0.26028,Healthy,16.61,12.0,false,false,false,false,false,false,false,Within Reference Range,None,All evaluated indices within rule thresholds,10000,0,10000,Standard Clearance
435ece59-1482-4a32-91b8-6efe5005da83,7.6,25.845,77.511,1.88076,5.14094,4.9,12.8,46.1526,88.0,29.0,33.0,300.0,14.31251157,0.26028,Normocytic normochromic anemia,17.96,12.0,false,false,false,false,false,false,false,Within Reference Range,None,All evaluated indices within rule thresholds,10000,0,10000,Standard Clearance
384bf0c1-844b-42ca-b6fc-1213f2f01a27,7.3,25.845,77.511,1.88076,5.14094,4.3,11.8,46.1526,85.0,28.0,32.0,280.0,14.31251157,0.26028,Normocytic normochromic anemia,19.77,12.0,true,false,false,false,false,true,false,Anemia (Non-Microcytic) - Clinician Review,None,Hb 11.8 below threshold; MCV 85.0 not microcytic - Mentzer not applicable,10000,0,10000,Standard Clearance
fdc0ecb0-8f66-4b66-8853-010be855d6b5,7.2,25.845,77.511,1.88076,5.14094,5.3,13.9,46.1526,91.0,30.0,32.0,330.0,14.31251157,0.26028,Healthy,17.17,12.0,false,false,false,false,false,false,false,Within Reference Range,None,All evaluated indices within rule thresholds,10000,0,10000,Standard Clearance
9c095bea-1afe-4186-8a58-c126531910ed,7.0,25.845,77.511,1.88076,5.14094,4.5,12.6,46.1526,87.0,28.0,32.0,260.0,14.31251157,0.26028,Normocytic normochromic anemia,19.33,12.0,false,false,false,false,false,false,false,Within Reference Range,None,All evaluated indices within rule thresholds,10000,0,10000,Standard Clearance
a182a60b-cb72-43c3-8fa8-68976ca7a12b,7.3,25.845,77.511,1.88076,5.14094,4.7,12.5,46.1526,87.0,29.0,32.0,270.0,14.31251157,0.26028,Normocytic normochromic anemia,18.51,12.0,false,false,false,false,false,false,false,Within Reference Range,None,All evaluated indices within rule thresholds,10000,0,10000,Standard Clearance
5469ac1a-c261-4aa2-b0bb-38eb6195fad7,7.2,25.845,77.511,1.88076,5.14094,5.5,13.5,46.1526,93.0,31.0,32.0,330.0,14.31251157,0.26028,Healthy,16.91,12.0,false,false,false,false,false,false,false,Within Reference Range,None,All evaluated indices within rule thresholds,10000,0,10000,Standard Clearance
b702ed86-66bd-4a1f-b0b0-c58481a66e0b,7.3,25.845,77.511,1.88076,5.14094,4.7,12.5,46.1526,87.0,29.0,32.0,270.0,14.31251157,0.26028,Normocytic normochromic anemia,18.51,12.0,false,false,false,false,false,false,false,Within Reference Range,None,All evaluated indices within rule thresholds,10000,0,10000,Standard Clearance
2c097709-9fd3-4aa5-8e91-550989b62132,7.6,25.845,77.511,1.88076,5.14094,5.0,13.0,46.1526,90.0,29.0,32.0,330.0,14.31251157,0.26028,Healthy,18.0,12.0,false,false,false,false,false,false,false,Within Reference Range,None,All evaluated indices within rule thresholds,10000,0,10000,Standard Clearance
6a67ff83-4175-4d83-b3df-f3506a59e2b8,7.1,25.845,77.511,1.88076,5.14094,4.2,11.6,46.1526,84.0,27.0,32.0,240.0,14.31251157,0.26028,Normocytic normochromic anemia,20.0,12.0,true,false,false,false,false,true,false,Anemia (Non-Microcytic) - Clinician Review,None,Hb 11.6 below threshold; MCV 84.0 not microcytic - Mentzer not applicable,10000,0,10000,Standard Clearance
28ddac11-30bd-4692-a9c3-22e9201c69cc,8.2,25.845,77.511,1.88076,5.14094,5.4,14.6,46.1526,92.0,30.0,33.0,350.0,14.31251157,0.26028,Healthy,17.04,12.0,false,false,false,false,false,false,false,Within Reference Range,None,All evaluated indices within rule thresholds,10000,0,10000,Standard Clearance
e27a9d7b-66d6-4ccb-afc0-8a6a89baea26,8.3,25.845,77.511,1.88076,5.14094,5.2,14.2,46.1526,91.0,30.0,33.0,360.0,14.31251157,0.26028,Healthy,17.5,12.0,false,false,false,false,false,false,false,Within Reference Range,None,All evaluated indices within rule thresholds,10000,0,10000,Standard Clearance
206a5dad-2c56-4321-bde7-befcf7794b36,7.5,25.845,77.511,1.88076,5.14094,4.7,12.5,46.1526,88.0,29.0,32.0,290.0,14.31251157,0.26028,Normocytic normochromic anemia,18.72,12.0,false,false,false,false,false,false,false,Within Reference Range,None,All evaluated indices within rule thresholds,10000,0,10000,Standard Clearance
c6966a73-469d-4e24-a00d-04850ed89e46,7.7,25.845,77.511,1.88076,5.14094,4.7,12.4,46.1526,88.0,29.0,33.0,300.0,14.31251157,0.26028,Normocytic normochromic anemia,18.72,12.0,false,false,false,false,false,false,false,Within Reference Range,None,All evaluated indices within rule thresholds,10000,0,10000,Standard Clearance
14b7c8e2-8f36-454c-852e-a946311b4908,9.0,25.845,77.511,1.88076,5.14094,5.8,15.0,46.1526,96.0,32.0,33.0,400.0,14.31251157,0.26028,Healthy,16.55,12.0,false,false,false,false,false,false,false,Within Reference Range,None,All evaluated indices within rule thresholds,10000,0,10000,Standard Clearance
857ca12b-3838-4a72-8e6a-b235586065cf,7.4,25.845,77.511,1.88076,5.14094,4.8,12.6,46.1526,86.0,29.0,33.0,280.0,14.31251157,0.26028,Normocytic normochromic anemia,17.92,12.0,false,false,false,false,false,false,false,Within Reference Range,None,All evaluated indices within rule thresholds,10000,0,10000,Standard Clearance
ca3bbe81-7501-46cf-81bd-7be99a0b87a3,5.8,25.845,77.511,1.88076,5.14094,3.8,10.5,46.1526,78.0,25.0,32.0,180.0,14.31251157,0.26028,Other microcytic anemia,20.53,12.0,true,true,false,false,true,false,false,Suspected Iron Deficiency,Serum Ferritin Test,Hb 10.5 < 12.0; MCV 78.0 < 80; Mentzer 20.53 >= 13,10000,15000,25000,Enabled - ZainCash 15% Preventive Subsidy
f56240fc-9da9-4b82-aa6e-fd60152b711e,7.0,25.845,77.511,1.88076,5.14094,4.5,12.1,46.1526,89.0,27.0,32.0,280.0,14.31251157,0.26028,Normocytic normochromic anemia,19.78,12.0,false,false,false,false,false,false,false,Within Reference Range,None,All evaluated indices within rule thresholds,10000,0,10000,Standard Clearance
bc3ca5e8-ee8e-4e9d-9169-949dd37db138,7.4,25.845,77.511,1.88076,5.14094,4.8,12.6,46.1526,86.0,29.0,33.0,280.0,14.31251157,0.26028,Normocytic normochromic anemia,17.92,12.0,false,false,false,false,false,false,false,Within Reference Range,None,All evaluated indices within rule thresholds,10000,0,10000,Standard Clearance
25ed32c0-83bd-4c53-b6eb-57561d9f1289,8.2,25.845,77.511,1.88076,5.14094,5.2,14.0,46.1526,91.0,30.0,33.0,360.0,14.31251157,0.26028,Healthy,17.5,12.0,false,false,false,false,false,false,false,Within Reference Range,None,All evaluated indices within rule thresholds,10000,0,10000,Standard Clearance
0da1a605-e807-46e7-bcfd-c8809acca53f,7.1,25.845,77.511,1.88076,5.14094,4.2,11.5,46.1526,84.0,27.0,32.0,240.0,14.31251157,0.26028,Normocytic normochromic anemia,20.0,12.0,true,false,false,false,false,true,false,Anemia (Non-Microcytic) - Clinician Review,None,Hb 11.5 below threshold; MCV 84.0 not microcytic - Mentzer not applicable,10000,0,10000,Standard Clearance
a099ec8e-af20-4c57-bb78-b893b9a58eac,8.5,25.845,77.511,1.88076,5.14094,5.5,14.8,46.1526,93.0,31.0,33.0,370.0,14.31251157,0.26028,Healthy,16.91,12.0,false,false,false,false,false,false,false,Within Reference Range,None,All evaluated indices within rule thresholds,10000,0,10000,Standard Clearance
02b0aa87-d7cd-4a04-b933-47ce1fc55c13,9.0,25.845,77.511,1.88076,5.14094,5.7,15.1,46.1526,96.0,32.0,33.0,380.0,14.31251157,0.26028,Healthy,16.84,12.0,false,false,false,false,false,false,false,Within Reference Range,None,All evaluated indices within rule thresholds,10000,0,10000,Standard Clearance
20bd795d-881d-4623-bbd7-a826dd76c4f3,7.4,25.845,77.511,1.88076,5.14094,4.8,12.7,46.1526,86.0,29.0,33.0,280.0,14.31251157,0.26028,Normocytic normochromic anemia,17.92,12.0,false,false,false,false,false,false,false,Within Reference Range,None,All evaluated indices within rule thresholds,10000,0,10000,Standard Clearance
19453f49-9167-40a1-9155-c11119445c30,8.3,25.845,77.511,1.88076,5.14094,5.2,14.2,46.1526,91.0,30.0,33.0,360.0,14.31251157,0.26028,Healthy,17.5,12.0,false,false,false,false,false,false,false,Within Reference Range,None,All evaluated indices within rule thresholds,10000,0,10000,Standard Clearance
26b324f8-41fa-4394-a5c2-3807f78c77a9,7.5,25.845,77.511,1.88076,5.14094,4.5,12.2,46.1526,89.0,28.0,32.0,290.0,14.31251157,0.26028,Normocytic normochromic anemia,19.78,12.0,false,false,false,false,false,false,false,Within Reference Range,None,All evaluated indices within rule thresholds,10000,0,10000,Standard Clearance
2356fafe-6e34-4911-8576-fe540ff24668,5.8,25.845,77.511,1.88076,5.14094,3.8,10.6,46.1526,80.0,26.0,32.0,190.0,14.31251157,0.26028,Normocytic hypochromic anemia,21.05,12.0,true,false,false,false,false,true,false,Anemia (Non-Microcytic) - Clinician Review,None,Hb 10.6 below threshold; MCV 80.0 not microcytic - Mentzer not applicable,10000,0,10000,Standard Clearance
f3c6b7bc-6f4c-4ff0-ae82-8bc9fab3f028,7.7,25.845,77.511,1.88076,5.14094,4.6,12.2,46.1526,88.0,29.0,33.0,310.0,14.31251157,0.26028,Normocytic normochromic anemia,19.13,12.0,false,false,false,false,false,false,false,Within Reference Range,None,All evaluated indices within rule thresholds,10000,0,10000,Standard Clearance
f7cedc13-9007-4f77-9be0-542756a4edce,9.0,25.845,77.511,1.88076,5.14094,5.8,15.0,46.1526,96.0,32.0,33.0,400.0,14.31251157,0.26028,Healthy,16.55,12.0,false,false,false,false,false,false,false,Within Reference Range,None,All evaluated indices within rule thresholds,10000,0,10000,Standard Clearance
3f1d3807-0de0-4d6a-9371-0c8976496e15,8.0,25.845,77.511,1.88076,5.14094,5.0,13.2,46.1526,90.0,29.0,32.0,350.0,14.31251157,0.26028,Healthy,18.0,12.0,false,false,false,false,false,false,false,Within Reference Range,None,All evaluated indices within rule thresholds,10000,0,10000,Standard Clearance
1b2b247d-c041-47ac-936f-df4e48f1c110,8.3,25.845,77.511,1.88076,5.14094,5.2,14.2,46.1526,91.0,30.0,33.0,360.0,14.31251157,0.26028,Healthy,17.5,12.0,false,false,false,false,false,false,false,Within Reference Range,None,All evaluated indices within rule thresholds,10000,0,10000,Standard Clearance
de2336a9-fd49-455a-b02a-2e14728f3084,9.0,25.845,77.511,1.88076,5.14094,5.8,15.0,46.1526,96.0,32.0,33.0,400.0,14.31251157,0.26028,Healthy,16.55,12.0,false,false,false,false,false,false,false,Within Reference Range,None,All evaluated indices within rule thresholds,10000,0,10000,Standard Clearance
a1e8117c-9856-4533-8ce9-56f1ee7751f5,8.7,25.845,77.511,1.88076,5.14094,5.7,14.5,46.1526,95.0,31.0,33.0,380.0,14.31251157,0.26028,Healthy,16.67,12.0,false,false,false,false,false,false,false,Within Reference Range,None,All evaluated indices within rule thresholds,10000,0,10000,Standard Clearance
b4efd625-4ebe-4ae2-8873-bbbf747b9ef4,8.7,25.845,77.511,1.88076,5.14094,5.7,14.9,46.1526,95.0,31.0,33.0,380.0,14.31251157,0.26028,Healthy,16.67,12.0,false,false,false,false,false,false,false,Within Reference Range,None,All evaluated indices within rule thresholds,10000,0,10000,Standard Clearance
f0410fa4-8585-4c1c-aff8-5f07bbe672b3,7.3,25.845,77.511,1.88076,5.14094,4.7,12.5,46.1526,87.0,29.0,32.0,270.0,14.31251157,0.26028,Normocytic normochromic anemia,18.51,12.0,false,false,false,false,false,false,false,Within Reference Range,None,All evaluated indices within rule thresholds,10000,0,10000,Standard Clearance
ec80f5de-16a9-4be8-94fa-d349abd202fb,7.8,25.845,77.511,1.88076,5.14094,5.1,13.2,46.1526,90.0,29.0,32.0,340.0,14.31251157,0.26028,Healthy,17.65,12.0,false,false,false,false,false,false,false,Within Reference Range,None,All evaluated indices within rule thresholds,10000,0,10000,Standard Clearance
842ac0cc-b479-4c3d-b303-efe833b34aad,7.6,25.845,77.511,1.88076,5.14094,4.7,12.4,46.1526,88.0,29.0,33.0,310.0,14.31251157,0.26028,Normocytic normochromic anemia,18.72,12.0,false,false,false,false,false,false,false,Within Reference Range,None,All evaluated indices within rule thresholds,10000,0,10000,Standard Clearance
1147ea3b-49c8-41e6-886c-6f581049492e,7.8,25.845,77.511,1.88076,5.14094,5.6,13.6,46.1526,93.0,31.0,32.0,310.0,14.31251157,0.26028,Healthy,16.61,12.0,false,false,false,false,false,false,false,Within Reference Range,None,All evaluated indices within rule thresholds,10000,0,10000,Standard Clearance
e64887fb-63e5-4845-867e-566e39aba13f,7.7,25.845,77.511,1.88076,5.14094,4.7,12.5,46.1526,88.0,29.0,33.0,300.0,14.31251157,0.26028,Normocytic normochromic anemia,18.72,12.0,false,false,false,false,false,false,false,Within Reference Range,None,All evaluated indices within rule thresholds,10000,0,10000,Standard Clearance
a30e7c12-d43e-4ccd-91d2-3e87eafba809,9.2,25.845,77.511,1.88076,5.14094,5.8,15.2,46.1526,96.0,32.0,33.0,400.0,14.31251157,0.26028,Healthy,16.55,12.0,false,false,false,false,false,false,false,Within Reference Range,None,All evaluated indices within rule thresholds,10000,0,10000,Standard Clearance
ab349864-d8eb-47ac-a146-50a574a524a4,8.0,25.845,77.511,1.88076,5.14094,5.3,13.5,46.1526,92.0,30.0,32.0,350.0,14.31251157,0.26028,Healthy,17.36,12.0,false,false,false,false,false,false,false,Within Reference Range,None,All evaluated indices within rule thresholds,10000,0,10000,Standard Clearance
13b198a4-02dd-47f6-8ba1-bd08d052ba9f,7.0,25.845,77.511,1.88076,5.14094,4.2,11.8,46.1526,84.0,27.0,32.0,250.0,14.31251157,0.26028,Normocytic normochromic anemia,20.0,12.0,true,false,false,false,false,true,false,Anemia (Non-Microcytic) - Clinician Review,None,Hb 11.8 below threshold; MCV 84.0 not microcytic - Mentzer not applicable,10000,0,10000,Standard Clearance
8904310a-f5cb-4412-9bb5-709fcfe3adda,6.0,25.845,77.511,1.88076,5.14094,4.0,11.0,46.1526,80.0,26.0,32.0,200.0,14.31251157,0.26028,Normocytic hypochromic anemia,20.0,12.0,true,false,false,false,false,true,false,Anemia (Non-Microcytic) - Clinician Review,None,Hb 11.0 below threshold; MCV 80.0 not microcytic - Mentzer not applicable,10000,0,10000,Standard Clearance
b7c3476a-7087-41d9-abcf-c2bcb4b6d2ae,8.3,25.845,77.511,1.88076,5.14094,5.4,14.2,46.1526,92.0,31.0,33.0,360.0,14.31251157,0.26028,Healthy,17.04,12.0,false,false,false,false,false,false,false,Within Reference Range,None,All evaluated indices within rule thresholds,10000,0,10000,Standard Clearance
8580414f-efa3-4c47-a60a-546ed5df5cc2,11.1,25.845,77.511,1.88076,5.14094,5.66,9.6,46.1526,60.1,17.0,28.2,128.3,14.31251157,0.26028,Iron deficiency anemia,10.62,12.0,true,true,true,true,false,false,true,Suspected Thalassemia Trait,Hemoglobin Electrophoresis + C-Reactive Protein (CRP),Hb 9.6 < 12.0; MCV 60.1 < 80; Mentzer 10.62 < 13,10000,35000,45000,Enabled - ZainCash 15% Preventive Subsidy
3017674c-8bff-4411-9973-f942ee974e04,7.02,25.845,77.511,1.88076,5.14094,4.78,13.8,46.1526,93.1,28.9,31.0,419.0,14.31251157,0.26028,Healthy,19.48,12.0,false,false,false,false,false,false,false,Within Reference Range,None,All evaluated indices within rule thresholds,10000,0,10000,Standard Clearance
50ea9b0f-0296-4dd7-9126-9844020ebc79,8.09,25.845,77.511,1.88076,5.14094,4.65,13.4,46.1526,89.5,28.8,32.2,325.0,14.31251157,0.26028,Healthy,19.25,12.0,false,false,false,false,false,false,false,Within Reference Range,None,All evaluated indices within rule thresholds,10000,0,10000,Standard Clearance
bc32c469-492b-4ffc-95bd-16bbfbda823f,13.41,25.845,77.511,1.88076,5.14094,4.24,11.3,46.1526,86.6,26.7,30.8,264.0,14.31251157,0.26028,Normocytic hypochromic anemia,20.42,12.0,true,false,true,false,false,true,true,Anemia (Non-Microcytic) - Clinician Review,C-Reactive Protein (CRP),Hb 11.3 below threshold; MCV 86.6 not microcytic - Mentzer not applicable,10000,10000,20000,Enabled - ZainCash 15% Preventive Subsidy
bf817abd-74c3-489f-ad7e-6ea3b61aa465,4.75,25.845,77.511,1.88076,5.14094,4.14,11.5,46.1526,89.1,27.8,31.2,196.0,14.31251157,0.26028,Normocytic hypochromic anemia,21.52,12.0,true,false,false,false,false,true,false,Anemia (Non-Microcytic) - Clinician Review,None,Hb 11.5 below threshold; MCV 89.1 not microcytic - Mentzer not applicable,10000,0,10000,Standard Clearance
b84ab6a8-f04c-472f-bbce-e342e81edb2f,13.96,25.845,77.511,1.88076,5.14094,4.29,12.7,46.1526,93.5,29.6,31.7,233.0,14.31251157,0.26028,Normocytic hypochromic anemia,21.79,12.0,false,false,true,false,false,false,true,Suspected Systemic Inflammation,C-Reactive Protein (CRP),WBC 13.96 > 11,10000,10000,20000,Enabled - ZainCash 15% Preventive Subsidy
26b63219-cdad-4149-8938-06964df6ddd5,9.33,25.845,77.511,1.88076,5.14094,4.98,12.4,46.1526,84.9,24.9,29.3,213.0,14.31251157,0.26028,Normocytic hypochromic anemia,17.05,12.0,false,false,false,false,false,false,false,Within Reference Range,None,All evaluated indices within rule thresholds,10000,0,10000,Standard Clearance
2ff75c4d-0ac4-4856-9ac9-923a20a3c59a,3.92,25.845,77.511,1.88076,5.14094,4.97,13.9,46.1526,88.1,28.0,31.7,229.0,14.31251157,0.26028,Healthy,17.73,12.0,false,false,false,false,false,false,false,Within Reference Range,None,All evaluated indices within rule thresholds,10000,0,10000,Standard Clearance
736973a5-1fb5-4119-83fb-f122bef28782,5.77,25.845,77.511,1.88076,5.14094,4.16,12.0,46.1526,93.0,28.8,31.0,211.0,14.31251157,0.26028,Normocytic hypochromic anemia,22.36,12.0,false,false,false,false,false,false,false,Within Reference Range,None,All evaluated indices within rule thresholds,10000,0,10000,Standard Clearance
090612e4-6528-4602-a534-c989a1973863,10.68,25.845,77.511,1.88076,5.14094,5.25,13.3,46.1526,86.9,25.3,29.2,151.0,14.31251157,0.26028,Leukemia,16.55,12.0,false,false,false,false,false,false,false,Within Reference Range,None,All evaluated indices within rule thresholds,10000,0,10000,Standard Clearance
5e8cdcd1-96fa-45c2-b4e1-63cef99c20bb,3.46,25.845,77.511,1.88076,5.14094,2.17,6.1,46.1526,93.5,28.1,30.0,92.0,14.31251157,0.26028,Normocytic hypochromic anemia,43.09,12.0,true,false,false,false,false,true,false,Anemia (Non-Microcytic) - Clinician Review,None,Hb 6.1 below threshold; MCV 93.5 not microcytic - Mentzer not applicable,10000,0,10000,Standard Clearance
4f577751-8386-4886-a598-1b8d4fef45a8,6.22,25.845,77.511,1.88076,5.14094,4.81,13.4,46.1526,92.3,27.9,30.2,150.0,14.31251157,0.26028,Healthy,19.19,12.0,false,false,false,false,false,false,false,Within Reference Range,None,All evaluated indices within rule thresholds,10000,0,10000,Standard Clearance
4b05d1ed-6810-4774-ab1e-1b3eebcaec09,6.62,25.845,77.511,1.88076,5.14094,3.41,10.2,46.1526,96.5,29.9,31.0,132.0,14.31251157,0.26028,Normocytic hypochromic anemia,28.3,12.0,true,false,false,false,false,true,false,Anemia (Non-Microcytic) - Clinician Review,None,Hb 10.2 below threshold; MCV 96.5 not microcytic - Mentzer not applicable,10000,0,10000,Standard Clearance
778b5674-e138-42b9-8035-f74dcb108ca2,5.27,25.845,77.511,1.88076,5.14094,2.26,9.3,46.1526,119.0,41.2,34.6,222.0,14.31251157,0.26028,Macrocytic anemia,52.65,12.0,true,false,false,false,false,true,false,Anemia (Non-Microcytic) - Clinician Review,None,Hb 9.3 below threshold; MCV 119.0 not microcytic - Mentzer not applicable,10000,0,10000,Standard Clearance
a6f81b09-562d-452d-91a5-82b5652e1e0b,10.52,25.845,77.511,1.88076,5.14094,4.52,12.0,46.1526,87.4,26.5,30.4,589.0,14.31251157,0.26028,Normocytic hypochromic anemia,19.34,12.0,false,false,false,false,false,false,false,Within Reference Range,None,All evaluated indices within rule thresholds,10000,0,10000,Standard Clearance
d86aa040-5a78-4b4f-832f-a6e5594a500d,10.7,25.845,77.511,1.88076,5.14094,5.17,14.3,46.1526,86.1,27.7,32.1,268.0,14.31251157,0.26028,Leukemia,16.65,12.0,false,false,false,false,false,false,false,Within Reference Range,None,All evaluated indices within rule thresholds,10000,0,10000,Standard Clearance
4732df1a-47c3-4a9b-b711-5ef42f860453,9.67,25.845,77.511,1.88076,5.14094,4.6,13.1,46.1526,90.0,28.5,31.6,150.0,14.31251157,0.26028,Healthy,19.57,12.0,false,false,false,false,false,false,false,Within Reference Range,None,All evaluated indices within rule thresholds,10000,0,10000,Standard Clearance
a550fbd1-6229-4e38-a20c-5f7b51dd8afe,13.41,25.845,77.511,1.88076,5.14094,4.24,11.3,46.1526,86.6,26.7,30.8,264.0,14.31251157,0.26028,Normocytic hypochromic anemia,20.42,12.0,true,false,true,false,false,true,true,Anemia (Non-Microcytic) - Clinician Review,C-Reactive Protein (CRP),Hb 11.3 below threshold; MCV 86.6 not microcytic - Mentzer not applicable,10000,10000,20000,Enabled - ZainCash 15% Preventive Subsidy
6909c144-7861-497e-a91a-667c7b2a0f6e,2.88,25.845,77.511,1.88076,5.14094,3.01,9.0,46.1526,103.7,29.9,28.8,400.0,14.31251157,0.26028,Macrocytic anemia,34.45,12.0,true,false,false,false,false,true,false,Anemia (Non-Microcytic) - Clinician Review,None,Hb 9.0 below threshold; MCV 103.7 not microcytic - Mentzer not applicable,10000,0,10000,Standard Clearance
ce16c0e8-1422-436c-8e70-5a13395d4087,9.55,25.845,77.511,1.88076,5.14094,6.6,15.6,46.1526,88.0,27.9,31.6,154.0,14.31251157,0.26028,Healthy,13.33,12.0,false,false,false,false,false,false,false,Within Reference Range,None,All evaluated indices within rule thresholds,10000,0,10000,Standard Clearance
2998e08b-bbd9-4a05-bb4a-0740d295aeb6,12.05,25.845,77.511,1.88076,5.14094,5.46,12.7,46.1526,74.2,23.3,31.4,350.0,14.31251157,0.26028,Iron deficiency anemia,13.59,12.0,false,true,true,false,false,false,true,Suspected Systemic Inflammation,C-Reactive Protein (CRP),WBC 12.05 > 11,10000,10000,20000,Enabled - ZainCash 15% Preventive Subsidy
d5350ea4-9963-4462-8c6f-76634d4fe47f,10.8,25.845,77.511,1.88076,5.14094,4.36,9.3,46.1526,73.9,21.3,28.9,438.0,14.31251157,0.26028,Iron deficiency anemia,16.95,12.0,true,true,false,false,true,false,false,Suspected Iron Deficiency,Serum Ferritin Test,Hb 9.3 < 12.0; MCV 73.9 < 80; Mentzer 16.95 >= 13,10000,15000,25000,Enabled - ZainCash 15% Preventive Subsidy
0c0efe06-272f-42c8-883e-f3a21cf0b596,6.17,25.845,77.511,1.88076,5.14094,4.56,10.7,46.1526,78.7,23.5,29.8,233.0,14.31251157,0.26028,Iron deficiency anemia,17.26,12.0,true,true,false,false,true,false,false,Suspected Iron Deficiency,Serum Ferritin Test,Hb 10.7 < 12.0; MCV 78.7 < 80; Mentzer 17.26 >= 13,10000,15000,25000,Enabled - ZainCash 15% Preventive Subsidy
2f387bc5-aeb2-4a81-a038-a9ed2a53e4ed,5.37,25.845,77.511,1.88076,5.14094,3.81,11.7,46.1526,91.5,30.7,33.5,219.0,14.31251157,0.26028,Normocytic normochromic anemia,24.02,12.0,true,false,false,false,false,true,false,Anemia (Non-Microcytic) - Clinician Review,None,Hb 11.7 below threshold; MCV 91.5 not microcytic - Mentzer not applicable,10000,0,10000,Standard Clearance
b2113838-ae00-4e14-b994-6a6f03a3b2e2,5.79,25.845,77.511,1.88076,5.14094,4.11,11.6,46.1526,93.4,28.2,30.2,186.0,14.31251157,0.26028,Normocytic hypochromic anemia,22.73,12.0,true,false,false,false,false,true,false,Anemia (Non-Microcytic) - Clinician Review,None,Hb 11.6 below threshold; MCV 93.4 not microcytic - Mentzer not applicable,10000,0,10000,Standard Clearance
f5992436-2be3-4b22-a400-b305c0acd0bf,6.2,25.845,77.511,1.88076,5.14094,3.54,10.6,46.1526,104.0,29.9,28.8,198.0,14.31251157,0.26028,Macrocytic anemia,29.38,12.0,true,false,false,false,false,true,false,Anemia (Non-Microcytic) - Clinician Review,None,Hb 10.6 below threshold; MCV 104.0 not microcytic - Mentzer not applicable,10000,0,10000,Standard Clearance
80a1ab16-2655-46a6-887a-14b7522a9fbc,13.93,25.845,77.511,1.88076,5.14094,4.83,12.7,46.1526,88.0,26.3,29.9,283.0,14.31251157,0.26028,Normocytic hypochromic anemia,18.22,12.0,false,false,true,false,false,false,true,Suspected Systemic Inflammation,C-Reactive Protein (CRP),WBC 13.93 > 11,10000,10000,20000,Enabled - ZainCash 15% Preventive Subsidy
afba4e13-add2-4b64-b666-0024293a4b6e,5.8,25.845,77.511,1.88076,5.14094,5.65,11.3,46.1526,68.0,20.0,29.4,125.0,14.31251157,0.26028,Iron deficiency anemia,12.04,12.0,true,true,false,true,false,false,false,Suspected Thalassemia Trait,Hemoglobin Electrophoresis,Hb 11.3 < 12.0; MCV 68.0 < 80; Mentzer 12.04 < 13,10000,25000,35000,Enabled - ZainCash 15% Preventive Subsidy
f5ecd917-b997-4dd9-a11b-0fd709d040cc,9.11,25.845,77.511,1.88076,5.14094,3.81,10.1,46.1526,91.3,26.5,29.0,188.0,14.31251157,0.26028,Normocytic hypochromic anemia,23.96,12.0,true,false,false,false,false,true,false,Anemia (Non-Microcytic) - Clinician Review,None,Hb 10.1 below threshold; MCV 91.3 not microcytic - Mentzer not applicable,10000,0,10000,Standard Clearance
8f9f4997-d6fd-41ef-ac94-a1383785d771,9.33,25.845,77.511,1.88076,5.14094,4.98,12.4,46.1526,84.9,24.9,29.3,158.0,14.31251157,0.26028,Normocytic hypochromic anemia,17.05,12.0,false,false,false,false,false,false,false,Within Reference Range,None,All evaluated indices within rule thresholds,10000,0,10000,Standard Clearance
ebae266a-b84b-49fe-baa1-021ba0a2c255,9.43,25.845,77.511,1.88076,5.14094,4.36,10.9,46.1526,83.5,25.0,29.9,324.0,14.31251157,0.26028,Normocytic hypochromic anemia,19.15,12.0,true,false,false,false,false,true,false,Anemia (Non-Microcytic) - Clinician Review,None,Hb 10.9 below threshold; MCV 83.5 not microcytic - Mentzer not applicable,10000,0,10000,Standard Clearance
2b749283-8b2f-4767-b7ea-3ae99d072181,4.64,25.845,77.511,1.88076,5.14094,3.04,9.1,46.1526,99.0,29.9,30.2,241.0,14.31251157,0.26028,Normocytic hypochromic anemia,32.57,12.0,true,false,false,false,false,true,false,Anemia (Non-Microcytic) - Clinician Review,None,Hb 9.1 below threshold; MCV 99.0 not microcytic - Mentzer not applicable,10000,0,10000,Standard Clearance
a7c67e4c-3813-47ea-84c5-42f452778c9a,8.61,25.845,77.511,1.88076,5.14094,4.12,9.9,46.1526,83.7,24.0,28.7,306.0,14.31251157,0.26028,Normocytic hypochromic anemia,20.32,12.0,true,false,false,false,false,true,false,Anemia (Non-Microcytic) - Clinician Review,None,Hb 9.9 below threshold; MCV 83.7 not microcytic - Mentzer not applicable,10000,0,10000,Standard Clearance
97a63e12-b36b-44e7-a0f6-1e5028bc6a32,5.75,25.845,77.511,1.88076,5.14094,4.87,10.3,46.1526,69.2,21.1,30.6,221.0,14.31251157,0.26028,Iron deficiency anemia,14.21,12.0,true,true,false,false,true,false,false,Suspected Iron Deficiency,Serum Ferritin Test,Hb 10.3 < 12.0; MCV 69.2 < 80; Mentzer 14.21 >= 13,10000,15000,25000,Enabled - ZainCash 15% Preventive Subsidy
e830388c-f5b7-43e9-9a46-a9b07e3ef2e0,2.88,25.845,77.511,1.88076,5.14094,3.01,9.0,46.1526,103.7,29.9,28.8,400.0,14.31251157,0.26028,Macrocytic anemia,34.45,12.0,true,false,false,false,false,true,false,Anemia (Non-Microcytic) - Clinician Review,None,Hb 9.0 below threshold; MCV 103.7 not microcytic - Mentzer not applicable,10000,0,10000,Standard Clearance
03b15b3c-874d-423a-8089-ab84c6da3bb1,6.17,25.845,77.511,1.88076,5.14094,4.56,10.7,46.1526,78.7,23.5,29.8,233.0,14.31251157,0.26028,Iron deficiency anemia,17.26,12.0,true,true,false,false,true,false,false,Suspected Iron Deficiency,Serum Ferritin Test,Hb 10.7 < 12.0; MCV 78.7 < 80; Mentzer 17.26 >= 13,10000,15000,25000,Enabled - ZainCash 15% Preventive Subsidy
9013839e-b16a-440a-b24a-35208a3882f4,13.16,25.845,77.511,1.88076,5.14094,3.15,7.8,46.1526,80.0,24.8,31.0,398.0,14.31251157,0.26028,Normocytic hypochromic anemia,25.4,12.0,true,false,true,false,false,true,true,Anemia (Non-Microcytic) - Clinician Review,C-Reactive Protein (CRP),Hb 7.8 below threshold; MCV 80.0 not microcytic - Mentzer not applicable,10000,10000,20000,Enabled - ZainCash 15% Preventive Subsidy
00d826b5-036e-4c99-8f50-202a2a2104ba,9.08,25.845,77.511,1.88076,5.14094,3.91,11.4,46.1526,90.3,29.3,32.3,153.0,14.31251157,0.26028,Normocytic normochromic anemia,23.09,12.0,true,false,false,false,false,true,false,Anemia (Non-Microcytic) - Clinician Review,None,Hb 11.4 below threshold; MCV 90.3 not microcytic - Mentzer not applicable,10000,0,10000,Standard Clearance
acd697a0-4d6e-41ef-8abd-1eb0ca297421,6.2,25.845,77.511,1.88076,5.14094,2.83,7.8,46.1526,80.6,27.6,34.2,222.0,14.31251157,0.26028,Normocytic normochromic anemia,28.48,12.0,true,false,false,false,false,true,false,Anemia (Non-Microcytic) - Clinician Review,None,Hb 7.8 below threshold; MCV 80.6 not microcytic - Mentzer not applicable,10000,0,10000,Standard Clearance
efc59541-cdf6-4881-9eae-0285aadd74d2,7.6,25.845,77.511,1.88076,5.14094,1.96,7.1,46.1526,112.8,36.2,32.1,150.0,14.31251157,0.26028,Macrocytic anemia,57.55,12.0,true,false,false,false,false,true,false,Anemia (Non-Microcytic) - Clinician Review,None,Hb 7.1 below threshold; MCV 112.8 not microcytic - Mentzer not applicable,10000,0,10000,Standard Clearance
2f534332-84fc-4f3a-912b-10b8febe3a7e,20.3,25.845,77.511,1.88076,5.14094,4.68,14.3,46.1526,88.5,30.6,34.5,362.0,14.31251157,0.26028,Leukemia,18.91,12.0,false,false,true,false,false,false,true,Suspected Systemic Inflammation,C-Reactive Protein (CRP),WBC 20.3 > 11,10000,10000,20000,Enabled - ZainCash 15% Preventive Subsidy
2bec16a2-beae-45d4-815d-3cd6d7c92cc3,9.8,25.845,77.511,1.88076,5.14094,4.67,14.8,46.1526,93.4,31.7,33.9,162.0,14.31251157,0.26028,Healthy,20.0,12.0,false,false,false,false,false,false,false,Within Reference Range,None,All evaluated indices within rule thresholds,10000,0,10000,Standard Clearance
60cc0ffd-544d-468b-bd3f-904229b48955,6.0,25.845,77.511,1.88076,5.14094,4.13,13.1,46.1526,91.8,31.7,34.6,140.0,14.31251157,0.26028,Thrombocytopenia,22.23,12.0,false,false,false,false,false,false,false,Within Reference Range,None,All evaluated indices within rule thresholds,10000,0,10000,Standard Clearance
6f977ce0-2825-4a21-b073-93844ed3fc60,6.6,25.845,77.511,1.88076,5.14094,4.57,12.6,46.1526,85.6,27.6,32.2,155.0,14.31251157,0.26028,Normocytic normochromic anemia,18.73,12.0,false,false,false,false,false,false,false,Within Reference Range,None,All evaluated indices within rule thresholds,10000,0,10000,Standard Clearance
9d904f37-1186-4688-b21c-5112ed1e733b,23.1,25.845,77.511,1.88076,5.14094,4.8,8.5,46.1526,57.3,17.7,30.8,182.0,14.31251157,0.26028,Iron deficiency anemia,11.94,12.0,true,true,true,true,false,false,true,Suspected Thalassemia Trait,Hemoglobin Electrophoresis + C-Reactive Protein (CRP),Hb 8.5 < 12.0; MCV 57.3 < 80; Mentzer 11.94 < 13,10000,35000,45000,Enabled - ZainCash 15% Preventive Subsidy
7c37cd6b-d4bd-48d0-a164-0a5cf3369b56,6.4,25.845,77.511,1.88076,5.14094,2.99,6.9,46.1526,77.3,23.1,29.9,187.0,14.31251157,0.26028,Iron deficiency anemia,25.85,12.0,true,true,false,false,true,false,false,Suspected Iron Deficiency,Serum Ferritin Test,Hb 6.9 < 12.0; MCV 77.3 < 80; Mentzer 25.85 >= 13,10000,15000,25000,Enabled - ZainCash 15% Preventive Subsidy
a68a75b9-1170-45a7-9533-6f85a7056da7,13.4,25.845,77.511,1.88076,5.14094,3.7,10.4,46.1526,88.4,28.1,31.8,140.0,14.31251157,0.26028,Normocytic hypochromic anemia,23.89,12.0,true,false,true,false,false,true,true,Anemia (Non-Microcytic) - Clinician Review,C-Reactive Protein (CRP),Hb 10.4 below threshold; MCV 88.4 not microcytic - Mentzer not applicable,10000,10000,20000,Enabled - ZainCash 15% Preventive Subsidy
26a972e1-8f12-41df-905a-e0cc07bfdf2f,8.19,25.845,77.511,1.88076,5.14094,4.32,11.6,46.1526,88.0,26.9,30.5,378.0,14.31251157,0.26028,Normocytic hypochromic anemia,20.37,12.0,true,false,false,false,false,true,false,Anemia (Non-Microcytic) - Clinician Review,None,Hb 11.6 below threshold; MCV 88.0 not microcytic - Mentzer not applicable,10000,0,10000,Standard Clearance
78195767-b934-4bd0-bf42-a3a33079238b,7.03,25.845,77.511,1.88076,5.14094,4.33,14.1,46.1526,102.3,32.6,31.8,90.0,14.31251157,0.26028,Thrombocytopenia,23.63,12.0,false,false,false,false,false,false,false,Within Reference Range,None,All evaluated indices within rule thresholds,10000,0,10000,Standard Clearance
4888d6e7-d032-4fe3-9f7c-92eca63d5af7,9.56,25.845,77.511,1.88076,5.14094,5.25,15.1,46.1526,86.3,28.8,33.3,150.0,14.31251157,0.26028,Healthy,16.44,12.0,false,false,false,false,false,false,false,Within Reference Range,None,All evaluated indices within rule thresholds,10000,0,10000,Standard Clearance
86367188-1f67-47b0-8e0e-7ddf2658e7a8,6.11,25.845,77.511,1.88076,5.14094,4.99,14.1,46.1526,89.4,28.3,31.6,159.0,14.31251157,0.26028,Healthy,17.92,12.0,false,false,false,false,false,false,false,Within Reference Range,None,All evaluated indices within rule thresholds,10000,0,10000,Standard Clearance
e9be979b-b7a9-47cb-ac47-bb4c2840b05d,9.74,25.845,77.511,1.88076,5.14094,4.18,11.0,46.1526,84.4,26.3,31.2,238.0,14.31251157,0.26028,Normocytic hypochromic anemia,20.19,12.0,true,false,false,false,false,true,false,Anemia (Non-Microcytic) - Clinician Review,None,Hb 11.0 below threshold; MCV 84.4 not microcytic - Mentzer not applicable,10000,0,10000,Standard Clearance
390330ea-1856-4ca5-a2bf-d4ff8f4fed9a,9.06,25.845,77.511,1.88076,5.14094,4.74,13.4,46.1526,87.8,28.3,32.2,241.0,14.31251157,0.26028,Healthy,18.52,12.0,false,false,false,false,false,false,false,Within Reference Range,None,All evaluated indices within rule thresholds,10000,0,10000,Standard Clearance
d45c4cf8-462a-49ef-a5f8-325d3a4c75f3,7.55,25.845,77.511,1.88076,5.14094,4.59,12.0,46.1526,83.3,26.1,31.3,150.0,14.31251157,0.26028,Normocytic hypochromic anemia,18.15,12.0,false,false,false,false,false,false,false,Within Reference Range,None,All evaluated indices within rule thresholds,10000,0,10000,Standard Clearance
ff8063cd-3b44-43a6-a426-8551b2be3858,15.65,25.845,77.511,1.88076,5.14094,3.49,9.2,46.1526,92.8,26.4,28.4,333.0,14.31251157,0.26028,Normocytic hypochromic anemia,26.59,12.0,true,false,true,false,false,true,true,Anemia (Non-Microcytic) - Clinician Review,C-Reactive Protein (CRP),Hb 9.2 below threshold; MCV 92.8 not microcytic - Mentzer not applicable,10000,10000,20000,Enabled - ZainCash 15% Preventive Subsidy
b714f10f-a68b-4911-b5fc-1b84c1ef4dd3,5.71,25.845,77.511,1.88076,5.14094,4.35,9.8,46.1526,79.1,22.5,28.5,359.0,14.31251157,0.26028,Iron deficiency anemia,18.18,12.0,true,true,false,false,true,false,false,Suspected Iron Deficiency,Serum Ferritin Test,Hb 9.8 < 12.0; MCV 79.1 < 80; Mentzer 18.18 >= 13,10000,15000,25000,Enabled - ZainCash 15% Preventive Subsidy
28965c95-0f93-4c62-9b78-519ba49faeb9,2.6,25.845,77.511,1.88076,5.14094,5.84,14.9,46.1526,75.0,25.5,25.5,160.0,14.31251157,0.26028,Healthy,12.84,12.0,false,true,false,false,false,false,false,Within Reference Range,None,All evaluated indices within rule thresholds,10000,0,10000,Standard Clearance
69e3d686-f68c-4225-be71-35956157bfc3,10.54,25.845,77.511,1.88076,5.14094,5.08,11.0,46.1526,75.2,21.7,28.8,206.0,14.31251157,0.26028,Iron deficiency anemia,14.8,12.0,true,true,false,false,true,false,false,Suspected Iron Deficiency,Serum Ferritin Test,Hb 11.0 < 12.0; MCV 75.2 < 80; Mentzer 14.8 >= 13,10000,15000,25000,Enabled - ZainCash 15% Preventive Subsidy
27934eb6-71b5-464e-ba4e-ec87b895a581,12.8,25.845,77.511,1.88076,5.14094,4.68,10.2,46.1526,74.8,21.8,29.1,534.0,14.31251157,0.26028,Iron deficiency anemia,15.98,12.0,true,true,true,false,true,false,true,Suspected Iron Deficiency,Serum Ferritin Test + C-Reactive Protein (CRP),Hb 10.2 < 12.0; MCV 74.8 < 80; Mentzer 15.98 >= 13,10000,25000,35000,Enabled - ZainCash 15% Preventive Subsidy
06d4b803-8fe9-4d2f-9589-b8fcbc57d2f7,10.22,25.845,77.511,1.88076,5.14094,4.61,11.9,46.1526,88.3,25.8,29.2,259.0,14.31251157,0.26028,Normocytic hypochromic anemia,19.15,12.0,true,false,false,false,false,true,false,Anemia (Non-Microcytic) - Clinician Review,None,Hb 11.9 below threshold; MCV 88.3 not microcytic - Mentzer not applicable,10000,0,10000,Standard Clearance
44e9677e-351c-4839-b733-5c6f5e067bb7,12.66,25.845,77.511,1.88076,5.14094,4.71,10.0,46.1526,74.5,21.2,28.5,263.0,14.31251157,0.26028,Iron deficiency anemia,15.82,12.0,true,true,true,false,true,false,true,Suspected Iron Deficiency,Serum Ferritin Test + C-Reactive Protein (CRP),Hb 10.0 < 12.0; MCV 74.5 < 80; Mentzer 15.82 >= 13,10000,25000,35000,Enabled - ZainCash 15% Preventive Subsidy
aa233c4f-650a-4642-bd3a-9c6a2c9d7da6,6.41,25.845,77.511,1.88076,5.14094,5.82,14.2,46.1526,78.2,24.4,31.2,153.0,14.31251157,0.26028,Healthy,13.44,12.0,false,true,false,false,false,false,false,Within Reference Range,None,All evaluated indices within rule thresholds,10000,0,10000,Standard Clearance
e0e64b5b-addb-445d-b9e2-293c7e67691a,6.47,25.845,77.511,1.88076,5.14094,4.3,13.2,46.1526,95.5,30.7,31.8,198.0,14.31251157,0.26028,Healthy,22.21,12.0,false,false,false,false,false,false,false,Within Reference Range,None,All evaluated indices within rule thresholds,10000,0,10000,Standard Clearance
c7936b60-e5bc-42dc-bb7e-6f6418d8a3d2,15.53,25.845,77.511,1.88076,5.14094,3.52,9.7,46.1526,88.1,27.6,31.3,256.0,14.31251157,0.26028,Normocytic hypochromic anemia,25.03,12.0,true,false,true,false,false,true,true,Anemia (Non-Microcytic) - Clinician Review,C-Reactive Protein (CRP),Hb 9.7 below threshold; MCV 88.1 not microcytic - Mentzer not applicable,10000,10000,20000,Enabled - ZainCash 15% Preventive Subsidy
d24b6439-3f3e-4994-800e-c9a773bad8e2,41.9,25.845,77.511,1.88076,5.14094,3.48,5.0,46.1526,62.1,14.7,23.6,444.0,14.31251157,0.26028,Iron deficiency anemia,17.84,12.0,true,true,true,false,true,false,true,Suspected Iron Deficiency,Serum Ferritin Test + C-Reactive Protein (CRP),Hb 5.0 < 12.0; MCV 62.1 < 80; Mentzer 17.84 >= 13,10000,25000,35000,Enabled - ZainCash 15% Preventive Subsidy
64c117d4-bc58-4265-b615-1b554ce2577d,15.53,25.845,77.511,1.88076,5.14094,3.52,9.7,46.1526,88.1,27.6,31.3,256.0,14.31251157,0.26028,Normocytic hypochromic anemia,25.03,12.0,true,false,true,false,false,true,true,Anemia (Non-Microcytic) - Clinician Review,C-Reactive Protein (CRP),Hb 9.7 below threshold; MCV 88.1 not microcytic - Mentzer not applicable,10000,10000,20000,Enabled - ZainCash 15% Preventive Subsidy
248e0d17-c7b9-4e00-a2a7-c5ec94d391aa,8.4,25.845,77.511,1.88076,5.14094,5.09,14.4,46.1526,86.3,28.2,32.7,170.0,14.31251157,0.26028,Healthy,16.95,12.0,false,false,false,false,false,false,false,Within Reference Range,None,All evaluated indices within rule thresholds,10000,0,10000,Standard Clearance
fee00f82-904e-410f-936a-9f264ceefaa4,5.4,25.845,77.511,1.88076,5.14094,5.01,14.6,46.1526,92.8,29.1,31.4,150.0,14.31251157,0.26028,Healthy,18.52,12.0,false,false,false,false,false,false,false,Within Reference Range,None,All evaluated indices within rule thresholds,10000,0,10000,Standard Clearance
84502cc7-aa90-49e5-9027-8438210bad42,5.89,25.845,77.511,1.88076,5.14094,5.36,14.8,46.1526,93.3,27.6,29.8,242.0,14.31251157,0.26028,Healthy,17.41,12.0,false,false,false,false,false,false,false,Within Reference Range,None,All evaluated indices within rule thresholds,10000,0,10000,Standard Clearance
d7850af9-d4b4-45e8-9da7-23db4d0c261b,4.31,25.845,77.511,1.88076,5.14094,4.92,12.8,46.1526,80.7,26.0,32.2,150.0,14.31251157,0.26028,Normocytic hypochromic anemia,16.4,12.0,false,false,false,false,false,false,false,Within Reference Range,None,All evaluated indices within rule thresholds,10000,0,10000,Standard Clearance
d1d897c5-aea1-407e-b318-eb052a529efa,9.15,25.845,77.511,1.88076,5.14094,5.24,13.3,46.1526,82.1,25.4,30.9,232.0,14.31251157,0.26028,Healthy,15.67,12.0,false,false,false,false,false,false,false,Within Reference Range,None,All evaluated indices within rule thresholds,10000,0,10000,Standard Clearance
c180d117-0797-4bfc-a3f6-8eb16944a1df,14.0,25.845,77.511,1.88076,5.14094,4.81,13.5,46.1526,95.0,25.6,26.4,190.0,14.31251157,0.26028,Leukemia,19.75,12.0,false,false,true,false,false,false,true,Suspected Systemic Inflammation,C-Reactive Protein (CRP),WBC 14.0 > 11,10000,10000,20000,Enabled - ZainCash 15% Preventive Subsidy
d02ad425-1cc3-4f38-b433-43de10d091c6,7.7,25.845,77.511,1.88076,5.14094,3.84,10.2,46.1526,85.7,26.6,31.0,266.0,14.31251157,0.26028,Normocytic hypochromic anemia,22.32,12.0,true,false,false,false,false,true,false,Anemia (Non-Microcytic) - Clinician Review,None,Hb 10.2 below threshold; MCV 85.7 not microcytic - Mentzer not applicable,10000,0,10000,Standard Clearance
ffde0a27-613c-4eee-85c3-175e2ec0f775,9.1,25.845,77.511,1.88076,5.14094,4.9,12.7,46.1526,78.2,25.9,33.2,192.0,14.31251157,0.26028,Other microcytic anemia,15.96,12.0,false,true,false,false,false,false,false,Within Reference Range,None,All evaluated indices within rule thresholds,10000,0,10000,Standard Clearance
c41341ee-6cf9-4834-8820-637af9dc4bc0,7.4,25.845,77.511,1.88076,5.14094,4.82,14.4,46.1526,90.5,29.9,33.0,150.0,14.31251157,0.26028,Healthy,18.78,12.0,false,false,false,false,false,false,false,Within Reference Range,None,All evaluated indices within rule thresholds,10000,0,10000,Standard Clearance
d99ad527-b8aa-46dc-9955-cf86697a20de,8.0,25.845,77.511,1.88076,5.14094,4.47,11.2,46.1526,80.5,25.3,31.1,198.0,14.31251157,0.26028,Normocytic hypochromic anemia,18.01,12.0,true,false,false,false,false,true,false,Anemia (Non-Microcytic) - Clinician Review,None,Hb 11.2 below threshold; MCV 80.5 not microcytic - Mentzer not applicable,10000,0,10000,Standard Clearance
3f358d58-c5e9-479f-b4f6-edbad850c6a2,6.3,25.845,77.511,1.88076,5.14094,4.89,12.3,46.1526,90.2,30.1,33.3,167.0,14.31251157,0.26028,Normocytic normochromic anemia,18.45,12.0,false,false,false,false,false,false,false,Within Reference Range,None,All evaluated indices within rule thresholds,10000,0,10000,Standard Clearance
f53ce615-ae56-4f3b-aa3b-5285d0eeb275,13.2,25.845,77.511,1.88076,5.14094,3.5,8.1,46.1526,77.7,23.1,29.8,350.0,14.31251157,0.26028,Iron deficiency anemia,22.2,12.0,true,true,true,false,true,false,true,Suspected Iron Deficiency,Serum Ferritin Test + C-Reactive Protein (CRP),Hb 8.1 < 12.0; MCV 77.7 < 80; Mentzer 22.2 >= 13,10000,25000,35000,Enabled - ZainCash 15% Preventive Subsidy
b944f9d1-00bd-4cd0-841f-a4e72799a2be,8.0,25.845,77.511,1.88076,5.14094,3.52,12.0,46.1526,99.9,34.1,34.3,341.0,14.31251157,0.26028,Normocytic normochromic anemia,28.38,12.0,false,false,false,false,false,false,false,Within Reference Range,None,All evaluated indices within rule thresholds,10000,0,10000,Standard Clearance
e7e6b070-9b7c-4546-b68b-deebff25592f,6.7,25.845,77.511,1.88076,5.14094,4.32,12.7,46.1526,91.0,29.4,32.3,139.0,14.31251157,0.26028,Normocytic normochromic anemia,21.06,12.0,false,false,false,false,false,false,false,Within Reference Range,None,All evaluated indices within rule thresholds,10000,0,10000,Standard Clearance
9d1fdd8f-1308-4c56-9777-07aef977deaf,4.48,25.845,77.511,1.88076,5.14094,4.87,11.9,46.1526,82.5,24.4,29.6,384.0,14.31251157,0.26028,Normocytic hypochromic anemia,16.94,12.0,true,false,false,false,false,true,false,Anemia (Non-Microcytic) - Clinician Review,None,Hb 11.9 below threshold; MCV 82.5 not microcytic - Mentzer not applicable,10000,0,10000,Standard Clearance
43671fe7-e5cc-4021-a490-5cdf12f2c90c,7.75,25.845,77.511,1.88076,5.14094,5.64,10.0,46.1526,62.2,17.7,28.5,152.0,14.31251157,0.26028,Iron deficiency anemia,11.03,12.0,true,true,false,true,false,false,false,Suspected Thalassemia Trait,Hemoglobin Electrophoresis,Hb 10.0 < 12.0; MCV 62.2 < 80; Mentzer 11.03 < 13,10000,25000,35000,Enabled - ZainCash 15% Preventive Subsidy
5a8996c0-0250-458a-bf29-40b4ebbe94c3,7.68,25.845,77.511,1.88076,5.14094,4.43,10.7,46.1526,79.0,24.2,30.6,452.0,14.31251157,0.26028,Iron deficiency anemia,17.83,12.0,true,true,false,false,true,false,false,Suspected Iron Deficiency,Serum Ferritin Test,Hb 10.7 < 12.0; MCV 79.0 < 80; Mentzer 17.83 >= 13,10000,15000,25000,Enabled - ZainCash 15% Preventive Subsidy
b3d10c03-c167-42b0-887a-73aa71039772,7.31,25.845,77.511,1.88076,5.14094,6.58,19.6,46.1526,86.5,29.8,34.4,10.0,14.31251157,0.26028,Thrombocytopenia,13.15,12.0,false,false,false,false,false,false,false,Within Reference Range,None,All evaluated indices within rule thresholds,10000,0,10000,Standard Clearance
3b2ff3ef-d94a-4803-8575-9af39d464fe6,8.4,25.845,77.511,1.88076,5.14094,6.9,13.4,46.1526,65.4,19.4,29.7,233.0,14.31251157,0.26028,Healthy,9.48,12.0,false,true,false,false,false,false,false,Within Reference Range,None,All evaluated indices within rule thresholds,10000,0,10000,Standard Clearance
1a6c2510-d795-49d0-a1d0-a21ddccdde0d,3.7,25.845,77.511,1.88076,5.14094,3.5,12.0,46.1526,102.3,34.3,33.5,252.0,14.31251157,0.26028,Macrocytic anemia,29.23,12.0,false,false,false,false,false,false,false,Within Reference Range,None,All evaluated indices within rule thresholds,10000,0,10000,Standard Clearance
dc268cff-024a-4873-87eb-8c8ea11cb3f5,21.7,25.845,77.511,1.88076,5.14094,3.39,9.2,46.1526,87.0,29.1,31.2,129.0,14.31251157,0.26028,Normocytic hypochromic anemia,25.66,12.0,true,false,true,false,false,true,true,Anemia (Non-Microcytic) - Clinician Review,C-Reactive Protein (CRP),Hb 9.2 below threshold; MCV 87.0 not microcytic - Mentzer not applicable,10000,10000,20000,Enabled - ZainCash 15% Preventive Subsidy
f5b954af-8dbe-4532-bf20-8401f6a56834,4.8,25.845,77.511,1.88076,5.14094,3.81,7.2,46.1526,64.0,18.9,29.5,87.0,14.31251157,0.26028,Iron deficiency anemia,16.8,12.0,true,true,false,false,true,false,false,Suspected Iron Deficiency,Serum Ferritin Test,Hb 7.2 < 12.0; MCV 64.0 < 80; Mentzer 16.8 >= 13,10000,15000,25000,Enabled - ZainCash 15% Preventive Subsidy
6d02aa68-4eab-48f9-9120-5310eb275430,9.3,25.845,77.511,1.88076,5.14094,5.18,15.0,46.1526,86.7,29.0,33.4,366.0,14.31251157,0.26028,Healthy,16.74,12.0,false,false,false,false,false,false,false,Within Reference Range,None,All evaluated indices within rule thresholds,10000,0,10000,Standard Clearance
ee59f36c-f576-4c75-bd0c-62a99e54afa0,7.6,25.845,77.511,1.88076,5.14094,4.24,11.9,46.1526,78.5,28.1,35.7,217.0,14.31251157,0.26028,Other microcytic anemia,18.51,12.0,true,true,false,false,true,false,false,Suspected Iron Deficiency,Serum Ferritin Test,Hb 11.9 < 12.0; MCV 78.5 < 80; Mentzer 18.51 >= 13,10000,15000,25000,Enabled - ZainCash 15% Preventive Subsidy
ac484b88-5e21-483f-9e74-475c18564aca,7.3,25.845,77.511,1.88076,5.14094,4.84,16.0,46.1526,94.8,33.1,34.9,306.0,14.31251157,0.26028,Healthy,19.59,12.0,false,false,false,false,false,false,false,Within Reference Range,None,All evaluated indices within rule thresholds,10000,0,10000,Standard Clearance
3fba033e-acc9-4386-a271-9a873bf7d51c,7.8,25.845,77.511,1.88076,5.14094,4.66,15.6,46.1526,95.7,33.5,35.0,245.0,14.31251157,0.26028,Healthy,20.54,12.0,false,false,false,false,false,false,false,Within Reference Range,None,All evaluated indices within rule thresholds,10000,0,10000,Standard Clearance
fbc9e843-4da2-4b70-97d9-2be21645ef7b,5.5,25.845,77.511,1.88076,5.14094,4.57,14.1,46.1526,91.0,30.9,33.9,205.0,14.31251157,0.26028,Healthy,19.91,12.0,false,false,false,false,false,false,false,Within Reference Range,None,All evaluated indices within rule thresholds,10000,0,10000,Standard Clearance
4839e952-d4f2-4d70-a4c8-63dbfe0119c0,8.4,25.845,77.511,1.88076,5.14094,4.23,15.5,46.1526,105.0,36.6,34.9,95.0,14.31251157,0.26028,Thrombocytopenia,24.82,12.0,false,false,false,false,false,false,false,Within Reference Range,None,All evaluated indices within rule thresholds,10000,0,10000,Standard Clearance
ad24ea77-acca-40f2-98db-bdcb7b35c0b7,4.9,25.845,77.511,1.88076,5.14094,2.89,8.0,46.1526,86.2,27.7,32.1,327.0,14.31251157,0.26028,Normocytic normochromic anemia,29.83,12.0,true,false,false,false,false,true,false,Anemia (Non-Microcytic) - Clinician Review,None,Hb 8.0 below threshold; MCV 86.2 not microcytic - Mentzer not applicable,10000,0,10000,Standard Clearance
24b7113e-36fe-4e28-915c-ba1bbb1dbf65,5.44,25.845,77.511,1.88076,5.14094,3.29,11.2,46.1526,110.9,34.0,30.7,150.0,14.31251157,0.26028,Macrocytic anemia,33.71,12.0,true,false,false,false,false,true,false,Anemia (Non-Microcytic) - Clinician Review,None,Hb 11.2 below threshold; MCV 110.9 not microcytic - Mentzer not applicable,10000,0,10000,Standard Clearance
6ccec734-3617-4987-a776-c89e7e8537a9,5.84,25.845,77.511,1.88076,5.14094,4.1,11.8,46.1526,94.9,28.8,30.3,166.0,14.31251157,0.26028,Normocytic hypochromic anemia,23.15,12.0,true,false,false,false,false,true,false,Anemia (Non-Microcytic) - Clinician Review,None,Hb 11.8 below threshold; MCV 94.9 not microcytic - Mentzer not applicable,10000,0,10000,Standard Clearance
38c32226-86a6-46d6-b3e2-01392ffb4bcc,7.61,25.845,77.511,1.88076,5.14094,4.21,13.6,46.1526,101.2,32.3,31.9,150.0,14.31251157,0.26028,Healthy,24.04,12.0,false,false,false,false,false,false,false,Within Reference Range,None,All evaluated indices within rule thresholds,10000,0,10000,Standard Clearance
48bc353b-74da-4d41-a0fd-fc075d6bab94,7.08,25.845,77.511,1.88076,5.14094,4.07,10.7,46.1526,85.5,26.3,30.7,220.0,14.31251157,0.26028,Normocytic hypochromic anemia,21.01,12.0,true,false,false,false,false,true,false,Anemia (Non-Microcytic) - Clinician Review,None,Hb 10.7 below threshold; MCV 85.5 not microcytic - Mentzer not applicable,10000,0,10000,Standard Clearance
f9fa8ee8-e96c-4ad4-bc38-5d20e01eb4ed,9.03,25.845,77.511,1.88076,5.14094,4.58,13.0,46.1526,87.6,28.4,32.4,262.0,14.31251157,0.26028,Healthy,19.13,12.0,false,false,false,false,false,false,false,Within Reference Range,None,All evaluated indices within rule thresholds,10000,0,10000,Standard Clearance
04f64a73-a3f5-438c-bed3-73828c684ac1,7.68,25.845,77.511,1.88076,5.14094,4.43,10.7,46.1526,79.0,24.2,30.6,452.0,14.31251157,0.26028,Iron deficiency anemia,17.83,12.0,true,true,false,false,true,false,false,Suspected Iron Deficiency,Serum Ferritin Test,Hb 10.7 < 12.0; MCV 79.0 < 80; Mentzer 17.83 >= 13,10000,15000,25000,Enabled - ZainCash 15% Preventive Subsidy
8d958b21-9472-4b35-9318-82b22dfef60c,10.5,25.845,77.511,1.88076,5.14094,4.21,11.3,46.1526,82.7,26.8,32.5,194.0,14.31251157,0.26028,Normocytic hypochromic anemia,19.64,12.0,true,false,false,false,false,true,false,Anemia (Non-Microcytic) - Clinician Review,None,Hb 11.3 below threshold; MCV 82.7 not microcytic - Mentzer not applicable,10000,0,10000,Standard Clearance
6aeae8a0-2c82-4fdc-981a-ca67115744c1,3.1,25.845,77.511,1.88076,5.14094,3.51,11.2,46.1526,97.4,31.9,32.7,74.0,14.31251157,0.26028,Normocytic normochromic anemia,27.75,12.0,true,false,false,false,false,true,false,Anemia (Non-Microcytic) - Clinician Review,None,Hb 11.2 below threshold; MCV 97.4 not microcytic - Mentzer not applicable,10000,0,10000,Standard Clearance
8b48f34c-daef-4273-9af9-a9b19280edea,12.6,25.845,77.511,1.88076,5.14094,5.07,14.9,46.1526,85.6,29.4,34.3,157.0,14.31251157,0.26028,Leukemia,16.88,12.0,false,false,true,false,false,false,true,Suspected Systemic Inflammation,C-Reactive Protein (CRP),WBC 12.6 > 11,10000,10000,20000,Enabled - ZainCash 15% Preventive Subsidy
e5b5d557-8687-4870-bddf-e1b95385f908,4.2,25.845,77.511,1.88076,5.14094,4.76,13.4,46.1526,84.7,28.2,33.3,140.0,14.31251157,0.26028,Thrombocytopenia,17.79,12.0,false,false,false,false,false,false,false,Within Reference Range,None,All evaluated indices within rule thresholds,10000,0,10000,Standard Clearance
b7fa1099-efc3-49bf-895b-b4b8528e1a10,5.8,25.845,77.511,1.88076,5.14094,3.21,8.6,46.1526,82.6,26.8,32.5,373.0,14.31251157,0.26028,Normocytic hypochromic anemia,25.73,12.0,true,false,false,false,false,true,false,Anemia (Non-Microcytic) - Clinician Review,None,Hb 8.6 below threshold; MCV 82.6 not microcytic - Mentzer not applicable,10000,0,10000,Standard Clearance
fae78ba7-13e3-470f-ac3d-765937ebbd88,13.2,25.845,77.511,1.88076,5.14094,3.82,11.2,46.1526,89.3,29.3,32.8,211.0,14.31251157,0.26028,Normocytic normochromic anemia,23.38,12.0,true,false,true,false,false,true,true,Anemia (Non-Microcytic) - Clinician Review,C-Reactive Protein (CRP),Hb 11.2 below threshold; MCV 89.3 not microcytic - Mentzer not applicable,10000,10000,20000,Enabled - ZainCash 15% Preventive Subsidy
025c280f-a228-4a82-8c56-c8fb4112895c,6.0,25.845,77.511,1.88076,5.14094,3.51,9.5,46.1526,86.0,27.1,31.5,158.0,14.31251157,0.26028,Normocytic hypochromic anemia,24.5,12.0,true,false,false,false,false,true,false,Anemia (Non-Microcytic) - Clinician Review,None,Hb 9.5 below threshold; MCV 86.0 not microcytic - Mentzer not applicable,10000,0,10000,Standard Clearance
4954f9c7-a656-4526-9a5f-d7d366ac0825,5.6,25.845,77.511,1.88076,5.14094,4.32,15.2,46.1526,100.0,35.2,35.2,334.0,14.31251157,0.26028,Healthy,23.15,12.0,false,false,false,false,false,false,false,Within Reference Range,None,All evaluated indices within rule thresholds,10000,0,10000,Standard Clearance
71ab54ed-afc7-406c-b465-dad8eab7f84d,4.4,25.845,77.511,1.88076,5.14094,4.74,10.4,46.1526,71.3,21.9,30.8,152.0,14.31251157,0.26028,Iron deficiency anemia,15.04,12.0,true,true,false,false,true,false,false,Suspected Iron Deficiency,Serum Ferritin Test,Hb 10.4 < 12.0; MCV 71.3 < 80; Mentzer 15.04 >= 13,10000,15000,25000,Enabled - ZainCash 15% Preventive Subsidy
d2e8400e-f24d-45c3-8337-998ef9033662,9.6,25.845,77.511,1.88076,5.14094,3.59,10.9,46.1526,85.8,30.4,35.4,155.0,14.31251157,0.26028,Normocytic normochromic anemia,23.9,12.0,true,false,false,false,false,true,false,Anemia (Non-Microcytic) - Clinician Review,None,Hb 10.9 below threshold; MCV 85.8 not microcytic - Mentzer not applicable,10000,0,10000,Standard Clearance
93acfd41-2900-4c52-8108-33a4aa3f4a32,17.5,25.845,77.511,1.88076,5.14094,6.05,15.9,46.1526,79.5,26.3,33.1,185.0,14.31251157,0.26028,Leukemia,13.14,12.0,false,true,true,false,false,false,true,Suspected Systemic Inflammation,C-Reactive Protein (CRP),WBC 17.5 > 11,10000,10000,20000,Enabled - ZainCash 15% Preventive Subsidy
12f69655-6925-47fa-b43e-cad963c7ca99,3.1,25.845,77.511,1.88076,5.14094,3.37,10.6,46.1526,99.1,31.5,31.7,78.0,14.31251157,0.26028,Normocytic hypochromic anemia,29.41,12.0,true,false,false,false,false,true,false,Anemia (Non-Microcytic) - Clinician Review,None,Hb 10.6 below threshold; MCV 99.1 not microcytic - Mentzer not applicable,10000,0,10000,Standard Clearance
1c7b3572-cd7e-4ac0-9d2d-229ca00ee709,5.7,25.845,77.511,1.88076,5.14094,4.46,13.4,46.1526,82.5,30.0,36.4,32.0,14.31251157,0.26028,Thrombocytopenia,18.5,12.0,false,false,false,false,false,false,false,Within Reference Range,None,All evaluated indices within rule thresholds,10000,0,10000,Standard Clearance
dcb89c69-fb3b-4efd-b07f-f86f1630eb16,10.6,25.845,77.511,1.88076,5.14094,3.9,12.0,46.1526,94.9,30.8,32.4,275.0,14.31251157,0.26028,Normocytic normochromic anemia,24.33,12.0,false,false,false,false,false,false,false,Within Reference Range,None,All evaluated indices within rule thresholds,10000,0,10000,Standard Clearance
7e995aab-ebfd-4233-ac7f-6aa1e212ca5e,9.1,25.845,77.511,1.88076,5.14094,4.4,10.8,46.1526,77.3,24.5,31.8,206.0,14.31251157,0.26028,Iron deficiency anemia,17.57,12.0,true,true,false,false,true,false,false,Suspected Iron Deficiency,Serum Ferritin Test,Hb 10.8 < 12.0; MCV 77.3 < 80; Mentzer 17.57 >= 13,10000,15000,25000,Enabled - ZainCash 15% Preventive Subsidy
1e6d66a2-1944-4231-8568-e45aa4ea5045,4.4,25.845,77.511,1.88076,5.14094,4.16,12.3,46.1526,86.1,29.6,34.4,115.0,14.31251157,0.26028,Normocytic normochromic anemia,20.7,12.0,false,false,false,false,false,false,false,Within Reference Range,None,All evaluated indices within rule thresholds,10000,0,10000,Standard Clearance
52590e34-f5ea-420b-b30a-c0da19c0ff22,5.9,25.845,77.511,1.88076,5.14094,3.17,10.3,46.1526,99.7,32.5,32.6,120.0,14.31251157,0.26028,Normocytic normochromic anemia,31.45,12.0,true,false,false,false,false,true,false,Anemia (Non-Microcytic) - Clinician Review,None,Hb 10.3 below threshold; MCV 99.7 not microcytic - Mentzer not applicable,10000,0,10000,Standard Clearance
a996b51c-a54b-4cee-8e18-bee68a0e355f,11.7,25.845,77.511,1.88076,5.14094,3.92,12.2,46.1526,94.6,31.1,32.9,180.0,14.31251157,0.26028,Normocytic normochromic anemia,24.13,12.0,false,false,true,false,false,false,true,Suspected Systemic Inflammation,C-Reactive Protein (CRP),WBC 11.7 > 11,10000,10000,20000,Enabled - ZainCash 15% Preventive Subsidy
d5277a0a-8605-4cb5-b22f-fa81b90c3dfc,8.4,25.845,77.511,1.88076,5.14094,5.17,13.7,46.1526,80.5,26.5,32.9,120.0,14.31251157,0.26028,Thrombocytopenia,15.57,12.0,false,false,false,false,false,false,false,Within Reference Range,None,All evaluated indices within rule thresholds,10000,0,10000,Standard Clearance
405c6c83-911a-474e-a3fd-3736ae47ac70,6.09,25.845,77.511,1.88076,5.14094,4.5,13.1,46.1526,96.0,29.1,30.3,140.0,14.31251157,0.26028,Thrombocytopenia,21.33,12.0,false,false,false,false,false,false,false,Within Reference Range,None,All evaluated indices within rule thresholds,10000,0,10000,Standard Clearance
c877cd41-d202-429e-a5ee-634cee11300f,8.67,25.845,77.511,1.88076,5.14094,3.58,10.2,46.1526,102.8,28.5,27.7,272.0,14.31251157,0.26028,Macrocytic anemia,28.72,12.0,true,false,false,false,false,true,false,Anemia (Non-Microcytic) - Clinician Review,None,Hb 10.2 below threshold; MCV 102.8 not microcytic - Mentzer not applicable,10000,0,10000,Standard Clearance
9b90bf6e-1673-4feb-b1d1-8dd652cd96ff,5.44,25.845,77.511,1.88076,5.14094,4.79,13.8,46.1526,89.8,26.8,32.1,267.0,14.31251157,0.26028,Healthy,18.75,12.0,false,false,false,false,false,false,false,Within Reference Range,None,All evaluated indices within rule thresholds,10000,0,10000,Standard Clearance
5a6e777f-7ae1-4725-a917-e368152437b8,6.5,25.845,77.511,1.88076,5.14094,4.22,11.5,46.1526,84.1,27.3,32.4,222.0,14.31251157,0.26028,Normocytic normochromic anemia,19.93,12.0,true,false,false,false,false,true,false,Anemia (Non-Microcytic) - Clinician Review,None,Hb 11.5 below threshold; MCV 84.1 not microcytic - Mentzer not applicable,10000,0,10000,Standard Clearance
0899123f-1dea-41cf-87c7-4909719575c7,10.24,25.845,77.511,1.88076,5.14094,5.19,15.1,46.1526,91.3,29.1,31.9,154.0,14.31251157,0.26028,Leukemia,17.59,12.0,false,false,false,false,false,false,false,Within Reference Range,None,All evaluated indices within rule thresholds,10000,0,10000,Standard Clearance
de65ee4d-5e27-45be-a2ea-64990186b2d9,8.49,25.845,77.511,1.88076,5.14094,3.96,7.8,46.1526,72.0,19.7,27.4,268.0,14.31251157,0.26028,Iron deficiency anemia,18.18,12.0,true,true,false,false,true,false,false,Suspected Iron Deficiency,Serum Ferritin Test,Hb 7.8 < 12.0; MCV 72.0 < 80; Mentzer 18.18 >= 13,10000,15000,25000,Enabled - ZainCash 15% Preventive Subsidy
e6302371-6ff1-4403-98bb-bdb12acafbc6,8.68,25.845,77.511,1.88076,5.14094,4.54,13.5,46.1526,95.8,29.7,31.0,214.0,14.31251157,0.26028,Healthy,21.1,12.0,false,false,false,false,false,false,false,Within Reference Range,None,All evaluated indices within rule thresholds,10000,0,10000,Standard Clearance
ffb79dd0-6716-480b-aeea-7405a535ceb5,5.53,25.845,77.511,1.88076,5.14094,2.77,10.3,46.1526,117.3,37.2,31.7,122.0,14.31251157,0.26028,Macrocytic anemia,42.35,12.0,true,false,false,false,false,true,false,Anemia (Non-Microcytic) - Clinician Review,None,Hb 10.3 below threshold; MCV 117.3 not microcytic - Mentzer not applicable,10000,0,10000,Standard Clearance
173aafd2-4052-45ff-92db-c3e8d62e1af0,4.99,25.845,77.511,1.88076,5.14094,4.86,13.0,46.1526,81.5,26.7,32.8,249.0,14.31251157,0.26028,Healthy,16.77,12.0,false,false,false,false,false,false,false,Within Reference Range,None,All evaluated indices within rule thresholds,10000,0,10000,Standard Clearance
ea7a1ee4-d5c2-4296-b40f-f4fa10343e45,6.83,25.845,77.511,1.88076,5.14094,4.74,12.9,46.1526,87.6,27.2,31.1,135.0,14.31251157,0.26028,Normocytic hypochromic anemia,18.48,12.0,false,false,false,false,false,false,false,Within Reference Range,None,All evaluated indices within rule thresholds,10000,0,10000,Standard Clearance
1d301be2-efe7-43b9-8743-86762147be80,5.84,25.845,77.511,1.88076,5.14094,4.1,11.8,46.1526,94.9,26.8,30.3,165.0,14.31251157,0.26028,Normocytic hypochromic anemia,23.15,12.0,true,false,false,false,false,true,false,Anemia (Non-Microcytic) - Clinician Review,None,Hb 11.8 below threshold; MCV 94.9 not microcytic - Mentzer not applicable,10000,0,10000,Standard Clearance
76175006-0ce1-4a53-8ab4-7380ffdaff07,7.73,25.845,77.511,1.88076,5.14094,4.56,11.9,46.1526,83.3,26.1,31.3,241.0,14.31251157,0.26028,Normocytic hypochromic anemia,18.27,12.0,true,false,false,false,false,true,false,Anemia (Non-Microcytic) - Clinician Review,None,Hb 11.9 below threshold; MCV 83.3 not microcytic - Mentzer not applicable,10000,0,10000,Standard Clearance
920fe11a-e29d-43c2-8851-8a10929dcaa4,8.92,25.845,77.511,1.88076,5.14094,3.87,11.1,46.1526,91.2,28.7,31.4,183.0,14.31251157,0.26028,Normocytic hypochromic anemia,23.57,12.0,true,false,false,false,false,true,false,Anemia (Non-Microcytic) - Clinician Review,None,Hb 11.1 below threshold; MCV 91.2 not microcytic - Mentzer not applicable,10000,0,10000,Standard Clearance
b21985f4-c2d5-4f2e-9936-3158647b0cb8,9.01,25.845,77.511,1.88076,5.14094,4.45,10.8,46.1526,79.8,24.3,30.4,188.0,14.31251157,0.26028,Iron deficiency anemia,17.93,12.0,true,true,false,false,true,false,false,Suspected Iron Deficiency,Serum Ferritin Test,Hb 10.8 < 12.0; MCV 79.8 < 80; Mentzer 17.93 >= 13,10000,15000,25000,Enabled - ZainCash 15% Preventive Subsidy
d2d754eb-4cdb-461e-8438-86feb09a1749,8.98,25.845,77.511,1.88076,5.14094,4.64,13.3,46.1526,87.3,28.7,32.8,226.0,14.31251157,0.26028,Healthy,18.81,12.0,false,false,false,false,false,false,false,Within Reference Range,None,All evaluated indices within rule thresholds,10000,0,10000,Standard Clearance
4e3d709d-3b7e-4c85-8883-c071cb6866ac,11.83,25.845,77.511,1.88076,5.14094,4.12,11.9,46.1526,93.4,28.9,30.9,214.0,14.31251157,0.26028,Normocytic hypochromic anemia,22.67,12.0,true,false,true,false,false,true,true,Anemia (Non-Microcytic) - Clinician Review,C-Reactive Protein (CRP),Hb 11.9 below threshold; MCV 93.4 not microcytic - Mentzer not applicable,10000,10000,20000,Enabled - ZainCash 15% Preventive Subsidy
29082087-3831-4920-ae6e-99ea49aff56d,9.39,25.845,77.511,1.88076,5.14094,3.73,8.6,46.1526,77.5,23.1,29.8,258.0,14.31251157,0.26028,Iron deficiency anemia,20.78,12.0,true,true,false,false,true,false,false,Suspected Iron Deficiency,Serum Ferritin Test,Hb 8.6 < 12.0; MCV 77.5 < 80; Mentzer 20.78 >= 13,10000,15000,25000,Enabled - ZainCash 15% Preventive Subsidy
c2d6f806-70f4-40d3-abdf-5d0edf6d38a4,32.72,25.845,77.511,1.88076,5.14094,3.47,9.9,46.1526,94.8,28.5,30.1,357.0,14.31251157,0.26028,Normocytic hypochromic anemia,27.32,12.0,true,false,true,false,false,true,true,Anemia (Non-Microcytic) - Clinician Review,C-Reactive Protein (CRP),Hb 9.9 below threshold; MCV 94.8 not microcytic - Mentzer not applicable,10000,10000,20000,Enabled - ZainCash 15% Preventive Subsidy
b628c5f1-53dc-4c64-a650-9b5bccb7b469,8.85,25.845,77.511,1.88076,5.14094,4.53,10.8,46.1526,82.3,23.8,29.0,348.0,14.31251157,0.26028,Normocytic hypochromic anemia,18.17,12.0,true,false,false,false,false,true,false,Anemia (Non-Microcytic) - Clinician Review,None,Hb 10.8 below threshold; MCV 82.3 not microcytic - Mentzer not applicable,10000,0,10000,Standard Clearance
4c243421-c95f-44b9-b62d-20b4de4e97e7,8.68,25.845,77.511,1.88076,5.14094,4.54,13.5,46.1526,95.8,29.7,31.0,214.0,14.31251157,0.26028,Healthy,21.1,12.0,false,false,false,false,false,false,false,Within Reference Range,None,All evaluated indices within rule thresholds,10000,0,10000,Standard Clearance
845424ef-9b9a-4450-a0e3-70665d0afbf0,6.5,25.845,77.511,1.88076,5.14094,4.22,11.5,46.1526,84.1,27.3,32.4,222.0,14.31251157,0.26028,Normocytic normochromic anemia,19.93,12.0,true,false,false,false,false,true,false,Anemia (Non-Microcytic) - Clinician Review,None,Hb 11.5 below threshold; MCV 84.1 not microcytic - Mentzer not applicable,10000,0,10000,Standard Clearance
c5ad75b4-00d8-47b1-9125-2ed58751b850,6.83,25.845,77.511,1.88076,5.14094,4.47,12.9,46.1526,87.6,27.2,31.1,135.0,14.31251157,0.26028,Normocytic hypochromic anemia,19.6,12.0,false,false,false,false,false,false,false,Within Reference Range,None,All evaluated indices within rule thresholds,10000,0,10000,Standard Clearance
2a1ee388-05d7-4cba-ac2c-613e934d1959,7.9,25.845,77.511,1.88076,5.14094,2.88,9.1,46.1526,104.2,31.6,30.3,497.0,14.31251157,0.26028,Macrocytic anemia,36.18,12.0,true,false,false,false,false,true,false,Anemia (Non-Microcytic) - Clinician Review,None,Hb 9.1 below threshold; MCV 104.2 not microcytic - Mentzer not applicable,10000,0,10000,Standard Clearance
7c444e5b-f534-4a36-a72c-27ac463f9f4f,10.25,25.845,77.511,1.88076,5.14094,3.96,10.9,46.1526,91.4,27.5,30.1,317.0,14.31251157,0.26028,Normocytic hypochromic anemia,23.08,12.0,true,false,false,false,false,true,false,Anemia (Non-Microcytic) - Clinician Review,None,Hb 10.9 below threshold; MCV 91.4 not microcytic - Mentzer not applicable,10000,0,10000,Standard Clearance
763f5ab8-de65-4f77-96bf-0a94696ec395,5.31,25.845,77.511,1.88076,5.14094,4.21,7.0,46.1526,63.2,18.6,26.3,365.0,14.31251157,0.26028,Iron deficiency anemia,15.01,12.0,true,true,false,false,true,false,false,Suspected Iron Deficiency,Serum Ferritin Test,Hb 7.0 < 12.0; MCV 63.2 < 80; Mentzer 15.01 >= 13,10000,15000,25000,Enabled - ZainCash 15% Preventive Subsidy
3b6451ce-fd0b-4771-9909-31fcba98fa05,5.64,25.845,77.511,1.88076,5.14094,4.1,11.3,46.1526,84.4,27.6,32.7,134.0,14.31251157,0.26028,Normocytic normochromic anemia,20.59,12.0,true,false,false,false,false,true,false,Anemia (Non-Microcytic) - Clinician Review,None,Hb 11.3 below threshold; MCV 84.4 not microcytic - Mentzer not applicable,10000,0,10000,Standard Clearance
0fea2808-a9eb-49f9-b477-85b1c107ea9d,8.26,25.845,77.511,1.88076,5.14094,5.39,14.1,46.1526,86.3,26.2,30.3,130.0,14.31251157,0.26028,Thrombocytopenia,16.01,12.0,false,false,false,false,false,false,false,Within Reference Range,None,All evaluated indices within rule thresholds,10000,0,10000,Standard Clearance
ba3dff12-905d-42e4-b28a-e2ef03699fc6,5.84,25.845,77.511,1.88076,5.14094,4.1,11.8,46.1526,94.9,28.8,30.3,165.0,14.31251157,0.26028,Normocytic hypochromic anemia,23.15,12.0,true,false,false,false,false,true,false,Anemia (Non-Microcytic) - Clinician Review,None,Hb 11.8 below threshold; MCV 94.9 not microcytic - Mentzer not applicable,10000,0,10000,Standard Clearance
24203f33-d1be-4082-8e4e-8a5cb00d4b19,7.38,25.845,77.511,1.88076,5.14094,4.95,13.3,46.1526,88.1,26.9,30.5,198.0,14.31251157,0.26028,Healthy,17.8,12.0,false,false,false,false,false,false,false,Within Reference Range,None,All evaluated indices within rule thresholds,10000,0,10000,Standard Clearance
6463b0dc-8ed3-4e96-9d4e-4957d798bb86,7.06,25.845,77.511,1.88076,5.14094,3.85,13.4,46.1526,113.8,34.8,30.6,140.0,14.31251157,0.26028,Thrombocytopenia,29.56,12.0,false,false,false,false,false,false,false,Within Reference Range,None,All evaluated indices within rule thresholds,10000,0,10000,Standard Clearance
9343962d-499d-408f-88d2-5654873b2ee0,5.27,25.845,77.511,1.88076,5.14094,2.26,9.3,46.1526,119.0,41.2,34.6,222.0,14.31251157,0.26028,Macrocytic anemia,52.65,12.0,true,false,false,false,false,true,false,Anemia (Non-Microcytic) - Clinician Review,None,Hb 9.3 below threshold; MCV 119.0 not microcytic - Mentzer not applicable,10000,0,10000,Standard Clearance
6c87b5b1-d620-475f-a413-3915c98ae82b,3.92,25.845,77.511,1.88076,5.14094,4.97,13.9,46.1526,88.1,28.0,31.7,229.0,14.31251157,0.26028,Healthy,17.73,12.0,false,false,false,false,false,false,false,Within Reference Range,None,All evaluated indices within rule thresholds,10000,0,10000,Standard Clearance
e8f09b6f-ed81-45a1-a6dc-a0baba24c852,7.6,25.845,77.511,1.88076,5.14094,2.89,9.6,46.1526,100.3,33.2,31.1,207.0,14.31251157,0.26028,Macrocytic anemia,34.71,12.0,true,false,false,false,false,true,false,Anemia (Non-Microcytic) - Clinician Review,None,Hb 9.6 below threshold; MCV 100.3 not microcytic - Mentzer not applicable,10000,0,10000,Standard Clearance
b2799060-f940-4d9f-a3de-3fe3e45fd973,7.2,25.845,77.511,1.88076,5.14094,3.36,13.2,46.1526,111.2,39.1,35.1,150.0,14.31251157,0.26028,Healthy,33.1,12.0,false,false,false,false,false,false,false,Within Reference Range,None,All evaluated indices within rule thresholds,10000,0,10000,Standard Clearance
4d88dcee-a52b-4274-9ecc-f7dab669f91e,16.9,25.845,77.511,1.88076,5.14094,2.96,8.1,46.1526,84.5,27.4,32.4,127.0,14.31251157,0.26028,Normocytic normochromic anemia,28.55,12.0,true,false,true,false,false,true,true,Anemia (Non-Microcytic) - Clinician Review,C-Reactive Protein (CRP),Hb 8.1 below threshold; MCV 84.5 not microcytic - Mentzer not applicable,10000,10000,20000,Enabled - ZainCash 15% Preventive Subsidy
b28c1088-b3a0-4c76-b957-4405ca282984,4.9,25.845,77.511,1.88076,5.14094,3.34,10.3,46.1526,88.9,30.8,34.7,24.0,14.31251157,0.26028,Normocytic normochromic anemia,26.62,12.0,true,false,false,false,false,true,false,Anemia (Non-Microcytic) - Clinician Review,None,Hb 10.3 below threshold; MCV 88.9 not microcytic - Mentzer not applicable,10000,0,10000,Standard Clearance
f6aa2ca7-e25d-4690-8fe9-9e56d158d778,3.4,25.845,77.511,1.88076,5.14094,2.55,8.1,46.1526,94.1,31.8,33.8,112.0,14.31251157,0.26028,Normocytic normochromic anemia,36.9,12.0,true,false,false,false,false,true,false,Anemia (Non-Microcytic) - Clinician Review,None,Hb 8.1 below threshold; MCV 94.1 not microcytic - Mentzer not applicable,10000,0,10000,Standard Clearance
1fdc9295-bcf9-4558-8509-6fa3c49485bc,5.2,25.845,77.511,1.88076,5.14094,4.19,12.7,46.1526,87.8,30.3,34.5,52.0,14.31251157,0.26028,Normocytic normochromic anemia,20.95,12.0,false,false,false,false,false,false,false,Within Reference Range,None,All evaluated indices within rule thresholds,10000,0,10000,Standard Clearance
d3d3628e-7d11-46bc-afcd-b4b63cc8a37e,5.5,25.845,77.511,1.88076,5.14094,3.74,11.0,46.1526,88.8,29.4,33.1,36.0,14.31251157,0.26028,Normocytic normochromic anemia,23.74,12.0,true,false,false,false,false,true,false,Anemia (Non-Microcytic) - Clinician Review,None,Hb 11.0 below threshold; MCV 88.8 not microcytic - Mentzer not applicable,10000,0,10000,Standard Clearance
c4694d17-1d31-4a43-8fb8-73a6d0af52fa,2.0,25.845,77.511,1.88076,5.14094,3.18,9.7,46.1526,94.0,30.5,32.4,84.0,14.31251157,0.26028,Normocytic normochromic anemia,29.56,12.0,true,false,false,false,false,true,false,Anemia (Non-Microcytic) - Clinician Review,None,Hb 9.7 below threshold; MCV 94.0 not microcytic - Mentzer not applicable,10000,0,10000,Standard Clearance
a624be7c-b43c-4e4a-89f9-c48f598ecf45,4.3,25.845,77.511,1.88076,5.14094,2.71,8.0,46.1526,87.8,29.5,33.6,32.0,14.31251157,0.26028,Normocytic normochromic anemia,32.4,12.0,true,false,false,false,false,true,false,Anemia (Non-Microcytic) - Clinician Review,None,Hb 8.0 below threshold; MCV 87.8 not microcytic - Mentzer not applicable,10000,0,10000,Standard Clearance
82559615-2686-484d-b7cb-0e8195908a7f,8.8,25.845,77.511,1.88076,5.14094,4.42,12.3,46.1526,83.9,27.8,33.2,47.0,14.31251157,0.26028,Normocytic normochromic anemia,18.98,12.0,false,false,false,false,false,false,false,Within Reference Range,None,All evaluated indices within rule thresholds,10000,0,10000,Standard Clearance
a6a608ba-954a-453d-9be6-7a772abfa6cd,6.5,25.845,77.511,1.88076,5.14094,2.53,7.7,46.1526,92.1,30.0,33.0,90.0,14.31251157,0.26028,Normocytic normochromic anemia,36.4,12.0,true,false,false,false,false,true,false,Anemia (Non-Microcytic) - Clinician Review,None,Hb 7.7 below threshold; MCV 92.1 not microcytic - Mentzer not applicable,10000,0,10000,Standard Clearance
d418ee42-e7af-4a1f-ad70-8129b5d81005,6.3,25.845,77.511,1.88076,5.14094,3.53,10.6,46.1526,85.4,30.2,32.4,221.0,14.31251157,0.26028,Normocytic normochromic anemia,24.19,12.0,true,false,false,false,false,true,false,Anemia (Non-Microcytic) - Clinician Review,None,Hb 10.6 below threshold; MCV 85.4 not microcytic - Mentzer not applicable,10000,0,10000,Standard Clearance
ce278e77-599a-4456-a832-b79a7ed85102,8.1,25.845,77.511,1.88076,5.14094,3.41,10.2,46.1526,88.2,29.5,33.1,210.0,14.31251157,0.26028,Normocytic normochromic anemia,25.87,12.0,true,false,false,false,false,true,false,Anemia (Non-Microcytic) - Clinician Review,None,Hb 10.2 below threshold; MCV 88.2 not microcytic - Mentzer not applicable,10000,0,10000,Standard Clearance
ee2b82b6-bced-45e1-8e85-5be632067e71,5.1,25.845,77.511,1.88076,5.14094,3.54,10.3,46.1526,87.3,27.6,33.4,215.0,14.31251157,0.26028,Normocytic normochromic anemia,24.66,12.0,true,false,false,false,false,true,false,Anemia (Non-Microcytic) - Clinician Review,None,Hb 10.3 below threshold; MCV 87.3 not microcytic - Mentzer not applicable,10000,0,10000,Standard Clearance
298ace18-481f-4dbd-a363-235d31591196,6.83,25.845,77.511,1.88076,5.14094,3.33,9.9,46.1526,92.3,30.4,32.6,252.0,14.31251157,0.26028,Normocytic normochromic anemia,27.72,12.0,true,false,false,false,false,true,false,Anemia (Non-Microcytic) - Clinician Review,None,Hb 9.9 below threshold; MCV 92.3 not microcytic - Mentzer not applicable,10000,0,10000,Standard Clearance
fb01e97f-3811-424e-a09d-84153af22d3c,8.9,25.845,77.511,1.88076,5.14094,3.44,10.2,46.1526,88.9,36.7,33.6,223.0,14.31251157,0.26028,Normocytic normochromic anemia,25.84,12.0,true,false,false,false,false,true,false,Anemia (Non-Microcytic) - Clinician Review,None,Hb 10.2 below threshold; MCV 88.9 not microcytic - Mentzer not applicable,10000,0,10000,Standard Clearance
98e97480-2148-4678-b04d-fecf3cc423b8,6.3,25.845,77.511,1.88076,5.14094,4.18,12.4,46.1526,89.2,28.5,33.1,162.0,14.31251157,0.26028,Normocytic normochromic anemia,21.34,12.0,false,false,false,false,false,false,false,Within Reference Range,None,All evaluated indices within rule thresholds,10000,0,10000,Standard Clearance
8135d39e-0322-4eb7-9cc0-5b180d9e3c21,5.1,25.845,77.511,1.88076,5.14094,3.63,12.5,46.1526,89.2,30.4,33.4,216.0,14.31251157,0.26028,Normocytic normochromic anemia,24.57,12.0,false,false,false,false,false,false,false,Within Reference Range,None,All evaluated indices within rule thresholds,10000,0,10000,Standard Clearance
de95667e-19cf-41ae-80fc-f410012ad750,9.6,25.845,77.511,1.88076,5.14094,4.71,13.6,46.1526,90.7,29.6,32.7,148.0,14.31251157,0.26028,Thrombocytopenia,19.26,12.0,false,false,false,false,false,false,false,Within Reference Range,None,All evaluated indices within rule thresholds,10000,0,10000,Standard Clearance
e5909f64-331b-4359-a68b-22cd6f06c4a7,4.7,25.845,77.511,1.88076,5.14094,5.5,14.6,46.1526,85.0,27.0,32.0,102.0,14.31251157,0.26028,Thrombocytopenia,15.45,12.0,false,false,false,false,false,false,false,Within Reference Range,None,All evaluated indices within rule thresholds,10000,0,10000,Standard Clearance
5c83d083-df93-4fd0-b5a9-61f99fac7ad8,4.7,25.845,77.511,1.88076,5.14094,3.7,11.2,46.1526,73.3,24.2,33.1,89.0,14.31251157,0.26028,Other microcytic anemia,19.81,12.0,true,true,false,false,true,false,false,Suspected Iron Deficiency,Serum Ferritin Test,Hb 11.2 < 12.0; MCV 73.3 < 80; Mentzer 19.81 >= 13,10000,15000,25000,Enabled - ZainCash 15% Preventive Subsidy
12135d8a-6d96-4ad9-a1ed-3cd38eb0e6b3,4.4,25.845,77.511,1.88076,5.14094,3.48,13.9,46.1526,87.2,30.2,33.2,84.0,14.31251157,0.26028,Thrombocytopenia,25.06,12.0,false,false,false,false,false,false,false,Within Reference Range,None,All evaluated indices within rule thresholds,10000,0,10000,Standard Clearance
3fadc6f8-633b-40ae-8452-4afdb173527b,6.3,25.845,77.511,1.88076,5.14094,4.86,11.0,46.1526,74.7,23.6,31.5,258.0,14.31251157,0.26028,Iron deficiency anemia,15.37,12.0,true,true,false,false,true,false,false,Suspected Iron Deficiency,Serum Ferritin Test,Hb 11.0 < 12.0; MCV 74.7 < 80; Mentzer 15.37 >= 13,10000,15000,25000,Enabled - ZainCash 15% Preventive Subsidy
bbf9aafb-9b5b-41f7-9ac4-f38b9670e426,8.4,25.845,77.511,1.88076,5.14094,4.75,13.2,46.1526,89.2,28.9,32.2,157.0,14.31251157,0.26028,Healthy,18.78,12.0,false,false,false,false,false,false,false,Within Reference Range,None,All evaluated indices within rule thresholds,10000,0,10000,Standard Clearance
28657e2b-d0a8-478d-9a60-ecc81aff1bae,8.1,25.845,77.511,1.88076,5.14094,4.73,13.0,46.1526,88.3,29.6,33.5,252.0,14.31251157,0.26028,Healthy,18.67,12.0,false,false,false,false,false,false,false,Within Reference Range,None,All evaluated indices within rule thresholds,10000,0,10000,Standard Clearance
a60e6ddd-d30b-4e10-bc74-71d2065882b2,6.6,25.845,77.511,1.88076,5.14094,4.68,14.2,46.1526,100.7,30.4,38.2,131.0,14.31251157,0.26028,Thrombocytopenia,21.52,12.0,false,false,false,false,false,false,false,Within Reference Range,None,All evaluated indices within rule thresholds,10000,0,10000,Standard Clearance
7bd68c81-3135-4462-91e1-86a6b2239dbc,7.2,25.845,77.511,1.88076,5.14094,3.48,11.5,46.1526,103.5,34.2,33.0,246.0,14.31251157,0.26028,Macrocytic anemia,29.74,12.0,true,false,false,false,false,true,false,Anemia (Non-Microcytic) - Clinician Review,None,Hb 11.5 below threshold; MCV 103.5 not microcytic - Mentzer not applicable,10000,0,10000,Standard Clearance
2571d254-d553-42db-8cb1-6e4df7095fb4,8.6,25.845,77.511,1.88076,5.14094,4.87,11.2,46.1526,77.7,24.7,31.8,417.0,14.31251157,0.26028,Iron deficiency anemia,15.95,12.0,true,true,false,false,true,false,false,Suspected Iron Deficiency,Serum Ferritin Test,Hb 11.2 < 12.0; MCV 77.7 < 80; Mentzer 15.95 >= 13,10000,15000,25000,Enabled - ZainCash 15% Preventive Subsidy
b9b8db23-666e-4b12-becf-113450d9cd83,9.2,25.845,77.511,1.88076,5.14094,4.74,13.8,46.1526,84.7,28.4,31.1,191.0,14.31251157,0.26028,Healthy,17.87,12.0,false,false,false,false,false,false,false,Within Reference Range,None,All evaluated indices within rule thresholds,10000,0,10000,Standard Clearance
a64ae2e0-e556-4bdf-9de7-d821dc8807a5,3.0,25.845,77.511,1.88076,5.14094,4.47,11.2,46.1526,90.3,30.4,33.7,103.0,14.31251157,0.26028,Normocytic normochromic anemia,20.2,12.0,true,false,false,false,false,true,false,Anemia (Non-Microcytic) - Clinician Review,None,Hb 11.2 below threshold; MCV 90.3 not microcytic - Mentzer not applicable,10000,0,10000,Standard Clearance
3704e69a-938d-4ab0-bcf6-353c0163493a,5.2,25.845,77.511,1.88076,5.14094,4.18,12.1,46.1526,89.8,30.4,33.9,153.0,14.31251157,0.26028,Normocytic normochromic anemia,21.48,12.0,false,false,false,false,false,false,false,Within Reference Range,None,All evaluated indices within rule thresholds,10000,0,10000,Standard Clearance
cf3e892a-9d54-417f-b713-8d9c4c5cb680,6.2,25.845,77.511,1.88076,5.14094,4.33,12.6,46.1526,88.9,30.5,33.9,168.0,14.31251157,0.26028,Normocytic normochromic anemia,20.53,12.0,false,false,false,false,false,false,false,Within Reference Range,None,All evaluated indices within rule thresholds,10000,0,10000,Standard Clearance
d323fa68-8cf5-4343-bb01-af88f967681b,6.6,25.845,77.511,1.88076,5.14094,4.86,12.5,46.1526,82.2,27.8,33.9,282.0,14.31251157,0.26028,Normocytic normochromic anemia,16.91,12.0,false,false,false,false,false,false,false,Within Reference Range,None,All evaluated indices within rule thresholds,10000,0,10000,Standard Clearance
4b1fa655-aaae-49ba-921b-a8b4e1d368f7,12.2,25.845,77.511,1.88076,5.14094,5.59,13.9,46.1526,80.8,26.6,32.9,197.0,14.31251157,0.26028,Leukemia,14.45,12.0,false,false,true,false,false,false,true,Suspected Systemic Inflammation,C-Reactive Protein (CRP),WBC 12.2 > 11,10000,10000,20000,Enabled - ZainCash 15% Preventive Subsidy
711aa513-253a-42cd-8544-6ba3704a98fe,9.1,25.845,77.511,1.88076,5.14094,4.55,13.8,46.1526,89.1,31.3,34.3,253.0,14.31251157,0.26028,Healthy,19.58,12.0,false,false,false,false,false,false,false,Within Reference Range,None,All evaluated indices within rule thresholds,10000,0,10000,Standard Clearance
826b59c4-e6ba-4c75-862c-1d2308306896,7.3,25.845,77.511,1.88076,5.14094,4.38,13.8,46.1526,94.2,34.2,41.0,185.0,14.31251157,0.26028,Healthy,21.51,12.0,false,false,false,false,false,false,false,Within Reference Range,None,All evaluated indices within rule thresholds,10000,0,10000,Standard Clearance
52a6981a-e1f5-4637-9d34-97b94d4ccfac,11.66,25.845,77.511,1.88076,5.14094,4.53,11.2,46.1526,82.7,24.2,29.2,311.0,14.31251157,0.26028,Normocytic hypochromic anemia,18.26,12.0,true,false,true,false,false,true,true,Anemia (Non-Microcytic) - Clinician Review,C-Reactive Protein (CRP),Hb 11.2 below threshold; MCV 82.7 not microcytic - Mentzer not applicable,10000,10000,20000,Enabled - ZainCash 15% Preventive Subsidy
cf5706de-d08b-4308-b1c5-77cd7b0f44e8,19.51,25.845,77.511,1.88076,5.14094,4.18,11.3,46.1526,89.2,27.0,30.3,140.0,14.31251157,0.26028,Normocytic hypochromic anemia,21.34,12.0,true,false,true,false,false,true,true,Anemia (Non-Microcytic) - Clinician Review,C-Reactive Protein (CRP),Hb 11.3 below threshold; MCV 89.2 not microcytic - Mentzer not applicable,10000,10000,20000,Enabled - ZainCash 15% Preventive Subsidy
ef33bcc4-b85d-4054-aa6c-222295b6028d,9.09,25.845,77.511,1.88076,5.14094,4.52,12.6,46.1526,88.3,27.3,30.3,392.0,14.31251157,0.26028,Normocytic hypochromic anemia,19.54,12.0,false,false,false,false,false,false,false,Within Reference Range,None,All evaluated indices within rule thresholds,10000,0,10000,Standard Clearance
4fe8bea5-644b-41e9-ae7b-11d706c2927f,8.19,25.845,77.511,1.88076,5.14094,3.78,11.0,46.1526,100.5,29.1,28.9,151.0,14.31251157,0.26028,Macrocytic anemia,26.59,12.0,true,false,false,false,false,true,false,Anemia (Non-Microcytic) - Clinician Review,None,Hb 11.0 below threshold; MCV 100.5 not microcytic - Mentzer not applicable,10000,0,10000,Standard Clearance
7e479045-862d-46bd-b58b-d9ef2d43b64d,17.27,25.845,77.511,1.88076,5.14094,4.65,11.9,46.1526,85.6,25.6,29.9,449.0,14.31251157,0.26028,Normocytic hypochromic anemia,18.41,12.0,true,false,true,false,false,true,true,Anemia (Non-Microcytic) - Clinician Review,C-Reactive Protein (CRP),Hb 11.9 below threshold; MCV 85.6 not microcytic - Mentzer not applicable,10000,10000,20000,Enabled - ZainCash 15% Preventive Subsidy
74574a04-789a-4cc0-9449-59533a6cb42f,6.49,25.845,77.511,1.88076,5.14094,4.11,9.5,46.1526,77.1,23.1,30.0,176.0,14.31251157,0.26028,Iron deficiency anemia,18.76,12.0,true,true,false,false,true,false,false,Suspected Iron Deficiency,Serum Ferritin Test,Hb 9.5 < 12.0; MCV 77.1 < 80; Mentzer 18.76 >= 13,10000,15000,25000,Enabled - ZainCash 15% Preventive Subsidy
fce23c67-a21d-4a44-80b6-c73fb115e4b0,8.45,25.845,77.511,1.88076,5.14094,4.46,15.0,46.1526,100.7,33.6,33.4,152.0,14.31251157,0.26028,Healthy,22.58,12.0,false,false,false,false,false,false,false,Within Reference Range,None,All evaluated indices within rule thresholds,10000,0,10000,Standard Clearance
cec437ba-3008-4cc7-b701-a8e49421e8f3,8.76,25.845,77.511,1.88076,5.14094,4.91,13.9,46.1526,89.8,28.3,31.5,266.0,14.31251157,0.26028,Healthy,18.29,12.0,false,false,false,false,false,false,false,Within Reference Range,None,All evaluated indices within rule thresholds,10000,0,10000,Standard Clearance
b9bb3537-ac20-4ac7-bbf7-bc7b76f6e182,5.71,25.845,77.511,1.88076,5.14094,4.4,13.1,46.1526,95.0,29.8,31.3,105.0,14.31251157,0.26028,Thrombocytopenia,21.59,12.0,false,false,false,false,false,false,false,Within Reference Range,None,All evaluated indices within rule thresholds,10000,0,10000,Standard Clearance
43b7ddd2-143a-49cc-a68e-9b6780efb01e,10.8,25.845,77.511,1.88076,5.14094,4.03,10.9,46.1526,87.1,27.0,31.1,289.0,14.31251157,0.26028,Normocytic hypochromic anemia,21.61,12.0,true,false,false,false,false,true,false,Anemia (Non-Microcytic) - Clinician Review,None,Hb 10.9 below threshold; MCV 87.1 not microcytic - Mentzer not applicable,10000,0,10000,Standard Clearance
8130259a-4174-4378-83f4-16c77e0c20e3,7.11,25.845,77.511,1.88076,5.14094,5.04,13.6,46.1526,84.7,27.0,31.9,150.0,14.31251157,0.26028,Healthy,16.81,12.0,false,false,false,false,false,false,false,Within Reference Range,None,All evaluated indices within rule thresholds,10000,0,10000,Standard Clearance
13a98f23-9866-416c-94c1-2f9e67e33b52,10.3,25.845,77.511,1.88076,5.14094,4.16,12.1,46.1526,93.3,29.1,31.2,166.0,14.31251157,0.26028,Normocytic hypochromic anemia,22.43,12.0,false,false,false,false,false,false,false,Within Reference Range,None,All evaluated indices within rule thresholds,10000,0,10000,Standard Clearance
9766f76d-a1ec-4041-a33b-378b3ffb0306,9.34,25.845,77.511,1.88076,5.14094,4.61,12.3,46.1526,84.8,26.7,31.5,195.0,14.31251157,0.26028,Normocytic hypochromic anemia,18.39,12.0,false,false,false,false,false,false,false,Within Reference Range,None,All evaluated indices within rule thresholds,10000,0,10000,Standard Clearance
76dc3eca-7b23-484b-94c8-10514695066e,12.05,25.845,77.511,1.88076,5.14094,5.31,13.9,46.1526,83.4,26.2,31.4,275.0,14.31251157,0.26028,Leukemia,15.71,12.0,false,false,true,false,false,false,true,Suspected Systemic Inflammation,C-Reactive Protein (CRP),WBC 12.05 > 11,10000,10000,20000,Enabled - ZainCash 15% Preventive Subsidy
6bb8657a-1a24-44cd-9d88-e7ca12ef8a31,10.58,25.845,77.511,1.88076,5.14094,5.13,14.2,46.1526,88.1,27.7,31.4,499.0,14.31251157,0.26028,Leukemia,17.17,12.0,false,false,false,false,false,false,false,Within Reference Range,None,All evaluated indices within rule thresholds,10000,0,10000,Standard Clearance
121d2952-b42e-4765-b1f8-fc5610803d18,13.5,25.845,77.511,1.88076,5.14094,4.33,12.5,46.1526,97.7,28.9,29.6,352.0,14.31251157,0.26028,Normocytic hypochromic anemia,22.56,12.0,false,false,true,false,false,false,true,Suspected Systemic Inflammation,C-Reactive Protein (CRP),WBC 13.5 > 11,10000,10000,20000,Enabled - ZainCash 15% Preventive Subsidy
e0b293e2-6e3b-484a-a64e-254cd9199f06,4.5,25.845,77.511,1.88076,5.14094,4.55,13.1,46.1526,88.8,28.8,32.4,153.0,14.31251157,0.26028,Healthy,19.52,12.0,false,false,false,false,false,false,false,Within Reference Range,None,All evaluated indices within rule thresholds,10000,0,10000,Standard Clearance
ea9300e1-ef50-42ff-90f4-ed1efe9e6b7d,4.29,25.845,77.511,1.88076,5.14094,4.62,13.7,46.1526,93.5,29.7,31.7,152.0,14.31251157,0.26028,Healthy,20.24,12.0,false,false,false,false,false,false,false,Within Reference Range,None,All evaluated indices within rule thresholds,10000,0,10000,Standard Clearance
be14752d-d6bc-4ed6-986e-3afdaed5b75c,7.08,25.845,77.511,1.88076,5.14094,4.54,11.4,46.1526,84.8,25.1,29.6,154.0,14.31251157,0.26028,Normocytic hypochromic anemia,18.68,12.0,true,false,false,false,false,true,false,Anemia (Non-Microcytic) - Clinician Review,None,Hb 11.4 below threshold; MCV 84.8 not microcytic - Mentzer not applicable,10000,0,10000,Standard Clearance
f1bd224f-8282-49dc-9e85-cb20968035be,26.95,25.845,77.511,1.88076,5.14094,5.89,15.2,46.1526,88.6,25.8,29.1,240.0,14.31251157,0.26028,Leukemia,15.04,12.0,false,false,true,false,false,false,true,Suspected Systemic Inflammation,C-Reactive Protein (CRP),WBC 26.95 > 11,10000,10000,20000,Enabled - ZainCash 15% Preventive Subsidy
46fd333c-9655-44a1-828a-a14a2ef10913,6.4,25.845,77.511,1.88076,5.14094,4.78,13.1,46.1526,89.5,27.4,30.6,170.0,14.31251157,0.26028,Healthy,18.72,12.0,false,false,false,false,false,false,false,Within Reference Range,None,All evaluated indices within rule thresholds,10000,0,10000,Standard Clearance
0d26fec3-5006-434b-b00e-55ba934c08bd,9.09,25.845,77.511,1.88076,5.14094,4.15,10.9,46.1526,88.4,26.3,29.7,230.0,14.31251157,0.26028,Normocytic hypochromic anemia,21.3,12.0,true,false,false,false,false,true,false,Anemia (Non-Microcytic) - Clinician Review,None,Hb 10.9 below threshold; MCV 88.4 not microcytic - Mentzer not applicable,10000,0,10000,Standard Clearance
fb75ed4c-80d2-437d-bd9b-a244bfcce854,7.05,25.845,77.511,1.88076,5.14094,4.57,12.4,46.1526,87.3,27.1,31.1,257.0,14.31251157,0.26028,Normocytic hypochromic anemia,19.1,12.0,false,false,false,false,false,false,false,Within Reference Range,None,All evaluated indices within rule thresholds,10000,0,10000,Standard Clearance
d97e3543-67f8-45ea-a6f2-ac97b563c0e9,8.71,25.845,77.511,1.88076,5.14094,4.76,13.5,46.1526,89.9,28.4,31.5,242.0,14.31251157,0.26028,Healthy,18.89,12.0,false,false,false,false,false,false,false,Within Reference Range,None,All evaluated indices within rule thresholds,10000,0,10000,Standard Clearance
64eb1a01-573b-4390-bfdb-04497d81e037,6.01,25.845,77.511,1.88076,5.14094,4.93,13.3,46.1526,85.4,27.0,31.6,157.0,14.31251157,0.26028,Healthy,17.32,12.0,false,false,false,false,false,false,false,Within Reference Range,None,All evaluated indices within rule thresholds,10000,0,10000,Standard Clearance
5d587610-f0e0-4072-b391-6018ddd1e169,10.31,25.845,77.511,1.88076,5.14094,2.97,9.4,46.1526,98.0,31.6,32.3,179.0,14.31251157,0.26028,Normocytic normochromic anemia,33.0,12.0,true,false,false,false,false,true,false,Anemia (Non-Microcytic) - Clinician Review,None,Hb 9.4 below threshold; MCV 98.0 not microcytic - Mentzer not applicable,10000,0,10000,Standard Clearance
5d9114cf-bac7-46c9-9d8c-f920ced4a615,7.09,25.845,77.511,1.88076,5.14094,4.58,10.4,46.1526,77.3,22.7,29.4,193.0,14.31251157,0.26028,Iron deficiency anemia,16.88,12.0,true,true,false,false,true,false,false,Suspected Iron Deficiency,Serum Ferritin Test,Hb 10.4 < 12.0; MCV 77.3 < 80; Mentzer 16.88 >= 13,10000,15000,25000,Enabled - ZainCash 15% Preventive Subsidy
2f50c886-cd15-432e-81aa-0c921642e75c,9.34,25.845,77.511,1.88076,5.14094,4.61,12.3,46.1526,84.8,26.7,31.5,196.0,14.31251157,0.26028,Normocytic hypochromic anemia,18.39,12.0,false,false,false,false,false,false,false,Within Reference Range,None,All evaluated indices within rule thresholds,10000,0,10000,Standard Clearance
ed463307-5cfd-4d5b-9de2-4e17171c7104,7.11,25.845,77.511,1.88076,5.14094,5.04,13.6,46.1526,84.7,27.0,31.8,150.0,14.31251157,0.26028,Healthy,16.81,12.0,false,false,false,false,false,false,false,Within Reference Range,None,All evaluated indices within rule thresholds,10000,0,10000,Standard Clearance
4d19f3ba-2894-46e7-be15-6b8ac95cc8f0,16.2,25.845,77.511,1.88076,5.14094,2.26,8.4,46.1526,73.8,37.1,50.2,181.0,14.31251157,0.26028,Other microcytic anemia,32.65,12.0,true,true,true,false,true,false,true,Suspected Iron Deficiency,Serum Ferritin Test + C-Reactive Protein (CRP),Hb 8.4 < 12.0; MCV 73.8 < 80; Mentzer 32.65 >= 13,10000,25000,35000,Enabled - ZainCash 15% Preventive Subsidy
179c042a-05a2-4a7c-a764-04c3921a04b8,4.7,25.845,77.511,1.88076,5.14094,3.78,12.0,46.1526,83.5,31.7,35.0,178.0,14.31251157,0.26028,Normocytic normochromic anemia,22.09,12.0,false,false,false,false,false,false,false,Within Reference Range,None,All evaluated indices within rule thresholds,10000,0,10000,Standard Clearance
78750749-fde7-4f83-9997-099f6179caf7,13.0,25.845,77.511,1.88076,5.14094,4.05,12.7,46.1526,82.6,31.4,38.0,433.0,14.31251157,0.26028,Normocytic normochromic anemia,20.4,12.0,false,false,true,false,false,false,true,Suspected Systemic Inflammation,C-Reactive Protein (CRP),WBC 13.0 > 11,10000,10000,20000,Enabled - ZainCash 15% Preventive Subsidy
ffd2a14e-e695-40ed-8a18-530ecfe64468,7.8,25.845,77.511,1.88076,5.14094,1.91,4.2,46.1526,68.4,22.2,32.5,216.0,14.31251157,0.26028,Other microcytic anemia,35.81,12.0,true,true,false,false,true,false,false,Suspected Iron Deficiency,Serum Ferritin Test,Hb 4.2 < 12.0; MCV 68.4 < 80; Mentzer 35.81 >= 13,10000,15000,25000,Enabled - ZainCash 15% Preventive Subsidy
3d94b0f0-0fc6-4158-8e99-3594b774a589,5.4,25.845,77.511,1.88076,5.14094,3.96,11.3,46.1526,80.9,30.5,37.7,301.0,14.31251157,0.26028,Normocytic normochromic anemia,20.43,12.0,true,false,false,false,false,true,false,Anemia (Non-Microcytic) - Clinician Review,None,Hb 11.3 below threshold; MCV 80.9 not microcytic - Mentzer not applicable,10000,0,10000,Standard Clearance
8cba152a-c477-48df-ac28-3b30466c7e32,15.3,25.845,77.511,1.88076,5.14094,3.94,12.4,46.1526,83.6,31.5,37.7,247.0,14.31251157,0.26028,Normocytic normochromic anemia,21.22,12.0,false,false,true,false,false,false,true,Suspected Systemic Inflammation,C-Reactive Protein (CRP),WBC 15.3 > 11,10000,10000,20000,Enabled - ZainCash 15% Preventive Subsidy
fe074d44-3c49-42e4-ae43-48a44294771f,10.2,25.845,77.511,1.88076,5.14094,6.05,12.9,46.1526,55.7,21.3,38.3,169.0,14.31251157,0.26028,Other microcytic anemia,9.21,12.0,false,true,false,false,false,false,false,Within Reference Range,None,All evaluated indices within rule thresholds,10000,0,10000,Standard Clearance
34565412-5070-4e06-83d6-2080379ce6d9,4.5,25.845,77.511,1.88076,5.14094,4.09,13.3,46.1526,82.3,32.5,39.6,242.0,14.31251157,0.26028,Healthy,20.12,12.0,false,false,false,false,false,false,false,Within Reference Range,None,All evaluated indices within rule thresholds,10000,0,10000,Standard Clearance
63addbc5-3090-457a-9d52-6acbcd82363f,3.5,25.845,77.511,1.88076,5.14094,4.14,13.0,46.1526,82.8,31.5,38.0,100.0,14.31251157,0.26028,Thrombocytopenia,20.0,12.0,false,false,false,false,false,false,false,Within Reference Range,None,All evaluated indices within rule thresholds,10000,0,10000,Standard Clearance
dd7b3415-35f9-4e33-b1c9-324b5304f090,5.2,25.845,77.511,1.88076,5.14094,3.65,12.2,46.1526,86.0,33.3,38.8,261.0,14.31251157,0.26028,Normocytic normochromic anemia,23.56,12.0,false,false,false,false,false,false,false,Within Reference Range,None,All evaluated indices within rule thresholds,10000,0,10000,Standard Clearance
ded17676-4134-4110-8912-b003b779bc18,4.3,25.845,77.511,1.88076,5.14094,3.84,12.8,46.1526,87.4,33.4,38.3,202.0,14.31251157,0.26028,Normocytic normochromic anemia,22.76,12.0,false,false,false,false,false,false,false,Within Reference Range,None,All evaluated indices within rule thresholds,10000,0,10000,Standard Clearance
9fa77bfb-9d30-40f9-9646-a19d6026f644,5.7,25.845,77.511,1.88076,5.14094,4.29,11.9,46.1526,73.4,27.7,37.7,80.0,14.31251157,0.26028,Other microcytic anemia,17.11,12.0,true,true,false,false,true,false,false,Suspected Iron Deficiency,Serum Ferritin Test,Hb 11.9 < 12.0; MCV 73.4 < 80; Mentzer 17.11 >= 13,10000,15000,25000,Enabled - ZainCash 15% Preventive Subsidy
2768fded-8f52-4602-9bf4-e95d0b938b9e,5.3,25.845,77.511,1.88076,5.14094,4.8,15.1,46.1526,82.0,31.4,38.3,70.0,14.31251157,0.26028,Thrombocytopenia,17.08,12.0,false,false,false,false,false,false,false,Within Reference Range,None,All evaluated indices within rule thresholds,10000,0,10000,Standard Clearance
231044e6-4c39-4814-a4dc-9e8d895c9dc8,7.8,25.845,77.511,1.88076,5.14094,1.91,4.2,46.1526,68.4,22.2,32.5,216.0,14.31251157,0.26028,Other microcytic anemia,35.81,12.0,true,true,false,false,true,false,false,Suspected Iron Deficiency,Serum Ferritin Test,Hb 4.2 < 12.0; MCV 68.4 < 80; Mentzer 35.81 >= 13,10000,15000,25000,Enabled - ZainCash 15% Preventive Subsidy
26b6e811-abe6-4341-b54e-70d2bd2b3cff,4.5,25.845,77.511,1.88076,5.14094,3.92,12.3,46.1526,84.5,31.5,37.3,191.0,14.31251157,0.26028,Normocytic normochromic anemia,21.56,12.0,false,false,false,false,false,false,false,Within Reference Range,None,All evaluated indices within rule thresholds,10000,0,10000,Standard Clearance
27589b66-f716-491e-887f-706d39e4a64b,8.9,25.845,77.511,1.88076,5.14094,4.33,12.3,46.1526,73.3,28.4,38.7,461.0,14.31251157,0.26028,Other microcytic anemia,16.93,12.0,false,true,false,false,false,false,false,Within Reference Range,None,All evaluated indices within rule thresholds,10000,0,10000,Standard Clearance
dddbbd88-9fd7-47c9-9106-147c4b087061,13.0,25.845,77.511,1.88076,5.14094,2.83,9.7,46.1526,88.5,34.4,38.9,280.0,14.31251157,0.26028,Normocytic normochromic anemia,31.27,12.0,true,false,true,false,false,true,true,Anemia (Non-Microcytic) - Clinician Review,C-Reactive Protein (CRP),Hb 9.7 below threshold; MCV 88.5 not microcytic - Mentzer not applicable,10000,10000,20000,Enabled - ZainCash 15% Preventive Subsidy
dae41f47-c4be-44bc-bb35-556040e4dbd1,19.3,25.845,77.511,1.88076,5.14094,4.3,13.9,46.1526,87.8,32.2,36.7,385.0,14.31251157,0.26028,Leukemia,20.42,12.0,false,false,true,false,false,false,true,Suspected Systemic Inflammation,C-Reactive Protein (CRP),WBC 19.3 > 11,10000,10000,20000,Enabled - ZainCash 15% Preventive Subsidy
51f98383-e653-42bf-a24a-f590bc434429,9.87,25.845,77.511,1.88076,5.14094,4.7,12.9,46.1526,87.9,27.4,31.2,281.0,14.31251157,0.26028,Normocytic hypochromic anemia,18.7,12.0,false,false,false,false,false,false,false,Within Reference Range,None,All evaluated indices within rule thresholds,10000,0,10000,Standard Clearance
1afa3baa-1ec9-4473-a6fe-56ad9db48931,8.36,25.845,77.511,1.88076,5.14094,5.81,14.8,46.1526,85.4,25.5,29.8,212.0,14.31251157,0.26028,Healthy,14.7,12.0,false,false,false,false,false,false,false,Within Reference Range,None,All evaluated indices within rule thresholds,10000,0,10000,Standard Clearance
8c561cea-17cc-4935-bb3b-d90b42642369,8.54,25.845,77.511,1.88076,5.14094,4.13,12.6,46.1526,97.3,30.5,31.3,276.0,14.31251157,0.26028,Normocytic hypochromic anemia,23.56,12.0,false,false,false,false,false,false,false,Within Reference Range,None,All evaluated indices within rule thresholds,10000,0,10000,Standard Clearance
44663c8b-8d8e-4a7d-a989-78aa97beb28b,22.9,25.845,77.511,1.88076,5.14094,5.55,14.3,46.1526,89.2,25.8,28.9,151.0,14.31251157,0.26028,Leukemia,16.07,12.0,false,false,true,false,false,false,true,Suspected Systemic Inflammation,C-Reactive Protein (CRP),WBC 22.9 > 11,10000,10000,20000,Enabled - ZainCash 15% Preventive Subsidy
3f7ab23f-c9e1-4271-911b-e3f9e640464e,13.35,25.845,77.511,1.88076,5.14094,5.5,15.9,46.1526,90.2,28.9,32.1,373.0,14.31251157,0.26028,Leukemia,16.4,12.0,false,false,true,false,false,false,true,Suspected Systemic Inflammation,C-Reactive Protein (CRP),WBC 13.35 > 11,10000,10000,20000,Enabled - ZainCash 15% Preventive Subsidy
a61f8a8f-92c9-4a32-900c-55cdcbea1f6f,7.56,25.845,77.511,1.88076,5.14094,4.76,13.4,46.1526,87.8,28.2,32.1,276.0,14.31251157,0.26028,Healthy,18.45,12.0,false,false,false,false,false,false,false,Within Reference Range,None,All evaluated indices within rule thresholds,10000,0,10000,Standard Clearance
9e10ff73-b93f-4598-ac77-f5c7073316fc,7.15,25.845,77.511,1.88076,5.14094,5.34,13.1,46.1526,81.3,24.5,30.2,233.0,14.31251157,0.26028,Healthy,15.22,12.0,false,false,false,false,false,false,false,Within Reference Range,None,All evaluated indices within rule thresholds,10000,0,10000,Standard Clearance
81c423e5-800f-4ec6-bbb3-569dfaad3718,13.85,25.845,77.511,1.88076,5.14094,5.44,14.8,46.1526,86.8,27.2,31.4,303.0,14.31251157,0.26028,Leukemia,15.96,12.0,false,false,true,false,false,false,true,Suspected Systemic Inflammation,C-Reactive Protein (CRP),WBC 13.85 > 11,10000,10000,20000,Enabled - ZainCash 15% Preventive Subsidy
01219cb0-d4aa-4831-a8c2-31c8e17889a7,14.83,25.845,77.511,1.88076,5.14094,4.34,14.4,46.1526,109.0,33.2,30.4,153.0,14.31251157,0.26028,Leukemia,25.12,12.0,false,false,true,false,false,false,true,Suspected Systemic Inflammation,C-Reactive Protein (CRP),WBC 14.83 > 11,10000,10000,20000,Enabled - ZainCash 15% Preventive Subsidy
e217d030-9b83-4e7a-832f-3e207085005c,13.35,25.845,77.511,1.88076,5.14094,5.5,15.9,46.1526,90.2,28.9,32.1,373.0,14.31251157,0.26028,Leukemia,16.4,12.0,false,false,true,false,false,false,true,Suspected Systemic Inflammation,C-Reactive Protein (CRP),WBC 13.35 > 11,10000,10000,20000,Enabled - ZainCash 15% Preventive Subsidy
762136cb-a728-458b-8651-8aa6324296cc,22.9,25.845,77.511,1.88076,5.14094,5.55,14.3,46.1526,89.2,25.8,28.9,151.0,14.31251157,0.26028,Leukemia,16.07,12.0,false,false,true,false,false,false,true,Suspected Systemic Inflammation,C-Reactive Protein (CRP),WBC 22.9 > 11,10000,10000,20000,Enabled - ZainCash 15% Preventive Subsidy
c64a2931-a2ce-4d0e-ba90-51b4b9721717,9.55,25.845,77.511,1.88076,5.14094,3.17,9.0,46.1526,88.0,28.4,32.3,166.0,14.31251157,0.26028,Normocytic normochromic anemia,27.76,12.0,true,false,false,false,false,true,false,Anemia (Non-Microcytic) - Clinician Review,None,Hb 9.0 below threshold; MCV 88.0 not microcytic - Mentzer not applicable,10000,0,10000,Standard Clearance
f37bbfa7-cd49-4cce-bf25-aea8b486cb5f,3.62,25.845,77.511,1.88076,5.14094,3.12,8.4,46.1526,92.3,26.9,29.2,130.0,14.31251157,0.26028,Normocytic hypochromic anemia,29.58,12.0,true,false,false,false,false,true,false,Anemia (Non-Microcytic) - Clinician Review,None,Hb 8.4 below threshold; MCV 92.3 not microcytic - Mentzer not applicable,10000,0,10000,Standard Clearance
5cc19f05-c6c5-4c39-89fa-bace1c0f5c26,7.21,25.845,77.511,1.88076,5.14094,3.94,7.8,46.1526,74.1,19.8,26.7,152.0,14.31251157,0.26028,Iron deficiency anemia,18.81,12.0,true,true,false,false,true,false,false,Suspected Iron Deficiency,Serum Ferritin Test,Hb 7.8 < 12.0; MCV 74.1 < 80; Mentzer 18.81 >= 13,10000,15000,25000,Enabled - ZainCash 15% Preventive Subsidy
5766ac76-a00c-4822-bff2-90b9079d5c2e,9.01,25.845,77.511,1.88076,5.14094,3.75,9.2,46.1526,83.5,24.5,29.4,392.0,14.31251157,0.26028,Normocytic hypochromic anemia,22.27,12.0,true,false,false,false,false,true,false,Anemia (Non-Microcytic) - Clinician Review,None,Hb 9.2 below threshold; MCV 83.5 not microcytic - Mentzer not applicable,10000,0,10000,Standard Clearance
210a40c3-17a5-49bb-99e2-9529c41a57b4,10.1,25.845,77.511,1.88076,5.14094,3.24,13.4,46.1526,124.1,41.4,33.3,237.0,14.31251157,0.26028,Leukemia,38.3,12.0,false,false,false,false,false,false,false,Within Reference Range,None,All evaluated indices within rule thresholds,10000,0,10000,Standard Clearance
b1454515-1a1c-46a3-9783-34026ddb766f,5.9,25.845,77.511,1.88076,5.14094,5.33,8.4,46.1526,58.5,15.8,26.9,248.0,14.31251157,0.26028,Iron deficiency anemia,10.98,12.0,true,true,false,true,false,false,false,Suspected Thalassemia Trait,Hemoglobin Electrophoresis,Hb 8.4 < 12.0; MCV 58.5 < 80; Mentzer 10.98 < 13,10000,25000,35000,Enabled - ZainCash 15% Preventive Subsidy
7aefbf96-1438-4b80-8ded-aa4350ac5845,8.18,25.845,77.511,1.88076,5.14094,3.41,9.5,46.1526,91.8,27.8,30.4,153.0,14.31251157,0.26028,Normocytic hypochromic anemia,26.92,12.0,true,false,false,false,false,true,false,Anemia (Non-Microcytic) - Clinician Review,None,Hb 9.5 below threshold; MCV 91.8 not microcytic - Mentzer not applicable,10000,0,10000,Standard Clearance
0e2c6ea3-58b8-4206-93a4-e991d49a49dc,8.09,25.845,77.511,1.88076,5.14094,4.77,11.5,46.1526,81.8,24.1,29.5,238.0,14.31251157,0.26028,Normocytic hypochromic anemia,17.15,12.0,true,false,false,false,false,true,false,Anemia (Non-Microcytic) - Clinician Review,None,Hb 11.5 below threshold; MCV 81.8 not microcytic - Mentzer not applicable,10000,0,10000,Standard Clearance
83c81762-87d0-4d2d-ba48-7833cf22b8e0,5.82,25.845,77.511,1.88076,5.14094,4.11,11.0,46.1526,86.6,26.8,30.9,130.0,14.31251157,0.26028,Normocytic hypochromic anemia,21.07,12.0,true,false,false,false,false,true,false,Anemia (Non-Microcytic) - Clinician Review,None,Hb 11.0 below threshold; MCV 86.6 not microcytic - Mentzer not applicable,10000,0,10000,Standard Clearance
5f6fe659-1d51-4fc2-ac7f-de893dff476e,11.22,25.845,77.511,1.88076,5.14094,4.35,13.4,46.1526,97.2,30.8,31.7,158.0,14.31251157,0.26028,Leukemia,22.34,12.0,false,false,true,false,false,false,true,Suspected Systemic Inflammation,C-Reactive Protein (CRP),WBC 11.22 > 11,10000,10000,20000,Enabled - ZainCash 15% Preventive Subsidy
af7a6fa4-9294-488b-8edd-356d0650cb2b,28.03,25.845,77.511,1.88076,5.14094,3.7,11.6,46.1526,94.1,31.4,33.3,285.0,14.31251157,0.26028,Normocytic normochromic anemia,25.43,12.0,true,false,true,false,false,true,true,Anemia (Non-Microcytic) - Clinician Review,C-Reactive Protein (CRP),Hb 11.6 below threshold; MCV 94.1 not microcytic - Mentzer not applicable,10000,10000,20000,Enabled - ZainCash 15% Preventive Subsidy
cbd873a0-a242-4fa5-b760-c39e1ff04ddd,8.6,25.845,77.511,1.88076,5.14094,4.41,11.0,46.1526,83.9,24.9,29.7,298.0,14.31251157,0.26028,Normocytic hypochromic anemia,19.02,12.0,true,false,false,false,false,true,false,Anemia (Non-Microcytic) - Clinician Review,None,Hb 11.0 below threshold; MCV 83.9 not microcytic - Mentzer not applicable,10000,0,10000,Standard Clearance
57e1e423-d6e5-4528-ba70-8c5ef3be01ca,11.06,25.845,77.511,1.88076,5.14094,4.92,13.3,46.1526,90.4,27.0,29.9,125.0,14.31251157,0.26028,Leukemia with thrombocytopenia,18.37,12.0,false,false,true,false,false,false,true,Suspected Systemic Inflammation,C-Reactive Protein (CRP),WBC 11.06 > 11,10000,10000,20000,Enabled - ZainCash 15% Preventive Subsidy
8df6ef75-387a-41b5-bad6-3fdc4f9413a4,13.41,25.845,77.511,1.88076,5.14094,4.92,14.8,46.1526,96.1,30.1,31.3,152.0,14.31251157,0.26028,Leukemia,19.53,12.0,false,false,true,false,false,false,true,Suspected Systemic Inflammation,C-Reactive Protein (CRP),WBC 13.41 > 11,10000,10000,20000,Enabled - ZainCash 15% Preventive Subsidy
233ccb7b-f579-42f5-ac7f-fcf0deb20248,23.57,25.845,77.511,1.88076,5.14094,4.54,13.0,46.1526,94.9,28.6,30.2,239.0,14.31251157,0.26028,Leukemia,20.9,12.0,false,false,true,false,false,false,true,Suspected Systemic Inflammation,C-Reactive Protein (CRP),WBC 23.57 > 11,10000,10000,20000,Enabled - ZainCash 15% Preventive Subsidy
3e30ce83-74de-42f2-9c25-583a05626892,13.1,25.845,77.511,1.88076,5.14094,5.39,14.4,46.1526,83.9,26.7,31.9,377.0,14.31251157,0.26028,Leukemia,15.57,12.0,false,false,true,false,false,false,true,Suspected Systemic Inflammation,C-Reactive Protein (CRP),WBC 13.1 > 11,10000,10000,20000,Enabled - ZainCash 15% Preventive Subsidy
35f93e03-5820-4af3-9169-da6e274829f0,10.97,25.845,77.511,1.88076,5.14094,3.95,10.8,46.1526,90.1,27.3,30.3,532.0,14.31251157,0.26028,Normocytic hypochromic anemia,22.81,12.0,true,false,false,false,false,true,false,Anemia (Non-Microcytic) - Clinician Review,None,Hb 10.8 below threshold; MCV 90.1 not microcytic - Mentzer not applicable,10000,0,10000,Standard Clearance
89ef831a-636a-4f9c-bb56-f8ba02b7d418,6.55,25.845,77.511,1.88076,5.14094,3.34,9.0,46.1526,91.3,26.9,29.5,153.0,14.31251157,0.26028,Normocytic hypochromic anemia,27.34,12.0,true,false,false,false,false,true,false,Anemia (Non-Microcytic) - Clinician Review,None,Hb 9.0 below threshold; MCV 91.3 not microcytic - Mentzer not applicable,10000,0,10000,Standard Clearance
0d82fcf5-e331-48db-a23a-8f70266a2be0,6.01,25.845,77.511,1.88076,5.14094,5.03,12.9,46.1526,84.3,25.8,30.4,230.0,14.31251157,0.26028,Normocytic hypochromic anemia,16.76,12.0,false,false,false,false,false,false,false,Within Reference Range,None,All evaluated indices within rule thresholds,10000,0,10000,Standard Clearance
ac9493c6-ff56-435e-a5e1-3910b9c73366,12.8,25.845,77.511,1.88076,5.14094,5.55,15.5,46.1526,93.2,27.9,30.0,188.0,14.31251157,0.26028,Leukemia,16.79,12.0,false,false,true,false,false,false,true,Suspected Systemic Inflammation,C-Reactive Protein (CRP),WBC 12.8 > 11,10000,10000,20000,Enabled - ZainCash 15% Preventive Subsidy
acb3ad82-f46e-48fb-a327-ee0c23365cea,11.57,25.845,77.511,1.88076,5.14094,5.46,12.8,46.1526,79.3,23.4,29.6,332.0,14.31251157,0.26028,Iron deficiency anemia,14.52,12.0,false,true,true,false,false,false,true,Suspected Systemic Inflammation,C-Reactive Protein (CRP),WBC 11.57 > 11,10000,10000,20000,Enabled - ZainCash 15% Preventive Subsidy
3192ab86-ad87-4001-8423-3ce5ad68b55b,23.36,25.845,77.511,1.88076,5.14094,4.65,13.4,46.1526,94.0,28.8,30.7,272.0,14.31251157,0.26028,Leukemia,20.22,12.0,false,false,true,false,false,false,true,Suspected Systemic Inflammation,C-Reactive Protein (CRP),WBC 23.36 > 11,10000,10000,20000,Enabled - ZainCash 15% Preventive Subsidy
1545e414-ff81-4f21-8f04-d7ddc72d7e46,7.12,25.845,77.511,1.88076,5.14094,4.48,12.9,46.1526,94.0,28.8,30.6,247.0,14.31251157,0.26028,Normocytic hypochromic anemia,20.98,12.0,false,false,false,false,false,false,false,Within Reference Range,None,All evaluated indices within rule thresholds,10000,0,10000,Standard Clearance
3742aaff-dd66-47c0-8103-d802763b107e,5.02,25.845,77.511,1.88076,5.14094,4.71,12.1,46.1526,85.6,25.7,30.0,321.0,14.31251157,0.26028,Normocytic hypochromic anemia,18.17,12.0,false,false,false,false,false,false,false,Within Reference Range,None,All evaluated indices within rule thresholds,10000,0,10000,Standard Clearance
d0892fe4-0416-467a-b063-0603012c5538,8.09,25.845,77.511,1.88076,5.14094,3.68,10.5,46.1526,89.1,27.2,30.5,154.0,14.31251157,0.26028,Normocytic hypochromic anemia,24.21,12.0,true,false,false,false,false,true,false,Anemia (Non-Microcytic) - Clinician Review,None,Hb 10.5 below threshold; MCV 89.1 not microcytic - Mentzer not applicable,10000,0,10000,Standard Clearance
2305f2a3-12a3-4480-bf2f-2b0878eaaec7,12.49,25.845,77.511,1.88076,5.14094,4.34,11.8,46.1526,85.3,26.7,31.4,367.0,14.31251157,0.26028,Normocytic hypochromic anemia,19.65,12.0,true,false,true,false,false,true,true,Anemia (Non-Microcytic) - Clinician Review,C-Reactive Protein (CRP),Hb 11.8 below threshold; MCV 85.3 not microcytic - Mentzer not applicable,10000,10000,20000,Enabled - ZainCash 15% Preventive Subsidy
1235a5e5-6d75-4d3c-8f20-94a7b26c5fb3,7.77,25.845,77.511,1.88076,5.14094,3.67,10.2,46.1526,90.7,27.8,30.6,298.0,14.31251157,0.26028,Normocytic hypochromic anemia,24.71,12.0,true,false,false,false,false,true,false,Anemia (Non-Microcytic) - Clinician Review,None,Hb 10.2 below threshold; MCV 90.7 not microcytic - Mentzer not applicable,10000,0,10000,Standard Clearance
f1b79d98-57c3-4bc2-adfb-bdb53b2905e3,12.97,25.845,77.511,1.88076,5.14094,3.92,11.9,46.1526,91.3,30.4,33.2,235.0,14.31251157,0.26028,Normocytic normochromic anemia,23.29,12.0,true,false,true,false,false,true,true,Anemia (Non-Microcytic) - Clinician Review,C-Reactive Protein (CRP),Hb 11.9 below threshold; MCV 91.3 not microcytic - Mentzer not applicable,10000,10000,20000,Enabled - ZainCash 15% Preventive Subsidy
3bc0dea7-2590-4a90-a30e-f1ec631ec957,7.97,25.845,77.511,1.88076,5.14094,5.53,13.9,46.1526,83.5,25.1,30.1,186.0,14.31251157,0.26028,Healthy,15.1,12.0,false,false,false,false,false,false,false,Within Reference Range,None,All evaluated indices within rule thresholds,10000,0,10000,Standard Clearance
8ea12ab5-8ebf-49d6-a910-fe218de618ca,12.69,25.845,77.511,1.88076,5.14094,4.05,8.5,46.1526,75.3,21.0,27.9,534.0,14.31251157,0.26028,Iron deficiency anemia,18.59,12.0,true,true,true,false,true,false,true,Suspected Iron Deficiency,Serum Ferritin Test + C-Reactive Protein (CRP),Hb 8.5 < 12.0; MCV 75.3 < 80; Mentzer 18.59 >= 13,10000,25000,35000,Enabled - ZainCash 15% Preventive Subsidy
851bdeca-4fab-411d-b6e4-2a3ce5212d6e,8.13,25.845,77.511,1.88076,5.14094,4.86,12.9,46.1526,86.4,26.5,30.7,353.0,14.31251157,0.26028,Normocytic hypochromic anemia,17.78,12.0,false,false,false,false,false,false,false,Within Reference Range,None,All evaluated indices within rule thresholds,10000,0,10000,Standard Clearance
f69f544c-a139-4ac1-a1d3-d286efe4f4ff,42.42,25.845,77.511,1.88076,5.14094,4.36,11.4,46.1526,91.1,26.1,28.7,167.0,14.31251157,0.26028,Normocytic hypochromic anemia,20.89,12.0,true,false,true,false,false,true,true,Anemia (Non-Microcytic) - Clinician Review,C-Reactive Protein (CRP),Hb 11.4 below threshold; MCV 91.1 not microcytic - Mentzer not applicable,10000,10000,20000,Enabled - ZainCash 15% Preventive Subsidy
058f7fd1-b1b1-4b6f-a14d-e90b4dc2f85d,8.27,25.845,77.511,1.88076,5.14094,5.17,14.6,46.1526,91.7,28.2,30.8,251.0,14.31251157,0.26028,Healthy,17.74,12.0,false,false,false,false,false,false,false,Within Reference Range,None,All evaluated indices within rule thresholds,10000,0,10000,Standard Clearance
c334d270-5b47-4941-872b-dc648589e6d4,6.9,25.845,77.511,1.88076,5.14094,3.34,10.8,46.1526,81.9,32.3,39.4,105.0,14.31251157,0.26028,Normocytic normochromic anemia,24.52,12.0,true,false,false,false,false,true,false,Anemia (Non-Microcytic) - Clinician Review,None,Hb 10.8 below threshold; MCV 81.9 not microcytic - Mentzer not applicable,10000,0,10000,Standard Clearance
711bdd34-4853-40ce-841c-72b374872407,6.97,25.845,77.511,1.88076,5.14094,4.19,12.8,46.1526,81.6,30.6,37.5,271.0,14.31251157,0.26028,Normocytic normochromic anemia,19.47,12.0,false,false,false,false,false,false,false,Within Reference Range,None,All evaluated indices within rule thresholds,10000,0,10000,Standard Clearance
d7f61f6e-07a9-4c99-9811-8075e618c886,5.9,25.845,77.511,1.88076,5.14094,3.68,12.9,46.1526,88.4,35.6,34.1,183.0,14.31251157,0.26028,Normocytic normochromic anemia,24.02,12.0,false,false,false,false,false,false,false,Within Reference Range,None,All evaluated indices within rule thresholds,10000,0,10000,Standard Clearance
08d78714-9a21-43db-b0be-5b2ddd049cde,12.7,25.845,77.511,1.88076,5.14094,3.51,10.5,46.1526,78.2,29.9,38.2,291.0,14.31251157,0.26028,Other microcytic anemia,22.28,12.0,true,true,true,false,true,false,true,Suspected Iron Deficiency,Serum Ferritin Test + C-Reactive Protein (CRP),Hb 10.5 < 12.0; MCV 78.2 < 80; Mentzer 22.28 >= 13,10000,25000,35000,Enabled - ZainCash 15% Preventive Subsidy
8d1a4b2f-484a-410a-96f3-4e327b7c95c6,11.6,25.845,77.511,1.88076,5.14094,4.12,13.0,46.1526,81.5,31.7,38.8,172.0,14.31251157,0.26028,Leukemia,19.78,12.0,false,false,true,false,false,false,true,Suspected Systemic Inflammation,C-Reactive Protein (CRP),WBC 11.6 > 11,10000,10000,20000,Enabled - ZainCash 15% Preventive Subsidy
91646ef9-1eec-4aae-9df6-5f92d559adf1,5.7,25.845,77.511,1.88076,5.14094,4.14,13.6,46.1526,88.5,33.4,37.6,262.0,14.31251157,0.26028,Healthy,21.38,12.0,false,false,false,false,false,false,false,Within Reference Range,None,All evaluated indices within rule thresholds,10000,0,10000,Standard Clearance
6ba75e5f-2857-4bcc-8069-cce1b9727455,11.31,25.845,77.511,1.88076,5.14094,5.8,15.1,46.1526,88.4,27.0,30.5,282.0,14.31251157,0.26028,Leukemia,15.24,12.0,false,false,true,false,false,false,true,Suspected Systemic Inflammation,C-Reactive Protein (CRP),WBC 11.31 > 11,10000,10000,20000,Enabled - ZainCash 15% Preventive Subsidy
603c5348-854b-4346-9582-58c62c2b59a1,6.1,25.845,77.511,1.88076,5.14094,4.8,13.8,46.1526,90.4,28.8,31.8,200.0,14.31251157,0.26028,Healthy,18.83,12.0,false,false,false,false,false,false,false,Within Reference Range,None,All evaluated indices within rule thresholds,10000,0,10000,Standard Clearance
4b5f2c72-2481-4b93-a3a1-28462b2df572,14.85,25.845,77.511,1.88076,5.14094,4.1,11.1,46.1526,87.8,27.1,30.8,267.0,14.31251157,0.26028,Normocytic hypochromic anemia,21.41,12.0,true,false,true,false,false,true,true,Anemia (Non-Microcytic) - Clinician Review,C-Reactive Protein (CRP),Hb 11.1 below threshold; MCV 87.8 not microcytic - Mentzer not applicable,10000,10000,20000,Enabled - ZainCash 15% Preventive Subsidy
29fec487-333a-4ca8-b163-5f2abd8c36a4,9.7,25.845,77.511,1.88076,5.14094,4.03,9.8,46.1526,77.7,24.3,31.3,150.0,14.31251157,0.26028,Iron deficiency anemia,19.28,12.0,true,true,false,false,true,false,false,Suspected Iron Deficiency,Serum Ferritin Test,Hb 9.8 < 12.0; MCV 77.7 < 80; Mentzer 19.28 >= 13,10000,15000,25000,Enabled - ZainCash 15% Preventive Subsidy
08a7a597-31ec-48ad-aa11-0c1f95935a0f,4.8,25.845,77.511,1.88076,5.14094,4.01,12.0,46.1526,82.0,30.1,36.7,130.0,14.31251157,0.26028,Normocytic normochromic anemia,20.45,12.0,false,false,false,false,false,false,false,Within Reference Range,None,All evaluated indices within rule thresholds,10000,0,10000,Standard Clearance
7ee3dc76-0566-4f3c-8d4d-f269d9ef701f,8.4,25.845,77.511,1.88076,5.14094,4.11,10.3,46.1526,71.4,25.5,35.7,253.0,14.31251157,0.26028,Other microcytic anemia,17.37,12.0,true,true,false,false,true,false,false,Suspected Iron Deficiency,Serum Ferritin Test,Hb 10.3 < 12.0; MCV 71.4 < 80; Mentzer 17.37 >= 13,10000,15000,25000,Enabled - ZainCash 15% Preventive Subsidy
27c41bda-5291-44c1-b9d1-1368f13da778,7.53,25.845,77.511,1.88076,5.14094,4.21,11.0,46.1526,88.8,28.1,29.4,257.0,14.31251157,0.26028,Normocytic hypochromic anemia,21.09,12.0,true,false,false,false,false,true,false,Anemia (Non-Microcytic) - Clinician Review,None,Hb 11.0 below threshold; MCV 88.8 not microcytic - Mentzer not applicable,10000,0,10000,Standard Clearance
c95fd3c7-39aa-4830-b23e-045b881c6b7d,10.63,25.845,77.511,1.88076,5.14094,4.03,11.6,46.1526,98.5,28.8,29.2,336.0,14.31251157,0.26028,Normocytic hypochromic anemia,24.44,12.0,true,false,false,false,false,true,false,Anemia (Non-Microcytic) - Clinician Review,None,Hb 11.6 below threshold; MCV 98.5 not microcytic - Mentzer not applicable,10000,0,10000,Standard Clearance
9b937b77-20c4-4022-aa7a-5db75d247435,8.23,25.845,77.511,1.88076,5.14094,5.0,12.1,46.1526,89.2,26.2,29.4,320.0,14.31251157,0.26028,Normocytic hypochromic anemia,17.84,12.0,false,false,false,false,false,false,false,Within Reference Range,None,All evaluated indices within rule thresholds,10000,0,10000,Standard Clearance
44978c47-db80-45c9-bdf6-c7ca52341ee3,8.94,25.845,77.511,1.88076,5.14094,4.79,12.1,46.1526,85.2,25.3,29.7,265.0,14.31251157,0.26028,Normocytic hypochromic anemia,17.79,12.0,false,false,false,false,false,false,false,Within Reference Range,None,All evaluated indices within rule thresholds,10000,0,10000,Standard Clearance
5a872da7-502f-49a9-92ab-406801267966,12.93,25.845,77.511,1.88076,5.14094,4.98,12.6,46.1526,86.9,25.3,29.1,244.0,14.31251157,0.26028,Normocytic hypochromic anemia,17.45,12.0,false,false,true,false,false,false,true,Suspected Systemic Inflammation,C-Reactive Protein (CRP),WBC 12.93 > 11,10000,10000,20000,Enabled - ZainCash 15% Preventive Subsidy
4b17bda0-7800-43aa-825b-5a30bafb22cf,4.29,25.845,77.511,1.88076,5.14094,4.02,9.8,46.1526,85.1,24.4,28.7,176.0,14.31251157,0.26028,Normocytic hypochromic anemia,21.17,12.0,true,false,false,false,false,true,false,Anemia (Non-Microcytic) - Clinician Review,None,Hb 9.8 below threshold; MCV 85.1 not microcytic - Mentzer not applicable,10000,0,10000,Standard Clearance
dcf29e77-2868-4b28-ab76-1f9b6e7acd10,9.9,25.845,77.511,1.88076,5.14094,2.94,11.8,46.1526,95.6,40.1,42.0,188.0,14.31251157,0.26028,Normocytic normochromic anemia,32.52,12.0,true,false,false,false,false,true,false,Anemia (Non-Microcytic) - Clinician Review,None,Hb 11.8 below threshold; MCV 95.6 not microcytic - Mentzer not applicable,10000,0,10000,Standard Clearance
043fbdb1-aa46-4c3b-9567-0e7c399c6efc,11.06,25.845,77.511,1.88076,5.14094,3.71,10.6,46.1526,93.5,28.6,30.5,249.0,14.31251157,0.26028,Normocytic hypochromic anemia,25.2,12.0,true,false,true,false,false,true,true,Anemia (Non-Microcytic) - Clinician Review,C-Reactive Protein (CRP),Hb 10.6 below threshold; MCV 93.5 not microcytic - Mentzer not applicable,10000,10000,20000,Enabled - ZainCash 15% Preventive Subsidy
6baa1c68-6492-46a3-923a-154cb985ccde,5.1,25.845,77.511,1.88076,5.14094,5.33,16.0,46.1526,83.9,30.0,35.7,87.0,14.31251157,0.26028,Thrombocytopenia,15.74,12.0,false,false,false,false,false,false,false,Within Reference Range,None,All evaluated indices within rule thresholds,10000,0,10000,Standard Clearance
93baeeae-0c4b-4316-a801-7623ad88619d,10.79,25.845,77.511,1.88076,5.14094,3.66,7.4,46.1526,74.9,20.2,27.0,434.0,14.31251157,0.26028,Iron deficiency anemia,20.46,12.0,true,true,false,false,true,false,false,Suspected Iron Deficiency,Serum Ferritin Test,Hb 7.4 < 12.0; MCV 74.9 < 80; Mentzer 20.46 >= 13,10000,15000,25000,Enabled - ZainCash 15% Preventive Subsidy
9a53ddba-97fd-4c33-8030-1cefa407bfd9,17.7,25.845,77.511,1.88076,5.14094,5.0,13.5,46.1526,89.4,27.0,30.2,313.0,14.31251157,0.26028,Leukemia,17.88,12.0,false,false,true,false,false,false,true,Suspected Systemic Inflammation,C-Reactive Protein (CRP),WBC 17.7 > 11,10000,10000,20000,Enabled - ZainCash 15% Preventive Subsidy
f00c5051-f0a7-4fb1-b72b-a67e9d16686c,6.5,25.845,77.511,1.88076,5.14094,3.51,11.1,46.1526,82.6,31.7,38.3,290.0,14.31251157,0.26028,Normocytic normochromic anemia,23.53,12.0,true,false,false,false,false,true,false,Anemia (Non-Microcytic) - Clinician Review,None,Hb 11.1 below threshold; MCV 82.6 not microcytic - Mentzer not applicable,10000,0,10000,Standard Clearance
35976b7c-1a40-487a-9213-3ff68c7e35b3,9.2,25.845,77.511,1.88076,5.14094,2.25,8.1,46.1526,93.6,36.1,38.6,140.0,14.31251157,0.26028,Normocytic normochromic anemia,41.6,12.0,true,false,false,false,false,true,false,Anemia (Non-Microcytic) - Clinician Review,None,Hb 8.1 below threshold; MCV 93.6 not microcytic - Mentzer not applicable,10000,0,10000,Standard Clearance
d5e3c563-ef49-4ca3-92ae-deff9cae0ab1,21.1,25.845,77.511,1.88076,5.14094,4.82,12.1,46.1526,78.4,25.1,32.0,159.0,14.31251157,0.26028,Other microcytic anemia,16.27,12.0,false,true,true,false,false,false,true,Suspected Systemic Inflammation,C-Reactive Protein (CRP),WBC 21.1 > 11,10000,10000,20000,Enabled - ZainCash 15% Preventive Subsidy
b334c3c0-1164-466d-bc8c-672530e26505,7.77,25.845,77.511,1.88076,5.14094,3.77,10.3,46.1526,88.1,27.3,31.0,140.0,14.31251157,0.26028,Normocytic hypochromic anemia,23.37,12.0,true,false,false,false,false,true,false,Anemia (Non-Microcytic) - Clinician Review,None,Hb 10.3 below threshold; MCV 88.1 not microcytic - Mentzer not applicable,10000,0,10000,Standard Clearance
43f06d0c-4fc4-4f39-9cc9-7d2125525fda,11.15,25.845,77.511,1.88076,5.14094,3.94,11.2,46.1526,92.1,28.4,30.9,100.0,14.31251157,0.26028,Normocytic hypochromic anemia,23.38,12.0,true,false,true,false,false,true,true,Anemia (Non-Microcytic) - Clinician Review,C-Reactive Protein (CRP),Hb 11.2 below threshold; MCV 92.1 not microcytic - Mentzer not applicable,10000,10000,20000,Enabled - ZainCash 15% Preventive Subsidy
0382fc9a-eb9a-4c37-a91d-aadcde286e55,8.04,25.845,77.511,1.88076,5.14094,4.73,14.6,46.1526,77.1,31.0,40.2,341.0,14.31251157,0.26028,Healthy,16.3,12.0,false,true,false,false,false,false,false,Within Reference Range,None,All evaluated indices within rule thresholds,10000,0,10000,Standard Clearance
ab121e02-9624-4a3a-9cbf-c486a090f839,8.2,25.845,77.511,1.88076,5.14094,2.96,9.3,46.1526,85.6,31.6,30.9,283.0,14.31251157,0.26028,Normocytic hypochromic anemia,28.92,12.0,true,false,false,false,false,true,false,Anemia (Non-Microcytic) - Clinician Review,None,Hb 9.3 below threshold; MCV 85.6 not microcytic - Mentzer not applicable,10000,0,10000,Standard Clearance
37ec4946-0b97-48eb-a0d4-ebf1bc98232e,13.7,25.845,77.511,1.88076,5.14094,1.92,6.9,46.1526,91.4,36.0,39.4,273.0,14.31251157,0.26028,Normocytic normochromic anemia,47.6,12.0,true,false,true,false,false,true,true,Anemia (Non-Microcytic) - Clinician Review,C-Reactive Protein (CRP),Hb 6.9 below threshold; MCV 91.4 not microcytic - Mentzer not applicable,10000,10000,20000,Enabled - ZainCash 15% Preventive Subsidy
1ccb9250-cbf1-4e61-a9fe-c9be39f03d74,8.68,25.845,77.511,1.88076,5.14094,3.16,8.5,46.1526,89.2,26.9,30.1,213.0,14.31251157,0.26028,Normocytic hypochromic anemia,28.23,12.0,true,false,false,false,false,true,false,Anemia (Non-Microcytic) - Clinician Review,None,Hb 8.5 below threshold; MCV 89.2 not microcytic - Mentzer not applicable,10000,0,10000,Standard Clearance
e216d8d1-84f6-49a5-a3a8-4d5dc14f8637,4.64,25.845,77.511,1.88076,5.14094,5.08,14.3,46.1526,90.4,28.1,31.2,207.0,14.31251157,0.26028,Healthy,17.8,12.0,false,false,false,false,false,false,false,Within Reference Range,None,All evaluated indices within rule thresholds,10000,0,10000,Standard Clearance
735f188c-e935-464e-877f-07b2f6a964cf,7.8,25.845,77.511,1.88076,5.14094,5.57,14.3,46.1526,87.8,26.6,30.3,195.0,14.31251157,0.26028,Healthy,15.76,12.0,false,false,false,false,false,false,false,Within Reference Range,None,All evaluated indices within rule thresholds,10000,0,10000,Standard Clearance
9613a376-b78a-4852-aa59-b421d70201f6,14.58,25.845,77.511,1.88076,5.14094,3.43,8.3,46.1526,89.2,24.2,27.1,303.0,14.31251157,0.26028,Normocytic hypochromic anemia,26.01,12.0,true,false,true,false,false,true,true,Anemia (Non-Microcytic) - Clinician Review,C-Reactive Protein (CRP),Hb 8.3 below threshold; MCV 89.2 not microcytic - Mentzer not applicable,10000,10000,20000,Enabled - ZainCash 15% Preventive Subsidy
5b217fdc-7bda-47d2-9835-3c715d1d2585,16.65,25.845,77.511,1.88076,5.14094,3.75,10.5,46.1526,93.3,28.0,30.0,201.0,14.31251157,0.26028,Normocytic hypochromic anemia,24.88,12.0,true,false,true,false,false,true,true,Anemia (Non-Microcytic) - Clinician Review,C-Reactive Protein (CRP),Hb 10.5 below threshold; MCV 93.3 not microcytic - Mentzer not applicable,10000,10000,20000,Enabled - ZainCash 15% Preventive Subsidy
c798284d-388a-43fa-b07e-2078849cede3,8.02,25.845,77.511,1.88076,5.14094,4.51,13.1,46.1526,98.0,29.0,29.6,267.0,14.31251157,0.26028,Healthy,21.73,12.0,false,false,false,false,false,false,false,Within Reference Range,None,All evaluated indices within rule thresholds,10000,0,10000,Standard Clearance
940ad02c-5018-4ce4-8a7e-65f8e9e0e21e,14.82,25.845,77.511,1.88076,5.14094,4.16,11.3,46.1526,90.1,27.2,30.1,167.0,14.31251157,0.26028,Normocytic hypochromic anemia,21.66,12.0,true,false,true,false,false,true,true,Anemia (Non-Microcytic) - Clinician Review,C-Reactive Protein (CRP),Hb 11.3 below threshold; MCV 90.1 not microcytic - Mentzer not applicable,10000,10000,20000,Enabled - ZainCash 15% Preventive Subsidy
c2a89613-a983-4df8-b21b-a8b7cb780a70,5.82,25.845,77.511,1.88076,5.14094,4.85,11.3,46.1526,80.0,23.3,29.1,510.0,14.31251157,0.26028,Normocytic hypochromic anemia,16.49,12.0,true,false,false,false,false,true,false,Anemia (Non-Microcytic) - Clinician Review,None,Hb 11.3 below threshold; MCV 80.0 not microcytic - Mentzer not applicable,10000,0,10000,Standard Clearance
5953eeb7-9d4d-46df-8f6a-3053c2098ade,6.78,25.845,77.511,1.88076,5.14094,4.41,9.9,46.1526,78.2,22.4,28.7,294.0,14.31251157,0.26028,Iron deficiency anemia,17.73,12.0,true,true,false,false,true,false,false,Suspected Iron Deficiency,Serum Ferritin Test,Hb 9.9 < 12.0; MCV 78.2 < 80; Mentzer 17.73 >= 13,10000,15000,25000,Enabled - ZainCash 15% Preventive Subsidy
bff28e36-a368-4d74-b7b2-f21676601a82,7.57,25.845,77.511,1.88076,5.14094,1.36,5.2,46.1526,122.1,38.2,31.3,139.0,14.31251157,0.26028,Macrocytic anemia,89.78,12.0,true,false,false,false,false,true,false,Anemia (Non-Microcytic) - Clinician Review,None,Hb 5.2 below threshold; MCV 122.1 not microcytic - Mentzer not applicable,10000,0,10000,Standard Clearance
711154f0-96ee-4969-8d9b-cd5b4bce211e,3.03,25.845,77.511,1.88076,5.14094,3.85,11.1,46.1526,95.6,28.8,30.2,60.0,14.31251157,0.26028,Normocytic hypochromic anemia,24.83,12.0,true,false,false,false,false,true,false,Anemia (Non-Microcytic) - Clinician Review,None,Hb 11.1 below threshold; MCV 95.6 not microcytic - Mentzer not applicable,10000,0,10000,Standard Clearance
a01dd4d3-d509-4f68-8cbb-c8313c9c2672,8.1,25.845,77.511,1.88076,5.14094,4.12,11.2,46.1526,80.8,27.2,33.6,204.0,14.31251157,0.26028,Normocytic normochromic anemia,19.61,12.0,true,false,false,false,false,true,false,Anemia (Non-Microcytic) - Clinician Review,None,Hb 11.2 below threshold; MCV 80.8 not microcytic - Mentzer not applicable,10000,0,10000,Standard Clearance
6b126e3b-fd80-4a66-a584-75d495fdef55,7.9,25.845,77.511,1.88076,5.14094,3.82,10.8,46.1526,87.17,28.27,32.43,158.0,14.31251157,0.26028,Normocytic normochromic anemia,22.82,12.0,true,false,false,false,false,true,false,Anemia (Non-Microcytic) - Clinician Review,None,Hb 10.8 below threshold; MCV 87.17 not microcytic - Mentzer not applicable,10000,0,10000,Standard Clearance
11e5dc24-4e77-4a31-b3aa-60d776ae8fc5,10.0,25.845,77.511,1.88076,5.14094,3.24,8.4,46.1526,77.5,25.9,33.4,208.0,14.31251157,0.26028,Other microcytic anemia,23.92,12.0,true,true,false,false,true,false,false,Suspected Iron Deficiency,Serum Ferritin Test,Hb 8.4 < 12.0; MCV 77.5 < 80; Mentzer 23.92 >= 13,10000,15000,25000,Enabled - ZainCash 15% Preventive Subsidy
a13fb05e-0d7d-4e5b-8fe0-ba4afbca8045,7.6,25.845,77.511,1.88076,5.14094,3.59,11.0,46.1526,90.1,30.5,33.9,156.0,14.31251157,0.26028,Normocytic normochromic anemia,25.1,12.0,true,false,false,false,false,true,false,Anemia (Non-Microcytic) - Clinician Review,None,Hb 11.0 below threshold; MCV 90.1 not microcytic - Mentzer not applicable,10000,0,10000,Standard Clearance
caab0c28-8dc1-4aae-893f-e23d087ca89f,10.5,25.845,77.511,1.88076,5.14094,5.08,14.8,46.1526,86.0,29.2,33.9,356.0,14.31251157,0.26028,Leukemia,16.93,12.0,false,false,false,false,false,false,false,Within Reference Range,None,All evaluated indices within rule thresholds,10000,0,10000,Standard Clearance
2ab6ea4b-be30-48da-bc78-04a59b1ab9c9,9.1,25.845,77.511,1.88076,5.14094,3.96,11.3,46.1526,84.8,28.5,33.6,184.0,14.31251157,0.26028,Normocytic normochromic anemia,21.41,12.0,true,false,false,false,false,true,false,Anemia (Non-Microcytic) - Clinician Review,None,Hb 11.3 below threshold; MCV 84.8 not microcytic - Mentzer not applicable,10000,0,10000,Standard Clearance
d0ef238c-1eed-4dc7-9a9e-a9f0c234c2b6,6.6,25.845,77.511,1.88076,5.14094,5.17,12.0,46.1526,80.85,23.21,28.71,660.0,14.31251157,0.26028,Normocytic hypochromic anemia,15.64,12.0,false,false,false,false,false,false,false,Within Reference Range,None,All evaluated indices within rule thresholds,10000,0,10000,Standard Clearance
081dc904-a262-4de3-a2b7-92004f78217f,5.3,25.845,77.511,1.88076,5.14094,5.03,13.8,46.1526,85.0,27.4,32.3,226.0,14.31251157,0.26028,Healthy,16.9,12.0,false,false,false,false,false,false,false,Within Reference Range,None,All evaluated indices within rule thresholds,10000,0,10000,Standard Clearance
c5604066-6a06-48fe-82ea-0b0d684a7725,5.9,25.845,77.511,1.88076,5.14094,4.22,11.2,46.1526,81.2,26.5,32.6,35.0,14.31251157,0.26028,Normocytic hypochromic anemia,19.24,12.0,true,false,false,false,false,true,false,Anemia (Non-Microcytic) - Clinician Review,None,Hb 11.2 below threshold; MCV 81.2 not microcytic - Mentzer not applicable,10000,0,10000,Standard Clearance
c4380a37-ad07-4321-a768-189d00a59367,6.3,25.845,77.511,1.88076,5.14094,4.61,13.4,46.1526,88.8,29.2,32.9,211.0,14.31251157,0.26028,Healthy,19.26,12.0,false,false,false,false,false,false,false,Within Reference Range,None,All evaluated indices within rule thresholds,10000,0,10000,Standard Clearance
e28cb472-b212-40af-910a-ddbde9dcd8bf,10.9,25.845,77.511,1.88076,5.14094,4.06,11.7,46.1526,85.2,28.8,33.8,191.0,14.31251157,0.26028,Normocytic normochromic anemia,20.99,12.0,true,false,false,false,false,true,false,Anemia (Non-Microcytic) - Clinician Review,None,Hb 11.7 below threshold; MCV 85.2 not microcytic - Mentzer not applicable,10000,0,10000,Standard Clearance
ac255043-a471-49d4-9b1c-4998040ed3a3,8.3,25.845,77.511,1.88076,5.14094,5.27,15.6,46.1526,88.7,29.6,33.3,234.0,14.31251157,0.26028,Healthy,16.83,12.0,false,false,false,false,false,false,false,Within Reference Range,None,All evaluated indices within rule thresholds,10000,0,10000,Standard Clearance
2d5dfc9d-8d53-4a7d-b4ea-89c8caa57f44,6.2,25.845,77.511,1.88076,5.14094,4.36,12.9,46.1526,87.4,29.6,33.8,278.0,14.31251157,0.26028,Normocytic normochromic anemia,20.05,12.0,false,false,false,false,false,false,false,Within Reference Range,None,All evaluated indices within rule thresholds,10000,0,10000,Standard Clearance
faa76302-0dd5-4d8b-a50c-896eb927fe4c,5.3,25.845,77.511,1.88076,5.14094,5.94,16.2,46.1526,80.4,27.3,34.0,160.0,14.31251157,0.26028,Healthy,13.54,12.0,false,false,false,false,false,false,false,Within Reference Range,None,All evaluated indices within rule thresholds,10000,0,10000,Standard Clearance
483df116-caa7-4592-b907-ca01a1e3d1ba,7.1,25.845,77.511,1.88076,5.14094,4.08,12.6,46.1526,95.0,30.8,32.4,183.0,14.31251157,0.26028,Normocytic normochromic anemia,23.28,12.0,false,false,false,false,false,false,false,Within Reference Range,None,All evaluated indices within rule thresholds,10000,0,10000,Standard Clearance
0c9aa9ee-51df-4ffe-91d5-179b4bf49297,9.2,25.845,77.511,1.88076,5.14094,4.47,13.2,46.1526,90.4,29.4,32.6,90.0,14.31251157,0.26028,Thrombocytopenia,20.22,12.0,false,false,false,false,false,false,false,Within Reference Range,None,All evaluated indices within rule thresholds,10000,0,10000,Standard Clearance
41031392-c0c7-4591-987b-008b13e21d3c,4.5,25.845,77.511,1.88076,5.14094,5.11,13.7,46.1526,81.4,26.8,33.0,192.0,14.31251157,0.26028,Healthy,15.93,12.0,false,false,false,false,false,false,false,Within Reference Range,None,All evaluated indices within rule thresholds,10000,0,10000,Standard Clearance
ee68015a-eb2d-44b1-b7a5-fccdbbf7c559,6.7,25.845,77.511,1.88076,5.14094,4.24,13.1,46.1526,95.3,30.9,32.4,217.0,14.31251157,0.26028,Healthy,22.48,12.0,false,false,false,false,false,false,false,Within Reference Range,None,All evaluated indices within rule thresholds,10000,0,10000,Standard Clearance
8f3d6618-f0af-4e39-920c-67558696f1e6,3.5,25.845,77.511,1.88076,5.14094,4.33,13.9,46.1526,94.8,32.1,33.8,151.0,14.31251157,0.26028,Healthy,21.89,12.0,false,false,false,false,false,false,false,Within Reference Range,None,All evaluated indices within rule thresholds,10000,0,10000,Standard Clearance
33af3ee4-1ef1-4162-914d-cba9add20055,2.6,25.845,77.511,1.88076,5.14094,4.62,14.7,46.1526,93.4,31.9,34.1,150.0,14.31251157,0.26028,Healthy,20.22,12.0,false,false,false,false,false,false,false,Within Reference Range,None,All evaluated indices within rule thresholds,10000,0,10000,Standard Clearance
8422d833-ef8c-4b28-accd-9fa683136835,9.2,25.845,77.511,1.88076,5.14094,4.47,13.2,46.1526,90.0,32.6,32.6,90.0,14.31251157,0.26028,Thrombocytopenia,20.13,12.0,false,false,false,false,false,false,false,Within Reference Range,None,All evaluated indices within rule thresholds,10000,0,10000,Standard Clearance
f981ce8f-e00d-460b-a125-5e326e30cb53,4.7,25.845,77.511,1.88076,5.14094,4.9,12.7,46.1526,80.5,32.2,32.2,210.0,14.31251157,0.26028,Normocytic normochromic anemia,16.43,12.0,false,false,false,false,false,false,false,Within Reference Range,None,All evaluated indices within rule thresholds,10000,0,10000,Standard Clearance
52231674-d679-4fde-b2ec-ce0b9f924124,10.0,25.845,77.511,1.88076,5.14094,4.63,13.3,46.1526,88.9,32.5,32.5,271.0,14.31251157,0.26028,Healthy,19.2,12.0,false,false,false,false,false,false,false,Within Reference Range,None,All evaluated indices within rule thresholds,10000,0,10000,Standard Clearance
f7f1455b-622f-41bb-937c-d72b3d47490b,8.1,25.845,77.511,1.88076,5.14094,3.5,11.1,46.1526,97.5,32.6,32.6,283.0,14.31251157,0.26028,Normocytic normochromic anemia,27.86,12.0,true,false,false,false,false,true,false,Anemia (Non-Microcytic) - Clinician Review,None,Hb 11.1 below threshold; MCV 97.5 not microcytic - Mentzer not applicable,10000,0,10000,Standard Clearance
54b9bd12-899b-4082-ade7-ead412c12f5b,5.8,25.845,77.511,1.88076,5.14094,3.79,12.1,46.1526,95.6,31.9,33.4,390.0,14.31251157,0.26028,Normocytic normochromic anemia,25.22,12.0,false,false,false,false,false,false,false,Within Reference Range,None,All evaluated indices within rule thresholds,10000,0,10000,Standard Clearance
489b0fc2-0ea3-4a23-bae7-bb3086eee329,11.1,25.845,77.511,1.88076,5.14094,4.62,14.7,46.1526,93.7,31.8,33.9,170.0,14.31251157,0.26028,Leukemia,20.28,12.0,false,false,true,false,false,false,true,Suspected Systemic Inflammation,C-Reactive Protein (CRP),WBC 11.1 > 11,10000,10000,20000,Enabled - ZainCash 15% Preventive Subsidy
8e92de93-5283-4cc0-ac94-d5141510060d,9.8,25.845,77.511,1.88076,5.14094,4.1,13.1,46.1526,85.9,31.5,31.5,265.0,14.31251157,0.26028,Healthy,20.95,12.0,false,false,false,false,false,false,false,Within Reference Range,None,All evaluated indices within rule thresholds,10000,0,10000,Standard Clearance
460b94c2-a373-49cd-ba5a-a209abfd72d3,7.6,25.845,77.511,1.88076,5.14094,3.17,9.7,46.1526,88.6,30.6,34.5,178.0,14.31251157,0.26028,Normocytic normochromic anemia,27.95,12.0,true,false,false,false,false,true,false,Anemia (Non-Microcytic) - Clinician Review,None,Hb 9.7 below threshold; MCV 88.6 not microcytic - Mentzer not applicable,10000,0,10000,Standard Clearance
bba81d60-a8a9-4486-a64d-4579e0c0afbe,4.2,25.845,77.511,1.88076,5.14094,3.47,12.1,46.1526,87.0,32.6,32.1,180.0,14.31251157,0.26028,Normocytic normochromic anemia,25.07,12.0,false,false,false,false,false,false,false,Within Reference Range,None,All evaluated indices within rule thresholds,10000,0,10000,Standard Clearance
1df77925-1d75-4f1c-a045-4a0ab6c134a3,2.4,25.845,77.511,1.88076,5.14094,4.52,14.7,46.1526,92.4,30.9,33.9,149.0,14.31251157,0.26028,Thrombocytopenia,20.44,12.0,false,false,false,false,false,false,false,Within Reference Range,None,All evaluated indices within rule thresholds,10000,0,10000,Standard Clearance
a98a00d5-4b56-4d6d-828e-9a47291d25bb,10.2,25.845,77.511,1.88076,5.14094,4.53,13.2,46.1526,88.7,31.5,32.3,269.0,14.31251157,0.26028,Leukemia,19.58,12.0,false,false,false,false,false,false,false,Within Reference Range,None,All evaluated indices within rule thresholds,10000,0,10000,Standard Clearance
33933c75-08a9-4c7e-9e42-d4df1d85f6c7,11.5,25.845,77.511,1.88076,5.14094,3.45,12.5,46.1526,86.0,31.2,30.2,264.0,14.31251157,0.26028,Normocytic hypochromic anemia,24.93,12.0,false,false,true,false,false,false,true,Suspected Systemic Inflammation,C-Reactive Protein (CRP),WBC 11.5 > 11,10000,10000,20000,Enabled - ZainCash 15% Preventive Subsidy
07b9635d-9c5f-48b7-ac33-2c57df61752b,4.5,25.845,77.511,1.88076,5.14094,3.54,11.9,46.1526,86.9,31.1,32.5,179.0,14.31251157,0.26028,Normocytic normochromic anemia,24.55,12.0,true,false,false,false,false,true,false,Anemia (Non-Microcytic) - Clinician Review,None,Hb 11.9 below threshold; MCV 86.9 not microcytic - Mentzer not applicable,10000,0,10000,Standard Clearance
19c16af2-0489-464f-8b26-c2ad660b0e17,7.2,25.845,77.511,1.88076,5.14094,4.76,14.4,46.1526,90.1,30.2,33.5,244.0,14.31251157,0.26028,Healthy,18.93,12.0,false,false,false,false,false,false,false,Within Reference Range,None,All evaluated indices within rule thresholds,10000,0,10000,Standard Clearance
6571d96d-b5e6-40d4-9b8b-68f5adfea928,6.7,25.845,77.511,1.88076,5.14094,4.0,12.9,46.1526,93.7,32.3,34.5,312.0,14.31251157,0.26028,Normocytic normochromic anemia,23.42,12.0,false,false,false,false,false,false,false,Within Reference Range,None,All evaluated indices within rule thresholds,10000,0,10000,Standard Clearance
7898683b-d0f0-43c5-af55-c017ff07c951,8.7,25.845,77.511,1.88076,5.14094,4.66,12.2,46.1526,76.6,26.2,34.1,266.0,14.31251157,0.26028,Other microcytic anemia,16.44,12.0,false,true,false,false,false,false,false,Within Reference Range,None,All evaluated indices within rule thresholds,10000,0,10000,Standard Clearance
5f44dc93-e02a-455f-b490-7f068e77b814,7.7,25.845,77.511,1.88076,5.14094,3.42,9.8,46.1526,89.7,28.7,32.0,457.0,14.31251157,0.26028,Normocytic normochromic anemia,26.23,12.0,true,false,false,false,false,true,false,Anemia (Non-Microcytic) - Clinician Review,None,Hb 9.8 below threshold; MCV 89.7 not microcytic - Mentzer not applicable,10000,0,10000,Standard Clearance
ea3dd094-55d4-4fc9-881b-3160f64567fd,6.7,25.845,77.511,1.88076,5.14094,4.65,9.5,46.1526,62.6,20.4,32.6,200.0,14.31251157,0.26028,Other microcytic anemia,13.46,12.0,true,true,false,false,true,false,false,Suspected Iron Deficiency,Serum Ferritin Test,Hb 9.5 < 12.0; MCV 62.6 < 80; Mentzer 13.46 >= 13,10000,15000,25000,Enabled - ZainCash 15% Preventive Subsidy
6a8f1ec6-a556-4e68-8e71-2026cab9e0d2,4.4,25.845,77.511,1.88076,5.14094,4.86,13.5,46.1526,80.7,27.7,34.4,180.0,14.31251157,0.26028,Healthy,16.6,12.0,false,false,false,false,false,false,false,Within Reference Range,None,All evaluated indices within rule thresholds,10000,0,10000,Standard Clearance
a1c6786a-0657-4f2d-aa40-993faeb367bd,5.6,25.845,77.511,1.88076,5.14094,4.85,15.0,46.1526,91.7,31.0,33.8,215.0,14.31251157,0.26028,Healthy,18.91,12.0,false,false,false,false,false,false,false,Within Reference Range,None,All evaluated indices within rule thresholds,10000,0,10000,Standard Clearance
1f09e8fc-3529-45cc-afd0-c4724416a256,9.2,25.845,77.511,1.88076,5.14094,4.47,13.1,46.1526,88.7,29.3,33.0,329.0,14.31251157,0.26028,Healthy,19.84,12.0,false,false,false,false,false,false,false,Within Reference Range,None,All evaluated indices within rule thresholds,10000,0,10000,Standard Clearance
eb992759-3211-47e7-bcd8-47261841e24b,6.48,25.845,77.511,1.88076,5.14094,4.75,13.2,46.1526,86.7,27.9,32.1,174.0,14.31251157,0.26028,Healthy,18.25,12.0,false,false,false,false,false,false,false,Within Reference Range,None,All evaluated indices within rule thresholds,10000,0,10000,Standard Clearance
8e953f13-fa1f-49ee-8bae-3d96bcb879b3,8.8,25.845,77.511,1.88076,5.14094,4.95,15.2,46.1526,89.7,30.6,34.2,279.0,14.31251157,0.26028,Healthy,18.12,12.0,false,false,false,false,false,false,false,Within Reference Range,None,All evaluated indices within rule thresholds,10000,0,10000,Standard Clearance
