transaction_id,hgb,mcv,rbc,mentzer_index,clinical_flag,reflex_recommendation,flag_rationale,total_potential_ticket_iqd,zaincash_gateway_action
9e59d4bc-7523-4368-a850-ba77b5e37ba1,7.3,87.7,2.77,31.66,Anemia (Non-Microcytic) - Clinician Review,None,Hb 7.3 below threshold; MCV 87.7 not microcytic - Mentzer not applicable,10000,Standard Clearance
e9f68931-b3b0-4a59-8f6b-533486e18d79,7.3,88.2,2.84,31.06,Anemia (Non-Microcytic) - Clinician Review,None,Hb 7.3 below threshold; MCV 88.2 not microcytic - Mentzer not applicable,10000,Standard Clearance
f401d01d-81fc-4f9d-865f-72ff6001b27d,9.0,77.0,3.97,19.4,Suspected Iron Deficiency,Serum Ferritin Test,Hb 9.0 < 12.0; MCV 77.0 < 80; Mentzer 19.4 >= 13,25000,Enabled - ZainCash 15% Preventive Subsidy
45aed9fe-ed48-4607-998f-ba9a6daafb67,3.8,77.9,4.22,18.46,Suspected Iron Deficiency,Serum Ferritin Test,Hb 3.8 < 12.0; MCV 77.9 < 80; Mentzer 18.46 >= 13,25000,Enabled - ZainCash 15% Preventive Subsidy
b93921bf-ee43-44fa-9b15-df29d8650b23,8.8,75.2,3.96,18.99,Suspected Iron Deficiency,Serum Ferritin Test,Hb 8.8 < 12.0; MCV 75.2 < 80; Mentzer 18.99 >= 13,25000,Enabled - ZainCash 15% Preventive Subsidy
73b71cfb-774d-4374-9265-58a57c4d1aa4,14.2,87.1,5.15,16.91,Suspected Systemic Inflammation,C-Reactive Protein (CRP),WBC 16.7 > 11,20000,Enabled - ZainCash 15% Preventive Subsidy
0c664e60-080a-464c-8697-74ce1356b7dc,12.0,86.4,4.39,19.68,Within Reference Range,None,All evaluated indices within rule thresholds,10000,Standard Clearance
9b07282a-0437-4b9c-bf97-e1229111de1c,13.2,84.7,4.85,17.46,Within Reference Range,None,All evaluated indices within rule thresholds,10000,Standard Clearance
4492e773-77d4-4017-af5c-87b11febf08b,12.4,85.3,4.57,18.67,Within Reference Range,None,All evaluated indices within rule thresholds,10000,Standard Clearance
7d1d50a3-1e21-4ab9-8764-9c7a2e8fafab,11.0,84.3,4.31,19.56,Anemia (Non-Microcytic) - Clinician Review,None,Hb 11.0 below threshold; MCV 84.3 not microcytic - Mentzer not applicable,10000,Standard Clearance
a7869b6c-fbda-42a3-857e-ec615c0fcdf4,11.0,81.9,4.28,19.14,Anemia (Non-Microcytic) - Clinician Review,None,Hb 11.0 below threshold; MCV 81.9 not microcytic - Mentzer not applicable,10000,Standard Clearance
b611de61-42b6-4c08-8f78-6aa903e171e4,14.6,81.0,5.63,14.39,Within Reference Range,None,All evaluated indices within rule thresholds,10000,Standard Clearance
cfe02ef4-aeaf-4d2c-9962-752ed726801c,13.3,88.7,4.62,19.2,Within Reference Range,None,All evaluated indices within rule thresholds,10000,Standard Clearance
c9059da6-96ca-4261-b045-373159837d66,16.5,86.9,5.78,15.03,Suspected Systemic Inflammation,C-Reactive Protein (CRP),WBC 12.3 > 11,20000,Enabled - ZainCash 15% Preventive Subsidy
521fc46b-4dab-4616-b745-5941aa155e7b,14.5,85.3,5.3,16.09,Within Reference Range,None,All evaluated indices within rule thresholds,10000,Standard Clearance
4ac9ebe6-0268-4554-b7f9-14220b01f82b,13.5,82.4,5.35,15.4,Within Reference Range,None,All evaluated indices within rule thresholds,10000,Standard Clearance
2b8467b5-c4e1-413c-b4a7-79624a50b7eb,9.6,68.6,5.05,13.58,Suspected Iron Deficiency,Serum Ferritin Test,Hb 9.6 < 12.0; MCV 68.6 < 80; Mentzer 13.58 >= 13,25000,Enabled - ZainCash 15% Preventive Subsidy
391f65d7-fea8-4272-a368-1f5e79714039,14.7,81.4,5.5,14.8,Within Reference Range,None,All evaluated indices within rule thresholds,10000,Standard Clearance
acae4d66-a2d6-451a-be3e-ae1f4c673dae,9.6,71.4,4.54,15.73,Suspected Iron Deficiency,Serum Ferritin Test + C-Reactive Protein (CRP),Hb 9.6 < 12.0; MCV 71.4 < 80; Mentzer 15.73 >= 13,35000,Enabled - ZainCash 15% Preventive Subsidy
4bad81b8-040f-4b35-a171-4de64c531fb6,9.8,71.6,4.77,15.01,Suspected Iron Deficiency,Serum Ferritin Test + C-Reactive Protein (CRP),Hb 9.8 < 12.0; MCV 71.6 < 80; Mentzer 15.01 >= 13,35000,Enabled - ZainCash 15% Preventive Subsidy
1a484018-3062-4423-ab27-f8863fccc47f,9.3,89.7,3.31,27.1,Anemia (Non-Microcytic) - Clinician Review,None,Hb 9.3 below threshold; MCV 89.7 not microcytic - Mentzer not applicable,10000,Standard Clearance
be39f2b1-bf0e-45d1-b33c-e54153f22996,13.1,86.4,4.77,18.11,Within Reference Range,None,All evaluated indices within rule thresholds,10000,Standard Clearance
a2dcf5f6-2fdc-40e6-9c32-a086c0856e35,10.5,80.6,4.26,18.92,Anemia (Non-Microcytic) - Clinician Review,None,Hb 10.5 below threshold; MCV 80.6 not microcytic - Mentzer not applicable,10000,Standard Clearance
7970f71d-5cdd-4734-98db-6aad7ed25c61,10.7,86.5,3.99,21.68,Anemia (Non-Microcytic) - Clinician Review,None,Hb 10.7 below threshold; MCV 86.5 not microcytic - Mentzer not applicable,10000,Standard Clearance
41a3908d-c175-4d1e-86ec-9089922c0c2c,13.8,90.2,4.66,19.36,Within Reference Range,None,All evaluated indices within rule thresholds,10000,Standard Clearance
5a3ed4cb-5ca6-42a4-8a5d-8aaf169c23fa,11.9,87.6,4.29,20.42,Anemia (Non-Microcytic) - Clinician Review,None,Hb 11.9 below threshold; MCV 87.6 not microcytic - Mentzer not applicable,10000,Standard Clearance
bdf81c9f-9e4b-4943-b3d3-a59fe9e6f337,10.0,62.1,5.59,11.11,Suspected Thalassemia Trait,Hemoglobin Electrophoresis,Hb 10.0 < 12.0; MCV 62.1 < 80; Mentzer 11.11 < 13,35000,Enabled - ZainCash 15% Preventive Subsidy
4d7922a0-2511-42bd-a383-f282088c53e0,14.4,85.2,5.23,16.29,Within Reference Range,None,All evaluated indices within rule thresholds,10000,Standard Clearance
759b6dd3-fe3a-481b-8c35-de35b996b93e,9.8,86.4,3.72,23.23,Anemia (Non-Microcytic) - Clinician Review,None,Hb 9.8 below threshold; MCV 86.4 not microcytic - Mentzer not applicable,10000,Standard Clearance
e84afaf2-290e-4e20-9ff1-738acbef19ef,11.4,85.1,4.26,19.98,Anemia (Non-Microcytic) - Clinician Review,None,Hb 11.4 below threshold; MCV 85.1 not microcytic - Mentzer not applicable,10000,Standard Clearance
8fe55c7d-8e60-4b45-bd2a-68a87c1d5ed6,10.2,79.7,4.18,19.07,Suspected Iron Deficiency,Serum Ferritin Test,Hb 10.2 < 12.0; MCV 79.7 < 80; Mentzer 19.07 >= 13,25000,Enabled - ZainCash 15% Preventive Subsidy
0fa349dc-8d94-4c39-bfc9-679022785ac7,13.1,81.1,5.08,15.96,Within Reference Range,None,All evaluated indices within rule thresholds,10000,Standard Clearance
0ae1be23-046b-4a0b-bef1-a2d6fb22e91b,11.5,79.9,4.71,16.96,Suspected Iron Deficiency,Serum Ferritin Test,Hb 11.5 < 12.0; MCV 79.9 < 80; Mentzer 16.96 >= 13,25000,Enabled - ZainCash 15% Preventive Subsidy
7c2dfbd9-860d-49ea-84ab-515e85d9b66b,10.3,77.7,4.48,17.34,Suspected Iron Deficiency,Serum Ferritin Test,Hb 10.3 < 12.0; MCV 77.7 < 80; Mentzer 17.34 >= 13,25000,Enabled - ZainCash 15% Preventive Subsidy
7d99c34e-22d1-4304-8538-24c8492070f4,15.9,89.4,5.27,16.96,Within Reference Range,None,All evaluated indices within rule thresholds,10000,Standard Clearance
64476f6e-442a-4572-a301-c7957b915cf6,9.5,81.4,3.84,21.2,Anemia (Non-Microcytic) - Clinician Review,None,Hb 9.5 below threshold; MCV 81.4 not microcytic - Mentzer not applicable,10000,Standard Clearance
7d65ead3-9ed9-4d27-bba0-afe696946fc4,15.9,86.5,5.73,15.1,Within Reference Range,None,All evaluated indices within rule thresholds,10000,Standard Clearance
396c1883-b899-4a1c-a078-65393884b2e7,13.8,90.2,4.66,19.36,Within Reference Range,None,All evaluated indices within rule thresholds,10000,Standard Clearance
7f63e684-b90c-4694-a7aa-c6b8ffa8257b,11.9,86.9,4.47,19.44,Anemia (Non-Microcytic) - Clinician Review,None,Hb 11.9 below threshold; MCV 86.9 not microcytic - Mentzer not applicable,10000,Standard Clearance
818a0d7c-6f12-432a-99ab-391434958e0e,13.9,77.4,5.77,13.41,Suspected Systemic Inflammation,C-Reactive Protein (CRP),WBC 12.8 > 11,20000,Enabled - ZainCash 15% Preventive Subsidy
7e26d7d1-c219-4f15-b164-fb1f97677d43,11.9,87.6,4.29,20.42,Anemia (Non-Microcytic) - Clinician Review,None,Hb 11.9 below threshold; MCV 87.6 not microcytic - Mentzer not applicable,10000,Standard Clearance
5946741a-7c6f-4605-ba47-510a48bfdad0,14.6,78.1,5.95,13.13,Within Reference Range,None,All evaluated indices within rule thresholds,10000,Standard Clearance
e9da01b4-66d1-4e14-b127-0817d7dfc3a4,12.5,83.9,4.62,18.16,Within Reference Range,None,All evaluated indices within rule thresholds,10000,Standard Clearance
8b11ecc0-d7bf-472f-a47a-fdd33334387a,13.7,88.0,4.88,18.03,Within Reference Range,None,All evaluated indices within rule thresholds,10000,Standard Clearance
9a08cfac-48a9-4f49-b6da-7822b644e77c,12.3,82.4,4.53,18.19,Suspected Systemic Inflammation,C-Reactive Protein (CRP),WBC 24.4 > 11,20000,Enabled - ZainCash 15% Preventive Subsidy
bde40686-430c-4ff3-a265-59b86829e82f,7.6,68.6,4.25,16.14,Suspected Iron Deficiency,Serum Ferritin Test,Hb 7.6 < 12.0; MCV 68.6 < 80; Mentzer 16.14 >= 13,25000,Enabled - ZainCash 15% Preventive Subsidy
59dbe691-644e-44d0-a5b5-a0d492f907df,11.7,79.4,4.35,18.25,Suspected Iron Deficiency,Serum Ferritin Test,Hb 11.7 < 12.0; MCV 79.4 < 80; Mentzer 18.25 >= 13,25000,Enabled - ZainCash 15% Preventive Subsidy
c811322a-f080-464a-95a9-5fa77ad0dc41,9.9,77.2,4.26,18.12,Suspected Iron Deficiency,Serum Ferritin Test,Hb 9.9 < 12.0; MCV 77.2 < 80; Mentzer 18.12 >= 13,25000,Enabled - ZainCash 15% Preventive Subsidy
023275bd-baf8-47e2-b5ab-dbbaca63ad7d,13.4,81.8,5.09,16.07,Within Reference Range,None,All evaluated indices within rule thresholds,10000,Standard Clearance
03b5b152-9c64-426f-9e99-bb2e834fa5b9,11.6,78.1,4.67,16.72,Suspected Iron Deficiency,Serum Ferritin Test,Hb 11.6 < 12.0; MCV 78.1 < 80; Mentzer 16.72 >= 13,25000,Enabled - ZainCash 15% Preventive Subsidy
257cea64-0e43-476e-a811-33245e28a68e,15.1,93.5,4.52,20.69,Within Reference Range,None,All evaluated indices within rule thresholds,10000,Standard Clearance
29fb9cf6-f8da-4c72-ba78-f146db4663c8,13.5,74.9,5.17,14.49,Within Reference Range,None,All evaluated indices within rule thresholds,10000,Standard Clearance
a2495ff6-7d34-4b57-b92d-d85f763ba8da,11.8,77.4,4.86,15.93,Suspected Iron Deficiency,Serum Ferritin Test,Hb 11.8 < 12.0; MCV 77.4 < 80; Mentzer 15.93 >= 13,25000,Enabled - ZainCash 15% Preventive Subsidy
30149639-74ea-472a-b1e3-6761fb7e0a06,11.1,74.3,4.94,15.04,Suspected Iron Deficiency,Serum Ferritin Test,Hb 11.1 < 12.0; MCV 74.3 < 80; Mentzer 15.04 >= 13,25000,Enabled - ZainCash 15% Preventive Subsidy
3d639b5d-1a89-4c21-aefc-1827de063b53,13.2,79.3,5.29,14.99,Within Reference Range,None,All evaluated indices within rule thresholds,10000,Standard Clearance
480e4fbb-0443-42e2-99b2-0d1b868c7818,10.3,82.0,4.05,20.25,Anemia (Non-Microcytic) - Clinician Review,None,Hb 10.3 below threshold; MCV 82.0 not microcytic - Mentzer not applicable,10000,Standard Clearance
e2a073c3-994c-4b7b-b47e-1a7a5851423d,11.5,72.6,4.92,14.76,Suspected Iron Deficiency,Serum Ferritin Test + C-Reactive Protein (CRP),Hb 11.5 < 12.0; MCV 72.6 < 80; Mentzer 14.76 >= 13,35000,Enabled - ZainCash 15% Preventive Subsidy
612ab9f4-09a9-4e45-bd04-03b3d19319f1,8.9,68.7,4.56,15.07,Suspected Iron Deficiency,Serum Ferritin Test,Hb 8.9 < 12.0; MCV 68.7 < 80; Mentzer 15.07 >= 13,25000,Enabled - ZainCash 15% Preventive Subsidy
21d4bcb7-753c-4b18-8b46-bc2b17176425,8.8,68.7,4.6,14.93,Suspected Iron Deficiency,Serum Ferritin Test,Hb 8.8 < 12.0; MCV 68.7 < 80; Mentzer 14.93 >= 13,25000,Enabled - ZainCash 15% Preventive Subsidy
737deb11-0c5e-4135-9de1-40586ceb32fd,14.3,85.1,5.22,16.3,Within Reference Range,None,All evaluated indices within rule thresholds,10000,Standard Clearance
6a6ede8c-a523-477f-84b5-90f823aae261,8.5,85.6,3.32,25.78,Anemia (Non-Microcytic) - Clinician Review,C-Reactive Protein (CRP),Hb 8.5 below threshold; MCV 85.6 not microcytic - Mentzer not applicable,20000,Enabled - ZainCash 15% Preventive Subsidy
a67f3a76-57c9-4bca-a856-44be3c7e8097,13.7,85.8,5.14,16.69,Within Reference Range,None,All evaluated indices within rule thresholds,10000,Standard Clearance
849df59f-4faa-4224-99ad-a1046e502943,10.9,68.8,5.34,12.88,Suspected Thalassemia Trait,Hemoglobin Electrophoresis,Hb 10.9 < 12.0; MCV 68.8 < 80; Mentzer 12.88 < 13,35000,Enabled - ZainCash 15% Preventive Subsidy
e37265c4-72b2-4f58-8d15-37d44c8e2779,9.4,82.5,3.95,20.89,Anemia (Non-Microcytic) - Clinician Review,None,Hb 9.4 below threshold; MCV 82.5 not microcytic - Mentzer not applicable,10000,Standard Clearance
d711a3de-bfd6-45f5-a8c0-c4c04c76e1d4,16.7,94.1,5.67,16.6,Within Reference Range,None,All evaluated indices within rule thresholds,10000,Standard Clearance
a6cbc6ba-36a4-4f9a-8344-fed80ddf687b,8.7,70.4,4.35,16.18,Suspected Iron Deficiency,Serum Ferritin Test,Hb 8.7 < 12.0; MCV 70.4 < 80; Mentzer 16.18 >= 13,25000,Enabled - ZainCash 15% Preventive Subsidy
30803c6e-06e8-427d-8713-8428e259d1d0,9.3,69.8,4.72,14.79,Suspected Iron Deficiency,Serum Ferritin Test,Hb 9.3 < 12.0; MCV 69.8 < 80; Mentzer 14.79 >= 13,25000,Enabled - ZainCash 15% Preventive Subsidy
5443627a-9d94-4f2e-b6c1-377b62269d7e,11.5,85.1,4.51,18.87,Anemia (Non-Microcytic) - Clinician Review,None,Hb 11.5 below threshold; MCV 85.1 not microcytic - Mentzer not applicable,10000,Standard Clearance
bc37638d-5243-4913-b598-3da65cad4381,10.9,74.2,5.07,14.64,Suspected Iron Deficiency,Serum Ferritin Test,Hb 10.9 < 12.0; MCV 74.2 < 80; Mentzer 14.64 >= 13,25000,Enabled - ZainCash 15% Preventive Subsidy
6493c2dd-a247-48a8-9768-74fb022625d4,13.0,80.5,5.06,15.91,Within Reference Range,None,All evaluated indices within rule thresholds,10000,Standard Clearance
50606f50-dfe3-4745-9d12-cc4bdb2f7454,12.3,78.3,5.05,15.5,Within Reference Range,None,All evaluated indices within rule thresholds,10000,Standard Clearance
a2c528a8-22f5-46f6-bac8-610b96432d5c,9.3,62.9,5.25,11.98,Suspected Thalassemia Trait,Hemoglobin Electrophoresis,Hb 9.3 < 12.0; MCV 62.9 < 80; Mentzer 11.98 < 13,35000,Enabled - ZainCash 15% Preventive Subsidy
a31687af-e623-4f86-b20c-1b6755fbfc92,9.3,62.9,5.2,12.1,Suspected Thalassemia Trait,Hemoglobin Electrophoresis,Hb 9.3 < 12.0; MCV 62.9 < 80; Mentzer 12.1 < 13,35000,Enabled - ZainCash 15% Preventive Subsidy
366299e3-4537-4cf0-8223-0db910c77433,12.6,89.5,4.4,20.34,Within Reference Range,None,All evaluated indices within rule thresholds,10000,Standard Clearance
8c64b646-22e7-4df4-b385-04c8453c88bd,11.5,87.2,4.12,21.17,Anemia (Non-Microcytic) - Clinician Review,None,Hb 11.5 below threshold; MCV 87.2 not microcytic - Mentzer not applicable,10000,Standard Clearance
644146cc-64dc-4017-a55f-155b0cf918c2,9.5,75.0,4.24,17.69,Suspected Iron Deficiency,Serum Ferritin Test,Hb 9.5 < 12.0; MCV 75.0 < 80; Mentzer 17.69 >= 13,25000,Enabled - ZainCash 15% Preventive Subsidy
39a7a919-ca9f-407a-9627-e9d436f34f4d,15.1,88.4,5.01,17.64,Within Reference Range,None,All evaluated indices within rule thresholds,10000,Standard Clearance
92d81350-270c-4125-ab89-2566ef5e704d,12.3,95.2,3.95,24.1,Within Reference Range,None,All evaluated indices within rule thresholds,10000,Standard Clearance
df49ecba-25bf-481d-8c48-fb2fbe204f42,14.6,87.2,5.06,17.23,Within Reference Range,None,All evaluated indices within rule thresholds,10000,Standard Clearance
32f28d1c-7b9c-4f3e-b20a-6af742064648,13.6,88.1,4.66,18.91,Within Reference Range,None,All evaluated indices within rule thresholds,10000,Standard Clearance
87040a4b-6c57-4d47-b109-c368e28ac4df,11.5,74.5,5.12,14.55,Suspected Iron Deficiency,Serum Ferritin Test,Hb 11.5 < 12.0; MCV 74.5 < 80; Mentzer 14.55 >= 13,25000,Enabled - ZainCash 15% Preventive Subsidy
40037a2c-f2ef-400c-8158-df3d4c0b697a,12.9,80.3,5.2,15.44,Within Reference Range,None,All evaluated indices within rule thresholds,10000,Standard Clearance
50193e68-10bc-4c17-afc6-be4661746c2c,10.5,105.8,3.1,34.13,Anemia (Non-Microcytic) - Clinician Review,None,Hb 10.5 below threshold; MCV 105.8 not microcytic - Mentzer not applicable,10000,Standard Clearance
71c03237-63a3-4c58-9dd8-b675ab1d564c,10.8,106.2,3.15,33.71,Anemia (Non-Microcytic) - Clinician Review,None,Hb 10.8 below threshold; MCV 106.2 not microcytic - Mentzer not applicable,10000,Standard Clearance
f66c8d22-eb8b-45af-b2ae-c10cd6b798be,9.3,73.4,4.28,17.15,Suspected Iron Deficiency,Serum Ferritin Test,Hb 9.3 < 12.0; MCV 73.4 < 80; Mentzer 17.15 >= 13,25000,Enabled - ZainCash 15% Preventive Subsidy
50964d86-892c-4ada-b686-a0b49e7c8ac0,15.6,88.2,5.34,16.52,Within Reference Range,None,All evaluated indices within rule thresholds,10000,Standard Clearance
4480d114-3656-4eb5-a7ac-b6cbd83a532b,10.4,74.0,4.71,15.71,Suspected Iron Deficiency,Serum Ferritin Test,Hb 10.4 < 12.0; MCV 74.0 < 80; Mentzer 15.71 >= 13,25000,Enabled - ZainCash 15% Preventive Subsidy
d4b831f3-561d-43b3-baba-dac92df9f5a7,8.7,79.5,3.59,22.14,Suspected Iron Deficiency,Serum Ferritin Test,Hb 8.7 < 12.0; MCV 79.5 < 80; Mentzer 22.14 >= 13,25000,Enabled - ZainCash 15% Preventive Subsidy
2eb45d06-f3df-4ac1-864b-7a05422db237,14.9,87.8,5.22,16.82,Within Reference Range,None,All evaluated indices within rule thresholds,10000,Standard Clearance
f410cef4-21f2-46d5-b729-e46eb0efdaa4,11.7,84.8,4.4,19.27,Anemia (Non-Microcytic) - Clinician Review,None,Hb 11.7 below threshold; MCV 84.8 not microcytic - Mentzer not applicable,10000,Standard Clearance
b4dcbedd-be60-474e-95f8-e5704107bc3b,12.3,76.7,5.35,14.34,Within Reference Range,None,All evaluated indices within rule thresholds,10000,Standard Clearance
5627fcfa-8d6b-4e2c-93fa-3af0daa59a58,10.0,81.9,3.81,21.5,Anemia (Non-Microcytic) - Clinician Review,C-Reactive Protein (CRP),Hb 10.0 below threshold; MCV 81.9 not microcytic - Mentzer not applicable,20000,Enabled - ZainCash 15% Preventive Subsidy
4856de74-2b6d-4d93-808c-509011195af5,12.6,86.7,4.36,19.89,Within Reference Range,None,All evaluated indices within rule thresholds,10000,Standard Clearance
9ab2b563-4fdd-4a30-8237-80699c95b715,11.1,88.8,4.1,21.66,Anemia (Non-Microcytic) - Clinician Review,None,Hb 11.1 below threshold; MCV 88.8 not microcytic - Mentzer not applicable,10000,Standard Clearance
caff6ef6-ab90-4dcd-bc2b-050bbcc2dcae,9.6,88.2,3.44,25.64,Anemia (Non-Microcytic) - Clinician Review,None,Hb 9.6 below threshold; MCV 88.2 not microcytic - Mentzer not applicable,10000,Standard Clearance
85f615c0-3bd5-4229-a3ad-aa7575f44355,11.2,89.9,4.02,22.36,Anemia (Non-Microcytic) - Clinician Review,None,Hb 11.2 below threshold; MCV 89.9 not microcytic - Mentzer not applicable,10000,Standard Clearance
4a54a1db-5a34-4f11-b0cd-3e01976f4895,11.3,86.8,4.21,20.62,Anemia (Non-Microcytic) - Clinician Review,C-Reactive Protein (CRP),Hb 11.3 below threshold; MCV 86.8 not microcytic - Mentzer not applicable,20000,Enabled - ZainCash 15% Preventive Subsidy
e5810ac4-f32f-41db-94c7-9afff9f77849,12.7,79.4,5.2,15.27,Within Reference Range,None,All evaluated indices within rule thresholds,10000,Standard Clearance
3ce2f62e-8701-4b54-89cb-206da7cce572,12.9,89.8,4.73,18.99,Within Reference Range,None,All evaluated indices within rule thresholds,10000,Standard Clearance
cd94b2ee-f83d-40cb-a474-a57637742a69,10.8,90.7,3.79,23.93,Anemia (Non-Microcytic) - Clinician Review,None,Hb 10.8 below threshold; MCV 90.7 not microcytic - Mentzer not applicable,10000,Standard Clearance
5e006498-fba0-4a28-95dd-1d2c879a5c59,8.3,79.9,3.48,22.96,Suspected Iron Deficiency,Serum Ferritin Test,Hb 8.3 < 12.0; MCV 79.9 < 80; Mentzer 22.96 >= 13,25000,Enabled - ZainCash 15% Preventive Subsidy
51d433bb-81f2-4259-8019-c8ee5b3c12ea,9.8,79.7,4.03,19.78,Suspected Iron Deficiency,Serum Ferritin Test,Hb 9.8 < 12.0; MCV 79.7 < 80; Mentzer 19.78 >= 13,25000,Enabled - ZainCash 15% Preventive Subsidy
d8e3298c-cba6-4427-bf8a-25c432f16ac2,5.9,78.4,2.55,30.75,Suspected Iron Deficiency,Serum Ferritin Test,Hb 5.9 < 12.0; MCV 78.4 < 80; Mentzer 30.75 >= 13,25000,Enabled - ZainCash 15% Preventive Subsidy
3945a729-b208-4209-9596-b743776525ca,10.5,84.4,4.07,20.74,Anemia (Non-Microcytic) - Clinician Review,None,Hb 10.5 below threshold; MCV 84.4 not microcytic - Mentzer not applicable,10000,Standard Clearance
f467338d-b174-4986-84c2-afc9b1ab5c75,11.2,90.6,3.85,23.53,Anemia (Non-Microcytic) - Clinician Review,None,Hb 11.2 below threshold; MCV 90.6 not microcytic - Mentzer not applicable,10000,Standard Clearance
79bd1ca5-4ef4-40a2-9a61-d48376f0d08a,11.8,82.9,4.33,19.15,Anemia (Non-Microcytic) - Clinician Review,None,Hb 11.8 below threshold; MCV 82.9 not microcytic - Mentzer not applicable,10000,Standard Clearance
3e721d3c-48c1-40d9-8107-68c2bd82df07,14.2,82.4,5.06,16.28,Within Reference Range,None,All evaluated indices within rule thresholds,10000,Standard Clearance
3ad0ab71-5389-4e60-90cd-50c87cfbde7d,11.9,82.4,4.7,17.53,Anemia (Non-Microcytic) - Clinician Review,None,Hb 11.9 below threshold; MCV 82.4 not microcytic - Mentzer not applicable,10000,Standard Clearance
1e0e7887-a120-4c1e-949f-0fdd7d84308d,7.2,69.5,3.62,19.2,Suspected Iron Deficiency,Serum Ferritin Test + C-Reactive Protein (CRP),Hb 7.2 < 12.0; MCV 69.5 < 80; Mentzer 19.2 >= 13,35000,Enabled - ZainCash 15% Preventive Subsidy
cdc362ee-2ec7-432a-9d75-9a124938571d,10.8,82.0,4.47,18.34,Anemia (Non-Microcytic) - Clinician Review,C-Reactive Protein (CRP),Hb 10.8 below threshold; MCV 82.0 not microcytic - Mentzer not applicable,20000,Enabled - ZainCash 15% Preventive Subsidy
162bb44f-e1d8-4c5a-ab34-3ae4e1104fa6,9.0,87.1,3.42,25.47,Anemia (Non-Microcytic) - Clinician Review,None,Hb 9.0 below threshold; MCV 87.1 not microcytic - Mentzer not applicable,10000,Standard Clearance
ef327633-48da-44f7-826c-02f9031b0316,8.6,80.3,3.55,22.62,Anemia (Non-Microcytic) - Clinician Review,None,Hb 8.6 below threshold; MCV 80.3 not microcytic - Mentzer not applicable,10000,Standard Clearance
f5659028-dd86-4024-a456-40ea38353ef6,8.7,80.4,3.58,22.46,Anemia (Non-Microcytic) - Clinician Review,None,Hb 8.7 below threshold; MCV 80.4 not microcytic - Mentzer not applicable,10000,Standard Clearance
b82313b0-8c94-461a-82fc-bc42fb66aca3,9.2,82.8,3.87,21.4,Anemia (Non-Microcytic) - Clinician Review,None,Hb 9.2 below threshold; MCV 82.8 not microcytic - Mentzer not applicable,10000,Standard Clearance
2f264098-5720-47bc-b192-da1a90236e91,14.2,87.4,5.25,16.65,Within Reference Range,None,All evaluated indices within rule thresholds,10000,Standard Clearance
8572f534-2c97-419f-9490-6db6018b6797,10.0,83.2,3.9,21.33,Anemia (Non-Microcytic) - Clinician Review,None,Hb 10.0 below threshold; MCV 83.2 not microcytic - Mentzer not applicable,10000,Standard Clearance
48a09a02-badc-4750-8759-f269e9d91b06,11.5,78.7,4.86,16.19,Suspected Iron Deficiency,Serum Ferritin Test,Hb 11.5 < 12.0; MCV 78.7 < 80; Mentzer 16.19 >= 13,25000,Enabled - ZainCash 15% Preventive Subsidy
8283f434-477c-4d58-bac6-ea23ff65363b,11.1,72.8,5.1,14.27,Suspected Iron Deficiency,Serum Ferritin Test,Hb 11.1 < 12.0; MCV 72.8 < 80; Mentzer 14.27 >= 13,25000,Enabled - ZainCash 15% Preventive Subsidy
e6d0e3df-6d43-4bce-aef6-a6fb0f1f36ec,11.6,85.8,4.38,19.59,Anemia (Non-Microcytic) - Clinician Review,C-Reactive Protein (CRP),Hb 11.6 below threshold; MCV 85.8 not microcytic - Mentzer not applicable,20000,Enabled - ZainCash 15% Preventive Subsidy
5cba86ca-c2a2-4a1d-8616-eaa6d0780994,11.8,87.5,4.37,20.02,Anemia (Non-Microcytic) - Clinician Review,None,Hb 11.8 below threshold; MCV 87.5 not microcytic - Mentzer not applicable,10000,Standard Clearance
c29aa0f1-0701-4bd5-8e51-1af53b6d9eeb,14.0,85.9,5.11,16.81,Within Reference Range,None,All evaluated indices within rule thresholds,10000,Standard Clearance
36a50c71-c9e1-45a8-ab22-df8a83aa6ca8,13.2,86.5,4.79,18.06,Within Reference Range,None,All evaluated indices within rule thresholds,10000,Standard Clearance
510a041f-1934-4382-b025-738fe0e386db,6.8,65.1,3.85,16.91,Suspected Iron Deficiency,Serum Ferritin Test + C-Reactive Protein (CRP),Hb 6.8 < 12.0; MCV 65.1 < 80; Mentzer 16.91 >= 13,35000,Enabled - ZainCash 15% Preventive Subsidy
f479617d-fb82-4042-b191-41c3a28c5a8f,10.6,81.0,4.7,17.23,Anemia (Non-Microcytic) - Clinician Review,C-Reactive Protein (CRP),Hb 10.6 below threshold; MCV 81.0 not microcytic - Mentzer not applicable,20000,Enabled - ZainCash 15% Preventive Subsidy
d9eb6d2e-d7ec-4f8f-a678-5d7e0a4b821c,12.3,84.9,4.65,18.26,Within Reference Range,None,All evaluated indices within rule thresholds,10000,Standard Clearance
ff2ef0d0-981d-4e35-9ddc-10dc84483cf4,12.3,84.1,4.58,18.36,Within Reference Range,None,All evaluated indices within rule thresholds,10000,Standard Clearance
254b7bf9-82d2-4b42-a66b-cc7ea3baaac2,12.7,82.1,4.87,16.86,Within Reference Range,None,All evaluated indices within rule thresholds,10000,Standard Clearance
77589715-b6ca-4350-aaf0-6d4e39f9939e,5.0,63.9,3.18,20.09,Suspected Iron Deficiency,Serum Ferritin Test,Hb 5.0 < 12.0; MCV 63.9 < 80; Mentzer 20.09 >= 13,25000,Enabled - ZainCash 15% Preventive Subsidy
de95a6be-5630-4376-90fe-000294dd402e,13.4,83.8,4.87,17.21,Within Reference Range,None,All evaluated indices within rule thresholds,10000,Standard Clearance
0531d4c9-c6e1-4380-bee1-c46e5f747655,6.2,76.5,2.56,29.88,Suspected Iron Deficiency,Serum Ferritin Test + C-Reactive Protein (CRP),Hb 6.2 < 12.0; MCV 76.5 < 80; Mentzer 29.88 >= 13,35000,Enabled - ZainCash 15% Preventive Subsidy
503165f8-2fa9-4508-a629-6f6e55d54534,7.5,64.9,3.88,16.73,Suspected Iron Deficiency,Serum Ferritin Test + C-Reactive Protein (CRP),Hb 7.5 < 12.0; MCV 64.9 < 80; Mentzer 16.73 >= 13,35000,Enabled - ZainCash 15% Preventive Subsidy
30a467cc-0870-4c09-8cdd-770896330561,7.5,64.7,3.88,16.68,Suspected Iron Deficiency,Serum Ferritin Test + C-Reactive Protein (CRP),Hb 7.5 < 12.0; MCV 64.7 < 80; Mentzer 16.68 >= 13,35000,Enabled - ZainCash 15% Preventive Subsidy
5f5c9d79-3e9b-46fd-80be-485945467b22,11.8,64.1,5.75,11.15,Suspected Thalassemia Trait,Hemoglobin Electrophoresis,Hb 11.8 < 12.0; MCV 64.1 < 80; Mentzer 11.15 < 13,35000,Enabled - ZainCash 15% Preventive Subsidy
2b1c5566-cd4a-4cab-bfe2-d2ba88deca7a,14.4,85.5,5.29,16.16,Within Reference Range,None,All evaluated indices within rule thresholds,10000,Standard Clearance
3e4d1667-05b8-400d-bf6e-17a50c346971,13.0,80.8,5.36,15.07,Within Reference Range,None,All evaluated indices within rule thresholds,10000,Standard Clearance
85629356-f71a-47b2-a24e-f08e0fff9581,9.3,71.5,4.62,15.48,Suspected Iron Deficiency,Serum Ferritin Test,Hb 9.3 < 12.0; MCV 71.5 < 80; Mentzer 15.48 >= 13,25000,Enabled - ZainCash 15% Preventive Subsidy
9aaca095-3af7-465a-aaa8-99d6673fb5bc,12.4,84.6,4.73,17.89,Within Reference Range,None,All evaluated indices within rule thresholds,10000,Standard Clearance
8aa18f1a-1504-4ee2-94b6-77a1677c8494,9.3,67.8,4.9,13.84,Suspected Iron Deficiency,Serum Ferritin Test,Hb 9.3 < 12.0; MCV 67.8 < 80; Mentzer 13.84 >= 13,25000,Enabled - ZainCash 15% Preventive Subsidy
c02ac9d2-0264-4900-a9b0-0ed527bc764a,7.3,70.5,3.99,17.67,Suspected Iron Deficiency,Serum Ferritin Test,Hb 7.3 < 12.0; MCV 70.5 < 80; Mentzer 17.67 >= 13,25000,Enabled - ZainCash 15% Preventive Subsidy
044b8673-62ae-4178-9070-41b4b5436620,10.1,82.5,4.21,19.6,Anemia (Non-Microcytic) - Clinician Review,None,Hb 10.1 below threshold; MCV 82.5 not microcytic - Mentzer not applicable,10000,Standard Clearance
7008b144-feb7-47d2-b571-ae9106599930,8.5,71.2,4.4,16.18,Suspected Iron Deficiency,Serum Ferritin Test + C-Reactive Protein (CRP),Hb 8.5 < 12.0; MCV 71.2 < 80; Mentzer 16.18 >= 13,35000,Enabled - ZainCash 15% Preventive Subsidy
2daae61b-9e0e-468e-a084-1a321ecd7764,12.6,88.2,4.47,19.73,Within Reference Range,None,All evaluated indices within rule thresholds,10000,Standard Clearance
a1003417-3c52-436a-8ff8-7212fd5f295e,11.8,90.3,4.22,21.4,Anemia (Non-Microcytic) - Clinician Review,None,Hb 11.8 below threshold; MCV 90.3 not microcytic - Mentzer not applicable,10000,Standard Clearance
0e667983-0a11-4bbe-9be7-ad333e9070a2,11.7,83.2,4.41,18.87,Anemia (Non-Microcytic) - Clinician Review,None,Hb 11.7 below threshold; MCV 83.2 not microcytic - Mentzer not applicable,10000,Standard Clearance
2de8d4fb-8785-40e8-94ce-31c99f1d8c70,9.8,75.9,4.45,17.06,Suspected Iron Deficiency,Serum Ferritin Test,Hb 9.8 < 12.0; MCV 75.9 < 80; Mentzer 17.06 >= 13,25000,Enabled - ZainCash 15% Preventive Subsidy
aaa1a4a2-3676-4093-a2bc-15587d38d0f0,11.7,84.6,4.66,18.15,Anemia (Non-Microcytic) - Clinician Review,None,Hb 11.7 below threshold; MCV 84.6 not microcytic - Mentzer not applicable,10000,Standard Clearance
7b11b52c-76e6-4186-a839-027e8c6208cd,12.0,85.5,4.7,18.19,Within Reference Range,None,All evaluated indices within rule thresholds,10000,Standard Clearance
99aaf36b-f4d4-45ce-baa5-ceb3bb685401,14.9,85.0,5.8,14.66,Within Reference Range,None,All evaluated indices within rule thresholds,10000,Standard Clearance
60bca45e-a338-4c2a-af42-59264cbc1115,11.1,86.4,4.34,19.91,Anemia (Non-Microcytic) - Clinician Review,None,Hb 11.1 below threshold; MCV 86.4 not microcytic - Mentzer not applicable,10000,Standard Clearance
dc3a14ac-a085-4038-bcbb-09a5a48d075c,10.1,89.9,3.86,23.29,Anemia (Non-Microcytic) - Clinician Review,None,Hb 10.1 below threshold; MCV 89.9 not microcytic - Mentzer not applicable,10000,Standard Clearance
1d2d719a-7df7-4df5-8c11-b7a05ff66646,9.3,82.7,3.81,21.71,Anemia (Non-Microcytic) - Clinician Review,C-Reactive Protein (CRP),Hb 9.3 below threshold; MCV 82.7 not microcytic - Mentzer not applicable,20000,Enabled - ZainCash 15% Preventive Subsidy
e295004b-f90b-4944-947a-38ccdec87bc4,10.8,86.5,4.15,20.84,Anemia (Non-Microcytic) - Clinician Review,None,Hb 10.8 below threshold; MCV 86.5 not microcytic - Mentzer not applicable,10000,Standard Clearance
efcb7bce-4935-41ec-83b2-736a1b4d4324,11.3,91.6,4.27,21.45,Anemia (Non-Microcytic) - Clinician Review,None,Hb 11.3 below threshold; MCV 91.6 not microcytic - Mentzer not applicable,10000,Standard Clearance
2ca8386b-e179-42ea-a48e-2941ee552ac5,9.9,78.8,4.43,17.79,Suspected Iron Deficiency,Serum Ferritin Test,Hb 9.9 < 12.0; MCV 78.8 < 80; Mentzer 17.79 >= 13,25000,Enabled - ZainCash 15% Preventive Subsidy
c4320ba2-e9c0-4699-8bfc-ea136658ea12,13.0,87.9,4.87,18.05,Within Reference Range,None,All evaluated indices within rule thresholds,10000,Standard Clearance
4e43afd4-e887-4d25-b527-47dca90c2bea,11.8,72.8,5.5,13.24,Suspected Iron Deficiency,Serum Ferritin Test + C-Reactive Protein (CRP),Hb 11.8 < 12.0; MCV 72.8 < 80; Mentzer 13.24 >= 13,35000,Enabled - ZainCash 15% Preventive Subsidy
36bc0242-c962-4f75-b2cd-4580969a83cb,13.1,88.1,4.79,18.39,Within Reference Range,None,All evaluated indices within rule thresholds,10000,Standard Clearance
a4bbdecd-dc21-49db-ae99-22eab35398c5,15.4,87.3,5.71,15.29,Within Reference Range,None,All evaluated indices within rule thresholds,10000,Standard Clearance
7443bbf7-fbde-40f7-b2ad-c88145d91418,13.2,80.9,5.5,14.71,Within Reference Range,None,All evaluated indices within rule thresholds,10000,Standard Clearance
b597db0c-8bba-4a10-ab41-7b8e704658c2,15.1,88.9,5.38,16.52,Within Reference Range,None,All evaluated indices within rule thresholds,10000,Standard Clearance
01374145-77c9-402a-90eb-170baf50b4eb,12.6,82.5,5.14,16.05,Within Reference Range,None,All evaluated indices within rule thresholds,10000,Standard Clearance
8c69a0de-4e96-4a17-9f48-520fb2c7bf22,11.8,85.9,4.55,18.88,Anemia (Non-Microcytic) - Clinician Review,None,Hb 11.8 below threshold; MCV 85.9 not microcytic - Mentzer not applicable,10000,Standard Clearance
2c84ef0d-424e-465d-a1b7-e676ec0b5665,11.5,85.8,4.44,19.32,Anemia (Non-Microcytic) - Clinician Review,None,Hb 11.5 below threshold; MCV 85.8 not microcytic - Mentzer not applicable,10000,Standard Clearance
77230087-0948-4885-9c11-4666b1e43e65,11.7,90.0,4.24,21.23,Anemia (Non-Microcytic) - Clinician Review,None,Hb 11.7 below threshold; MCV 90.0 not microcytic - Mentzer not applicable,10000,Standard Clearance
51a7dcb0-0b58-4aa1-90b5-a6cfd23d2485,15.9,84.2,5.99,14.06,Suspected Systemic Inflammation,C-Reactive Protein (CRP),WBC 13.0 > 11,20000,Enabled - ZainCash 15% Preventive Subsidy
392931be-7dcc-4fa6-8e27-4cf396e6372c,10.7,81.6,4.5,18.13,Anemia (Non-Microcytic) - Clinician Review,None,Hb 10.7 below threshold; MCV 81.6 not microcytic - Mentzer not applicable,10000,Standard Clearance
b33eba20-bf27-4bb6-99c3-e295d2ae6524,12.2,85.7,4.73,18.12,Within Reference Range,None,All evaluated indices within rule thresholds,10000,Standard Clearance
0419a73a-8158-4759-b533-303379530f3d,10.0,75.9,4.61,16.46,Suspected Iron Deficiency,Serum Ferritin Test,Hb 10.0 < 12.0; MCV 75.9 < 80; Mentzer 16.46 >= 13,25000,Enabled - ZainCash 15% Preventive Subsidy
1f8ab7de-57a9-49a4-94d9-4d01c5c59fdf,10.5,82.2,4.33,18.98,Anemia (Non-Microcytic) - Clinician Review,None,Hb 10.5 below threshold; MCV 82.2 not microcytic - Mentzer not applicable,10000,Standard Clearance
0d8e863a-c236-4b72-9616-3dc03a097703,10.3,80.8,4.41,18.32,Anemia (Non-Microcytic) - Clinician Review,None,Hb 10.3 below threshold; MCV 80.8 not microcytic - Mentzer not applicable,10000,Standard Clearance
71c1d234-7284-4e69-8d81-f2699748a88c,10.5,80.7,4.54,17.78,Anemia (Non-Microcytic) - Clinician Review,None,Hb 10.5 below threshold; MCV 80.7 not microcytic - Mentzer not applicable,10000,Standard Clearance
d36dd85f-dd74-47aa-a80d-229127c596bd,13.7,93.8,4.68,20.04,Within Reference Range,None,All evaluated indices within rule thresholds,10000,Standard Clearance
34436633-7c0d-43e7-836e-440ec3173492,8.6,59.1,5.38,10.99,Suspected Thalassemia Trait,Hemoglobin Electrophoresis,Hb 8.6 < 12.0; MCV 59.1 < 80; Mentzer 10.99 < 13,35000,Enabled - ZainCash 15% Preventive Subsidy
b15e8282-79d2-41cd-a549-3d5a6eb52b88,10.6,75.5,4.8,15.73,Suspected Iron Deficiency,Serum Ferritin Test,Hb 10.6 < 12.0; MCV 75.5 < 80; Mentzer 15.73 >= 13,25000,Enabled - ZainCash 15% Preventive Subsidy
aaacaad8-d3bc-421e-ab3b-807639d73465,14.2,86.2,5.29,16.29,Within Reference Range,None,All evaluated indices within rule thresholds,10000,Standard Clearance
de9ce045-5060-4b9e-8dae-e318fded3db2,11.4,84.2,4.57,18.42,Anemia (Non-Microcytic) - Clinician Review,None,Hb 11.4 below threshold; MCV 84.2 not microcytic - Mentzer not applicable,10000,Standard Clearance
715b11b1-480c-42a9-8eec-e3d24551d4f2,11.4,88.8,4.19,21.19,Anemia (Non-Microcytic) - Clinician Review,None,Hb 11.4 below threshold; MCV 88.8 not microcytic - Mentzer not applicable,10000,Standard Clearance
c0464776-7f2a-484f-b847-eaa972745ee8,13.3,84.6,5.01,16.89,Within Reference Range,None,All evaluated indices within rule thresholds,10000,Standard Clearance
b6399144-f631-411b-95e1-6ed7b4ea266d,7.7,73.7,3.77,19.55,Suspected Iron Deficiency,Serum Ferritin Test,Hb 7.7 < 12.0; MCV 73.7 < 80; Mentzer 19.55 >= 13,25000,Enabled - ZainCash 15% Preventive Subsidy
8d93fdf3-1f63-4976-b25c-9d0279869dd7,10.8,83.9,4.31,19.47,Anemia (Non-Microcytic) - Clinician Review,None,Hb 10.8 below threshold; MCV 83.9 not microcytic - Mentzer not applicable,10000,Standard Clearance
bdc0a825-fac2-4373-8bc0-765a5d49ff6b,10.9,74.0,4.94,14.98,Suspected Iron Deficiency,Serum Ferritin Test,Hb 10.9 < 12.0; MCV 74.0 < 80; Mentzer 14.98 >= 13,25000,Enabled - ZainCash 15% Preventive Subsidy
8b76585e-1659-42a4-91f5-828d1fd56228,12.7,87.5,4.67,18.74,Within Reference Range,None,All evaluated indices within rule thresholds,10000,Standard Clearance
233ed3f6-0df8-43c7-bcde-5e2b0f4a5c21,11.6,86.2,4.3,20.05,Anemia (Non-Microcytic) - Clinician Review,None,Hb 11.6 below threshold; MCV 86.2 not microcytic - Mentzer not applicable,10000,Standard Clearance
0c00b9da-e02c-40eb-afd4-bfd61cee8fb9,11.7,86.6,4.43,19.55,Anemia (Non-Microcytic) - Clinician Review,None,Hb 11.7 below threshold; MCV 86.6 not microcytic - Mentzer not applicable,10000,Standard Clearance
982827ae-5f3f-4c79-a5f1-8da8e7be2277,9.3,78.0,3.95,19.75,Suspected Iron Deficiency,Serum Ferritin Test,Hb 9.3 < 12.0; MCV 78.0 < 80; Mentzer 19.75 >= 13,25000,Enabled - ZainCash 15% Preventive Subsidy
58a67ce0-e917-4d96-9952-3aa78ace2fc4,13.4,85.7,4.93,17.38,Within Reference Range,None,All evaluated indices within rule thresholds,10000,Standard Clearance
1b2bd49d-2ed7-4fa7-ad10-2913b7b80dc2,12.5,85.4,4.66,18.33,Within Reference Range,None,All evaluated indices within rule thresholds,10000,Standard Clearance
9e98f9c7-283b-40d4-a40e-b323f9b79663,7.4,69.9,3.94,17.74,Suspected Iron Deficiency,Serum Ferritin Test,Hb 7.4 < 12.0; MCV 69.9 < 80; Mentzer 17.74 >= 13,25000,Enabled - ZainCash 15% Preventive Subsidy
7822607c-b7b3-46b1-a70d-367c4196cbf2,12.1,87.3,4.52,19.31,Within Reference Range,None,All evaluated indices within rule thresholds,10000,Standard Clearance
93fd9f4e-b898-4d65-a22a-b672d7da2260,10.0,77.3,4.54,17.03,Suspected Iron Deficiency,Serum Ferritin Test,Hb 10.0 < 12.0; MCV 77.3 < 80; Mentzer 17.03 >= 13,25000,Enabled - ZainCash 15% Preventive Subsidy
884505e2-7d1f-4715-8a8a-c0eaea81a087,6.3,67.6,3.66,18.47,Suspected Iron Deficiency,Serum Ferritin Test,Hb 6.3 < 12.0; MCV 67.6 < 80; Mentzer 18.47 >= 13,25000,Enabled - ZainCash 15% Preventive Subsidy
4082311e-cb7d-4ee3-bf0f-8964b70bfd5b,9.3,72.3,4.44,16.28,Suspected Iron Deficiency,Serum Ferritin Test,Hb 9.3 < 12.0; MCV 72.3 < 80; Mentzer 16.28 >= 13,25000,Enabled - ZainCash 15% Preventive Subsidy
4f2b4520-69b0-45a7-a773-7f77a5c5e856,12.5,84.7,4.61,18.37,Within Reference Range,None,All evaluated indices within rule thresholds,10000,Standard Clearance
f60d9e1b-7992-4ff0-9f29-3f28ee071f43,7.3,87.7,2.77,31.66,Anemia (Non-Microcytic) - Clinician Review,None,Hb 7.3 below threshold; MCV 87.7 not microcytic - Mentzer not applicable,10000,Standard Clearance
eff5f236-dc97-43e8-8ec5-d6f4e59ad4cc,7.3,88.2,2.84,31.06,Anemia (Non-Microcytic) - Clinician Review,None,Hb 7.3 below threshold; MCV 88.2 not microcytic - Mentzer not applicable,10000,Standard Clearance
9258a9cd-9ad1-4696-99a5-52197b47c99a,9.8,77.9,4.22,18.46,Suspected Iron Deficiency,Serum Ferritin Test,Hb 9.8 < 12.0; MCV 77.9 < 80; Mentzer 18.46 >= 13,25000,Enabled - ZainCash 15% Preventive Subsidy
43a56e7c-ca01-4af1-9791-4d4d494e7685,9.4,80.6,3.93,20.51,Anemia (Non-Microcytic) - Clinician Review,None,Hb 9.4 below threshold; MCV 80.6 not microcytic - Mentzer not applicable,10000,Standard Clearance
c540f798-81d9-40fc-b310-08d0358f3db5,8.8,75.2,3.96,18.99,Suspected Iron Deficiency,Serum Ferritin Test,Hb 8.8 < 12.0; MCV 75.2 < 80; Mentzer 18.99 >= 13,25000,Enabled - ZainCash 15% Preventive Subsidy
2c47b11f-2016-49cc-a3b0-064ef98d7e47,13.2,83.1,5.09,16.33,Within Reference Range,None,All evaluated indices within rule thresholds,10000,Standard Clearance
8572149b-16d1-488b-ae4b-fe6418ca4808,12.4,85.3,4.57,18.67,Within Reference Range,None,All evaluated indices within rule thresholds,10000,Standard Clearance
40d86f1d-1792-4b39-94a2-8b1b05e0e340,11.0,84.3,4.31,19.56,Anemia (Non-Microcytic) - Clinician Review,None,Hb 11.0 below threshold; MCV 84.3 not microcytic - Mentzer not applicable,10000,Standard Clearance
02e37153-fe74-46f5-be47-7962e24cddb6,11.3,84.5,4.25,19.88,Anemia (Non-Microcytic) - Clinician Review,None,Hb 11.3 below threshold; MCV 84.5 not microcytic - Mentzer not applicable,10000,Standard Clearance
b46373cd-a563-46a0-b491-03fec323a51e,11.2,80.9,4.41,18.34,Anemia (Non-Microcytic) - Clinician Review,None,Hb 11.2 below threshold; MCV 80.9 not microcytic - Mentzer not applicable,10000,Standard Clearance
613d39f2-2641-4455-b32e-0d87cf6cd5e3,14.0,80.2,5.26,15.25,Within Reference Range,None,All evaluated indices within rule thresholds,10000,Standard Clearance
e6ed0a5c-b475-42b5-9be4-34a850bd7242,15.1,85.3,5.11,16.69,Within Reference Range,None,All evaluated indices within rule thresholds,10000,Standard Clearance
adcde535-1405-44ee-aea5-6eba0a3bf202,9.3,65.9,4.45,14.81,Suspected Iron Deficiency,Serum Ferritin Test,Hb 9.3 < 12.0; MCV 65.9 < 80; Mentzer 14.81 >= 13,25000,Enabled - ZainCash 15% Preventive Subsidy
e0f96059-2000-4e52-98a2-ae553be9372e,13.0,86.6,4.64,18.66,Within Reference Range,None,All evaluated indices within rule thresholds,10000,Standard Clearance
48a10d98-ad15-497f-a55d-042e74ba71a4,11.2,72.7,4.97,14.63,Suspected Iron Deficiency,Serum Ferritin Test + C-Reactive Protein (CRP),Hb 11.2 < 12.0; MCV 72.7 < 80; Mentzer 14.63 >= 13,35000,Enabled - ZainCash 15% Preventive Subsidy
efa21db6-cb62-42e5-b308-45e20bc28582,9.6,75.3,3.91,19.26,Suspected Iron Deficiency,Serum Ferritin Test + C-Reactive Protein (CRP),Hb 9.6 < 12.0; MCV 75.3 < 80; Mentzer 19.26 >= 13,35000,Enabled - ZainCash 15% Preventive Subsidy
c630aaf9-e39d-4161-b924-a61bb1a53c40,13.3,85.9,4.69,18.32,Within Reference Range,None,All evaluated indices within rule thresholds,10000,Standard Clearance
8760ef33-0c4b-48b3-b949-e036c058e83c,11.5,78.5,4.76,16.49,Suspected Iron Deficiency,Serum Ferritin Test,Hb 11.5 < 12.0; MCV 78.5 < 80; Mentzer 16.49 >= 13,25000,Enabled - ZainCash 15% Preventive Subsidy
3364835b-c42c-4169-a504-79ae44dbb07d,10.3,87.2,3.85,22.65,Anemia (Non-Microcytic) - Clinician Review,None,Hb 10.3 below threshold; MCV 87.2 not microcytic - Mentzer not applicable,10000,Standard Clearance
61d5f1bf-d3e5-45fd-9dc2-f62bb2c253e2,7.3,88.2,2.84,31.06,Anemia (Non-Microcytic) - Clinician Review,None,Hb 7.3 below threshold; MCV 88.2 not microcytic - Mentzer not applicable,10000,Standard Clearance
79e867f0-5b14-4e53-8a92-194cc83f4b7e,9.4,80.6,3.93,20.51,Anemia (Non-Microcytic) - Clinician Review,None,Hb 9.4 below threshold; MCV 80.6 not microcytic - Mentzer not applicable,10000,Standard Clearance
d67a5d27-81fc-48fe-8472-8fe71caca1bb,16.5,86.9,2.26,38.45,Suspected Systemic Inflammation,C-Reactive Protein (CRP),WBC 12.3 > 11,20000,Enabled - ZainCash 15% Preventive Subsidy
349dd9cc-572a-4cb9-a2cb-2c6401b71aa1,10.3,84.8,4.0,21.2,Anemia (Non-Microcytic) - Clinician Review,None,Hb 10.3 below threshold; MCV 84.8 not microcytic - Mentzer not applicable,10000,Standard Clearance
6b7d2ec0-5cca-408c-969b-26ec5364870f,14.2,85.5,5.34,16.01,Within Reference Range,None,All evaluated indices within rule thresholds,10000,Standard Clearance
47b137ec-e7ab-4751-a510-b9856e651d46,13.7,92.7,4.65,19.94,Within Reference Range,None,All evaluated indices within rule thresholds,10000,Standard Clearance
6d57433e-b885-42af-904c-c0f2b524d5e7,14.5,85.3,5.69,14.99,Within Reference Range,None,All evaluated indices within rule thresholds,10000,Standard Clearance
b36c8b39-047a-4671-944a-ddf74fa01c36,9.8,68.1,4.97,13.7,Suspected Iron Deficiency,Serum Ferritin Test,Hb 9.8 < 12.0; MCV 68.1 < 80; Mentzer 13.7 >= 13,25000,Enabled - ZainCash 15% Preventive Subsidy
e8ec99f1-e654-42df-a67e-9b785e70468f,10.6,79.6,4.43,17.97,Suspected Iron Deficiency,Serum Ferritin Test,Hb 10.6 < 12.0; MCV 79.6 < 80; Mentzer 17.97 >= 13,25000,Enabled - ZainCash 15% Preventive Subsidy
75df77fd-1663-4ec1-af7f-23dfa7946cf0,15.1,85.7,5.39,15.9,Within Reference Range,None,All evaluated indices within rule thresholds,10000,Standard Clearance
cc93c112-cfcd-4c7c-bb09-5a79aaf267c5,10.7,84.6,4.16,20.34,Anemia (Non-Microcytic) - Clinician Review,C-Reactive Protein (CRP),Hb 10.7 below threshold; MCV 84.6 not microcytic - Mentzer not applicable,20000,Enabled - ZainCash 15% Preventive Subsidy
09cd2803-7534-48c2-943e-49f37f3ccac2,10.0,74.4,4.66,15.97,Suspected Iron Deficiency,Serum Ferritin Test,Hb 10.0 < 12.0; MCV 74.4 < 80; Mentzer 15.97 >= 13,25000,Enabled - ZainCash 15% Preventive Subsidy
37077ead-7f1b-4b8f-8b6a-5e15eab78f0b,10.6,76.2,4.89,15.58,Suspected Iron Deficiency,Serum Ferritin Test,Hb 10.6 < 12.0; MCV 76.2 < 80; Mentzer 15.58 >= 13,25000,Enabled - ZainCash 15% Preventive Subsidy
e272e735-8266-4627-8050-c29e85058dc8,14.1,87.2,5.09,17.13,Within Reference Range,None,All evaluated indices within rule thresholds,10000,Standard Clearance
da944311-c553-484e-9936-d69fdabf6b53,13.0,69.3,6.67,10.39,Suspected Systemic Inflammation,C-Reactive Protein (CRP),WBC 11.5 > 11,20000,Enabled - ZainCash 15% Preventive Subsidy
02f634fe-c29f-4416-b475-499142a390ac,11.3,84.2,4.45,18.92,Anemia (Non-Microcytic) - Clinician Review,None,Hb 11.3 below threshold; MCV 84.2 not microcytic - Mentzer not applicable,10000,Standard Clearance
dcec506f-056a-4fb3-81a3-b4a9841545ac,12.1,83.9,4.73,17.74,Within Reference Range,None,All evaluated indices within rule thresholds,10000,Standard Clearance
bacd9819-63f6-41ec-ace0-314d1af8ff2a,11.7,85.8,4.5,19.07,Anemia (Non-Microcytic) - Clinician Review,None,Hb 11.7 below threshold; MCV 85.8 not microcytic - Mentzer not applicable,10000,Standard Clearance
73ebcb2b-7ccd-43c6-b08b-afaa03398f87,10.6,80.6,4.35,18.53,Anemia (Non-Microcytic) - Clinician Review,None,Hb 10.6 below threshold; MCV 80.6 not microcytic - Mentzer not applicable,10000,Standard Clearance
ad0cd64f-0aeb-45e3-8cd6-c59275b59765,15.3,86.3,5.74,15.03,Within Reference Range,None,All evaluated indices within rule thresholds,10000,Standard Clearance
73379792-a8f0-424a-b086-3ba59cb305c7,15.2,85.2,5.5,15.49,Within Reference Range,None,All evaluated indices within rule thresholds,10000,Standard Clearance
79dc0977-f5fa-451b-a00a-e8d35bab8d42,15.2,84.9,5.37,15.81,Within Reference Range,None,All evaluated indices within rule thresholds,10000,Standard Clearance
942f89ce-3f4d-47fd-b37b-650fc2e7d418,14.9,85.3,5.54,15.4,Within Reference Range,None,All evaluated indices within rule thresholds,10000,Standard Clearance
7b61736a-c7d8-44ef-b37b-859029c845c3,13.1,63.9,4.73,13.51,Within Reference Range,None,All evaluated indices within rule thresholds,10000,Standard Clearance
c4f82c47-72ac-4092-9448-50049322f144,13.0,90.3,4.59,19.67,Within Reference Range,None,All evaluated indices within rule thresholds,10000,Standard Clearance
94113afc-210d-4e94-93b1-c8eb9c736c04,11.6,79.3,4.93,16.09,Suspected Iron Deficiency,Serum Ferritin Test,Hb 11.6 < 12.0; MCV 79.3 < 80; Mentzer 16.09 >= 13,25000,Enabled - ZainCash 15% Preventive Subsidy
5e104573-3bf7-45b9-b768-4267807e2eb9,13.7,86.8,5.0,17.36,Within Reference Range,None,All evaluated indices within rule thresholds,10000,Standard Clearance
75a4d1df-4c50-4371-9260-d19e472877e8,12.6,82.9,4.94,16.78,Within Reference Range,None,All evaluated indices within rule thresholds,10000,Standard Clearance
5e0ca691-4c56-4052-8c65-e10ebd42084e,8.2,65.12,4.49,14.5,Suspected Iron Deficiency,Serum Ferritin Test,Hb 8.2 < 12.0; MCV 65.12 < 80; Mentzer 14.5 >= 13,25000,Enabled - ZainCash 15% Preventive Subsidy
943007f1-5bd8-4db0-b2fc-e1ede325f772,13.0,69.3,6.67,10.39,Suspected Systemic Inflammation,C-Reactive Protein (CRP),WBC 11.5 > 11,20000,Enabled - ZainCash 15% Preventive Subsidy
e19803de-f633-4799-9108-f390b7754bfa,11.3,84.2,4.45,18.92,Anemia (Non-Microcytic) - Clinician Review,None,Hb 11.3 below threshold; MCV 84.2 not microcytic - Mentzer not applicable,10000,Standard Clearance
3944b8a3-2228-4d96-a095-4073349c8a88,11.7,85.8,4.5,19.07,Anemia (Non-Microcytic) - Clinician Review,None,Hb 11.7 below threshold; MCV 85.8 not microcytic - Mentzer not applicable,10000,Standard Clearance
63baf193-d13c-49e4-9407-2037cb36d3fe,10.6,80.6,4.35,18.53,Anemia (Non-Microcytic) - Clinician Review,None,Hb 10.6 below threshold; MCV 80.6 not microcytic - Mentzer not applicable,10000,Standard Clearance
c3cb3ee8-9499-464b-9032-0b8c6a441d2f,9.3,66.6,4.83,13.79,Suspected Iron Deficiency,Serum Ferritin Test,Hb 9.3 < 12.0; MCV 66.6 < 80; Mentzer 13.79 >= 13,25000,Enabled - ZainCash 15% Preventive Subsidy
1260a805-ccf2-4518-b40f-1b3cbd88bdf2,9.5,72.5,4.5,16.11,Suspected Iron Deficiency,Serum Ferritin Test,Hb 9.5 < 12.0; MCV 72.5 < 80; Mentzer 16.11 >= 13,25000,Enabled - ZainCash 15% Preventive Subsidy
1082869c-824b-4469-80fd-a4986f63087a,15.4,90.2,5.43,16.61,Within Reference Range,None,All evaluated indices within rule thresholds,10000,Standard Clearance
869507fe-3095-4e08-aad4-a7b1084a921a,5.8,73.9,3.1,23.84,Suspected Iron Deficiency,Serum Ferritin Test,Hb 5.8 < 12.0; MCV 73.9 < 80; Mentzer 23.84 >= 13,25000,Enabled - ZainCash 15% Preventive Subsidy
97e5dfce-54ee-4655-8da6-53b1bfc0acc3,9.0,74.3,4.0,18.58,Suspected Iron Deficiency,Serum Ferritin Test,Hb 9.0 < 12.0; MCV 74.3 < 80; Mentzer 18.58 >= 13,25000,Enabled - ZainCash 15% Preventive Subsidy
7486e893-dbd5-441f-8a99-e938f231fda1,14.6,85.2,5.38,15.84,Within Reference Range,None,All evaluated indices within rule thresholds,10000,Standard Clearance
66e33ddb-1bf1-4970-b71c-013b835274a9,11.3,88.6,3.89,22.78,Anemia (Non-Microcytic) - Clinician Review,None,Hb 11.3 below threshold; MCV 88.6 not microcytic - Mentzer not applicable,10000,Standard Clearance
064ef70b-9187-49d8-9532-f228e8f4c46a,14.6,89.6,4.82,18.59,Within Reference Range,None,All evaluated indices within rule thresholds,10000,Standard Clearance
12640f89-402f-43ef-9645-572327253918,14.2,82.3,5.37,15.33,Within Reference Range,None,All evaluated indices within rule thresholds,10000,Standard Clearance
fbc53e21-da12-4765-b313-5180b1ecf63c,13.4,86.5,4.8,18.02,Within Reference Range,None,All evaluated indices within rule thresholds,10000,Standard Clearance
5a910a92-4bc0-4a0c-bbd9-80546b375176,11.7,78.8,4.77,16.52,Suspected Iron Deficiency,Serum Ferritin Test,Hb 11.7 < 12.0; MCV 78.8 < 80; Mentzer 16.52 >= 13,25000,Enabled - ZainCash 15% Preventive Subsidy
9e4ec6aa-16fc-41e1-97c4-67b7a2d854b0,15.1,85.9,5.39,15.94,Within Reference Range,None,All evaluated indices within rule thresholds,10000,Standard Clearance
904dd0b0-d219-45dd-80c7-63bdb829e8f5,11.1,83.7,4.37,19.15,Anemia (Non-Microcytic) - Clinician Review,None,Hb 11.1 below threshold; MCV 83.7 not microcytic - Mentzer not applicable,10000,Standard Clearance
c53cbf9f-869d-493b-af56-3a0a70c638fb,10.5,78.6,4.49,17.51,Suspected Iron Deficiency,Serum Ferritin Test,Hb 10.5 < 12.0; MCV 78.6 < 80; Mentzer 17.51 >= 13,25000,Enabled - ZainCash 15% Preventive Subsidy
200daad2-54ce-4b0d-9cff-ed62817ceaf8,14.6,86.7,5.25,16.51,Within Reference Range,None,All evaluated indices within rule thresholds,10000,Standard Clearance
6a7138b0-8192-480c-a18b-697bd687d774,11.8,80.9,4.7,17.21,Anemia (Non-Microcytic) - Clinician Review,None,Hb 11.8 below threshold; MCV 80.9 not microcytic - Mentzer not applicable,10000,Standard Clearance
8f5971f4-4561-4cf0-8243-bc48aaa54556,6.6,59.2,4.62,12.81,Suspected Thalassemia Trait,Hemoglobin Electrophoresis,Hb 6.6 < 12.0; MCV 59.2 < 80; Mentzer 12.81 < 13,35000,Enabled - ZainCash 15% Preventive Subsidy
cdaaf23a-8a58-487e-b221-cddb6e549204,11.3,85.7,4.27,20.07,Anemia (Non-Microcytic) - Clinician Review,None,Hb 11.3 below threshold; MCV 85.7 not microcytic - Mentzer not applicable,10000,Standard Clearance
dba3719f-e106-4585-8239-a228d954e62b,14.5,90.8,4.82,18.84,Within Reference Range,None,All evaluated indices within rule thresholds,10000,Standard Clearance
4028c919-2799-4111-90f3-8ad42aa2f1f2,11.3,85.7,4.27,20.07,Anemia (Non-Microcytic) - Clinician Review,None,Hb 11.3 below threshold; MCV 85.7 not microcytic - Mentzer not applicable,10000,Standard Clearance
a9fcded5-3cb4-464f-b792-1f337a20695d,10.5,83.3,4.05,20.57,Anemia (Non-Microcytic) - Clinician Review,None,Hb 10.5 below threshold; MCV 83.3 not microcytic - Mentzer not applicable,10000,Standard Clearance
1b8ae07c-fde1-4553-8e70-48251899a2b4,14.5,91.2,4.89,18.65,Within Reference Range,None,All evaluated indices within rule thresholds,10000,Standard Clearance
0cadc7f9-3d02-4551-8926-b9e219f4f35d,14.6,86.8,5.13,16.92,Within Reference Range,None,All evaluated indices within rule thresholds,10000,Standard Clearance
480620e6-062e-46c6-b25f-829f150f9aab,11.9,80.5,4.7,17.13,Anemia (Non-Microcytic) - Clinician Review,None,Hb 11.9 below threshold; MCV 80.5 not microcytic - Mentzer not applicable,10000,Standard Clearance
6dda86e6-8d36-4158-b5e0-22720cd35d27,14.9,86.8,5.19,16.72,Within Reference Range,None,All evaluated indices within rule thresholds,10000,Standard Clearance
e12d55f7-69bb-41dd-9fc1-ee65078f085f,11.9,91.0,4.09,22.25,Anemia (Non-Microcytic) - Clinician Review,None,Hb 11.9 below threshold; MCV 91.0 not microcytic - Mentzer not applicable,10000,Standard Clearance
3b299d19-46e2-4917-b37e-dfe4547d6f3e,13.4,87.3,4.92,17.74,Within Reference Range,None,All evaluated indices within rule thresholds,10000,Standard Clearance
9c03cb49-e1d1-4224-9114-44d160172133,12.6,77.0,5.21,14.78,Within Reference Range,None,All evaluated indices within rule thresholds,10000,Standard Clearance
b0c5f5b1-fdf2-4a02-80ea-e80525c91855,7.7,62.6,4.58,13.67,Suspected Iron Deficiency,Serum Ferritin Test,Hb 7.7 < 12.0; MCV 62.6 < 80; Mentzer 13.67 >= 13,25000,Enabled - ZainCash 15% Preventive Subsidy
380f69ea-c110-4acd-a4d2-910097d4ce4a,12.5,77.0,5.17,14.89,Within Reference Range,None,All evaluated indices within rule thresholds,10000,Standard Clearance
d3f49605-f866-4edd-90e4-07b6c63b2863,11.2,76.6,4.6,16.65,Suspected Iron Deficiency,Serum Ferritin Test,Hb 11.2 < 12.0; MCV 76.6 < 80; Mentzer 16.65 >= 13,25000,Enabled - ZainCash 15% Preventive Subsidy
14f48be1-798b-4903-8c27-c4c0f0b7e4fe,10.8,87.9,3.94,22.31,Anemia (Non-Microcytic) - Clinician Review,None,Hb 10.8 below threshold; MCV 87.9 not microcytic - Mentzer not applicable,10000,Standard Clearance
46ae3d43-2d50-44f5-9f73-d8ca0c519fe6,11.4,89.6,4.38,20.46,Anemia (Non-Microcytic) - Clinician Review,None,Hb 11.4 below threshold; MCV 89.6 not microcytic - Mentzer not applicable,10000,Standard Clearance
ceceaf0b-ce53-4737-884b-644ad83a2993,14.0,90.4,4.86,18.6,Within Reference Range,None,All evaluated indices within rule thresholds,10000,Standard Clearance
bcccf815-166e-4b0c-9ce9-d7582bd272da,10.9,85.1,4.42,19.25,Anemia (Non-Microcytic) - Clinician Review,None,Hb 10.9 below threshold; MCV 85.1 not microcytic - Mentzer not applicable,10000,Standard Clearance
192fb8c0-4c53-4186-be74-4166b32f0335,10.3,84.0,4.11,20.44,Anemia (Non-Microcytic) - Clinician Review,None,Hb 10.3 below threshold; MCV 84.0 not microcytic - Mentzer not applicable,10000,Standard Clearance
8eba9885-9e8c-497a-82c7-25c85f8e1ed9,12.5,78.3,5.15,15.2,Suspected Systemic Inflammation,C-Reactive Protein (CRP),WBC 11.4 > 11,20000,Enabled - ZainCash 15% Preventive Subsidy
a2546cdc-bacc-4321-90a9-e5c15976903b,8.3,66.6,4.48,14.87,Suspected Iron Deficiency,Serum Ferritin Test,Hb 8.3 < 12.0; MCV 66.6 < 80; Mentzer 14.87 >= 13,25000,Enabled - ZainCash 15% Preventive Subsidy
b2d511d0-c5ac-4665-8e02-3901b6623bb5,8.4,66.8,4.51,14.81,Suspected Iron Deficiency,Serum Ferritin Test,Hb 8.4 < 12.0; MCV 66.8 < 80; Mentzer 14.81 >= 13,25000,Enabled - ZainCash 15% Preventive Subsidy
71bb6d7b-ce2b-4e46-91ca-e8ccbfa492e9,13.0,88.7,4.58,19.37,Within Reference Range,None,All evaluated indices within rule thresholds,10000,Standard Clearance
24d06326-5362-4a11-b514-6fb7f6bdb1ea,13.8,87.2,4.79,18.2,Within Reference Range,None,All evaluated indices within rule thresholds,10000,Standard Clearance
2d53e1a8-b1e1-4e19-b8c3-513004bb13d6,3.1,71.8,1.42,50.56,Suspected Iron Deficiency,Serum Ferritin Test + C-Reactive Protein (CRP),Hb 3.1 < 12.0; MCV 71.8 < 80; Mentzer 50.56 >= 13,35000,Enabled - ZainCash 15% Preventive Subsidy
2d55ffa7-5022-43b6-ba94-305561f6d095,14.5,85.1,5.21,16.33,Within Reference Range,None,All evaluated indices within rule thresholds,10000,Standard Clearance
899d24a0-8f29-49dd-8f8a-c1cb04dc9911,14.9,87.5,5.25,16.67,Within Reference Range,None,All evaluated indices within rule thresholds,10000,Standard Clearance
c394fd22-a754-4d88-9656-81d619fd61d2,9.9,76.2,4.37,17.44,Suspected Iron Deficiency,Serum Ferritin Test,Hb 9.9 < 12.0; MCV 76.2 < 80; Mentzer 17.44 >= 13,25000,Enabled - ZainCash 15% Preventive Subsidy
7848470f-0527-4625-934a-d7951c857863,12.2,83.9,4.4,19.07,Within Reference Range,None,All evaluated indices within rule thresholds,10000,Standard Clearance
6fcf8d9d-50ff-425f-b57e-bdef7c43f512,10.8,66.5,5.23,12.72,Suspected Thalassemia Trait,Hemoglobin Electrophoresis,Hb 10.8 < 12.0; MCV 66.5 < 80; Mentzer 12.72 < 13,35000,Enabled - ZainCash 15% Preventive Subsidy
a6a84595-059b-4773-8957-8abee55cadeb,13.5,89.5,4.35,20.57,Suspected Systemic Inflammation,C-Reactive Protein (CRP),WBC 11.7 > 11,20000,Enabled - ZainCash 15% Preventive Subsidy
b26382e5-d446-40c2-abf6-bad14dd6aacb,11.8,89.9,4.19,21.46,Anemia (Non-Microcytic) - Clinician Review,None,Hb 11.8 below threshold; MCV 89.9 not microcytic - Mentzer not applicable,10000,Standard Clearance
e5d4143d-327e-4f9d-b58e-498cfa9f52b1,12.0,84.2,4.58,18.38,Within Reference Range,None,All evaluated indices within rule thresholds,10000,Standard Clearance
141ead3f-1a52-4616-88d0-e2bb52b768a6,12.2,84.5,4.64,18.21,Within Reference Range,None,All evaluated indices within rule thresholds,10000,Standard Clearance
01b6c6f1-d417-4e30-b204-bd3d4b5a90ec,15.0,87.5,5.2,16.83,Within Reference Range,None,All evaluated indices within rule thresholds,10000,Standard Clearance
e9a89952-2b30-4077-b90b-e6c69b75af4f,11.0,85.7,4.22,20.31,Anemia (Non-Microcytic) - Clinician Review,None,Hb 11.0 below threshold; MCV 85.7 not microcytic - Mentzer not applicable,10000,Standard Clearance
aab9dc17-9ee4-4ee2-baac-05efc0e99dfa,10.3,79.1,4.59,17.23,Suspected Iron Deficiency,Serum Ferritin Test,Hb 10.3 < 12.0; MCV 79.1 < 80; Mentzer 17.23 >= 13,25000,Enabled - ZainCash 15% Preventive Subsidy
764a8138-76d3-4584-aa03-e078731b2009,9.1,73.4,4.42,16.61,Suspected Iron Deficiency,Serum Ferritin Test,Hb 9.1 < 12.0; MCV 73.4 < 80; Mentzer 16.61 >= 13,25000,Enabled - ZainCash 15% Preventive Subsidy
ee86fbba-8ddd-4883-8836-d08f6aefe297,10.2,81.4,4.4,18.5,Anemia (Non-Microcytic) - Clinician Review,None,Hb 10.2 below threshold; MCV 81.4 not microcytic - Mentzer not applicable,10000,Standard Clearance
c56e7c5e-c55b-480b-982d-222b893b3473,6.9,56.1,5.93,9.46,Suspected Thalassemia Trait,Hemoglobin Electrophoresis,Hb 6.9 < 12.0; MCV 56.1 < 80; Mentzer 9.46 < 13,35000,Enabled - ZainCash 15% Preventive Subsidy
ffd08100-0119-4a98-9fdf-2ceccc5ba326,13.8,81.3,5.54,14.68,Within Reference Range,None,All evaluated indices within rule thresholds,10000,Standard Clearance
3bf9f346-f756-4676-898f-90c756bed44b,11.8,82.4,4.48,18.39,Anemia (Non-Microcytic) - Clinician Review,None,Hb 11.8 below threshold; MCV 82.4 not microcytic - Mentzer not applicable,10000,Standard Clearance
4a84619e-c713-42f2-8495-dcc0131b011f,10.7,81.7,4.34,18.82,Anemia (Non-Microcytic) - Clinician Review,None,Hb 10.7 below threshold; MCV 81.7 not microcytic - Mentzer not applicable,10000,Standard Clearance
551f5f52-1457-4524-81a7-f43cf7b53b0e,15.1,87.0,5.17,16.83,Within Reference Range,None,All evaluated indices within rule thresholds,10000,Standard Clearance
cd2e4d68-4dcf-4f3d-a79d-eb04953bff95,14.8,90.1,5.09,17.7,Within Reference Range,None,All evaluated indices within rule thresholds,10000,Standard Clearance
731c7df9-312d-4a3d-bfce-b4008625f21e,15.4,88.4,5.28,16.74,Within Reference Range,None,All evaluated indices within rule thresholds,10000,Standard Clearance
7ca7fe0d-0485-42e4-b2cd-fd1a75b7a145,9.8,85.1,3.82,22.28,Anemia (Non-Microcytic) - Clinician Review,None,Hb 9.8 below threshold; MCV 85.1 not microcytic - Mentzer not applicable,10000,Standard Clearance
a0059517-b286-4337-ae28-4d6603695a38,15.5,94.4,5.01,18.84,Within Reference Range,None,All evaluated indices within rule thresholds,10000,Standard Clearance
3942e24b-71c8-4a08-8f5d-f320aa2e51f8,11.3,82.8,4.47,18.52,Anemia (Non-Microcytic) - Clinician Review,None,Hb 11.3 below threshold; MCV 82.8 not microcytic - Mentzer not applicable,10000,Standard Clearance
cb78f93a-5474-439f-8211-1ba6917acee7,12.4,88.3,4.48,19.71,Within Reference Range,None,All evaluated indices within rule thresholds,10000,Standard Clearance
77826cd8-99c8-4fee-8e16-1cfda4f9fab4,13.3,86.4,4.94,17.49,Within Reference Range,None,All evaluated indices within rule thresholds,10000,Standard Clearance
1be6265f-e163-4291-b56d-8a46af621847,12.0,84.9,4.71,18.03,Within Reference Range,None,All evaluated indices within rule thresholds,10000,Standard Clearance
85964b59-d0e4-4eec-96c9-9a59d692cffa,9.3,82.0,3.85,21.3,Anemia (Non-Microcytic) - Clinician Review,None,Hb 9.3 below threshold; MCV 82.0 not microcytic - Mentzer not applicable,10000,Standard Clearance
af7c090e-3946-4203-af55-bf6d2e5d9cae,10.8,82.0,4.53,18.1,Anemia (Non-Microcytic) - Clinician Review,None,Hb 10.8 below threshold; MCV 82.0 not microcytic - Mentzer not applicable,10000,Standard Clearance
50e83cf1-09f9-406c-898b-875e4964d11d,10.0,74.3,4.63,16.05,Suspected Iron Deficiency,Serum Ferritin Test,Hb 10.0 < 12.0; MCV 74.3 < 80; Mentzer 16.05 >= 13,25000,Enabled - ZainCash 15% Preventive Subsidy
1d4f8148-e954-45da-9aa7-680a9aa35eca,10.4,81.2,4.28,18.97,Anemia (Non-Microcytic) - Clinician Review,None,Hb 10.4 below threshold; MCV 81.2 not microcytic - Mentzer not applicable,10000,Standard Clearance
46f1e22a-3234-4077-9268-2917fac5dfea,8.6,62.9,4.94,12.73,Suspected Thalassemia Trait,Hemoglobin Electrophoresis,Hb 8.6 < 12.0; MCV 62.9 < 80; Mentzer 12.73 < 13,35000,Enabled - ZainCash 15% Preventive Subsidy
66d81a19-56c0-4599-8343-186ddb7101b5,13.7,88.2,4.88,18.07,Within Reference Range,None,All evaluated indices within rule thresholds,10000,Standard Clearance
cff5e272-4cfc-4550-8dbe-5eb6346cc31e,14.4,90.7,4.72,19.22,Within Reference Range,None,All evaluated indices within rule thresholds,10000,Standard Clearance
e2fbd2dc-0879-429d-a8e8-e8e51bb7064e,10.5,83.2,4.13,20.15,Anemia (Non-Microcytic) - Clinician Review,None,Hb 10.5 below threshold; MCV 83.2 not microcytic - Mentzer not applicable,10000,Standard Clearance
0201e4fd-b4c4-4c84-8b5e-336add42816f,14.1,87.2,4.92,17.72,Within Reference Range,None,All evaluated indices within rule thresholds,10000,Standard Clearance
c30da97d-62b6-4432-937a-0482359a1efe,12.5,87.5,4.24,20.64,Within Reference Range,None,All evaluated indices within rule thresholds,10000,Standard Clearance
e5c48595-9176-4726-8a79-6cd2c8aac90e,14.1,85.1,5.12,16.62,Within Reference Range,None,All evaluated indices within rule thresholds,10000,Standard Clearance
4b0235a4-55d3-4e59-95af-5944f00bcf55,13.6,88.1,4.76,18.51,Within Reference Range,None,All evaluated indices within rule thresholds,10000,Standard Clearance
dac2a10d-038d-4196-8867-5b44c781df3c,14.0,84.6,5.07,16.69,Within Reference Range,None,All evaluated indices within rule thresholds,10000,Standard Clearance
7381fd75-0c72-430a-bb82-32636ab2d7fd,14.0,85.5,5.2,16.44,Within Reference Range,None,All evaluated indices within rule thresholds,10000,Standard Clearance
811d68b1-0c3b-497e-aa39-3fb62cf9a6a5,12.3,75.1,5.27,14.25,Within Reference Range,None,All evaluated indices within rule thresholds,10000,Standard Clearance
ca6f82f6-1462-4bad-830e-23c4e8eec155,12.0,80.0,4.83,16.56,Within Reference Range,None,All evaluated indices within rule thresholds,10000,Standard Clearance
7402c5c0-a2e9-42d5-b86e-f5294626ba34,13.1,82.8,5.01,16.53,Within Reference Range,None,All evaluated indices within rule thresholds,10000,Standard Clearance
54216591-863a-4261-89db-0c2377a2e579,11.6,80.1,4.71,17.01,Anemia (Non-Microcytic) - Clinician Review,None,Hb 11.6 below threshold; MCV 80.1 not microcytic - Mentzer not applicable,10000,Standard Clearance
c721ce7f-fb30-4c9e-bb7d-b8c6767d4df6,12.2,80.2,4.88,16.43,Within Reference Range,None,All evaluated indices within rule thresholds,10000,Standard Clearance
f0954e59-f434-489b-a7c0-36dfc3b29765,10.3,65.8,5.29,12.44,Suspected Thalassemia Trait,Hemoglobin Electrophoresis,Hb 10.3 < 12.0; MCV 65.8 < 80; Mentzer 12.44 < 13,35000,Enabled - ZainCash 15% Preventive Subsidy
4246d6c7-2d4a-4480-a727-d1a1ab38779f,12.2,101.1,3.62,27.93,Within Reference Range,None,All evaluated indices within rule thresholds,10000,Standard Clearance
8abe63ab-40c3-491f-9fc0-6b4244d6e63b,13.6,88.0,4.75,18.53,Within Reference Range,None,All evaluated indices within rule thresholds,10000,Standard Clearance
d1bbb2d5-90d8-40d1-916b-f5522df869ae,10.5,74.5,4.69,15.88,Suspected Iron Deficiency,Serum Ferritin Test,Hb 10.5 < 12.0; MCV 74.5 < 80; Mentzer 15.88 >= 13,25000,Enabled - ZainCash 15% Preventive Subsidy
49c2ae56-a8d2-48e1-9f62-9fadf3640955,14.2,86.4,5.24,16.49,Suspected Systemic Inflammation,C-Reactive Protein (CRP),WBC 11.6 > 11,20000,Enabled - ZainCash 15% Preventive Subsidy
041b5d9a-a0ce-446c-8dbc-68acefbfbae2,9.8,64.7,5.19,12.47,Suspected Thalassemia Trait,Hemoglobin Electrophoresis + C-Reactive Protein (CRP),Hb 9.8 < 12.0; MCV 64.7 < 80; Mentzer 12.47 < 13,45000,Enabled - ZainCash 15% Preventive Subsidy
3856ffb8-12d4-4deb-86ff-88d00349bdf8,10.0,65.0,5.29,12.29,Suspected Thalassemia Trait,Hemoglobin Electrophoresis,Hb 10.0 < 12.0; MCV 65.0 < 80; Mentzer 12.29 < 13,35000,Enabled - ZainCash 15% Preventive Subsidy
38288d9a-f841-4f5c-8443-faabd3c3a18c,12.0,89.0,4.33,20.55,Within Reference Range,None,All evaluated indices within rule thresholds,10000,Standard Clearance
d8d6b93f-6aa9-44ab-9d18-cf23ce66051e,13.1,83.4,5.07,16.45,Within Reference Range,None,All evaluated indices within rule thresholds,10000,Standard Clearance
33194562-ec5b-4355-bbc8-88804f3b40d4,9.4,79.7,4.05,19.68,Suspected Iron Deficiency,Serum Ferritin Test,Hb 9.4 < 12.0; MCV 79.7 < 80; Mentzer 19.68 >= 13,25000,Enabled - ZainCash 15% Preventive Subsidy
b820e9af-43be-4229-af2c-6fbf50b49694,10.8,86.4,4.1,21.07,Anemia (Non-Microcytic) - Clinician Review,None,Hb 10.8 below threshold; MCV 86.4 not microcytic - Mentzer not applicable,10000,Standard Clearance
5de43e00-dfd2-4c17-8e92-cf049281b4a5,11.9,80.0,4.93,16.23,Anemia (Non-Microcytic) - Clinician Review,None,Hb 11.9 below threshold; MCV 80.0 not microcytic - Mentzer not applicable,10000,Standard Clearance
64abd910-25e9-4c12-b917-b7b991102da7,14.3,86.7,5.16,16.8,Within Reference Range,None,All evaluated indices within rule thresholds,10000,Standard Clearance
b5456944-fc5b-49a0-a62d-5cf93217f1ef,8.9,74.2,4.14,17.92,Suspected Iron Deficiency,Serum Ferritin Test,Hb 8.9 < 12.0; MCV 74.2 < 80; Mentzer 17.92 >= 13,25000,Enabled - ZainCash 15% Preventive Subsidy
513cceb3-2c92-4902-b9a7-6bfa0d36ac08,10.2,84.1,3.8,22.13,Anemia (Non-Microcytic) - Clinician Review,None,Hb 10.2 below threshold; MCV 84.1 not microcytic - Mentzer not applicable,10000,Standard Clearance
fb1b4f47-d46a-42d0-abc5-f0f5e21ad904,9.2,85.3,3.34,25.54,Anemia (Non-Microcytic) - Clinician Review,None,Hb 9.2 below threshold; MCV 85.3 not microcytic - Mentzer not applicable,10000,Standard Clearance
ddbf53e9-9519-4bae-bff5-5d21c0643f52,13.0,44.9,4.81,9.33,Suspected Systemic Inflammation,C-Reactive Protein (CRP),WBC 13.1 > 11,20000,Enabled - ZainCash 15% Preventive Subsidy
7bf09d85-b71e-4bc1-9618-dd353d3a5a99,12.8,88.0,4.57,19.26,Within Reference Range,None,All evaluated indices within rule thresholds,10000,Standard Clearance
43fc12fb-08f9-4e31-bf44-5aa049506bbf,11.1,81.5,4.29,19.0,Anemia (Non-Microcytic) - Clinician Review,None,Hb 11.1 below threshold; MCV 81.5 not microcytic - Mentzer not applicable,10000,Standard Clearance
9694ad46-2dfa-44e3-b692-6ddae7c7e992,9.8,72.0,4.4,16.36,Suspected Iron Deficiency,Serum Ferritin Test,Hb 9.8 < 12.0; MCV 72.0 < 80; Mentzer 16.36 >= 13,25000,Enabled - ZainCash 15% Preventive Subsidy
064a4c9c-ed0f-4cbd-ae36-b3e6d4656a4c,10.4,74.4,4.71,15.8,Suspected Iron Deficiency,Serum Ferritin Test,Hb 10.4 < 12.0; MCV 74.4 < 80; Mentzer 15.8 >= 13,25000,Enabled - ZainCash 15% Preventive Subsidy
de0306c1-e45e-4f0e-bbf2-8ad5ad022d22,10.9,81.2,4.34,18.71,Anemia (Non-Microcytic) - Clinician Review,None,Hb 10.9 below threshold; MCV 81.2 not microcytic - Mentzer not applicable,10000,Standard Clearance
0465750a-df93-4114-85c7-0b09d72c59f3,12.7,83.3,4.79,17.39,Within Reference Range,None,All evaluated indices within rule thresholds,10000,Standard Clearance
c7e14a3c-6461-4956-ac22-13fcffee2243,10.5,83.5,4.02,20.77,Anemia (Non-Microcytic) - Clinician Review,None,Hb 10.5 below threshold; MCV 83.5 not microcytic - Mentzer not applicable,10000,Standard Clearance
5ef824e6-9ae2-419a-a096-895d08c3e743,12.9,89.3,4.44,20.11,Within Reference Range,None,All evaluated indices within rule thresholds,10000,Standard Clearance
5ef3041d-1e56-406d-9720-0845e99ba99f,12.5,74.8,5.39,13.88,Within Reference Range,None,All evaluated indices within rule thresholds,10000,Standard Clearance
a4873bb0-90b1-448a-bcbd-93628bc27787,9.0,75.6,3.95,19.14,Suspected Iron Deficiency,Serum Ferritin Test,Hb 9.0 < 12.0; MCV 75.6 < 80; Mentzer 19.14 >= 13,25000,Enabled - ZainCash 15% Preventive Subsidy
97ac5ee8-fdb4-4715-b383-d26fb64ef07b,10.7,83.5,4.16,20.07,Anemia (Non-Microcytic) - Clinician Review,None,Hb 10.7 below threshold; MCV 83.5 not microcytic - Mentzer not applicable,10000,Standard Clearance
33ce34f0-d69d-444d-869f-33e90365793e,10.1,76.9,4.46,17.24,Suspected Iron Deficiency,Serum Ferritin Test + C-Reactive Protein (CRP),Hb 10.1 < 12.0; MCV 76.9 < 80; Mentzer 17.24 >= 13,35000,Enabled - ZainCash 15% Preventive Subsidy
a61c9485-5dc0-4f16-a833-d7c75109571e,5.9,85.1,2.37,35.91,Anemia (Non-Microcytic) - Clinician Review,None,Hb 5.9 below threshold; MCV 85.1 not microcytic - Mentzer not applicable,10000,Standard Clearance
475d570f-8ec8-426d-a0e0-8e8f6851ef21,8.7,70.2,4.35,16.14,Suspected Iron Deficiency,Serum Ferritin Test,Hb 8.7 < 12.0; MCV 70.2 < 80; Mentzer 16.14 >= 13,25000,Enabled - ZainCash 15% Preventive Subsidy
95c15bcc-7ce3-4b64-9cab-c281675ea7db,9.8,91.5,3.53,25.92,Anemia (Non-Microcytic) - Clinician Review,None,Hb 9.8 below threshold; MCV 91.5 not microcytic - Mentzer not applicable,10000,Standard Clearance
097c65d9-e3e1-4ae8-843a-4a5f5f941913,9.7,75.7,4.57,16.56,Suspected Iron Deficiency,Serum Ferritin Test,Hb 9.7 < 12.0; MCV 75.7 < 80; Mentzer 16.56 >= 13,25000,Enabled - ZainCash 15% Preventive Subsidy
86b3e804-146f-44c3-9ca7-af2dd09d3f36,14.7,91.4,5.5,16.62,Within Reference Range,None,All evaluated indices within rule thresholds,10000,Standard Clearance
6e2f2522-721c-4e9e-a06b-07ee35df2fd1,9.8,71.6,4.77,15.01,Suspected Iron Deficiency,Serum Ferritin Test + C-Reactive Protein (CRP),Hb 9.8 < 12.0; MCV 71.6 < 80; Mentzer 15.01 >= 13,35000,Enabled - ZainCash 15% Preventive Subsidy
07a9d67c-591c-434e-9663-7f57daa98293,9.3,89.7,3.31,27.1,Anemia (Non-Microcytic) - Clinician Review,None,Hb 9.3 below threshold; MCV 89.7 not microcytic - Mentzer not applicable,10000,Standard Clearance
281f3941-330e-456e-8d9e-eedf667b3bb2,13.1,74.1,4.77,15.53,Within Reference Range,None,All evaluated indices within rule thresholds,10000,Standard Clearance
28af3648-f993-41d3-a129-fd2400ec5b73,10.7,86.5,3.99,21.68,Anemia (Non-Microcytic) - Clinician Review,C-Reactive Protein (CRP),Hb 10.7 below threshold; MCV 86.5 not microcytic - Mentzer not applicable,20000,Enabled - ZainCash 15% Preventive Subsidy
ed22a90e-b98d-44fd-a54c-b499b404518b,9.1,81.2,3.6,22.56,Anemia (Non-Microcytic) - Clinician Review,None,Hb 9.1 below threshold; MCV 81.2 not microcytic - Mentzer not applicable,10000,Standard Clearance
42d5577e-1f09-4113-b787-ff85989e5b4b,8.8,81.4,3.52,23.12,Anemia (Non-Microcytic) - Clinician Review,None,Hb 8.8 below threshold; MCV 81.4 not microcytic - Mentzer not applicable,10000,Standard Clearance
71f02ff8-c20a-49e1-976b-394378263c0e,14.0,88.5,4.84,18.29,Suspected Systemic Inflammation,C-Reactive Protein (CRP),WBC 11.8 > 11,20000,Enabled - ZainCash 15% Preventive Subsidy
b900cbdf-cac4-4e52-969f-57d8010d4f5e,12.5,88.1,4.46,19.75,Within Reference Range,None,All evaluated indices within rule thresholds,10000,Standard Clearance
a9fa9fd2-0682-4dc9-8430-4e56d464ef13,14.4,83.5,5.53,15.1,Within Reference Range,None,All evaluated indices within rule thresholds,10000,Standard Clearance
eac34e31-de40-46de-9851-422fc497c041,5.29,46.6,5.1,9.14,Suspected Thalassemia Trait,Hemoglobin Electrophoresis,Hb 5.29 < 12.0; MCV 46.6 < 80; Mentzer 9.14 < 13,35000,Enabled - ZainCash 15% Preventive Subsidy
f6e2318f-c364-4adf-b709-dc9c10cdbaef,14.6,88.3,5.07,17.42,Within Reference Range,None,All evaluated indices within rule thresholds,10000,Standard Clearance
48568b1b-3ad2-432f-bb13-ac1341574d69,12.1,71.3,5.73,12.44,Suspected Systemic Inflammation,C-Reactive Protein (CRP),WBC 14.0 > 11,20000,Enabled - ZainCash 15% Preventive Subsidy
48b1d327-9316-423e-97f0-97a485c26cd5,11.3,76.9,4.95,15.54,Suspected Iron Deficiency,Serum Ferritin Test,Hb 11.3 < 12.0; MCV 76.9 < 80; Mentzer 15.54 >= 13,25000,Enabled - ZainCash 15% Preventive Subsidy
bce5fbaa-b32b-4d2f-ad0a-6a5a43754b18,10.6,79.1,4.6,17.2,Suspected Iron Deficiency,Serum Ferritin Test,Hb 10.6 < 12.0; MCV 79.1 < 80; Mentzer 17.2 >= 13,25000,Enabled - ZainCash 15% Preventive Subsidy
7265d015-54eb-42ca-a750-531380ea8ad2,11.5,76.5,5.02,15.24,Suspected Iron Deficiency,Serum Ferritin Test,Hb 11.5 < 12.0; MCV 76.5 < 80; Mentzer 15.24 >= 13,25000,Enabled - ZainCash 15% Preventive Subsidy
27f5615f-15ab-4c4a-ab47-e626876699c1,9.4,80.9,3.99,20.28,Anemia (Non-Microcytic) - Clinician Review,None,Hb 9.4 below threshold; MCV 80.9 not microcytic - Mentzer not applicable,10000,Standard Clearance
e59f62ac-46ef-45d6-9d93-dd41d500c307,10.0,77.4,4.35,17.79,Suspected Iron Deficiency,Serum Ferritin Test + C-Reactive Protein (CRP),Hb 10.0 < 12.0; MCV 77.4 < 80; Mentzer 17.79 >= 13,35000,Enabled - ZainCash 15% Preventive Subsidy
7a1028d3-fc2a-462c-9110-8daf2f4984eb,10.6,81.7,4.44,18.4,Anemia (Non-Microcytic) - Clinician Review,None,Hb 10.6 below threshold; MCV 81.7 not microcytic - Mentzer not applicable,10000,Standard Clearance
a8496ab6-c2d9-4aec-aa1d-0bdcf88a5e3c,11.9,80.8,4.86,16.63,Anemia (Non-Microcytic) - Clinician Review,None,Hb 11.9 below threshold; MCV 80.8 not microcytic - Mentzer not applicable,10000,Standard Clearance
d69a7a29-5de8-4245-ac25-be21732f1c98,8.7,71.1,4.22,16.85,Suspected Iron Deficiency,Serum Ferritin Test,Hb 8.7 < 12.0; MCV 71.1 < 80; Mentzer 16.85 >= 13,25000,Enabled - ZainCash 15% Preventive Subsidy
6bc80a86-d719-47da-957d-7fb0bf772b6c,10.1,70.2,4.7,14.94,Suspected Iron Deficiency,Serum Ferritin Test,Hb 10.1 < 12.0; MCV 70.2 < 80; Mentzer 14.94 >= 13,25000,Enabled - ZainCash 15% Preventive Subsidy
637a9006-855d-4942-9c04-07a5fd4fea2f,11.3,85.0,4.38,19.41,Anemia (Non-Microcytic) - Clinician Review,None,Hb 11.3 below threshold; MCV 85.0 not microcytic - Mentzer not applicable,10000,Standard Clearance
ff8d5a3c-8612-474f-8cc4-2c8a7fc032d1,11.9,79.9,5.1,15.67,Suspected Iron Deficiency,Serum Ferritin Test,Hb 11.9 < 12.0; MCV 79.9 < 80; Mentzer 15.67 >= 13,25000,Enabled - ZainCash 15% Preventive Subsidy
9de4bea2-5089-4450-b8c3-99307d83a62e,12.5,83.8,4.8,17.46,Within Reference Range,None,All evaluated indices within rule thresholds,10000,Standard Clearance
c9354cd9-c057-40f1-9f85-c34864684a55,10.5,79.2,4.22,18.77,Suspected Iron Deficiency,Serum Ferritin Test,Hb 10.5 < 12.0; MCV 79.2 < 80; Mentzer 18.77 >= 13,25000,Enabled - ZainCash 15% Preventive Subsidy
72248101-2dbc-4b48-9318-e5955e353ee6,17.5,84.9,4.74,17.91,Within Reference Range,None,All evaluated indices within rule thresholds,10000,Standard Clearance
d54801fc-4856-499a-800c-2f6bcd28d029,7.4,60.0,4.4,13.64,Suspected Iron Deficiency,Serum Ferritin Test + C-Reactive Protein (CRP),Hb 7.4 < 12.0; MCV 60.0 < 80; Mentzer 13.64 >= 13,35000,Enabled - ZainCash 15% Preventive Subsidy
553c4006-f8a9-44fa-8102-e96577c83d4b,11.6,82.4,4.43,18.6,Anemia (Non-Microcytic) - Clinician Review,None,Hb 11.6 below threshold; MCV 82.4 not microcytic - Mentzer not applicable,10000,Standard Clearance
882ceb8a-b3b1-4382-9b4f-bdb61db4537e,8.1,68.2,4.23,16.12,Suspected Iron Deficiency,Serum Ferritin Test,Hb 8.1 < 12.0; MCV 68.2 < 80; Mentzer 16.12 >= 13,25000,Enabled - ZainCash 15% Preventive Subsidy
587c0d3b-6903-49ac-a194-98c2c52fddc4,12.9,89.3,4.44,20.11,Within Reference Range,None,All evaluated indices within rule thresholds,10000,Standard Clearance
28ba2999-8af6-4a18-a02f-2be374f68f66,10.0,62.1,5.59,11.11,Suspected Thalassemia Trait,Hemoglobin Electrophoresis,Hb 10.0 < 12.0; MCV 62.1 < 80; Mentzer 11.11 < 13,35000,Enabled - ZainCash 15% Preventive Subsidy
6d5c4648-62e1-4e41-a3a7-c157324a06bd,9.8,86.4,3.72,23.23,Anemia (Non-Microcytic) - Clinician Review,None,Hb 9.8 below threshold; MCV 86.4 not microcytic - Mentzer not applicable,10000,Standard Clearance
8138e821-9843-416f-a8ea-2b6167b7b3ae,11.4,85.1,4.26,19.98,Anemia (Non-Microcytic) - Clinician Review,None,Hb 11.4 below threshold; MCV 85.1 not microcytic - Mentzer not applicable,10000,Standard Clearance
20ccbb5f-a438-4c38-a8b9-bcbe29a0a14c,13.1,79.7,5.08,15.69,Within Reference Range,None,All evaluated indices within rule thresholds,10000,Standard Clearance
c3d24091-8269-429c-8d7d-9ecb9462914d,10.5,83.5,4.02,20.77,Anemia (Non-Microcytic) - Clinician Review,None,Hb 10.5 below threshold; MCV 83.5 not microcytic - Mentzer not applicable,10000,Standard Clearance
1265c6b0-7bfd-4e2c-9118-1c2c6ad6d87a,12.9,89.3,4.44,20.11,Within Reference Range,None,All evaluated indices within rule thresholds,10000,Standard Clearance
25e54473-6a6b-454f-a069-d6dbf4b17bca,8.2,61.3,4.52,13.56,Suspected Iron Deficiency,Serum Ferritin Test,Hb 8.2 < 12.0; MCV 61.3 < 80; Mentzer 13.56 >= 13,25000,Enabled - ZainCash 15% Preventive Subsidy
9afa3615-410f-4bac-9b73-496c0c110a37,10.9,93.5,4.22,22.16,Anemia (Non-Microcytic) - Clinician Review,None,Hb 10.9 below threshold; MCV 93.5 not microcytic - Mentzer not applicable,10000,Standard Clearance
0861e9a9-d3dd-4803-978b-a8d602c66fd4,10.2,77.4,4.68,16.54,Suspected Iron Deficiency,Serum Ferritin Test,Hb 10.2 < 12.0; MCV 77.4 < 80; Mentzer 16.54 >= 13,25000,Enabled - ZainCash 15% Preventive Subsidy
b1e12c0a-ede6-4b9b-8382-444822a1f69c,9.3,68.8,4.51,15.25,Suspected Iron Deficiency,Serum Ferritin Test,Hb 9.3 < 12.0; MCV 68.8 < 80; Mentzer 15.25 >= 13,25000,Enabled - ZainCash 15% Preventive Subsidy
f65f0930-308c-4833-8c29-6fb4e0fa8036,9.3,68.6,4.5,15.24,Suspected Iron Deficiency,Serum Ferritin Test + C-Reactive Protein (CRP),Hb 9.3 < 12.0; MCV 68.6 < 80; Mentzer 15.24 >= 13,35000,Enabled - ZainCash 15% Preventive Subsidy
679183c0-dbed-49f6-980d-04c26fc52291,9.3,68.9,4.62,14.91,Suspected Iron Deficiency,Serum Ferritin Test,Hb 9.3 < 12.0; MCV 68.9 < 80; Mentzer 14.91 >= 13,25000,Enabled - ZainCash 15% Preventive Subsidy
e8e6eacc-fbb5-43f6-a622-9a71a8767048,12.2,83.4,4.56,18.29,Suspected Systemic Inflammation,C-Reactive Protein (CRP),WBC 13.4 > 11,20000,Enabled - ZainCash 15% Preventive Subsidy
d1f872a6-705b-46c2-ac28-31e8e53f794d,14.5,85.2,5.28,16.14,Within Reference Range,None,All evaluated indices within rule thresholds,10000,Standard Clearance
5c370bed-d2f3-4192-9faf-319b082dcfc2,13.6,84.1,4.89,17.2,Within Reference Range,None,All evaluated indices within rule thresholds,10000,Standard Clearance
494a6fce-1440-46f5-bed1-530143d1325c,11.5,75.1,4.81,15.61,Suspected Iron Deficiency,Serum Ferritin Test + C-Reactive Protein (CRP),Hb 11.5 < 12.0; MCV 75.1 < 80; Mentzer 15.61 >= 13,35000,Enabled - ZainCash 15% Preventive Subsidy
bd19b1e3-3338-4c12-9b09-f3ec04f8a677,11.6,80.8,4.64,17.41,Anemia (Non-Microcytic) - Clinician Review,None,Hb 11.6 below threshold; MCV 80.8 not microcytic - Mentzer not applicable,10000,Standard Clearance
843bf2c4-dd59-48fd-a9a3-9caf3aa48e4d,11.0,82.1,4.24,19.36,Anemia (Non-Microcytic) - Clinician Review,None,Hb 11.0 below threshold; MCV 82.1 not microcytic - Mentzer not applicable,10000,Standard Clearance
2a48add3-5914-4422-9248-b35ccc9909ff,12.5,81.0,4.8,16.88,Within Reference Range,None,All evaluated indices within rule thresholds,10000,Standard Clearance
2f0566cb-ca49-452d-a458-e2c7e0f5d89b,12.0,78.8,5.55,14.2,Within Reference Range,None,All evaluated indices within rule thresholds,10000,Standard Clearance
2ff65488-96ac-4e13-8455-514d3dccdb66,12.7,81.5,4.9,16.63,Within Reference Range,None,All evaluated indices within rule thresholds,10000,Standard Clearance
7e5635d2-5458-424a-b56f-72f124adf7b5,9.0,64.6,4.77,13.54,Suspected Iron Deficiency,Serum Ferritin Test,Hb 9.0 < 12.0; MCV 64.6 < 80; Mentzer 13.54 >= 13,25000,Enabled - ZainCash 15% Preventive Subsidy
88004215-6af6-4fd8-8e0a-78a087f5e1a1,13.5,83.6,4.87,17.17,Suspected Systemic Inflammation,C-Reactive Protein (CRP),WBC 15.0 > 11,20000,Enabled - ZainCash 15% Preventive Subsidy
3f7a8c79-67da-46ec-82a7-fd5327e55285,13.4,87.3,4.7,18.57,Within Reference Range,None,All evaluated indices within rule thresholds,10000,Standard Clearance
0fb60e62-4aa0-4451-8f08-70e9fc6e4e6d,14.4,85.1,5.7,14.93,Suspected Systemic Inflammation,C-Reactive Protein (CRP),WBC 21.2 > 11,20000,Enabled - ZainCash 15% Preventive Subsidy
9b478081-5a72-4897-9a8a-3de9d8253bc9,12.5,88.1,4.46,19.75,Within Reference Range,None,All evaluated indices within rule thresholds,10000,Standard Clearance
29964f6f-181d-4199-a0db-70458d807a76,11.6,81.2,4.62,17.58,Anemia (Non-Microcytic) - Clinician Review,None,Hb 11.6 below threshold; MCV 81.2 not microcytic - Mentzer not applicable,10000,Standard Clearance
c9335a1b-aceb-4905-bff0-e10b3a2c747a,13.2,76.8,5.28,14.55,Within Reference Range,None,All evaluated indices within rule thresholds,10000,Standard Clearance
b525a04d-0e2f-4dd4-a0a5-31259e675fad,12.8,75.1,5.5,13.65,Within Reference Range,None,All evaluated indices within rule thresholds,10000,Standard Clearance
24501cdd-62df-4cb2-bab9-30d565a13eee,14.7,86.3,5.07,17.02,Within Reference Range,None,All evaluated indices within rule thresholds,10000,Standard Clearance
c335d225-2c33-4b9a-8c4f-eb749926a0b2,13.4,82.3,5.12,16.07,Within Reference Range,None,All evaluated indices within rule thresholds,10000,Standard Clearance
24442719-e84b-4775-a217-8ab28b7dab97,14.8,89.4,4.99,17.92,Within Reference Range,None,All evaluated indices within rule thresholds,10000,Standard Clearance
5aaf38e0-3e07-4b59-ac84-62a31b838a6f,9.2,85.3,3.34,25.54,Anemia (Non-Microcytic) - Clinician Review,None,Hb 9.2 below threshold; MCV 85.3 not microcytic - Mentzer not applicable,10000,Standard Clearance
45c40bfb-1eb4-4c68-af0e-8ebb49dc1c27,8.7,79.5,3.59,22.14,Suspected Iron Deficiency,Serum Ferritin Test,Hb 8.7 < 12.0; MCV 79.5 < 80; Mentzer 22.14 >= 13,25000,Enabled - ZainCash 15% Preventive Subsidy
9bfa2d2b-c573-420e-aa8f-a148dfa0e3b7,11.7,84.8,4.4,19.27,Anemia (Non-Microcytic) - Clinician Review,None,Hb 11.7 below threshold; MCV 84.8 not microcytic - Mentzer not applicable,10000,Standard Clearance
4ab85455-c0ec-4e65-83e1-abb9c877af5b,14.9,87.8,5.22,16.82,Within Reference Range,None,All evaluated indices within rule thresholds,10000,Standard Clearance
7216f7a9-74ee-4c6a-85cd-daff094e3d61,10.0,81.9,3.81,21.5,Anemia (Non-Microcytic) - Clinician Review,C-Reactive Protein (CRP),Hb 10.0 below threshold; MCV 81.9 not microcytic - Mentzer not applicable,20000,Enabled - ZainCash 15% Preventive Subsidy
65534cd9-6325-44e8-aae9-34d243a4c9be,9.6,88.2,3.44,25.64,Anemia (Non-Microcytic) - Clinician Review,None,Hb 9.6 below threshold; MCV 88.2 not microcytic - Mentzer not applicable,10000,Standard Clearance
7e7e9c1b-3bc9-4a29-8225-4fb260200e46,10.5,84.4,4.07,20.74,Anemia (Non-Microcytic) - Clinician Review,None,Hb 10.5 below threshold; MCV 84.4 not microcytic - Mentzer not applicable,10000,Standard Clearance
7e6caa3c-fe76-4961-957f-79ef5f18569e,11.2,90.6,3.85,23.53,Anemia (Non-Microcytic) - Clinician Review,None,Hb 11.2 below threshold; MCV 90.6 not microcytic - Mentzer not applicable,10000,Standard Clearance
9d6c626e-b541-46eb-b478-5b5490580570,8.5,75.0,3.82,19.63,Suspected Iron Deficiency,Serum Ferritin Test,Hb 8.5 < 12.0; MCV 75.0 < 80; Mentzer 19.63 >= 13,25000,Enabled - ZainCash 15% Preventive Subsidy
ac3bad34-d2e1-4f71-8a3e-27db8f9503b6,11.8,86.6,4.28,20.23,Anemia (Non-Microcytic) - Clinician Review,None,Hb 11.8 below threshold; MCV 86.6 not microcytic - Mentzer not applicable,10000,Standard Clearance
9f43c516-499a-422a-8280-47326368f4b3,9.6,79.7,3.91,20.38,Suspected Iron Deficiency,Serum Ferritin Test,Hb 9.6 < 12.0; MCV 79.7 < 80; Mentzer 20.38 >= 13,25000,Enabled - ZainCash 15% Preventive Subsidy
79f2a635-adb6-40a9-b6bf-572dcc4c9b0c,11.3,96.6,3.56,27.13,Anemia (Non-Microcytic) - Clinician Review,None,Hb 11.3 below threshold; MCV 96.6 not microcytic - Mentzer not applicable,10000,Standard Clearance
31563a39-d04b-4036-9937-901458483ed3,12.3,87.8,4.38,20.05,Within Reference Range,None,All evaluated indices within rule thresholds,10000,Standard Clearance
8ee1b7fa-f22b-4b5c-ac55-19ad0b2d765e,12.2,75.5,5.36,14.09,Within Reference Range,None,All evaluated indices within rule thresholds,10000,Standard Clearance
d00e2350-4a2d-4d2c-a3c4-ea82deb7d457,9.6,71.4,4.45,16.04,Suspected Iron Deficiency,Serum Ferritin Test + C-Reactive Protein (CRP),Hb 9.6 < 12.0; MCV 71.4 < 80; Mentzer 16.04 >= 13,35000,Enabled - ZainCash 15% Preventive Subsidy
3ce8de9a-9e34-4403-87eb-6529f4a99e04,10.7,93.1,3.58,26.01,Anemia (Non-Microcytic) - Clinician Review,None,Hb 10.7 below threshold; MCV 93.1 not microcytic - Mentzer not applicable,10000,Standard Clearance
81196597-c525-4753-8eae-013ba66e2772,11.6,76.7,4.82,15.91,Suspected Iron Deficiency,Serum Ferritin Test,Hb 11.6 < 12.0; MCV 76.7 < 80; Mentzer 15.91 >= 13,25000,Enabled - ZainCash 15% Preventive Subsidy
45c0eed5-569e-4ccf-bb0e-2118d37c2b6f,11.9,91.0,4.09,22.25,Anemia (Non-Microcytic) - Clinician Review,None,Hb 11.9 below threshold; MCV 91.0 not microcytic - Mentzer not applicable,10000,Standard Clearance
94629102-8385-4c5f-974b-98ba27ebbe0c,10.8,87.9,3.94,22.31,Anemia (Non-Microcytic) - Clinician Review,None,Hb 10.8 below threshold; MCV 87.9 not microcytic - Mentzer not applicable,10000,Standard Clearance
ec7bd884-1883-40bd-8fe9-ce9e15b247b1,11.4,88.8,4.07,21.82,Anemia (Non-Microcytic) - Clinician Review,None,Hb 11.4 below threshold; MCV 88.8 not microcytic - Mentzer not applicable,10000,Standard Clearance
ef4c3cd7-d403-4563-bc7c-bb7bd58d0bc4,11.6,76.7,4.82,15.91,Suspected Iron Deficiency,Serum Ferritin Test,Hb 11.6 < 12.0; MCV 76.7 < 80; Mentzer 15.91 >= 13,25000,Enabled - ZainCash 15% Preventive Subsidy
053007f1-9f07-4c89-9c5d-101f465471d7,10.7,93.1,3.58,26.01,Anemia (Non-Microcytic) - Clinician Review,None,Hb 10.7 below threshold; MCV 93.1 not microcytic - Mentzer not applicable,10000,Standard Clearance
1e406d90-e652-4e55-8720-325352eef479,9.2,85.3,3.34,25.54,Anemia (Non-Microcytic) - Clinician Review,None,Hb 9.2 below threshold; MCV 85.3 not microcytic - Mentzer not applicable,10000,Standard Clearance
a52a9f20-e3b1-4758-8678-029d6f00b9f9,9.0,85.0,3.8,22.37,Anemia (Non-Microcytic) - Clinician Review,None,Hb 9.0 below threshold; MCV 85.0 not microcytic - Mentzer not applicable,10000,Standard Clearance
66bee98a-11f0-4494-ba6d-f5a13fec3e4a,11.3,85.0,4.38,19.41,Anemia (Non-Microcytic) - Clinician Review,None,Hb 11.3 below threshold; MCV 85.0 not microcytic - Mentzer not applicable,10000,Standard Clearance
e44bd2f0-1805-48cf-9bf3-52fcf55bd9a0,11.3,96.6,3.56,27.13,Anemia (Non-Microcytic) - Clinician Review,None,Hb 11.3 below threshold; MCV 96.6 not microcytic - Mentzer not applicable,10000,Standard Clearance
2b6e9ca4-9a53-491e-849e-ee1219525815,12.3,87.8,4.38,20.05,Within Reference Range,None,All evaluated indices within rule thresholds,10000,Standard Clearance
2f287a14-49cb-4feb-b1d5-7b46b1224acb,12.2,75.5,5.36,14.09,Within Reference Range,None,All evaluated indices within rule thresholds,10000,Standard Clearance
c07adf0e-839a-4229-8603-dca22868fe51,14.8,89.4,4.99,17.92,Within Reference Range,None,All evaluated indices within rule thresholds,10000,Standard Clearance
abda84cd-ce78-48af-8bc9-aa28e656de8f,13.4,82.3,5.12,16.07,Within Reference Range,None,All evaluated indices within rule thresholds,10000,Standard Clearance
cb5d5591-1562-4280-936d-57a18d8c7116,14.7,86.3,5.07,17.02,Within Reference Range,None,All evaluated indices within rule thresholds,10000,Standard Clearance
cb2b6532-abbf-4cae-bb42-7f9612868754,13.2,76.8,5.28,14.55,Within Reference Range,None,All evaluated indices within rule thresholds,10000,Standard Clearance
5d996c52-08dd-476e-ac28-37197dd3f09c,11.6,81.27,4.62,17.59,Anemia (Non-Microcytic) - Clinician Review,None,Hb 11.6 below threshold; MCV 81.27 not microcytic - Mentzer not applicable,10000,Standard Clearance
652e8fe9-5d37-491d-bf7a-2f331d094c68,12.5,88.1,4.46,19.75,Within Reference Range,None,All evaluated indices within rule thresholds,10000,Standard Clearance
9a092f02-859c-4d98-9024-076dd3402d5a,14.4,85.1,5.7,14.93,Suspected Systemic Inflammation,C-Reactive Protein (CRP),WBC 21.2 > 11,20000,Enabled - ZainCash 15% Preventive Subsidy
10b613c0-b889-43ff-8a7e-625d0ed59fe6,9.5,81.4,3.84,21.2,Anemia (Non-Microcytic) - Clinician Review,None,Hb 9.5 below threshold; MCV 81.4 not microcytic - Mentzer not applicable,10000,Standard Clearance
8b0b1e73-c0cf-4f5e-9b1b-fdfeae3459d2,14.3,85.1,5.22,16.3,Within Reference Range,None,All evaluated indices within rule thresholds,10000,Standard Clearance
f6704b11-9e1a-4d17-b279-7f0359d68d63,8.8,68.7,4.6,14.93,Suspected Iron Deficiency,Serum Ferritin Test,Hb 8.8 < 12.0; MCV 68.7 < 80; Mentzer 14.93 >= 13,25000,Enabled - ZainCash 15% Preventive Subsidy
f79fd048-202a-48b3-aeac-ee067c5127c3,10.9,68.7,4.56,15.07,Suspected Iron Deficiency,Serum Ferritin Test,Hb 10.9 < 12.0; MCV 68.7 < 80; Mentzer 15.07 >= 13,25000,Enabled - ZainCash 15% Preventive Subsidy
e56c2103-c55f-491a-bb9a-88f319bb4c18,14.5,72.6,4.92,14.76,Suspected Systemic Inflammation,C-Reactive Protein (CRP),WBC 13.7 > 11,20000,Enabled - ZainCash 15% Preventive Subsidy
20448076-e6c9-45d4-ac5b-4f51f73772e2,5.9,70.2,2.37,29.62,Suspected Iron Deficiency,Serum Ferritin Test,Hb 5.9 < 12.0; MCV 70.2 < 80; Mentzer 29.62 >= 13,25000,Enabled - ZainCash 15% Preventive Subsidy
706edfbe-511c-4503-a5d2-b3367e202dac,10.2,84.1,3.8,22.13,Anemia (Non-Microcytic) - Clinician Review,None,Hb 10.2 below threshold; MCV 84.1 not microcytic - Mentzer not applicable,10000,Standard Clearance
1a271ef5-d241-4aad-a1df-5f1830a67914,9.7,71.5,4.55,15.71,Suspected Iron Deficiency,Serum Ferritin Test,Hb 9.7 < 12.0; MCV 71.5 < 80; Mentzer 15.71 >= 13,25000,Enabled - ZainCash 15% Preventive Subsidy
4b98f2d7-521a-412c-9f64-83d7dffb08f2,10.2,70.7,4.85,14.58,Suspected Iron Deficiency,Serum Ferritin Test,Hb 10.2 < 12.0; MCV 70.7 < 80; Mentzer 14.58 >= 13,25000,Enabled - ZainCash 15% Preventive Subsidy
1145aafe-1cc3-4ecf-8ff6-cb8a7ef03b0e,12.2,77.3,5.23,14.78,Within Reference Range,None,All evaluated indices within rule thresholds,10000,Standard Clearance
788ee23e-91c0-4b85-a753-698f730eae6a,8.6,59.9,4.99,12.0,Suspected Thalassemia Trait,Hemoglobin Electrophoresis,Hb 8.6 < 12.0; MCV 59.9 < 80; Mentzer 12.0 < 13,35000,Enabled - ZainCash 15% Preventive Subsidy
2da6324f-3c34-4584-b243-6e0c3788eb98,9.7,71.5,4.55,15.71,Suspected Iron Deficiency,Serum Ferritin Test,Hb 9.7 < 12.0; MCV 71.5 < 80; Mentzer 15.71 >= 13,25000,Enabled - ZainCash 15% Preventive Subsidy
1a344c12-a689-4cbf-a7bf-1a1fbd47beb2,8.3,70.5,4.04,17.45,Suspected Iron Deficiency,Serum Ferritin Test,Hb 8.3 < 12.0; MCV 70.5 < 80; Mentzer 17.45 >= 13,25000,Enabled - ZainCash 15% Preventive Subsidy
1c6e2d55-e88b-4f29-9c73-9b535c61db4d,9.3,61.5,4.76,12.92,Suspected Thalassemia Trait,Hemoglobin Electrophoresis,Hb 9.3 < 12.0; MCV 61.5 < 80; Mentzer 12.92 < 13,35000,Enabled - ZainCash 15% Preventive Subsidy
15f690b7-c05b-472e-a95c-5aadbaf500c5,11.8,85.6,4.24,20.19,Anemia (Non-Microcytic) - Clinician Review,None,Hb 11.8 below threshold; MCV 85.6 not microcytic - Mentzer not applicable,10000,Standard Clearance
fbb3f83e-b641-47d3-8d4a-da1c767772a7,9.3,61.5,4.76,12.92,Suspected Thalassemia Trait,Hemoglobin Electrophoresis,Hb 9.3 < 12.0; MCV 61.5 < 80; Mentzer 12.92 < 13,35000,Enabled - ZainCash 15% Preventive Subsidy
e95e03c8-979e-452d-a861-1392a7b97ee5,9.3,61.5,4.76,12.92,Suspected Thalassemia Trait,Hemoglobin Electrophoresis,Hb 9.3 < 12.0; MCV 61.5 < 80; Mentzer 12.92 < 13,35000,Enabled - ZainCash 15% Preventive Subsidy
09842259-3415-450a-b342-934e5faf3e77,10.7,93.1,3.58,26.01,Anemia (Non-Microcytic) - Clinician Review,None,Hb 10.7 below threshold; MCV 93.1 not microcytic - Mentzer not applicable,10000,Standard Clearance
e8923562-85f9-43c8-b41e-2e7e286239eb,9.6,71.4,4.54,15.73,Suspected Iron Deficiency,Serum Ferritin Test + C-Reactive Protein (CRP),Hb 9.6 < 12.0; MCV 71.4 < 80; Mentzer 15.73 >= 13,35000,Enabled - ZainCash 15% Preventive Subsidy
fddcfa7f-3a84-494b-a037-05dda2575932,13.2,86.4,4.77,18.11,Within Reference Range,None,All evaluated indices within rule thresholds,10000,Standard Clearance
a4738ff9-c690-41dd-b6c0-3e5b187265d2,11.6,76.7,4.82,15.91,Suspected Iron Deficiency,Serum Ferritin Test,Hb 11.6 < 12.0; MCV 76.7 < 80; Mentzer 15.91 >= 13,25000,Enabled - ZainCash 15% Preventive Subsidy
e4e3eaac-e55e-4266-a9fb-7c5f437ed94d,9.9,68.8,4.4,15.64,Suspected Iron Deficiency,Serum Ferritin Test,Hb 9.9 < 12.0; MCV 68.8 < 80; Mentzer 15.64 >= 13,25000,Enabled - ZainCash 15% Preventive Subsidy
83bcb576-716f-4ec3-9a83-d7981061a8db,7.4,70.6,3.34,21.14,Suspected Iron Deficiency,Serum Ferritin Test,Hb 7.4 < 12.0; MCV 70.6 < 80; Mentzer 21.14 >= 13,25000,Enabled - ZainCash 15% Preventive Subsidy
1725a89a-e32d-4501-819c-212bbcb6665c,10.3,72.0,4.27,16.86,Suspected Iron Deficiency,Serum Ferritin Test + C-Reactive Protein (CRP),Hb 10.3 < 12.0; MCV 72.0 < 80; Mentzer 16.86 >= 13,35000,Enabled - ZainCash 15% Preventive Subsidy
2a544abc-431d-4564-be73-1f6d9b229f5c,10.4,77.0,3.7,20.81,Suspected Iron Deficiency,Serum Ferritin Test,Hb 10.4 < 12.0; MCV 77.0 < 80; Mentzer 20.81 >= 13,25000,Enabled - ZainCash 15% Preventive Subsidy
9f33f86d-614a-48d3-96dc-b0db59214aa0,13.8,92.0,5.4,17.04,Within Reference Range,None,All evaluated indices within rule thresholds,10000,Standard Clearance
4d334d72-b29e-49e2-97b6-ac155faaadc2,13.5,90.0,5.1,17.65,Within Reference Range,None,All evaluated indices within rule thresholds,10000,Standard Clearance
f4f80b71-5135-47ea-9c8d-0d8bde299f8e,12.7,86.0,4.8,17.92,Within Reference Range,None,All evaluated indices within rule thresholds,10000,Standard Clearance
1e11121e-9107-4eb5-8546-5c2bd0fba35f,14.9,95.0,5.7,16.67,Within Reference Range,None,All evaluated indices within rule thresholds,10000,Standard Clearance
eb0e92be-f314-4459-8075-2a9382b95b8d,12.0,87.0,4.4,19.77,Within Reference Range,None,All evaluated indices within rule thresholds,10000,Standard Clearance
83ddfa68-ab3e-4532-b79f-9c2c732d6832,14.5,95.0,5.7,16.67,Within Reference Range,None,All evaluated indices within rule thresholds,10000,Standard Clearance
9f4e6435-14ed-4a65-b8d9-ee53fa35f421,11.8,84.0,4.2,20.0,Anemia (Non-Microcytic) - Clinician Review,None,Hb 11.8 below threshold; MCV 84.0 not microcytic - Mentzer not applicable,10000,Standard Clearance
0b396df8-c8fd-42ea-91c0-b9c5b287bff5,11.5,84.0,4.2,20.0,Anemia (Non-Microcytic) - Clinician Review,None,Hb 11.5 below threshold; MCV 84.0 not microcytic - Mentzer not applicable,10000,Standard Clearance
05b4f77f-a8e8-4e8c-adfd-70c691009b22,13.6,93.0,5.6,16.61,Within Reference Range,None,All evaluated indices within rule thresholds,10000,Standard Clearance
3f850793-bbed-4657-970a-b7694f745634,12.2,88.0,4.6,19.13,Within Reference Range,None,All evaluated indices within rule thresholds,10000,Standard Clearance
961393af-4bc3-4a19-8c5d-37bbc61e00de,11.8,85.0,4.3,19.77,Anemia (Non-Microcytic) - Clinician Review,None,Hb 11.8 below threshold; MCV 85.0 not microcytic - Mentzer not applicable,10000,Standard Clearance
232aa505-34b5-4964-aad1-c65abcc0f4e7,15.2,96.0,5.8,16.55,Within Reference Range,None,All evaluated indices within rule thresholds,10000,Standard Clearance
a1642f6e-3b1a-4fd6-a23d-5ee5c91692d3,13.4,94.0,5.7,16.49,Within Reference Range,None,All evaluated indices within rule thresholds,10000,Standard Clearance
aff4e85f-79a4-44e3-85ac-8df9c48d5ad4,11.8,85.0,4.3,19.77,Anemia (Non-Microcytic) - Clinician Review,None,Hb 11.8 below threshold; MCV 85.0 not microcytic - Mentzer not applicable,10000,Standard Clearance
46a8de79-2fa1-49ac-9f96-fb0a51e028c9,13.0,90.0,5.0,18.0,Within Reference Range,None,All evaluated indices within rule thresholds,10000,Standard Clearance
3bd0a906-e06c-4075-a541-2ee07c19f79d,10.7,79.0,3.9,20.26,Suspected Iron Deficiency,Serum Ferritin Test,Hb 10.7 < 12.0; MCV 79.0 < 80; Mentzer 20.26 >= 13,25000,Enabled - ZainCash 15% Preventive Subsidy
87cd2a13-0eb5-47cd-a1dc-dc91b2740c66,11.8,84.0,4.2,20.0,Anemia (Non-Microcytic) - Clinician Review,None,Hb 11.8 below threshold; MCV 84.0 not microcytic - Mentzer not applicable,10000,Standard Clearance
719a63d8-3b9a-44e6-87ab-fe1dae91af41,14.5,94.0,5.2,18.08,Within Reference Range,None,All evaluated indices within rule thresholds,10000,Standard Clearance
a7653fb1-5d54-4b12-ad40-91887512ad20,15.2,96.0,5.8,16.55,Within Reference Range,None,All evaluated indices within rule thresholds,10000,Standard Clearance
5f99102f-9dbc-47ad-b6f5-5ffc94b143bb,14.2,92.0,5.4,17.04,Within Reference Range,None,All evaluated indices within rule thresholds,10000,Standard Clearance
d938a68b-5546-4282-a5af-4d3aac83a12d,10.2,76.0,3.6,21.11,Suspected Iron Deficiency,Serum Ferritin Test,Hb 10.2 < 12.0; MCV 76.0 < 80; Mentzer 21.11 >= 13,25000,Enabled - ZainCash 15% Preventive Subsidy
84336893-4bb7-4c78-91ac-2609a8125371,12.2,88.0,4.6,19.13,Within Reference Range,None,All evaluated indices within rule thresholds,10000,Standard Clearance
d2dab139-b327-4f77-95da-6245b358353f,10.8,79.0,3.9,20.26,Suspected Iron Deficiency,Serum Ferritin Test,Hb 10.8 < 12.0; MCV 79.0 < 80; Mentzer 20.26 >= 13,25000,Enabled - ZainCash 15% Preventive Subsidy
2995d892-9744-4d8c-9d22-9dfd484bc7e6,14.8,91.0,5.3,17.17,Within Reference Range,None,All evaluated indices within rule thresholds,10000,Standard Clearance
93dcb0a5-eab2-403f-91d3-b0100f2b476e,11.0,80.0,4.0,20.0,Anemia (Non-Microcytic) - Clinician Review,None,Hb 11.0 below threshold; MCV 80.0 not microcytic - Mentzer not applicable,10000,Standard Clearance
ac9e678b-c227-4614-a54a-aa1df05bd87e,12.2,88.0,4.6,19.13,Within Reference Range,None,All evaluated indices within rule thresholds,10000,Standard Clearance
9430af14-27b1-49c6-bf6b-dbf101d1f0f9,14.7,93.0,5.5,16.91,Within Reference Range,None,All evaluated indices within rule thresholds,10000,Standard Clearance
868a83fb-c471-479d-85f6-b6030f994f15,14.8,91.0,5.3,17.17,Within Reference Range,None,All evaluated indices within rule thresholds,10000,Standard Clearance
2fa4ec1b-0330-45de-8100-29cbccace1ae,15.1,96.0,5.7,16.84,Within Reference Range,None,All evaluated indices within rule thresholds,10000,Standard Clearance
9b6533a7-a068-485c-a952-456e6a515de4,12.0,85.0,4.3,19.77,Within Reference Range,None,All evaluated indices within rule thresholds,10000,Standard Clearance
4392c63d-df4b-4f0e-bd26-3229093e094f,11.7,83.0,4.1,20.24,Anemia (Non-Microcytic) - Clinician Review,None,Hb 11.7 below threshold; MCV 83.0 not microcytic - Mentzer not applicable,10000,Standard Clearance
19e8d796-d984-41b2-a66f-c68f7e0d2d3b,13.5,90.0,5.1,17.65,Within Reference Range,None,All evaluated indices within rule thresholds,10000,Standard Clearance
5b0703b7-97a8-4498-a227-1bf53368717c,11.5,84.0,4.2,20.0,Anemia (Non-Microcytic) - Clinician Review,None,Hb 11.5 below threshold; MCV 84.0 not microcytic - Mentzer not applicable,10000,Standard Clearance
1218d53e-c645-4878-9acf-3379ecc2377a,13.9,91.0,5.3,17.17,Within Reference Range,None,All evaluated indices within rule thresholds,10000,Standard Clearance
b81ce28b-fc42-4c37-8d3b-9b9bd2c85920,14.4,91.0,5.3,17.17,Within Reference Range,None,All evaluated indices within rule thresholds,10000,Standard Clearance
e84ba43f-2c3b-4cd2-b24f-705a0856bd79,11.8,84.0,4.2,20.0,Anemia (Non-Microcytic) - Clinician Review,None,Hb 11.8 below threshold; MCV 84.0 not microcytic - Mentzer not applicable,10000,Standard Clearance
108d6b8a-2490-45f3-ac4e-74a904617d6a,11.5,84.0,4.2,20.0,Anemia (Non-Microcytic) - Clinician Review,None,Hb 11.5 below threshold; MCV 84.0 not microcytic - Mentzer not applicable,10000,Standard Clearance
174f0987-954f-4584-8848-c3df2c99e92e,13.2,90.0,5.0,18.0,Within Reference Range,None,All evaluated indices within rule thresholds,10000,Standard Clearance
2e72fb29-4d20-4d56-bf7b-be6b3a6c9f82,14.5,94.0,5.2,18.08,Within Reference Range,None,All evaluated indices within rule thresholds,10000,Standard Clearance
c1eba2d9-6f7a-4fdd-b430-8bb70a438d6d,13.6,93.0,5.6,16.61,Within Reference Range,None,All evaluated indices within rule thresholds,10000,Standard Clearance
49566d8e-c55e-441f-8fb3-90254f4d879b,10.4,77.0,3.7,20.81,Suspected Iron Deficiency,Serum Ferritin Test,Hb 10.4 < 12.0; MCV 77.0 < 80; Mentzer 20.81 >= 13,25000,Enabled - ZainCash 15% Preventive Subsidy
9922c44b-fefe-4d7b-b748-18a4cf48a8fa,12.7,86.0,4.8,17.92,Within Reference Range,None,All evaluated indices within rule thresholds,10000,Standard Clearance
47189821-c360-4063-9813-0741a1f3745d,13.8,92.0,5.3,17.36,Within Reference Range,None,All evaluated indices within rule thresholds,10000,Standard Clearance
06bb7e56-5783-478e-b1c7-88867df44399,12.6,87.0,4.5,19.33,Within Reference Range,None,All evaluated indices within rule thresholds,10000,Standard Clearance
83bcb170-3e5b-49d9-8790-9fd7fff4e4ee,13.8,92.0,5.4,17.04,Within Reference Range,None,All evaluated indices within rule thresholds,10000,Standard Clearance
c39d3ad1-27ba-4a11-b26e-e8ec554645b7,12.1,89.0,4.5,19.78,Within Reference Range,None,All evaluated indices within rule thresholds,10000,Standard Clearance
4660b573-e967-4800-9c04-edd29073d25a,14.2,91.0,5.2,17.5,Within Reference Range,None,All evaluated indices within rule thresholds,10000,Standard Clearance
fd024a30-8ef6-4bfc-a1cd-ca851027a183,13.5,90.0,5.1,17.65,Within Reference Range,None,All evaluated indices within rule thresholds,10000,Standard Clearance
7d74f185-a8ee-4fa4-89ae-d9f611811e65,12.0,87.0,4.4,19.77,Within Reference Range,None,All evaluated indices within rule thresholds,10000,Standard Clearance
ec0f7dd8-1a26-4176-a5f2-981bff9bef24,14.0,93.0,5.6,16.61,Within Reference Range,None,All evaluated indices within rule thresholds,10000,Standard Clearance
f4e0675c-14ae-488b-9b68-32d649dca99e,12.1,88.0,4.6,19.13,Within Reference Range,None,All evaluated indices within rule thresholds,10000,Standard Clearance
2f32b823-2092-48ca-be34-f086d4fd5246,14.9,95.0,5.7,16.67,Within Reference Range,None,All evaluated indices within rule thresholds,10000,Standard Clearance
a5aef9e3-1a95-48ce-b17b-7128dde96b76,11.6,86.0,4.4,19.55,Anemia (Non-Microcytic) - Clinician Review,None,Hb 11.6 below threshold; MCV 86.0 not microcytic - Mentzer not applicable,10000,Standard Clearance
a3f91fb3-f013-4b8d-8fc9-f42aa8df626b,14.4,91.0,5.3,17.17,Within Reference Range,None,All evaluated indices within rule thresholds,10000,Standard Clearance
f00a4b21-8e84-4e25-88c5-99b3ce4ec9a6,12.4,88.0,4.7,18.72,Within Reference Range,None,All evaluated indices within rule thresholds,10000,Standard Clearance
9377eec5-76ba-4177-8255-ea468387b763,13.5,90.0,5.1,17.65,Within Reference Range,None,All evaluated indices within rule thresholds,10000,Standard Clearance
37886aef-944e-4b9a-9b7f-e4e646828f84,11.6,84.0,4.2,20.0,Anemia (Non-Microcytic) - Clinician Review,None,Hb 11.6 below threshold; MCV 84.0 not microcytic - Mentzer not applicable,10000,Standard Clearance
9f9b8d8f-8531-40bb-a556-bb9dc5230c97,14.9,95.0,5.8,16.38,Within Reference Range,None,All evaluated indices within rule thresholds,10000,Standard Clearance
5e00147f-fa35-4283-ad81-491ae3c17dee,12.0,85.0,4.3,19.77,Within Reference Range,None,All evaluated indices within rule thresholds,10000,Standard Clearance
94e04b08-167f-4233-a365-f610a9acf3ef,10.3,77.0,3.7,20.81,Suspected Iron Deficiency,Serum Ferritin Test,Hb 10.3 < 12.0; MCV 77.0 < 80; Mentzer 20.81 >= 13,25000,Enabled - ZainCash 15% Preventive Subsidy
8f0cf6de-9460-49b9-8143-99eddfebe1f7,11.0,80.0,4.0,20.0,Anemia (Non-Microcytic) - Clinician Review,None,Hb 11.0 below threshold; MCV 80.0 not microcytic - Mentzer not applicable,10000,Standard Clearance
5941afd9-6f2d-4972-8ce2-d9edf0ff8764,11.6,86.0,4.4,19.55,Anemia (Non-Microcytic) - Clinician Review,None,Hb 11.6 below threshold; MCV 86.0 not microcytic - Mentzer not applicable,10000,Standard Clearance
24981aac-0e39-41ed-93ce-74068ba291a3,13.0,90.0,5.0,18.0,Within Reference Range,None,All evaluated indices within rule thresholds,10000,Standard Clearance
5089ef62-5461-4db1-a6be-4f02350ff77c,14.8,93.0,5.5,16.91,Within Reference Range,None,All evaluated indices within rule thresholds,10000,Standard Clearance
3687bea7-f9c7-4528-a2d9-f837d6a59113,12.5,87.0,4.7,18.51,Within Reference Range,None,All evaluated indices within rule thresholds,10000,Standard Clearance
a8995b8a-7b16-473f-878c-0d7d2c8deb63,13.3,90.0,5.1,17.65,Within Reference Range,None,All evaluated indices within rule thresholds,10000,Standard Clearance
95b9a8dd-35c4-478b-bbb3-f947ea2791bd,13.7,93.0,5.6,16.61,Within Reference Range,None,All evaluated indices within rule thresholds,10000,Standard Clearance
b617a3f6-bf05-444d-8292-8b96d2b427ca,11.9,87.0,4.4,19.77,Anemia (Non-Microcytic) - Clinician Review,None,Hb 11.9 below threshold; MCV 87.0 not microcytic - Mentzer not applicable,10000,Standard Clearance
88f391b6-26bb-4506-bc0b-5477c198c8dd,15.0,96.0,5.8,16.55,Within Reference Range,None,All evaluated indices within rule thresholds,10000,Standard Clearance
11e86e70-99c2-4ffd-92e5-4c080e7ac757,13.0,90.0,5.0,18.0,Within Reference Range,None,All evaluated indices within rule thresholds,10000,Standard Clearance
e6ce19f1-b0a9-43c3-8b91-fad4e7a76f05,10.5,78.0,3.8,20.53,Suspected Iron Deficiency,Serum Ferritin Test,Hb 10.5 < 12.0; MCV 78.0 < 80; Mentzer 20.53 >= 13,25000,Enabled - ZainCash 15% Preventive Subsidy
12824944-e0b2-4a63-a789-6bc7ebb6343a,11.6,84.0,4.2,20.0,Anemia (Non-Microcytic) - Clinician Review,None,Hb 11.6 below threshold; MCV 84.0 not microcytic - Mentzer not applicable,10000,Standard Clearance
2fd42945-de74-43ed-a8bc-3a27ffe3f42f,12.6,86.0,4.8,17.92,Within Reference Range,None,All evaluated indices within rule thresholds,10000,Standard Clearance
d3bc0ab5-630b-430c-98a5-f9fe877b3599,15.1,96.0,5.7,16.84,Within Reference Range,None,All evaluated indices within rule thresholds,10000,Standard Clearance
17e0e4e5-f13a-4e38-a595-25edd98df5e6,12.6,86.0,4.8,17.92,Within Reference Range,None,All evaluated indices within rule thresholds,10000,Standard Clearance
88baea01-f527-43e9-b389-a2006cf3bcfd,14.9,95.0,5.8,16.38,Within Reference Range,None,All evaluated indices within rule thresholds,10000,Standard Clearance
28282eeb-17c8-4614-9565-ca0cfc1489b9,12.3,88.0,4.6,19.13,Within Reference Range,None,All evaluated indices within rule thresholds,10000,Standard Clearance
f6e699ea-24ca-45ab-8045-e11da23601b3,13.2,90.0,5.0,18.0,Within Reference Range,None,All evaluated indices within rule thresholds,10000,Standard Clearance
ed964209-0bda-48d0-b568-c2ef8c07e817,13.2,91.0,5.3,17.17,Within Reference Range,None,All evaluated indices within rule thresholds,10000,Standard Clearance
e44978e7-94ba-4bd3-9231-cc5a3b2fbd62,10.2,76.0,3.6,21.11,Suspected Iron Deficiency,Serum Ferritin Test,Hb 10.2 < 12.0; MCV 76.0 < 80; Mentzer 21.11 >= 13,25000,Enabled - ZainCash 15% Preventive Subsidy
c694457f-c088-4190-9cc9-aeb077c1866b,14.7,92.0,5.4,17.04,Within Reference Range,None,All evaluated indices within rule thresholds,10000,Standard Clearance
84b27d6f-b530-47b1-9e2d-67e88a95917c,10.4,77.0,3.7,20.81,Suspected Iron Deficiency,Serum Ferritin Test,Hb 10.4 < 12.0; MCV 77.0 < 80; Mentzer 20.81 >= 13,25000,Enabled - ZainCash 15% Preventive Subsidy
fa688ded-58ea-49cd-abb8-14016b883dc0,13.6,93.0,5.6,16.61,Within Reference Range,None,All evaluated indices within rule thresholds,10000,Standard Clearance
71033f55-8d1e-4e7b-942c-e026cdc7a096,13.2,91.0,5.3,17.17,Within Reference Range,None,All evaluated indices within rule thresholds,10000,Standard Clearance
28d3f012-0c68-4219-b72b-f2157dc19e48,13.8,93.0,5.5,16.91,Within Reference Range,None,All evaluated indices within rule thresholds,10000,Standard Clearance
748f3bb2-8b1c-4fa7-a79d-302a872d05a2,12.7,86.0,4.8,17.92,Within Reference Range,None,All evaluated indices within rule thresholds,10000,Standard Clearance
a99427c2-1888-404e-80a5-ea99549a2096,14.2,91.0,5.2,17.5,Within Reference Range,None,All evaluated indices within rule thresholds,10000,Standard Clearance
40702195-379d-48e3-87bc-70f496e78a2d,15.0,96.0,5.8,16.55,Within Reference Range,None,All evaluated indices within rule thresholds,10000,Standard Clearance
f0def46a-f290-4058-a290-a08ecb017d2b,14.2,91.0,5.2,17.5,Within Reference Range,None,All evaluated indices within rule thresholds,10000,Standard Clearance
79850fa0-d0fc-4897-b899-72fc5c1ed0f3,10.8,79.0,3.9,20.26,Suspected Iron Deficiency,Serum Ferritin Test,Hb 10.8 < 12.0; MCV 79.0 < 80; Mentzer 20.26 >= 13,25000,Enabled - ZainCash 15% Preventive Subsidy
cd907c91-bec7-4e5a-95ba-6ab3d10a9357,13.0,90.0,5.0,18.0,Within Reference Range,None,All evaluated indices within rule thresholds,10000,Standard Clearance
595102ef-cd0e-468a-b224-e17f4cd63b92,15.2,96.0,5.8,16.55,Within Reference Range,None,All evaluated indices within rule thresholds,10000,Standard Clearance
d17700c3-1ca2-4959-a658-74d34a271309,12.0,87.0,4.4,19.77,Within Reference Range,None,All evaluated indices within rule thresholds,10000,Standard Clearance
3df5dab6-d67f-4d0f-aca1-65e1990fe6cc,13.8,92.0,5.3,17.36,Within Reference Range,None,All evaluated indices within rule thresholds,10000,Standard Clearance
33cc7229-0d13-4528-83ac-8d1d0c3d9a40,14.9,95.0,5.7,16.67,Within Reference Range,None,All evaluated indices within rule thresholds,10000,Standard Clearance
b596de95-dfff-4ca3-8d39-f691abbc3391,11.5,84.0,4.2,20.0,Anemia (Non-Microcytic) - Clinician Review,None,Hb 11.5 below threshold; MCV 84.0 not microcytic - Mentzer not applicable,10000,Standard Clearance
c4aaa440-8762-4c37-a227-32aa62f98d9d,13.5,90.0,5.1,17.65,Within Reference Range,None,All evaluated indices within rule thresholds,10000,Standard Clearance
d839fe08-adbf-465c-8180-e6465e3cb953,10.9,80.0,3.8,21.05,Anemia (Non-Microcytic) - Clinician Review,None,Hb 10.9 below threshold; MCV 80.0 not microcytic - Mentzer not applicable,10000,Standard Clearance
972f71ff-53f5-41d3-a139-d1399eaa0336,12.1,89.0,4.5,19.78,Within Reference Range,None,All evaluated indices within rule thresholds,10000,Standard Clearance
1aa55980-fdcc-47e5-9364-09519f5c79f9,13.2,90.0,5.1,17.65,Within Reference Range,None,All evaluated indices within rule thresholds,10000,Standard Clearance
bd976d17-947f-462f-8406-dd16c0081daa,14.9,95.0,5.8,16.38,Within Reference Range,None,All evaluated indices within rule thresholds,10000,Standard Clearance
280088f1-9a2a-471f-a666-b062f7029b99,14.0,95.0,5.5,17.27,Within Reference Range,None,All evaluated indices within rule thresholds,10000,Standard Clearance
1322e41a-0dda-4948-844b-155764a4d617,13.8,93.0,5.5,16.91,Within Reference Range,None,All evaluated indices within rule thresholds,10000,Standard Clearance
80439552-6e84-4ca1-b8cb-06977830153b,12.0,87.0,4.4,19.77,Within Reference Range,None,All evaluated indices within rule thresholds,10000,Standard Clearance
58194537-caee-4a47-aad2-fd011012608e,10.7,79.0,3.9,20.26,Suspected Iron Deficiency,Serum Ferritin Test,Hb 10.7 < 12.0; MCV 79.0 < 80; Mentzer 20.26 >= 13,25000,Enabled - ZainCash 15% Preventive Subsidy
f198d46d-4112-4861-a0a5-a2bdd421f9a1,10.9,80.0,3.8,21.05,Anemia (Non-Microcytic) - Clinician Review,None,Hb 10.9 below threshold; MCV 80.0 not microcytic - Mentzer not applicable,10000,Standard Clearance
3c1d0f9f-0389-4965-8903-3c59030195ce,11.9,87.0,4.4,19.77,Anemia (Non-Microcytic) - Clinician Review,None,Hb 11.9 below threshold; MCV 87.0 not microcytic - Mentzer not applicable,10000,Standard Clearance
0a528342-6ed2-44b6-88c1-922a66812043,12.0,87.0,4.4,19.77,Within Reference Range,None,All evaluated indices within rule thresholds,10000,Standard Clearance
b3ac00c8-81b0-4f57-bd1d-82931d206da6,13.8,92.0,5.3,17.36,Within Reference Range,None,All evaluated indices within rule thresholds,10000,Standard Clearance
a95b3a07-3759-4d67-b176-c28891563633,12.5,88.0,4.7,18.72,Within Reference Range,None,All evaluated indices within rule thresholds,10000,Standard Clearance
18a60340-1b04-48bb-bbd3-6d91637dfeab,12.6,86.0,4.8,17.92,Within Reference Range,None,All evaluated indices within rule thresholds,10000,Standard Clearance
d6390397-b0d8-44d0-a870-80be80302c91,14.2,91.0,5.2,17.5,Within Reference Range,None,All evaluated indices within rule thresholds,10000,Standard Clearance
45ac71ae-7c5c-44e7-b468-08fdda03a7d1,12.5,88.0,4.7,18.72,Within Reference Range,None,All evaluated indices within rule thresholds,10000,Standard Clearance
1a25bca0-b5d3-4e4a-9be2-3202c27da690,14.6,92.0,5.4,17.04,Within Reference Range,None,All evaluated indices within rule thresholds,10000,Standard Clearance
28e0f7e8-8c32-418e-82f6-1704769f7da4,14.2,91.0,5.2,17.5,Within Reference Range,None,All evaluated indices within rule thresholds,10000,Standard Clearance
337a4277-cd3c-4268-bc25-da97927df9f4,15.0,96.0,5.8,16.55,Within Reference Range,None,All evaluated indices within rule thresholds,10000,Standard Clearance
1c0c5d5a-107b-4497-a334-2ad801a0a8d7,14.2,91.0,5.2,17.5,Within Reference Range,None,All evaluated indices within rule thresholds,10000,Standard Clearance
d5dbae73-b4e7-49d1-a224-1e7f45f397cb,11.6,86.0,4.4,19.55,Anemia (Non-Microcytic) - Clinician Review,None,Hb 11.6 below threshold; MCV 86.0 not microcytic - Mentzer not applicable,10000,Standard Clearance
bb1566d8-dd42-466e-91df-4e53acb28dae,11.9,83.0,4.1,20.24,Anemia (Non-Microcytic) - Clinician Review,None,Hb 11.9 below threshold; MCV 83.0 not microcytic - Mentzer not applicable,10000,Standard Clearance
aed7d03f-6d6c-43b3-a3fd-125c244b5368,12.4,88.0,4.7,18.72,Within Reference Range,None,All evaluated indices within rule thresholds,10000,Standard Clearance
28c0d823-38d3-4365-a3c1-8ae5dd4de243,13.3,90.0,5.1,17.65,Within Reference Range,None,All evaluated indices within rule thresholds,10000,Standard Clearance
ed1901cf-6b9b-4b56-8eff-4c4cc6d8d31e,14.3,91.0,5.2,17.5,Within Reference Range,None,All evaluated indices within rule thresholds,10000,Standard Clearance
cce31731-332b-4044-b45e-373e1304f362,13.9,91.0,5.3,17.17,Within Reference Range,None,All evaluated indices within rule thresholds,10000,Standard Clearance
b7f910fc-1e94-40fc-975e-7bdd941d1304,14.7,92.0,5.4,17.04,Within Reference Range,None,All evaluated indices within rule thresholds,10000,Standard Clearance
ba420afa-2bc0-4987-9224-cf8e9888cd34,13.2,90.0,5.1,17.65,Within Reference Range,None,All evaluated indices within rule thresholds,10000,Standard Clearance
668ff4ab-4a8e-43b8-a33a-7112695e73a8,14.6,92.0,5.4,17.04,Within Reference Range,None,All evaluated indices within rule thresholds,10000,Standard Clearance
0a829980-ba79-487f-a30d-751b9768896b,11.5,84.0,4.2,20.0,Anemia (Non-Microcytic) - Clinician Review,None,Hb 11.5 below threshold; MCV 84.0 not microcytic - Mentzer not applicable,10000,Standard Clearance
1e0f309d-ba6f-4f80-9933-25ca76f3894c,14.2,92.0,5.4,17.04,Within Reference Range,None,All evaluated indices within rule thresholds,10000,Standard Clearance
fb2e8686-0f9d-4b8e-9d9a-1be3894c75c0,14.0,93.0,5.6,16.61,Within Reference Range,None,All evaluated indices within rule thresholds,10000,Standard Clearance
1197752b-7185-4137-bf44-786c9c9526bf,14.3,91.0,5.2,17.5,Within Reference Range,None,All evaluated indices within rule thresholds,10000,Standard Clearance
53d7f1cc-66da-4621-b373-cd047e2c133f,14.6,92.0,5.4,17.04,Within Reference Range,None,All evaluated indices within rule thresholds,10000,Standard Clearance
4dbb7786-4e23-4b10-9564-4f3803b09151,14.2,91.0,5.2,17.5,Within Reference Range,None,All evaluated indices within rule thresholds,10000,Standard Clearance
a4e16c13-f93a-4799-a55b-b66b05f0f69e,13.5,90.0,5.1,17.65,Within Reference Range,None,All evaluated indices within rule thresholds,10000,Standard Clearance
d6e6328f-4a0a-415f-a8db-511eb606b2d8,12.3,89.0,4.5,19.78,Within Reference Range,None,All evaluated indices within rule thresholds,10000,Standard Clearance
4b41f1d2-6013-4907-9e8b-f4b4316c26b4,14.7,92.0,5.4,17.04,Within Reference Range,None,All evaluated indices within rule thresholds,10000,Standard Clearance
d0f0173a-df9c-4602-94b1-5b6b417a3088,13.5,93.0,5.5,16.91,Within Reference Range,None,All evaluated indices within rule thresholds,10000,Standard Clearance
a72e0014-b241-4394-9c94-2f141a6dd1c0,13.2,90.0,5.1,17.65,Within Reference Range,None,All evaluated indices within rule thresholds,10000,Standard Clearance
6dfc7656-e8ac-4611-9777-0c084995b5ab,13.2,91.0,5.3,17.17,Within Reference Range,None,All evaluated indices within rule thresholds,10000,Standard Clearance
59f28ead-b7b1-4c66-b687-409eba291d78,13.0,90.0,5.0,18.0,Within Reference Range,None,All evaluated indices within rule thresholds,10000,Standard Clearance
611db53e-1635-4505-a3c4-94dbf044b7e0,12.7,86.0,4.8,17.92,Within Reference Range,None,All evaluated indices within rule thresholds,10000,Standard Clearance
587dedcc-b399-4fdf-97a5-a85a95459034,12.0,85.0,4.3,19.77,Within Reference Range,None,All evaluated indices within rule thresholds,10000,Standard Clearance
3b9e9e6c-25c3-4a02-a33a-1dfa7ec9bc23,10.2,76.0,3.6,21.11,Suspected Iron Deficiency,Serum Ferritin Test,Hb 10.2 < 12.0; MCV 76.0 < 80; Mentzer 21.11 >= 13,25000,Enabled - ZainCash 15% Preventive Subsidy
96e5a7e7-375c-4633-b138-20194ff54f0d,12.3,89.0,4.5,19.78,Within Reference Range,None,All evaluated indices within rule thresholds,10000,Standard Clearance
a5515ff9-ec78-4f19-9682-a79a2fa2fd3d,13.6,93.0,5.6,16.61,Within Reference Range,None,All evaluated indices within rule thresholds,10000,Standard Clearance
46e81a0e-4b88-46c0-8597-0df507557395,15.1,96.0,5.7,16.84,Within Reference Range,None,All evaluated indices within rule thresholds,10000,Standard Clearance
b8fd231f-595f-4d7e-8dde-8aac37140949,15.1,96.0,5.8,16.55,Within Reference Range,None,All evaluated indices within rule thresholds,10000,Standard Clearance
de432a18-77b1-4d7b-aed6-5294dee5f551,14.0,91.0,5.2,17.5,Within Reference Range,None,All evaluated indices within rule thresholds,10000,Standard Clearance
b7fd18b1-3bd7-4ceb-9d0f-3f2a436b855f,11.7,83.0,4.1,20.24,Anemia (Non-Microcytic) - Clinician Review,None,Hb 11.7 below threshold; MCV 83.0 not microcytic - Mentzer not applicable,10000,Standard Clearance
ba56728c-6f65-42c3-9245-03cb1a0c03bc,15.0,96.0,5.8,16.55,Within Reference Range,None,All evaluated indices within rule thresholds,10000,Standard Clearance
2c2ad658-c535-42ac-b864-3e59b565e478,14.0,95.0,5.5,17.27,Within Reference Range,None,All evaluated indices within rule thresholds,10000,Standard Clearance
30f3ea62-56b5-4461-a363-dfa2b2de8f69,14.7,93.0,5.5,16.91,Within Reference Range,None,All evaluated indices within rule thresholds,10000,Standard Clearance
8d875ce6-0d5b-4a7c-a85e-1cf35a2b477d,10.9,80.0,3.8,21.05,Anemia (Non-Microcytic) - Clinician Review,None,Hb 10.9 below threshold; MCV 80.0 not microcytic - Mentzer not applicable,10000,Standard Clearance
76135ef6-f065-49c0-bdcf-f06dbd6a236c,12.2,88.0,4.6,19.13,Within Reference Range,None,All evaluated indices within rule thresholds,10000,Standard Clearance
5682c07f-4d7a-4a88-ae38-f09d2be1f4a4,11.5,84.0,4.2,20.0,Anemia (Non-Microcytic) - Clinician Review,None,Hb 11.5 below threshold; MCV 84.0 not microcytic - Mentzer not applicable,10000,Standard Clearance
8fdece15-9966-40f5-a92a-b09d185d4801,13.5,90.0,5.1,17.65,Within Reference Range,None,All evaluated indices within rule thresholds,10000,Standard Clearance
e45cbba6-8461-416d-8e05-df262ac1b00c,12.0,87.0,4.4,19.77,Within Reference Range,None,All evaluated indices within rule thresholds,10000,Standard Clearance
95ba0f8b-5ca5-457a-ad5b-d4a26852bee3,13.2,91.0,5.3,17.17,Within Reference Range,None,All evaluated indices within rule thresholds,10000,Standard Clearance
f1c8eb3c-3382-4427-9767-c80577d71d78,12.5,87.0,4.7,18.51,Within Reference Range,None,All evaluated indices within rule thresholds,10000,Standard Clearance
4729c17a-0e16-4c7f-a0e8-a16c820d93d2,14.3,89.0,5.1,17.45,Within Reference Range,None,All evaluated indices within rule thresholds,10000,Standard Clearance
2d8f7f12-ec59-4e1e-ace6-f167d949f427,12.6,86.0,4.8,17.92,Within Reference Range,None,All evaluated indices within rule thresholds,10000,Standard Clearance
aba6dc40-30f3-4e96-b7cd-fcf06243db97,12.0,87.0,4.4,19.77,Within Reference Range,None,All evaluated indices within rule thresholds,10000,Standard Clearance
5b6afecd-fbb7-45ec-b8a8-201730c59b5b,14.2,91.0,5.2,17.5,Within Reference Range,None,All evaluated indices within rule thresholds,10000,Standard Clearance
4ae9846f-b80b-4714-938e-3450e78d7aed,14.8,91.0,5.3,17.17,Within Reference Range,None,All evaluated indices within rule thresholds,10000,Standard Clearance
38b45964-3c81-48e9-a48f-7e2d78ec8f77,12.8,87.0,4.3,20.23,Within Reference Range,None,All evaluated indices within rule thresholds,10000,Standard Clearance
d098fada-e446-40df-98a4-8825d6f1c41c,13.5,92.0,5.3,17.36,Within Reference Range,None,All evaluated indices within rule thresholds,10000,Standard Clearance
e90554e6-c396-4a3f-baec-590293b4b444,12.8,87.0,4.3,20.23,Within Reference Range,None,All evaluated indices within rule thresholds,10000,Standard Clearance
97611f5b-ac69-4eee-b216-0fedf6f3d7f5,12.3,88.0,4.6,19.13,Within Reference Range,None,All evaluated indices within rule thresholds,10000,Standard Clearance
ecefcabe-d653-4838-8364-fcd28e9cf048,12.2,88.0,4.6,19.13,Within Reference Range,None,All evaluated indices within rule thresholds,10000,Standard Clearance
c40efc8a-6de1-4023-b286-858fe8b5d039,11.8,84.0,4.2,20.0,Anemia (Non-Microcytic) - Clinician Review,None,Hb 11.8 below threshold; MCV 84.0 not microcytic - Mentzer not applicable,10000,Standard Clearance
8f6a3b7f-1f8b-4715-acbc-fcb3abe09227,15.0,96.0,5.8,16.55,Within Reference Range,None,All evaluated indices within rule thresholds,10000,Standard Clearance
d35dd73d-08f9-4e4c-94da-5ca5762efa40,12.8,88.0,4.9,17.96,Within Reference Range,None,All evaluated indices within rule thresholds,10000,Standard Clearance
80a870a1-2332-4b9f-8aa7-1c6898d18b1d,12.2,89.0,4.5,19.78,Within Reference Range,None,All evaluated indices within rule thresholds,10000,Standard Clearance
8588f8e4-53ee-4288-a1b9-46635ffb6972,14.9,95.0,5.7,16.67,Within Reference Range,None,All evaluated indices within rule thresholds,10000,Standard Clearance
9217eb24-535b-4646-99bb-3c1a11664b2c,12.3,88.0,4.6,19.13,Within Reference Range,None,All evaluated indices within rule thresholds,10000,Standard Clearance
f9628e49-1e33-4344-95ef-0ee6d9afd776,13.6,93.0,5.6,16.61,Within Reference Range,None,All evaluated indices within rule thresholds,10000,Standard Clearance
5ce2a437-7fb8-4fa4-abe5-bf08c798988a,13.0,90.0,5.0,18.0,Within Reference Range,None,All evaluated indices within rule thresholds,10000,Standard Clearance
8590b82e-abff-4760-945a-61b0ad856a30,12.8,87.0,4.3,20.23,Within Reference Range,None,All evaluated indices within rule thresholds,10000,Standard Clearance
0711befb-5d22-4040-9665-3c3f0b548309,12.0,87.0,4.4,19.77,Within Reference Range,None,All evaluated indices within rule thresholds,10000,Standard Clearance
683b3db4-5b12-411a-8af8-c34c22abc7b7,14.9,95.0,5.8,16.38,Within Reference Range,None,All evaluated indices within rule thresholds,10000,Standard Clearance
cf2c479c-8f9a-415f-9ff2-6215ed7b63fb,13.8,93.0,5.5,16.91,Within Reference Range,None,All evaluated indices within rule thresholds,10000,Standard Clearance
6a336e01-fe25-4e9f-9ea3-b9f3e0d7963d,13.7,93.0,5.6,16.61,Within Reference Range,None,All evaluated indices within rule thresholds,10000,Standard Clearance
e7e03bcb-9966-4fda-93fc-7e7d78298363,12.3,88.0,4.6,19.13,Within Reference Range,None,All evaluated indices within rule thresholds,10000,Standard Clearance
98a45c40-6409-48dc-89b1-c881d68e22b0,12.5,88.0,4.7,18.72,Within Reference Range,None,All evaluated indices within rule thresholds,10000,Standard Clearance
d3fab074-e0c4-41bf-aa49-82468d92d618,13.0,91.0,5.2,17.5,Within Reference Range,None,All evaluated indices within rule thresholds,10000,Standard Clearance
5af4d68d-37d6-46ce-852a-36d0f5e3d1bd,10.7,79.0,3.9,20.26,Suspected Iron Deficiency,Serum Ferritin Test,Hb 10.7 < 12.0; MCV 79.0 < 80; Mentzer 20.26 >= 13,25000,Enabled - ZainCash 15% Preventive Subsidy
56805953-8775-4ab3-91c5-7ad54c07fba8,13.2,91.0,5.3,17.17,Within Reference Range,None,All evaluated indices within rule thresholds,10000,Standard Clearance
90d54146-4a17-4d20-a346-8abf1696c08f,10.5,78.0,3.8,20.53,Suspected Iron Deficiency,Serum Ferritin Test,Hb 10.5 < 12.0; MCV 78.0 < 80; Mentzer 20.53 >= 13,25000,Enabled - ZainCash 15% Preventive Subsidy
88320964-842c-4cb7-a386-485b2af78ddb,14.0,95.0,5.5,17.27,Within Reference Range,None,All evaluated indices within rule thresholds,10000,Standard Clearance
bfc69a6c-dbd7-4669-a899-620916742420,13.3,90.0,5.1,17.65,Within Reference Range,None,All evaluated indices within rule thresholds,10000,Standard Clearance
51e3be7e-e2cb-4d41-85a7-a03a3c392311,12.3,88.0,4.6,19.13,Within Reference Range,None,All evaluated indices within rule thresholds,10000,Standard Clearance
5cd011a1-22b1-4432-986c-8930dd17376a,13.0,91.0,5.2,17.5,Within Reference Range,None,All evaluated indices within rule thresholds,10000,Standard Clearance
fc23eb7e-c6e8-4c42-b8eb-f1da8a4c1733,13.3,90.0,5.1,17.65,Within Reference Range,None,All evaluated indices within rule thresholds,10000,Standard Clearance
191266e4-39e7-44e0-ab02-16ca14e22025,12.6,86.0,4.8,17.92,Within Reference Range,None,All evaluated indices within rule thresholds,10000,Standard Clearance
7b8f3c90-fd8a-4bc2-8c9b-0fff8e22eab3,14.5,95.0,5.7,16.67,Within Reference Range,None,All evaluated indices within rule thresholds,10000,Standard Clearance
cdad0f88-979c-4bef-b0b3-4ce4ede3116e,11.6,86.0,4.4,19.55,Anemia (Non-Microcytic) - Clinician Review,None,Hb 11.6 below threshold; MCV 86.0 not microcytic - Mentzer not applicable,10000,Standard Clearance
6b4dc2da-f3f4-4cbd-be63-99ccc8a4e306,12.0,87.0,4.4,19.77,Within Reference Range,None,All evaluated indices within rule thresholds,10000,Standard Clearance
9a726022-c67d-4bb8-a9e0-be8a944816b7,13.2,91.0,5.3,17.17,Within Reference Range,None,All evaluated indices within rule thresholds,10000,Standard Clearance
384beffa-5f58-433d-8028-111e0e57a36e,12.6,87.0,4.5,19.33,Within Reference Range,None,All evaluated indices within rule thresholds,10000,Standard Clearance
64face65-ffed-4454-8a71-c6accf0027b0,13.0,91.0,5.2,17.5,Within Reference Range,None,All evaluated indices within rule thresholds,10000,Standard Clearance
43752503-62c5-4860-91d3-70ebff1273ed,13.0,90.0,5.0,18.0,Within Reference Range,None,All evaluated indices within rule thresholds,10000,Standard Clearance
5f9a877a-8f78-47d5-b54a-e0ef56d87d5c,12.7,86.0,4.8,17.92,Within Reference Range,None,All evaluated indices within rule thresholds,10000,Standard Clearance
752d57f3-3598-46b3-905f-319f8e2ab331,12.7,86.0,4.8,17.92,Within Reference Range,None,All evaluated indices within rule thresholds,10000,Standard Clearance
dee541e6-4b2b-4865-9a8b-301b4c9b6b30,15.1,96.0,5.7,16.84,Within Reference Range,None,All evaluated indices within rule thresholds,10000,Standard Clearance
abdac075-84d2-477d-bb17-2c6a1ccfaf51,12.3,88.0,4.6,19.13,Within Reference Range,None,All evaluated indices within rule thresholds,10000,Standard Clearance
875b2959-46bd-4a6c-8839-fbae8190a011,15.1,96.0,5.7,16.84,Within Reference Range,None,All evaluated indices within rule thresholds,10000,Standard Clearance
f8a5fe71-9b03-4a51-b401-0467985db1f1,11.8,84.0,4.2,20.0,Anemia (Non-Microcytic) - Clinician Review,None,Hb 11.8 below threshold; MCV 84.0 not microcytic - Mentzer not applicable,10000,Standard Clearance
f4d6c387-0b34-42c6-aa22-e82ba93f86ad,10.9,80.0,3.8,21.05,Anemia (Non-Microcytic) - Clinician Review,None,Hb 10.9 below threshold; MCV 80.0 not microcytic - Mentzer not applicable,10000,Standard Clearance
6b52e87f-50d1-40e6-bbd9-c5cf8f3f6454,12.6,86.0,4.8,17.92,Within Reference Range,None,All evaluated indices within rule thresholds,10000,Standard Clearance
3a0de8a4-bd2a-47a5-929f-102bea75671f,14.6,92.0,5.4,17.04,Within Reference Range,None,All evaluated indices within rule thresholds,10000,Standard Clearance
7a368d41-3c72-413b-a905-13f9c16139b5,13.4,90.0,5.1,17.65,Within Reference Range,None,All evaluated indices within rule thresholds,10000,Standard Clearance
ebb296fd-5091-4437-bfe0-c192a04f55b9,13.4,94.0,5.7,16.49,Within Reference Range,None,All evaluated indices within rule thresholds,10000,Standard Clearance
3ae178e2-c894-47e7-a8b8-080414c97d37,13.8,92.0,5.4,17.04,Within Reference Range,None,All evaluated indices within rule thresholds,10000,Standard Clearance
2a2f45fc-10ae-4c9f-88cf-cbccdf895983,10.8,79.0,3.9,20.26,Suspected Iron Deficiency,Serum Ferritin Test,Hb 10.8 < 12.0; MCV 79.0 < 80; Mentzer 20.26 >= 13,25000,Enabled - ZainCash 15% Preventive Subsidy
cfe48164-0e79-4d15-b5ac-ef41f2c55891,12.5,87.0,4.7,18.51,Within Reference Range,None,All evaluated indices within rule thresholds,10000,Standard Clearance
139d0b78-10e8-4b39-a9c8-1acef8e1eff8,13.4,94.0,5.7,16.49,Within Reference Range,None,All evaluated indices within rule thresholds,10000,Standard Clearance
53b6911e-10e7-4872-86a5-6e54d20cb1d0,13.7,93.0,5.6,16.61,Within Reference Range,None,All evaluated indices within rule thresholds,10000,Standard Clearance
b29f85c3-2749-468c-ad2a-c9dac7ac8b7c,12.0,87.0,4.4,19.77,Within Reference Range,None,All evaluated indices within rule thresholds,10000,Standard Clearance
e81a196a-06f2-4fab-9aef-aaebbbf99b8e,14.6,92.0,5.4,17.04,Within Reference Range,None,All evaluated indices within rule thresholds,10000,Standard Clearance
6848930d-49e0-4287-8310-b19fec342a0a,14.5,95.0,5.7,16.67,Within Reference Range,None,All evaluated indices within rule thresholds,10000,Standard Clearance
648ed95d-1b55-4772-b7ad-d83da6ec5d63,11.9,87.0,4.4,19.77,Anemia (Non-Microcytic) - Clinician Review,None,Hb 11.9 below threshold; MCV 87.0 not microcytic - Mentzer not applicable,10000,Standard Clearance
b4b31aad-d4b2-43d7-8a03-874d4953160a,11.6,84.0,4.2,20.0,Anemia (Non-Microcytic) - Clinician Review,None,Hb 11.6 below threshold; MCV 84.0 not microcytic - Mentzer not applicable,10000,Standard Clearance
c1bb2334-5d95-41b7-9135-e6d00f7fd81b,12.6,86.0,4.8,17.92,Within Reference Range,None,All evaluated indices within rule thresholds,10000,Standard Clearance
cb9328d1-e3c3-448b-bbaf-4c7b3eebfc06,14.7,92.0,5.4,17.04,Within Reference Range,None,All evaluated indices within rule thresholds,10000,Standard Clearance
2bf62d06-1eb8-4284-8edb-4d18494e70eb,12.5,88.0,4.7,18.72,Within Reference Range,None,All evaluated indices within rule thresholds,10000,Standard Clearance
33128c8d-e02a-46b7-8874-a21a915da047,10.8,79.0,3.9,20.26,Suspected Iron Deficiency,Serum Ferritin Test,Hb 10.8 < 12.0; MCV 79.0 < 80; Mentzer 20.26 >= 13,25000,Enabled - ZainCash 15% Preventive Subsidy
7cba7bae-2d06-4b98-bb76-41698a87095d,14.7,93.0,5.5,16.91,Within Reference Range,None,All evaluated indices within rule thresholds,10000,Standard Clearance
c62094ff-7ac9-4da6-b879-01491e8c209a,12.5,88.0,4.7,18.72,Within Reference Range,None,All evaluated indices within rule thresholds,10000,Standard Clearance
bb954bf4-0c94-47e8-b65b-9931a84e5438,12.2,89.0,4.5,19.78,Within Reference Range,None,All evaluated indices within rule thresholds,10000,Standard Clearance
18d2416f-fc27-4e16-9ada-d4553ad9f118,14.0,95.0,5.5,17.27,Within Reference Range,None,All evaluated indices within rule thresholds,10000,Standard Clearance
9bec0d0f-bfbf-41f3-b4af-3605b3ea0737,13.5,93.0,5.5,16.91,Within Reference Range,None,All evaluated indices within rule thresholds,10000,Standard Clearance
44cded60-c70d-4f5c-83e1-818ed0f28a7b,12.4,88.0,4.7,18.72,Within Reference Range,None,All evaluated indices within rule thresholds,10000,Standard Clearance
089c0475-9373-40b0-883b-d49d811ec272,15.1,96.0,5.7,16.84,Within Reference Range,None,All evaluated indices within rule thresholds,10000,Standard Clearance
6191a43a-35aa-4da2-9873-b61f6b897244,13.6,93.0,5.6,16.61,Within Reference Range,None,All evaluated indices within rule thresholds,10000,Standard Clearance
c311ae63-25a1-4983-bd93-a20295aa7426,12.4,88.0,4.7,18.72,Within Reference Range,None,All evaluated indices within rule thresholds,10000,Standard Clearance
000a2439-b833-4699-b681-6eaf2a0073b2,14.0,91.0,5.2,17.5,Within Reference Range,None,All evaluated indices within rule thresholds,10000,Standard Clearance
c770e046-5d22-464a-8ddb-b7e233bd9094,12.2,88.0,4.6,19.13,Within Reference Range,None,All evaluated indices within rule thresholds,10000,Standard Clearance
b2b62a7c-3bd7-4cd4-ba9c-58e3feb07c56,12.6,87.0,4.5,19.33,Within Reference Range,None,All evaluated indices within rule thresholds,10000,Standard Clearance
c0867fae-88bb-4152-9062-61168a707a50,14.2,92.0,5.4,17.04,Within Reference Range,None,All evaluated indices within rule thresholds,10000,Standard Clearance
708f6221-d08f-4496-947a-d7b9539863f7,12.3,88.0,4.6,19.13,Within Reference Range,None,All evaluated indices within rule thresholds,10000,Standard Clearance
12e59f1b-fffe-46f2-92e0-8ddb7b0ee56d,12.4,88.0,4.9,17.96,Within Reference Range,None,All evaluated indices within rule thresholds,10000,Standard Clearance
9e220a9b-54ff-487e-aac2-6eaaf7910c3a,14.7,93.0,5.5,16.91,Within Reference Range,None,All evaluated indices within rule thresholds,10000,Standard Clearance
bd8c2500-7c9e-47b1-ab5c-f3bc7b547f6b,12.2,88.0,4.6,19.13,Within Reference Range,None,All evaluated indices within rule thresholds,10000,Standard Clearance
ec4801f1-6431-4389-9549-c5b71eaf5239,10.5,78.0,3.8,20.53,Suspected Iron Deficiency,Serum Ferritin Test,Hb 10.5 < 12.0; MCV 78.0 < 80; Mentzer 20.53 >= 13,25000,Enabled - ZainCash 15% Preventive Subsidy
e2cb33d5-5f2c-469c-be65-a8c4af732042,10.8,79.0,3.9,20.26,Suspected Iron Deficiency,Serum Ferritin Test,Hb 10.8 < 12.0; MCV 79.0 < 80; Mentzer 20.26 >= 13,25000,Enabled - ZainCash 15% Preventive Subsidy
94e4055d-f0ce-4e7f-b430-54e3eaa55025,11.5,84.0,4.2,20.0,Anemia (Non-Microcytic) - Clinician Review,None,Hb 11.5 below threshold; MCV 84.0 not microcytic - Mentzer not applicable,10000,Standard Clearance
cbcb7af0-585c-495c-9275-f26b1673e48c,13.2,91.0,5.3,17.17,Within Reference Range,None,All evaluated indices within rule thresholds,10000,Standard Clearance
311cccf9-61bb-43a6-b1ab-43232df85c21,13.0,90.0,5.0,18.0,Within Reference Range,None,All evaluated indices within rule thresholds,10000,Standard Clearance
99f39338-f764-4e94-900e-edfc370ccdc9,12.4,88.0,4.9,17.96,Within Reference Range,None,All evaluated indices within rule thresholds,10000,Standard Clearance
7f6b4d6f-cd86-4acd-bffa-2bb855bd4401,11.8,85.0,4.3,19.77,Anemia (Non-Microcytic) - Clinician Review,None,Hb 11.8 below threshold; MCV 85.0 not microcytic - Mentzer not applicable,10000,Standard Clearance
0ea4d978-b0a4-43aa-93bf-202f87a7dfbf,14.0,93.0,5.6,16.61,Within Reference Range,None,All evaluated indices within rule thresholds,10000,Standard Clearance
0b4c0d56-e725-472e-a1df-23820899d8d9,13.2,90.0,5.0,18.0,Within Reference Range,None,All evaluated indices within rule thresholds,10000,Standard Clearance
cad1ac07-ae6b-4bf7-b8d2-f75001a17963,12.4,88.0,4.7,18.72,Within Reference Range,None,All evaluated indices within rule thresholds,10000,Standard Clearance
ac32673b-5e82-4a51-ba5b-8013a7a27019,12.5,87.0,4.7,18.51,Within Reference Range,None,All evaluated indices within rule thresholds,10000,Standard Clearance
485053b2-cdf2-46c8-b422-50ea86745719,14.2,92.0,5.4,17.04,Within Reference Range,None,All evaluated indices within rule thresholds,10000,Standard Clearance
2feecc55-e5a4-4692-bf35-91dd45294fb7,14.5,94.0,5.2,18.08,Within Reference Range,None,All evaluated indices within rule thresholds,10000,Standard Clearance
63650f48-0f2c-4efc-821a-7fbb411b1f1a,10.6,80.0,3.8,21.05,Anemia (Non-Microcytic) - Clinician Review,None,Hb 10.6 below threshold; MCV 80.0 not microcytic - Mentzer not applicable,10000,Standard Clearance
8e32eba0-6c7d-4c15-acb3-37cc6fa8eb51,12.0,87.0,4.4,19.77,Within Reference Range,None,All evaluated indices within rule thresholds,10000,Standard Clearance
15a7b15c-ba5f-4ebc-bb3e-2e874df5dec0,12.6,86.0,4.8,17.92,Within Reference Range,None,All evaluated indices within rule thresholds,10000,Standard Clearance
0af3bf77-e7da-4e33-a1d0-7c1bf1382dcb,12.0,87.0,4.4,19.77,Within Reference Range,None,All evaluated indices within rule thresholds,10000,Standard Clearance
3c0ac532-149a-4e83-8256-94af9acbf0b4,11.8,84.0,4.2,20.0,Anemia (Non-Microcytic) - Clinician Review,None,Hb 11.8 below threshold; MCV 84.0 not microcytic - Mentzer not applicable,10000,Standard Clearance
b84caa34-b5bf-47e0-83c4-4f0b803cb687,14.4,91.0,5.3,17.17,Within Reference Range,None,All evaluated indices within rule thresholds,10000,Standard Clearance
3e3cac20-041f-472a-aec1-65bb5c69c853,14.5,94.0,5.2,18.08,Within Reference Range,None,All evaluated indices within rule thresholds,10000,Standard Clearance
ba551121-3542-49ea-a461-791b64dc579f,10.2,76.0,3.6,21.11,Suspected Iron Deficiency,Serum Ferritin Test,Hb 10.2 < 12.0; MCV 76.0 < 80; Mentzer 21.11 >= 13,25000,Enabled - ZainCash 15% Preventive Subsidy
33685f4c-2830-460d-9bf5-fbad7b486f23,13.3,91.0,5.2,17.5,Within Reference Range,None,All evaluated indices within rule thresholds,10000,Standard Clearance
44e379ab-79d3-4bd8-b889-67709eca8b2a,12.8,87.0,4.3,20.23,Within Reference Range,None,All evaluated indices within rule thresholds,10000,Standard Clearance
d08b350b-6bd8-4b1d-8446-f86fc80fb92d,11.5,84.0,4.2,20.0,Anemia (Non-Microcytic) - Clinician Review,None,Hb 11.5 below threshold; MCV 84.0 not microcytic - Mentzer not applicable,10000,Standard Clearance
c06cff20-a5ff-4719-997d-09f00b593daf,10.4,77.0,3.7,20.81,Suspected Iron Deficiency,Serum Ferritin Test,Hb 10.4 < 12.0; MCV 77.0 < 80; Mentzer 20.81 >= 13,25000,Enabled - ZainCash 15% Preventive Subsidy
7d4d9281-2cce-4eac-a972-6f7374142802,14.8,93.0,5.5,16.91,Within Reference Range,None,All evaluated indices within rule thresholds,10000,Standard Clearance
be28d92f-11c3-4288-b08d-08cd6e331f13,14.8,91.0,5.3,17.17,Within Reference Range,None,All evaluated indices within rule thresholds,10000,Standard Clearance
16552311-4d0a-4576-b6f5-d034aace5ba1,14.8,91.0,5.3,17.17,Within Reference Range,None,All evaluated indices within rule thresholds,10000,Standard Clearance
6e0fbe2a-8085-43d3-9771-1f53684a7adc,10.3,77.0,3.7,20.81,Suspected Iron Deficiency,Serum Ferritin Test,Hb 10.3 < 12.0; MCV 77.0 < 80; Mentzer 20.81 >= 13,25000,Enabled - ZainCash 15% Preventive Subsidy
e5f2c8b5-6be0-42a1-95dc-e7639dc025a2,13.0,91.0,5.2,17.5,Within Reference Range,None,All evaluated indices within rule thresholds,10000,Standard Clearance
66b2b826-c3cc-48f7-98a3-50eacb589dd5,11.5,84.0,4.2,20.0,Anemia (Non-Microcytic) - Clinician Review,None,Hb 11.5 below threshold; MCV 84.0 not microcytic - Mentzer not applicable,10000,Standard Clearance
7fa977dc-8cb1-4039-a3eb-1ae68c987c5a,11.0,80.0,4.0,20.0,Anemia (Non-Microcytic) - Clinician Review,None,Hb 11.0 below threshold; MCV 80.0 not microcytic - Mentzer not applicable,10000,Standard Clearance
ae4811b7-b881-4051-b95c-8f2620b9be98,13.2,91.0,5.3,17.17,Within Reference Range,None,All evaluated indices within rule thresholds,10000,Standard Clearance
f89576eb-2f26-4aeb-8214-63a889d9f47f,13.5,93.0,5.5,16.91,Within Reference Range,None,All evaluated indices within rule thresholds,10000,Standard Clearance
b876ce5f-c20c-485e-ad06-8f3f5aab1c29,10.7,79.0,3.9,20.26,Suspected Iron Deficiency,Serum Ferritin Test,Hb 10.7 < 12.0; MCV 79.0 < 80; Mentzer 20.26 >= 13,25000,Enabled - ZainCash 15% Preventive Subsidy
810ce098-1288-4783-ad75-172eb960e1e5,13.0,90.0,5.0,18.0,Within Reference Range,None,All evaluated indices within rule thresholds,10000,Standard Clearance
fadfe072-5239-4ac5-a08a-de7b5504a43b,14.0,95.0,5.5,17.27,Within Reference Range,None,All evaluated indices within rule thresholds,10000,Standard Clearance
2a65826f-299b-465b-b5d6-72a3c02fc92b,13.3,91.0,5.2,17.5,Within Reference Range,None,All evaluated indices within rule thresholds,10000,Standard Clearance
9392e738-6bdb-4211-b6ce-8aaedf3a95e4,14.0,91.0,5.2,17.5,Within Reference Range,None,All evaluated indices within rule thresholds,10000,Standard Clearance
588e12c4-4498-47c3-aa70-87e8bb711942,13.4,90.0,5.1,17.65,Within Reference Range,None,All evaluated indices within rule thresholds,10000,Standard Clearance
01ef66f6-d580-4f9e-adcf-ecc6ef1554e1,14.8,93.0,5.5,16.91,Within Reference Range,None,All evaluated indices within rule thresholds,10000,Standard Clearance
b2605eac-bb2b-45d5-943d-a834ebec92b0,12.1,88.0,4.6,19.13,Within Reference Range,None,All evaluated indices within rule thresholds,10000,Standard Clearance
edc3f872-687a-43ec-b863-16743a827d8c,14.2,91.0,5.2,17.5,Within Reference Range,None,All evaluated indices within rule thresholds,10000,Standard Clearance
e16fb23b-7efc-488b-bd85-9954fd6ba38c,12.7,86.0,4.8,17.92,Within Reference Range,None,All evaluated indices within rule thresholds,10000,Standard Clearance
4605d55a-453f-4eda-bd9b-718598edd9ec,13.0,90.0,5.0,18.0,Within Reference Range,None,All evaluated indices within rule thresholds,10000,Standard Clearance
aa4eb4da-c7a5-4ee0-a485-4aca539f1fd8,11.8,84.0,4.2,20.0,Anemia (Non-Microcytic) - Clinician Review,None,Hb 11.8 below threshold; MCV 84.0 not microcytic - Mentzer not applicable,10000,Standard Clearance
66a9090b-f96f-4bf0-a05f-265d1107c381,11.8,84.0,4.2,20.0,Anemia (Non-Microcytic) - Clinician Review,None,Hb 11.8 below threshold; MCV 84.0 not microcytic - Mentzer not applicable,10000,Standard Clearance
67ac7dfc-6d10-47fc-a6c0-f250c6bd4bd2,12.4,88.0,4.9,17.96,Within Reference Range,None,All evaluated indices within rule thresholds,10000,Standard Clearance
5463a685-18c9-4823-94e4-b8fd3e58d1de,12.4,88.0,4.7,18.72,Within Reference Range,None,All evaluated indices within rule thresholds,10000,Standard Clearance
17048b6a-a467-45a5-a248-ee57c7cfc7d0,11.9,83.0,4.1,20.24,Anemia (Non-Microcytic) - Clinician Review,None,Hb 11.9 below threshold; MCV 83.0 not microcytic - Mentzer not applicable,10000,Standard Clearance
e0e28241-d840-4768-bd72-9f815f140b60,12.0,87.0,4.4,19.77,Within Reference Range,None,All evaluated indices within rule thresholds,10000,Standard Clearance
b05a8a62-4297-45c5-b56a-ffb3697404f6,12.1,88.0,4.6,19.13,Within Reference Range,None,All evaluated indices within rule thresholds,10000,Standard Clearance
7c3725d6-252d-4f87-94a8-f7faee33065f,12.8,88.0,4.9,17.96,Within Reference Range,None,All evaluated indices within rule thresholds,10000,Standard Clearance
7ac9681e-f7e7-4983-b354-3894134a005b,12.0,85.0,4.3,19.77,Within Reference Range,None,All evaluated indices within rule thresholds,10000,Standard Clearance
9e0774a5-8bca-40d9-bf40-dbb92800a4f1,13.4,90.0,5.1,17.65,Within Reference Range,None,All evaluated indices within rule thresholds,10000,Standard Clearance
88867ed4-c1ae-4e8d-81d1-a085396a3d95,10.6,80.0,3.8,21.05,Anemia (Non-Microcytic) - Clinician Review,None,Hb 10.6 below threshold; MCV 80.0 not microcytic - Mentzer not applicable,10000,Standard Clearance
230c0899-3eb9-42f3-a8b4-09963150056b,13.0,90.0,5.0,18.0,Within Reference Range,None,All evaluated indices within rule thresholds,10000,Standard Clearance
7ad9f178-8137-4dde-9ef7-7f67f6dd0cdf,13.9,91.0,5.3,17.17,Within Reference Range,None,All evaluated indices within rule thresholds,10000,Standard Clearance
6bbacc72-4669-404f-802b-d2b55578fbd2,12.8,87.0,4.3,20.23,Within Reference Range,None,All evaluated indices within rule thresholds,10000,Standard Clearance
07575f9c-7b84-4052-8aa6-137b72c5a03d,12.2,89.0,4.5,19.78,Within Reference Range,None,All evaluated indices within rule thresholds,10000,Standard Clearance
8b09d1bd-2d7d-40f7-a95c-08a4215a4532,13.8,92.0,5.4,17.04,Within Reference Range,None,All evaluated indices within rule thresholds,10000,Standard Clearance
e3eb5a8d-e9e4-4d8d-b1ff-b81819beb290,10.8,79.0,3.9,20.26,Suspected Iron Deficiency,Serum Ferritin Test,Hb 10.8 < 12.0; MCV 79.0 < 80; Mentzer 20.26 >= 13,25000,Enabled - ZainCash 15% Preventive Subsidy
234d57a0-deb7-43a6-ae1f-5c9a2c36bca0,13.6,93.0,5.6,16.61,Within Reference Range,None,All evaluated indices within rule thresholds,10000,Standard Clearance
afc9c120-1ecd-4043-a3df-176f64e20a94,13.6,93.0,5.6,16.61,Within Reference Range,None,All evaluated indices within rule thresholds,10000,Standard Clearance
f48b5b55-c15a-4485-9eec-e110296b5f1c,13.3,91.0,5.2,17.5,Within Reference Range,None,All evaluated indices within rule thresholds,10000,Standard Clearance
7e7abd01-3248-4cec-bdfd-c30ac157f072,11.7,83.0,4.1,20.24,Anemia (Non-Microcytic) - Clinician Review,None,Hb 11.7 below threshold; MCV 83.0 not microcytic - Mentzer not applicable,10000,Standard Clearance
8cdbf805-b06d-4fbe-985d-7a57cb4d3d72,14.9,95.0,5.7,16.67,Within Reference Range,None,All evaluated indices within rule thresholds,10000,Standard Clearance
aa77ba66-b4c9-4d7c-934e-a9d249983aea,12.0,87.0,4.4,19.77,Within Reference Range,None,All evaluated indices within rule thresholds,10000,Standard Clearance
9416ed36-d5a9-415f-bfda-5621ac1e528d,13.8,92.0,5.3,17.36,Within Reference Range,None,All evaluated indices within rule thresholds,10000,Standard Clearance
32f7a949-40a3-459b-97f1-a78916de4a54,12.6,86.0,4.8,17.92,Within Reference Range,None,All evaluated indices within rule thresholds,10000,Standard Clearance
01122954-1994-4c71-a2e5-22db9da693ac,12.5,87.0,4.7,18.51,Within Reference Range,None,All evaluated indices within rule thresholds,10000,Standard Clearance
a7e79497-b042-478a-94da-fd9497f86b08,13.7,93.0,5.6,16.61,Within Reference Range,None,All evaluated indices within rule thresholds,10000,Standard Clearance
3d65baef-dc6c-4f93-ab49-9f6740e583e7,14.2,92.0,5.4,17.04,Within Reference Range,None,All evaluated indices within rule thresholds,10000,Standard Clearance
b3d13ffd-2826-4cf6-b0c6-ec98470b75df,14.2,92.0,5.4,17.04,Within Reference Range,None,All evaluated indices within rule thresholds,10000,Standard Clearance
571282df-12d1-48d5-8e98-bc6ced216571,14.9,95.0,5.7,16.67,Within Reference Range,None,All evaluated indices within rule thresholds,10000,Standard Clearance
eb02af08-c02d-409d-92c9-ee14cf8fbb11,11.0,80.0,4.0,20.0,Anemia (Non-Microcytic) - Clinician Review,None,Hb 11.0 below threshold; MCV 80.0 not microcytic - Mentzer not applicable,10000,Standard Clearance
a779e2d1-d43d-4c1a-a252-62f2ffeb8a46,13.3,91.0,5.2,17.5,Within Reference Range,None,All evaluated indices within rule thresholds,10000,Standard Clearance
119ef59c-ff29-4690-9edd-0557f618dcd3,13.5,90.0,5.1,17.65,Within Reference Range,None,All evaluated indices within rule thresholds,10000,Standard Clearance
3fd1579b-229f-45d5-9c5b-6f6c234552c7,12.8,87.0,4.3,20.23,Within Reference Range,None,All evaluated indices within rule thresholds,10000,Standard Clearance
130ea073-f9b5-4d28-8183-7e03dadf0a5e,10.8,79.0,3.9,20.26,Suspected Iron Deficiency,Serum Ferritin Test,Hb 10.8 < 12.0; MCV 79.0 < 80; Mentzer 20.26 >= 13,25000,Enabled - ZainCash 15% Preventive Subsidy
2adc4b14-ad9e-4d34-a98a-297d2741cfd5,13.4,94.0,5.7,16.49,Within Reference Range,None,All evaluated indices within rule thresholds,10000,Standard Clearance
8816b9ab-ba36-4293-ac0b-56b4de4350f6,12.6,86.0,4.8,17.92,Within Reference Range,None,All evaluated indices within rule thresholds,10000,Standard Clearance
802d3a94-7237-4d8a-820b-403027eb2367,14.4,91.0,5.3,17.17,Within Reference Range,None,All evaluated indices within rule thresholds,10000,Standard Clearance
99cac792-31f8-447e-a7cc-ebdbbce31dc0,13.4,94.0,5.7,16.49,Within Reference Range,None,All evaluated indices within rule thresholds,10000,Standard Clearance
6b6b6c98-f278-4734-9b42-f4463f18915c,14.6,92.0,5.4,17.04,Within Reference Range,None,All evaluated indices within rule thresholds,10000,Standard Clearance
e9b1ffb4-60d4-4189-884d-9e41c74a9ad2,14.2,92.0,5.4,17.04,Within Reference Range,None,All evaluated indices within rule thresholds,10000,Standard Clearance
bff98f3c-58eb-4cf0-8106-49e85ff1e9b0,12.1,88.0,4.6,19.13,Within Reference Range,None,All evaluated indices within rule thresholds,10000,Standard Clearance
5035834b-d167-4b2e-880d-d0abc04f13f7,10.3,77.0,3.7,20.81,Suspected Iron Deficiency,Serum Ferritin Test,Hb 10.3 < 12.0; MCV 77.0 < 80; Mentzer 20.81 >= 13,25000,Enabled - ZainCash 15% Preventive Subsidy
3580161d-65ff-4784-9ba9-09141da833a6,12.0,87.0,4.4,19.77,Within Reference Range,None,All evaluated indices within rule thresholds,10000,Standard Clearance
b53c10aa-fb7f-4e46-af28-697d7a23f4d8,11.9,83.0,4.1,20.24,Anemia (Non-Microcytic) - Clinician Review,None,Hb 11.9 below threshold; MCV 83.0 not microcytic - Mentzer not applicable,10000,Standard Clearance
b2ab247c-042b-4ea6-a94c-eef6dba99c30,12.0,85.0,4.3,19.77,Within Reference Range,None,All evaluated indices within rule thresholds,10000,Standard Clearance
2067028f-d6e4-4116-9128-e4349ca35e8b,12.5,88.0,4.7,18.72,Within Reference Range,None,All evaluated indices within rule thresholds,10000,Standard Clearance
36cc3ff6-c143-489a-8c6c-7c5be2a5714c,12.3,89.0,4.5,19.78,Within Reference Range,None,All evaluated indices within rule thresholds,10000,Standard Clearance
a2e9c5ae-f66d-400b-a61d-644841bacc76,12.3,89.0,4.5,19.78,Within Reference Range,None,All evaluated indices within rule thresholds,10000,Standard Clearance
50ff0e41-e516-47d4-a16f-7dd51d7896cf,14.9,95.0,5.7,16.67,Within Reference Range,None,All evaluated indices within rule thresholds,10000,Standard Clearance
9f84eb6e-bb56-4737-bac4-c1bc2a2ef13d,12.1,89.0,4.5,19.78,Within Reference Range,None,All evaluated indices within rule thresholds,10000,Standard Clearance
30444d9a-fb58-4312-9dca-99ebaba2b000,14.3,91.0,5.2,17.5,Within Reference Range,None,All evaluated indices within rule thresholds,10000,Standard Clearance
750817cd-9e1c-415a-9111-833121abb09f,12.4,88.0,4.9,17.96,Within Reference Range,None,All evaluated indices within rule thresholds,10000,Standard Clearance
84b15d52-bfe1-47e6-8a1b-3103ba6c449f,14.3,91.0,5.2,17.5,Within Reference Range,None,All evaluated indices within rule thresholds,10000,Standard Clearance
94c68231-650e-42d0-97b7-032cd14fc8e9,12.4,88.0,4.7,18.72,Within Reference Range,None,All evaluated indices within rule thresholds,10000,Standard Clearance
26ab018f-aa51-46b6-a102-59156fd206bb,14.2,91.0,5.2,17.5,Within Reference Range,None,All evaluated indices within rule thresholds,10000,Standard Clearance
c61d3c9c-2101-4471-97fd-c07082475d78,11.5,84.0,4.2,20.0,Anemia (Non-Microcytic) - Clinician Review,None,Hb 11.5 below threshold; MCV 84.0 not microcytic - Mentzer not applicable,10000,Standard Clearance
f4047465-58f2-41ac-a2e5-85feacd567af,11.9,87.0,4.4,19.77,Anemia (Non-Microcytic) - Clinician Review,None,Hb 11.9 below threshold; MCV 87.0 not microcytic - Mentzer not applicable,10000,Standard Clearance
0f4babd3-9843-43dc-a867-54a9eb8dec1d,10.6,80.0,3.8,21.05,Anemia (Non-Microcytic) - Clinician Review,None,Hb 10.6 below threshold; MCV 80.0 not microcytic - Mentzer not applicable,10000,Standard Clearance
fdc7c68a-1c5b-46c7-a450-ac3b3ad7b965,13.5,92.0,5.3,17.36,Within Reference Range,None,All evaluated indices within rule thresholds,10000,Standard Clearance
d7b9cb10-4849-4e5c-b7e4-dbf2c875516a,13.4,90.0,5.1,17.65,Within Reference Range,None,All evaluated indices within rule thresholds,10000,Standard Clearance
7d1430e9-8546-428e-8f19-4c576df6353c,12.6,87.0,4.5,19.33,Within Reference Range,None,All evaluated indices within rule thresholds,10000,Standard Clearance
2cf97b76-a2ac-4e03-ae06-32af0209a148,15.2,96.0,5.8,16.55,Within Reference Range,None,All evaluated indices within rule thresholds,10000,Standard Clearance
1e1138a8-3be8-4fda-9587-a73716dadf3b,11.5,84.0,4.2,20.0,Anemia (Non-Microcytic) - Clinician Review,None,Hb 11.5 below threshold; MCV 84.0 not microcytic - Mentzer not applicable,10000,Standard Clearance
c0636bb4-35d8-4d56-8bd7-1518a99bf0e3,12.8,87.0,4.3,20.23,Within Reference Range,None,All evaluated indices within rule thresholds,10000,Standard Clearance
afb45698-552c-4c7b-a946-aa8943668093,14.2,91.0,5.2,17.5,Within Reference Range,None,All evaluated indices within rule thresholds,10000,Standard Clearance
1bbd469f-af38-42ea-a511-d0bbe3bda2ed,12.8,87.0,4.3,20.23,Within Reference Range,None,All evaluated indices within rule thresholds,10000,Standard Clearance
52bc478f-8907-439d-9409-92a8221878b7,13.5,92.0,5.3,17.36,Within Reference Range,None,All evaluated indices within rule thresholds,10000,Standard Clearance
df6ab82a-f9df-42fd-a25b-018912c19fb4,12.2,88.0,4.6,19.13,Within Reference Range,None,All evaluated indices within rule thresholds,10000,Standard Clearance
f298c956-e348-4b8e-ab3d-5bdab88071ef,14.6,92.0,5.4,17.04,Within Reference Range,None,All evaluated indices within rule thresholds,10000,Standard Clearance
61861549-ef23-4a51-937b-3cfb58f23e75,11.7,83.0,4.1,20.24,Anemia (Non-Microcytic) - Clinician Review,None,Hb 11.7 below threshold; MCV 83.0 not microcytic - Mentzer not applicable,10000,Standard Clearance
9c5d5e69-7e8c-4d3c-85a4-6aa040cfb306,10.3,77.0,3.7,20.81,Suspected Iron Deficiency,Serum Ferritin Test,Hb 10.3 < 12.0; MCV 77.0 < 80; Mentzer 20.81 >= 13,25000,Enabled - ZainCash 15% Preventive Subsidy
602ae029-4267-4d52-b8ad-9b9dde849b24,10.8,79.0,3.9,20.26,Suspected Iron Deficiency,Serum Ferritin Test,Hb 10.8 < 12.0; MCV 79.0 < 80; Mentzer 20.26 >= 13,25000,Enabled - ZainCash 15% Preventive Subsidy
2342ad8e-df0c-4d32-bcbc-067ec6c94c74,11.9,83.0,4.1,20.24,Anemia (Non-Microcytic) - Clinician Review,None,Hb 11.9 below threshold; MCV 83.0 not microcytic - Mentzer not applicable,10000,Standard Clearance
1cb2f6d0-241f-4c27-9a69-4487ba5f7da1,13.8,92.0,5.4,17.04,Within Reference Range,None,All evaluated indices within rule thresholds,10000,Standard Clearance
b4ec2c09-08de-46cc-9567-7e004b0cf9e2,14.2,91.0,5.2,17.5,Within Reference Range,None,All evaluated indices within rule thresholds,10000,Standard Clearance
c3c3d0cc-3161-4b81-9adc-f24f719a3e6a,10.5,78.0,3.8,20.53,Suspected Iron Deficiency,Serum Ferritin Test,Hb 10.5 < 12.0; MCV 78.0 < 80; Mentzer 20.53 >= 13,25000,Enabled - ZainCash 15% Preventive Subsidy
9dd977a9-3fb1-40fe-903b-95c317e394e3,13.2,90.0,5.0,18.0,Within Reference Range,None,All evaluated indices within rule thresholds,10000,Standard Clearance
07d51aac-a486-4c36-9501-cc4128fc44fd,12.7,86.0,4.8,17.92,Within Reference Range,None,All evaluated indices within rule thresholds,10000,Standard Clearance
11090b71-4f0e-48a0-8f39-59719949b7a0,14.2,91.0,5.2,17.5,Within Reference Range,None,All evaluated indices within rule thresholds,10000,Standard Clearance
b94cf44d-3f7f-4424-a043-0f6e2b9fb08a,12.8,88.0,4.9,17.96,Within Reference Range,None,All evaluated indices within rule thresholds,10000,Standard Clearance
25db7a8c-3752-4a1d-be0d-60776bd067b0,14.5,94.0,5.2,18.08,Within Reference Range,None,All evaluated indices within rule thresholds,10000,Standard Clearance
b80f8907-be5f-4dae-ae4d-f43879e99c50,12.3,88.0,4.6,19.13,Within Reference Range,None,All evaluated indices within rule thresholds,10000,Standard Clearance
fd4c3df6-b900-45bf-9ebb-f001645832af,13.8,93.0,5.5,16.91,Within Reference Range,None,All evaluated indices within rule thresholds,10000,Standard Clearance
96d9164f-d8f6-4bf2-8894-0ac44f3acc4b,12.0,87.0,4.4,19.77,Within Reference Range,None,All evaluated indices within rule thresholds,10000,Standard Clearance
685de515-620e-4696-9f60-850376a07e05,14.0,93.0,5.6,16.61,Within Reference Range,None,All evaluated indices within rule thresholds,10000,Standard Clearance
719ad7dc-e208-4bfb-94b0-8f17e4a09f4c,12.8,88.0,4.9,17.96,Within Reference Range,None,All evaluated indices within rule thresholds,10000,Standard Clearance
86ca0fc1-c073-4552-ac7f-fd9797c54724,11.8,85.0,4.3,19.77,Anemia (Non-Microcytic) - Clinician Review,None,Hb 11.8 below threshold; MCV 85.0 not microcytic - Mentzer not applicable,10000,Standard Clearance
972e6051-571f-43d6-b32c-1884b13f66e9,13.9,91.0,5.3,17.17,Within Reference Range,None,All evaluated indices within rule thresholds,10000,Standard Clearance
21775de9-f680-464f-89a4-03e16dd271f1,12.6,87.0,4.5,19.33,Within Reference Range,None,All evaluated indices within rule thresholds,10000,Standard Clearance
58c2a1ed-d1f1-4a21-adec-5ae36ebafaaf,12.5,87.0,4.7,18.51,Within Reference Range,None,All evaluated indices within rule thresholds,10000,Standard Clearance
e43b174c-451d-47c5-a137-b42ecea69bc9,13.5,93.0,5.5,16.91,Within Reference Range,None,All evaluated indices within rule thresholds,10000,Standard Clearance
4c5b3f55-da16-4511-a901-2fbab3532ecf,12.5,87.0,4.7,18.51,Within Reference Range,None,All evaluated indices within rule thresholds,10000,Standard Clearance
0f06d522-66f1-41ca-82be-1433599d0dd7,13.0,90.0,5.0,18.0,Within Reference Range,None,All evaluated indices within rule thresholds,10000,Standard Clearance
f69ef766-23e2-40da-a3c6-bf3adbedfbfd,11.6,84.0,4.2,20.0,Anemia (Non-Microcytic) - Clinician Review,None,Hb 11.6 below threshold; MCV 84.0 not microcytic - Mentzer not applicable,10000,Standard Clearance
322264c9-b1d2-4b90-b5a9-04989e6de050,14.6,92.0,5.4,17.04,Within Reference Range,None,All evaluated indices within rule thresholds,10000,Standard Clearance
8388c64f-de52-42de-80fc-e77b120f0f2e,14.2,91.0,5.2,17.5,Within Reference Range,None,All evaluated indices within rule thresholds,10000,Standard Clearance
952bcea0-bede-4249-9909-02e7773be06e,12.5,88.0,4.7,18.72,Within Reference Range,None,All evaluated indices within rule thresholds,10000,Standard Clearance
9cef164a-2b5a-410e-9221-ae77cdb78e0e,12.4,88.0,4.7,18.72,Within Reference Range,None,All evaluated indices within rule thresholds,10000,Standard Clearance
993123df-f243-41ad-aeea-63b09801fac5,15.0,96.0,5.8,16.55,Within Reference Range,None,All evaluated indices within rule thresholds,10000,Standard Clearance
91ee1caa-c8fa-4076-8ae3-cf846e09a89b,12.6,86.0,4.8,17.92,Within Reference Range,None,All evaluated indices within rule thresholds,10000,Standard Clearance
b94d2628-9552-49b8-a011-4760eeea9069,10.5,78.0,3.8,20.53,Suspected Iron Deficiency,Serum Ferritin Test,Hb 10.5 < 12.0; MCV 78.0 < 80; Mentzer 20.53 >= 13,25000,Enabled - ZainCash 15% Preventive Subsidy
2a553493-d568-4e3a-a680-936f45e74567,12.1,89.0,4.5,19.78,Within Reference Range,None,All evaluated indices within rule thresholds,10000,Standard Clearance
dbb80aed-1b4d-47e6-a082-7a376ecded32,12.6,86.0,4.8,17.92,Within Reference Range,None,All evaluated indices within rule thresholds,10000,Standard Clearance
33468f25-9c01-44fa-be36-91d240bedb01,14.0,91.0,5.2,17.5,Within Reference Range,None,All evaluated indices within rule thresholds,10000,Standard Clearance
b25db40b-9a6d-46df-b2a7-33359f5f41f7,11.5,84.0,4.2,20.0,Anemia (Non-Microcytic) - Clinician Review,None,Hb 11.5 below threshold; MCV 84.0 not microcytic - Mentzer not applicable,10000,Standard Clearance
3b7387f4-e5cc-4cc1-a501-5eeb01114c5d,14.8,93.0,5.5,16.91,Within Reference Range,None,All evaluated indices within rule thresholds,10000,Standard Clearance
11ab4ddd-ec4e-4d76-a26c-bc5fb765a8ea,15.1,96.0,5.7,16.84,Within Reference Range,None,All evaluated indices within rule thresholds,10000,Standard Clearance
19db9fd0-3168-4117-bf60-d6d138917ea6,12.7,86.0,4.8,17.92,Within Reference Range,None,All evaluated indices within rule thresholds,10000,Standard Clearance
6d994a06-5aef-433e-9e11-cce00ea3c505,14.2,91.0,5.2,17.5,Within Reference Range,None,All evaluated indices within rule thresholds,10000,Standard Clearance
a5447a00-ef60-4bf9-ba69-c6cc964f39d1,12.2,89.0,4.5,19.78,Within Reference Range,None,All evaluated indices within rule thresholds,10000,Standard Clearance
ce9a9020-4c11-4116-ad2f-9e2758c2e97b,10.6,80.0,3.8,21.05,Anemia (Non-Microcytic) - Clinician Review,None,Hb 10.6 below threshold; MCV 80.0 not microcytic - Mentzer not applicable,10000,Standard Clearance
c81a1aec-a199-4407-95e1-f3a15591277b,12.2,88.0,4.6,19.13,Within Reference Range,None,All evaluated indices within rule thresholds,10000,Standard Clearance
953f17b7-3a9d-48fa-a397-91be89c827c1,15.0,96.0,5.8,16.55,Within Reference Range,None,All evaluated indices within rule thresholds,10000,Standard Clearance
53c34f7b-0591-4316-86e4-c6c271207e16,13.2,90.0,5.0,18.0,Within Reference Range,None,All evaluated indices within rule thresholds,10000,Standard Clearance
8ee84142-328a-4ba2-b1f6-5a0a1c538e9a,14.2,91.0,5.2,17.5,Within Reference Range,None,All evaluated indices within rule thresholds,10000,Standard Clearance
c181ae20-4382-4602-98ef-2b539b833319,15.0,96.0,5.8,16.55,Within Reference Range,None,All evaluated indices within rule thresholds,10000,Standard Clearance
d9ab86e5-feee-48b2-a959-a8910d5d5cd4,14.5,95.0,5.7,16.67,Within Reference Range,None,All evaluated indices within rule thresholds,10000,Standard Clearance
434750ef-17ea-405e-8216-dd2073ab8fc9,14.9,95.0,5.7,16.67,Within Reference Range,None,All evaluated indices within rule thresholds,10000,Standard Clearance
39492eb2-8850-4d51-afc2-b6bcf890c8e5,12.5,87.0,4.7,18.51,Within Reference Range,None,All evaluated indices within rule thresholds,10000,Standard Clearance
2d33cc79-9161-4ab9-a42a-2ce382847a99,13.2,90.0,5.1,17.65,Within Reference Range,None,All evaluated indices within rule thresholds,10000,Standard Clearance
72174d73-5b50-497e-8572-d8d257b5a4d1,12.4,88.0,4.7,18.72,Within Reference Range,None,All evaluated indices within rule thresholds,10000,Standard Clearance
2c3da176-e970-4123-99d2-efd796adee5d,13.6,93.0,5.6,16.61,Within Reference Range,None,All evaluated indices within rule thresholds,10000,Standard Clearance
e5d789c2-e900-4d24-833e-c98ab3d40deb,12.5,88.0,4.7,18.72,Within Reference Range,None,All evaluated indices within rule thresholds,10000,Standard Clearance
104216fe-2fdc-4b7e-870c-416fdbe66d07,15.2,96.0,5.8,16.55,Within Reference Range,None,All evaluated indices within rule thresholds,10000,Standard Clearance
c8737b57-298b-4b5d-bd49-ae85ed310306,13.5,92.0,5.3,17.36,Within Reference Range,None,All evaluated indices within rule thresholds,10000,Standard Clearance
b0c07077-11ab-44c6-a51a-af5a91b62144,11.8,84.0,4.2,20.0,Anemia (Non-Microcytic) - Clinician Review,None,Hb 11.8 below threshold; MCV 84.0 not microcytic - Mentzer not applicable,10000,Standard Clearance
47b8e9b3-fbea-40bb-b97f-dfe456e65cf9,11.0,80.0,4.0,20.0,Anemia (Non-Microcytic) - Clinician Review,None,Hb 11.0 below threshold; MCV 80.0 not microcytic - Mentzer not applicable,10000,Standard Clearance
4d30a672-5a8d-4442-a104-f6c7da994d94,14.2,92.0,5.4,17.04,Within Reference Range,None,All evaluated indices within rule thresholds,10000,Standard Clearance
63817f5c-41f6-4ae2-95b0-72387dff7e47,9.6,60.1,5.66,10.62,Suspected Thalassemia Trait,Hemoglobin Electrophoresis + C-Reactive Protein (CRP),Hb 9.6 < 12.0; MCV 60.1 < 80; Mentzer 10.62 < 13,45000,Enabled - ZainCash 15% Preventive Subsidy
237030c5-1c2d-40c7-9e96-71c3d8b220ba,13.8,93.1,4.78,19.48,Within Reference Range,None,All evaluated indices within rule thresholds,10000,Standard Clearance
cd50556a-1e8a-4239-a1b8-cd669c25afec,13.4,89.5,4.65,19.25,Within Reference Range,None,All evaluated indices within rule thresholds,10000,Standard Clearance
e87bf2a7-2bb6-4228-b34e-9480e7a49abe,11.3,86.6,4.24,20.42,Anemia (Non-Microcytic) - Clinician Review,C-Reactive Protein (CRP),Hb 11.3 below threshold; MCV 86.6 not microcytic - Mentzer not applicable,20000,Enabled - ZainCash 15% Preventive Subsidy
8256bc5f-0303-41df-9a0b-54c998f53f2a,11.5,89.1,4.14,21.52,Anemia (Non-Microcytic) - Clinician Review,None,Hb 11.5 below threshold; MCV 89.1 not microcytic - Mentzer not applicable,10000,Standard Clearance
aca599c3-d3a1-499c-bb1b-833592498def,12.7,93.5,4.29,21.79,Suspected Systemic Inflammation,C-Reactive Protein (CRP),WBC 13.96 > 11,20000,Enabled - ZainCash 15% Preventive Subsidy
daf7c4ea-460b-40d0-a94d-49dfdeefc42a,12.4,84.9,4.98,17.05,Within Reference Range,None,All evaluated indices within rule thresholds,10000,Standard Clearance
013d6124-a22e-4fb8-a417-46a139635ad7,13.9,88.1,4.97,17.73,Within Reference Range,None,All evaluated indices within rule thresholds,10000,Standard Clearance
fbf3d983-6768-45ad-be83-6b096a227321,12.0,93.0,4.16,22.36,Within Reference Range,None,All evaluated indices within rule thresholds,10000,Standard Clearance
1514fd14-5867-424f-a89d-845ce1b45e24,13.3,86.9,5.25,16.55,Within Reference Range,None,All evaluated indices within rule thresholds,10000,Standard Clearance
250b7b50-b23e-4d51-8354-afd9b06d33b1,6.1,93.5,2.17,43.09,Anemia (Non-Microcytic) - Clinician Review,None,Hb 6.1 below threshold; MCV 93.5 not microcytic - Mentzer not applicable,10000,Standard Clearance
04f51215-8807-4f1b-9f49-49ce008f7cd1,13.4,92.3,4.81,19.19,Within Reference Range,None,All evaluated indices within rule thresholds,10000,Standard Clearance
2d6b40b6-f6bc-4d80-b62a-ccef264944d4,10.2,96.5,3.41,28.3,Anemia (Non-Microcytic) - Clinician Review,None,Hb 10.2 below threshold; MCV 96.5 not microcytic - Mentzer not applicable,10000,Standard Clearance
7513c115-0d18-4380-83bb-a2cf1226fc8a,9.3,119.0,2.26,52.65,Anemia (Non-Microcytic) - Clinician Review,None,Hb 9.3 below threshold; MCV 119.0 not microcytic - Mentzer not applicable,10000,Standard Clearance
90c4ee9e-489e-4e50-a0c1-8134b55227c0,12.0,87.4,4.52,19.34,Within Reference Range,None,All evaluated indices within rule thresholds,10000,Standard Clearance
72bf1b82-abfe-4854-84a0-b3ad5ac1828e,14.3,86.1,5.17,16.65,Within Reference Range,None,All evaluated indices within rule thresholds,10000,Standard Clearance
9f4547ac-1edc-40d1-bb2e-fc1ffa289e0b,13.1,90.0,4.6,19.57,Within Reference Range,None,All evaluated indices within rule thresholds,10000,Standard Clearance
ec878c84-526a-4dcc-8284-c57952196895,11.3,86.6,4.24,20.42,Anemia (Non-Microcytic) - Clinician Review,C-Reactive Protein (CRP),Hb 11.3 below threshold; MCV 86.6 not microcytic - Mentzer not applicable,20000,Enabled - ZainCash 15% Preventive Subsidy
136e7f62-d5b4-447b-a8b8-c2ef74bf8c9c,9.0,103.7,3.01,34.45,Anemia (Non-Microcytic) - Clinician Review,None,Hb 9.0 below threshold; MCV 103.7 not microcytic - Mentzer not applicable,10000,Standard Clearance
ee7fe6b8-3959-4c54-9c9c-73fa73ae0049,15.6,88.0,6.6,13.33,Within Reference Range,None,All evaluated indices within rule thresholds,10000,Standard Clearance
87a182a5-8b2e-49cd-9f4b-7eb99e2dedf4,12.7,74.2,5.46,13.59,Suspected Systemic Inflammation,C-Reactive Protein (CRP),WBC 12.05 > 11,20000,Enabled - ZainCash 15% Preventive Subsidy
38f92576-042a-4940-b6de-61c211b86b03,9.3,73.9,4.36,16.95,Suspected Iron Deficiency,Serum Ferritin Test,Hb 9.3 < 12.0; MCV 73.9 < 80; Mentzer 16.95 >= 13,25000,Enabled - ZainCash 15% Preventive Subsidy
d1d06c04-39ec-4e49-8d08-e2d3603ba34e,10.7,78.7,4.56,17.26,Suspected Iron Deficiency,Serum Ferritin Test,Hb 10.7 < 12.0; MCV 78.7 < 80; Mentzer 17.26 >= 13,25000,Enabled - ZainCash 15% Preventive Subsidy
7cec0700-9dad-4d87-b924-5817bc1a4799,11.7,91.5,3.81,24.02,Anemia (Non-Microcytic) - Clinician Review,None,Hb 11.7 below threshold; MCV 91.5 not microcytic - Mentzer not applicable,10000,Standard Clearance
f5512482-a993-4ff8-a642-a8651d2559ec,11.6,93.4,4.11,22.73,Anemia (Non-Microcytic) - Clinician Review,None,Hb 11.6 below threshold; MCV 93.4 not microcytic - Mentzer not applicable,10000,Standard Clearance
988e7777-e49c-4d28-b61f-6e8201896c9d,10.6,104.0,3.54,29.38,Anemia (Non-Microcytic) - Clinician Review,None,Hb 10.6 below threshold; MCV 104.0 not microcytic - Mentzer not applicable,10000,Standard Clearance
0736edd3-8401-4e1b-8888-9a0ab4cadab8,12.7,88.0,4.83,18.22,Suspected Systemic Inflammation,C-Reactive Protein (CRP),WBC 13.93 > 11,20000,Enabled - ZainCash 15% Preventive Subsidy
cd6c99d1-cf26-46a7-9468-1666dc8377ea,11.3,68.0,5.65,12.04,Suspected Thalassemia Trait,Hemoglobin Electrophoresis,Hb 11.3 < 12.0; MCV 68.0 < 80; Mentzer 12.04 < 13,35000,Enabled - ZainCash 15% Preventive Subsidy
94fd4389-202c-4ce9-9ddf-df7ba15112e8,10.1,91.3,3.81,23.96,Anemia (Non-Microcytic) - Clinician Review,None,Hb 10.1 below threshold; MCV 91.3 not microcytic - Mentzer not applicable,10000,Standard Clearance
73ede506-6931-4cfb-abfe-0457b2b43cd5,12.4,84.9,4.98,17.05,Within Reference Range,None,All evaluated indices within rule thresholds,10000,Standard Clearance
ea630c31-bb1a-45c5-a42b-e9810609dae6,10.9,83.5,4.36,19.15,Anemia (Non-Microcytic) - Clinician Review,None,Hb 10.9 below threshold; MCV 83.5 not microcytic - Mentzer not applicable,10000,Standard Clearance
2fd91f0d-e4d9-4846-a757-a54ff7d0054b,9.1,99.0,3.04,32.57,Anemia (Non-Microcytic) - Clinician Review,None,Hb 9.1 below threshold; MCV 99.0 not microcytic - Mentzer not applicable,10000,Standard Clearance
f9751c1d-f2a3-4a50-9718-7a120b076b98,9.9,83.7,4.12,20.32,Anemia (Non-Microcytic) - Clinician Review,None,Hb 9.9 below threshold; MCV 83.7 not microcytic - Mentzer not applicable,10000,Standard Clearance
75a7b466-60d0-4f6f-badb-8ec3954bbc8b,10.3,69.2,4.87,14.21,Suspected Iron Deficiency,Serum Ferritin Test,Hb 10.3 < 12.0; MCV 69.2 < 80; Mentzer 14.21 >= 13,25000,Enabled - ZainCash 15% Preventive Subsidy
798e37e0-6616-42dc-b7f7-f71ef31eef93,9.0,103.7,3.01,34.45,Anemia (Non-Microcytic) - Clinician Review,None,Hb 9.0 below threshold; MCV 103.7 not microcytic - Mentzer not applicable,10000,Standard Clearance
bfd8e636-8a85-45c9-8321-24bddde28594,10.7,78.7,4.56,17.26,Suspected Iron Deficiency,Serum Ferritin Test,Hb 10.7 < 12.0; MCV 78.7 < 80; Mentzer 17.26 >= 13,25000,Enabled - ZainCash 15% Preventive Subsidy
6b74604f-c3ba-4a50-b178-a1d1700c7fc3,7.8,80.0,3.15,25.4,Anemia (Non-Microcytic) - Clinician Review,C-Reactive Protein (CRP),Hb 7.8 below threshold; MCV 80.0 not microcytic - Mentzer not applicable,20000,Enabled - ZainCash 15% Preventive Subsidy
cfdd0a28-cf01-4186-9700-051562b82a24,11.4,90.3,3.91,23.09,Anemia (Non-Microcytic) - Clinician Review,None,Hb 11.4 below threshold; MCV 90.3 not microcytic - Mentzer not applicable,10000,Standard Clearance
a3e6a046-7a32-4dd9-b9d9-dcae960c1c54,7.8,80.6,2.83,28.48,Anemia (Non-Microcytic) - Clinician Review,None,Hb 7.8 below threshold; MCV 80.6 not microcytic - Mentzer not applicable,10000,Standard Clearance
42da584a-85aa-45a7-869f-668b9cd45a74,7.1,112.8,1.96,57.55,Anemia (Non-Microcytic) - Clinician Review,None,Hb 7.1 below threshold; MCV 112.8 not microcytic - Mentzer not applicable,10000,Standard Clearance
082a13cb-e850-4278-a9a6-4402874d7ae1,14.3,88.5,4.68,18.91,Suspected Systemic Inflammation,C-Reactive Protein (CRP),WBC 20.3 > 11,20000,Enabled - ZainCash 15% Preventive Subsidy
a64f446a-3e9a-47d6-a366-f3d16e99e631,14.8,93.4,4.67,20.0,Within Reference Range,None,All evaluated indices within rule thresholds,10000,Standard Clearance
f9957390-57a0-4515-8716-b6ec10a0c1e5,13.1,91.8,4.13,22.23,Within Reference Range,None,All evaluated indices within rule thresholds,10000,Standard Clearance
6cc6ec84-ed17-4200-aa09-8af49cd1de1d,12.6,85.6,4.57,18.73,Within Reference Range,None,All evaluated indices within rule thresholds,10000,Standard Clearance
612c43a3-9a44-4317-8d8f-19a943c18b2b,8.5,57.3,4.8,11.94,Suspected Thalassemia Trait,Hemoglobin Electrophoresis + C-Reactive Protein (CRP),Hb 8.5 < 12.0; MCV 57.3 < 80; Mentzer 11.94 < 13,45000,Enabled - ZainCash 15% Preventive Subsidy
397f46d7-8857-4b2d-8fe3-21123a07761d,6.9,77.3,2.99,25.85,Suspected Iron Deficiency,Serum Ferritin Test,Hb 6.9 < 12.0; MCV 77.3 < 80; Mentzer 25.85 >= 13,25000,Enabled - ZainCash 15% Preventive Subsidy
fe36d188-b745-4f3e-93df-589b3990907b,10.4,88.4,3.7,23.89,Anemia (Non-Microcytic) - Clinician Review,C-Reactive Protein (CRP),Hb 10.4 below threshold; MCV 88.4 not microcytic - Mentzer not applicable,20000,Enabled - ZainCash 15% Preventive Subsidy
14db2f48-aee3-437d-b40a-0273316083ec,11.6,88.0,4.32,20.37,Anemia (Non-Microcytic) - Clinician Review,None,Hb 11.6 below threshold; MCV 88.0 not microcytic - Mentzer not applicable,10000,Standard Clearance
5c91af49-a705-474d-bc4f-5706aee72c5b,14.1,102.3,4.33,23.63,Within Reference Range,None,All evaluated indices within rule thresholds,10000,Standard Clearance
6d23ea37-c1fe-4bbc-9a3f-1411d80d84ac,15.1,86.3,5.25,16.44,Within Reference Range,None,All evaluated indices within rule thresholds,10000,Standard Clearance
f4fe6628-06cd-4594-9529-d13fc2ab40d7,14.1,89.4,4.99,17.92,Within Reference Range,None,All evaluated indices within rule thresholds,10000,Standard Clearance
e8424b54-26c7-4297-b62a-9453c0a7d1df,11.0,84.4,4.18,20.19,Anemia (Non-Microcytic) - Clinician Review,None,Hb 11.0 below threshold; MCV 84.4 not microcytic - Mentzer not applicable,10000,Standard Clearance
df25e5b4-2f17-4d24-856a-e9c135179451,13.4,87.8,4.74,18.52,Within Reference Range,None,All evaluated indices within rule thresholds,10000,Standard Clearance
990af909-6b94-4165-aa2f-5eb4f0cc5b6f,12.0,83.3,4.59,18.15,Within Reference Range,None,All evaluated indices within rule thresholds,10000,Standard Clearance
77346bc9-f2ff-4b0a-a007-be5723b0f7bd,9.2,92.8,3.49,26.59,Anemia (Non-Microcytic) - Clinician Review,C-Reactive Protein (CRP),Hb 9.2 below threshold; MCV 92.8 not microcytic - Mentzer not applicable,20000,Enabled - ZainCash 15% Preventive Subsidy
877846be-6517-4a50-9589-87572504335d,9.8,79.1,4.35,18.18,Suspected Iron Deficiency,Serum Ferritin Test,Hb 9.8 < 12.0; MCV 79.1 < 80; Mentzer 18.18 >= 13,25000,Enabled - ZainCash 15% Preventive Subsidy
88b27690-8ca5-404d-9768-5ccfee8d4b41,14.9,75.0,5.84,12.84,Within Reference Range,None,All evaluated indices within rule thresholds,10000,Standard Clearance
9b5cb898-9b66-44f2-8c9f-f6ff6be224b1,11.0,75.2,5.08,14.8,Suspected Iron Deficiency,Serum Ferritin Test,Hb 11.0 < 12.0; MCV 75.2 < 80; Mentzer 14.8 >= 13,25000,Enabled - ZainCash 15% Preventive Subsidy
c06f0283-d9c2-4515-be8b-9001bd8b350f,10.2,74.8,4.68,15.98,Suspected Iron Deficiency,Serum Ferritin Test + C-Reactive Protein (CRP),Hb 10.2 < 12.0; MCV 74.8 < 80; Mentzer 15.98 >= 13,35000,Enabled - ZainCash 15% Preventive Subsidy
9043c693-b506-4e72-9dfe-ba6858b5c8ca,11.9,88.3,4.61,19.15,Anemia (Non-Microcytic) - Clinician Review,None,Hb 11.9 below threshold; MCV 88.3 not microcytic - Mentzer not applicable,10000,Standard Clearance
fb8440ed-34d4-4454-9a8f-fb76a290103d,10.0,74.5,4.71,15.82,Suspected Iron Deficiency,Serum Ferritin Test + C-Reactive Protein (CRP),Hb 10.0 < 12.0; MCV 74.5 < 80; Mentzer 15.82 >= 13,35000,Enabled - ZainCash 15% Preventive Subsidy
a0c84f94-0bb4-4491-998d-d217337a9c49,14.2,78.2,5.82,13.44,Within Reference Range,None,All evaluated indices within rule thresholds,10000,Standard Clearance
34246f46-0652-46c9-b489-fbb819781383,13.2,95.5,4.3,22.21,Within Reference Range,None,All evaluated indices within rule thresholds,10000,Standard Clearance
4327b2c8-9b48-4959-8f1e-e8fd41de7cfa,9.7,88.1,3.52,25.03,Anemia (Non-Microcytic) - Clinician Review,C-Reactive Protein (CRP),Hb 9.7 below threshold; MCV 88.1 not microcytic - Mentzer not applicable,20000,Enabled - ZainCash 15% Preventive Subsidy
8fefc2d5-f233-4966-a738-1a0cad1ad385,5.0,62.1,3.48,17.84,Suspected Iron Deficiency,Serum Ferritin Test + C-Reactive Protein (CRP),Hb 5.0 < 12.0; MCV 62.1 < 80; Mentzer 17.84 >= 13,35000,Enabled - ZainCash 15% Preventive Subsidy
639e380d-587d-4422-b651-56362a60f034,9.7,88.1,3.52,25.03,Anemia (Non-Microcytic) - Clinician Review,C-Reactive Protein (CRP),Hb 9.7 below threshold; MCV 88.1 not microcytic - Mentzer not applicable,20000,Enabled - ZainCash 15% Preventive Subsidy
ae6af133-3774-4d05-8531-96247cca28df,14.4,86.3,5.09,16.95,Within Reference Range,None,All evaluated indices within rule thresholds,10000,Standard Clearance
cf839d6d-b825-4d55-8e87-251900ab2b42,14.6,92.8,5.01,18.52,Within Reference Range,None,All evaluated indices within rule thresholds,10000,Standard Clearance
da47c578-3482-47c7-a92f-2b3b12c461bf,14.8,93.3,5.36,17.41,Within Reference Range,None,All evaluated indices within rule thresholds,10000,Standard Clearance
7b0de8af-2049-4689-a808-1abe2b63c9c7,12.8,80.7,4.92,16.4,Within Reference Range,None,All evaluated indices within rule thresholds,10000,Standard Clearance
f8d98d02-4f29-4e48-b0cf-52821eb2a445,13.3,82.1,5.24,15.67,Within Reference Range,None,All evaluated indices within rule thresholds,10000,Standard Clearance
de3936af-85fd-4cff-9f8a-5708f749b0d2,13.5,95.0,4.81,19.75,Suspected Systemic Inflammation,C-Reactive Protein (CRP),WBC 14.0 > 11,20000,Enabled - ZainCash 15% Preventive Subsidy
969cbac8-a76e-49df-9063-bc0a86d2384c,10.2,85.7,3.84,22.32,Anemia (Non-Microcytic) - Clinician Review,None,Hb 10.2 below threshold; MCV 85.7 not microcytic - Mentzer not applicable,10000,Standard Clearance
a3753ae0-7a6e-4d64-9957-6e0e9b0a2468,12.7,78.2,4.9,15.96,Within Reference Range,None,All evaluated indices within rule thresholds,10000,Standard Clearance
ad02241c-b9b9-47ee-8b8c-f97772c7b924,14.4,90.5,4.82,18.78,Within Reference Range,None,All evaluated indices within rule thresholds,10000,Standard Clearance
95cf0e45-8585-4856-90e7-713719205250,11.2,80.5,4.47,18.01,Anemia (Non-Microcytic) - Clinician Review,None,Hb 11.2 below threshold; MCV 80.5 not microcytic - Mentzer not applicable,10000,Standard Clearance
2903497e-276c-4579-bc29-3f0124f87e90,12.3,90.2,4.89,18.45,Within Reference Range,None,All evaluated indices within rule thresholds,10000,Standard Clearance
4e2d9e34-cc17-4efc-9425-29810c5da373,8.1,77.7,3.5,22.2,Suspected Iron Deficiency,Serum Ferritin Test + C-Reactive Protein (CRP),Hb 8.1 < 12.0; MCV 77.7 < 80; Mentzer 22.2 >= 13,35000,Enabled - ZainCash 15% Preventive Subsidy
0c4d855e-57c6-4225-8a8b-2fe7b53d9bdf,12.0,99.9,3.52,28.38,Within Reference Range,None,All evaluated indices within rule thresholds,10000,Standard Clearance
77f97dac-ec80-4d62-9f36-7127ee2597ef,12.7,91.0,4.32,21.06,Within Reference Range,None,All evaluated indices within rule thresholds,10000,Standard Clearance
038a356c-b490-49fc-87c7-168064f5d91a,11.9,82.5,4.87,16.94,Anemia (Non-Microcytic) - Clinician Review,None,Hb 11.9 below threshold; MCV 82.5 not microcytic - Mentzer not applicable,10000,Standard Clearance
a745e2dc-7546-4640-ac6a-7daab20447ff,10.0,62.2,5.64,11.03,Suspected Thalassemia Trait,Hemoglobin Electrophoresis,Hb 10.0 < 12.0; MCV 62.2 < 80; Mentzer 11.03 < 13,35000,Enabled - ZainCash 15% Preventive Subsidy
e4309636-e3fa-4a08-a304-75c4f7e3e0cf,10.7,79.0,4.43,17.83,Suspected Iron Deficiency,Serum Ferritin Test,Hb 10.7 < 12.0; MCV 79.0 < 80; Mentzer 17.83 >= 13,25000,Enabled - ZainCash 15% Preventive Subsidy
ed0566f0-27d7-407a-8aeb-0cbb11d2a42c,19.6,86.5,6.58,13.15,Within Reference Range,None,All evaluated indices within rule thresholds,10000,Standard Clearance
a41dbbc7-db57-4673-84a6-4b47eaeec01b,13.4,65.4,6.9,9.48,Within Reference Range,None,All evaluated indices within rule thresholds,10000,Standard Clearance
cf47af2a-c274-426e-b096-85f8714a2c98,12.0,102.3,3.5,29.23,Within Reference Range,None,All evaluated indices within rule thresholds,10000,Standard Clearance
4e6b518f-2780-4106-a74e-f9723d7dabd2,9.2,87.0,3.39,25.66,Anemia (Non-Microcytic) - Clinician Review,C-Reactive Protein (CRP),Hb 9.2 below threshold; MCV 87.0 not microcytic - Mentzer not applicable,20000,Enabled - ZainCash 15% Preventive Subsidy
8c0e00ff-6162-446d-839b-61cf943f097d,7.2,64.0,3.81,16.8,Suspected Iron Deficiency,Serum Ferritin Test,Hb 7.2 < 12.0; MCV 64.0 < 80; Mentzer 16.8 >= 13,25000,Enabled - ZainCash 15% Preventive Subsidy
20b7f137-96cb-4072-9edb-e409b313d850,15.0,86.7,5.18,16.74,Within Reference Range,None,All evaluated indices within rule thresholds,10000,Standard Clearance
958e22fd-d9e9-43c6-86d0-425e3edc6f55,11.9,78.5,4.24,18.51,Suspected Iron Deficiency,Serum Ferritin Test,Hb 11.9 < 12.0; MCV 78.5 < 80; Mentzer 18.51 >= 13,25000,Enabled - ZainCash 15% Preventive Subsidy
54482974-2bd2-4742-a5c2-2d66f29cda3b,16.0,94.8,4.84,19.59,Within Reference Range,None,All evaluated indices within rule thresholds,10000,Standard Clearance
651d988b-cd1e-4d31-a7d0-63593280a511,15.6,95.7,4.66,20.54,Within Reference Range,None,All evaluated indices within rule thresholds,10000,Standard Clearance
6d5a1550-a826-4ea5-a6dc-a2fc1a127e4e,14.1,91.0,4.57,19.91,Within Reference Range,None,All evaluated indices within rule thresholds,10000,Standard Clearance
7a321540-62bc-48b5-be5f-5a7765e56bcd,15.5,105.0,4.23,24.82,Within Reference Range,None,All evaluated indices within rule thresholds,10000,Standard Clearance
f476ea67-99fe-407a-890b-27d262868b82,8.0,86.2,2.89,29.83,Anemia (Non-Microcytic) - Clinician Review,None,Hb 8.0 below threshold; MCV 86.2 not microcytic - Mentzer not applicable,10000,Standard Clearance
4bdd3be2-b004-46f4-9784-927a2949504b,11.2,110.9,3.29,33.71,Anemia (Non-Microcytic) - Clinician Review,None,Hb 11.2 below threshold; MCV 110.9 not microcytic - Mentzer not applicable,10000,Standard Clearance
554213af-b23b-4bb3-af3e-b2468b66ecef,11.8,94.9,4.1,23.15,Anemia (Non-Microcytic) - Clinician Review,None,Hb 11.8 below threshold; MCV 94.9 not microcytic - Mentzer not applicable,10000,Standard Clearance
469ad7d8-b07f-457e-aa04-d69336cd5fc5,13.6,101.2,4.21,24.04,Within Reference Range,None,All evaluated indices within rule thresholds,10000,Standard Clearance
6ba26cfb-bc7d-48f8-8baf-79f34ee08069,10.7,85.5,4.07,21.01,Anemia (Non-Microcytic) - Clinician Review,None,Hb 10.7 below threshold; MCV 85.5 not microcytic - Mentzer not applicable,10000,Standard Clearance
5d9187e2-acf0-4ec4-8a62-83103f7738ce,13.0,87.6,4.58,19.13,Within Reference Range,None,All evaluated indices within rule thresholds,10000,Standard Clearance
dc4d5e6c-2774-4d96-b42d-cc19b8a3882c,10.7,79.0,4.43,17.83,Suspected Iron Deficiency,Serum Ferritin Test,Hb 10.7 < 12.0; MCV 79.0 < 80; Mentzer 17.83 >= 13,25000,Enabled - ZainCash 15% Preventive Subsidy
87534abb-ab9d-46d3-a5dd-129d38d260a3,11.3,82.7,4.21,19.64,Anemia (Non-Microcytic) - Clinician Review,None,Hb 11.3 below threshold; MCV 82.7 not microcytic - Mentzer not applicable,10000,Standard Clearance
b53d898f-88d2-4cb7-b450-949f23d45091,11.2,97.4,3.51,27.75,Anemia (Non-Microcytic) - Clinician Review,None,Hb 11.2 below threshold; MCV 97.4 not microcytic - Mentzer not applicable,10000,Standard Clearance
341d7b3d-e94b-46a3-baed-6708eaca9663,14.9,85.6,5.07,16.88,Suspected Systemic Inflammation,C-Reactive Protein (CRP),WBC 12.6 > 11,20000,Enabled - ZainCash 15% Preventive Subsidy
564285c9-70d9-4cf5-98b6-0987b5011fc3,13.4,84.7,4.76,17.79,Within Reference Range,None,All evaluated indices within rule thresholds,10000,Standard Clearance
3fec79ea-72cb-40d1-b4c3-3916b6d84d45,8.6,82.6,3.21,25.73,Anemia (Non-Microcytic) - Clinician Review,None,Hb 8.6 below threshold; MCV 82.6 not microcytic - Mentzer not applicable,10000,Standard Clearance
0624ea82-611f-421a-b381-9dd16ddea96a,11.2,89.3,3.82,23.38,Anemia (Non-Microcytic) - Clinician Review,C-Reactive Protein (CRP),Hb 11.2 below threshold; MCV 89.3 not microcytic - Mentzer not applicable,20000,Enabled - ZainCash 15% Preventive Subsidy
e3b6d4e0-06bf-42c1-8320-42c0e55e089c,9.5,86.0,3.51,24.5,Anemia (Non-Microcytic) - Clinician Review,None,Hb 9.5 below threshold; MCV 86.0 not microcytic - Mentzer not applicable,10000,Standard Clearance
e912d4c4-48a6-4d04-ba43-274ec73eb4c7,15.2,100.0,4.32,23.15,Within Reference Range,None,All evaluated indices within rule thresholds,10000,Standard Clearance
5834baae-8c08-4cdd-a0ff-20ac5e52947b,10.4,71.3,4.74,15.04,Suspected Iron Deficiency,Serum Ferritin Test,Hb 10.4 < 12.0; MCV 71.3 < 80; Mentzer 15.04 >= 13,25000,Enabled - ZainCash 15% Preventive Subsidy
4e1eef89-a1f5-4890-878d-d87881945cdc,10.9,85.8,3.59,23.9,Anemia (Non-Microcytic) - Clinician Review,None,Hb 10.9 below threshold; MCV 85.8 not microcytic - Mentzer not applicable,10000,Standard Clearance
360c6942-7b84-40f2-b89d-7948630efb38,15.9,79.5,6.05,13.14,Suspected Systemic Inflammation,C-Reactive Protein (CRP),WBC 17.5 > 11,20000,Enabled - ZainCash 15% Preventive Subsidy
4d7665fe-1900-4f0e-806b-215e03c8dc8f,10.6,99.1,3.37,29.41,Anemia (Non-Microcytic) - Clinician Review,None,Hb 10.6 below threshold; MCV 99.1 not microcytic - Mentzer not applicable,10000,Standard Clearance
2ee85722-4ee0-49dd-9fa3-dfc2541985bf,13.4,82.5,4.46,18.5,Within Reference Range,None,All evaluated indices within rule thresholds,10000,Standard Clearance
c0c977ff-b41b-4ae9-98b6-08c09c77822b,12.0,94.9,3.9,24.33,Within Reference Range,None,All evaluated indices within rule thresholds,10000,Standard Clearance
5a4f8551-7685-47d0-955c-71937c97a2c7,10.8,77.3,4.4,17.57,Suspected Iron Deficiency,Serum Ferritin Test,Hb 10.8 < 12.0; MCV 77.3 < 80; Mentzer 17.57 >= 13,25000,Enabled - ZainCash 15% Preventive Subsidy
52447e57-9e16-4eb1-9d24-cde6add26f90,12.3,86.1,4.16,20.7,Within Reference Range,None,All evaluated indices within rule thresholds,10000,Standard Clearance
1f2b8da5-9c12-42b2-9467-c9fdae46dc07,10.3,99.7,3.17,31.45,Anemia (Non-Microcytic) - Clinician Review,None,Hb 10.3 below threshold; MCV 99.7 not microcytic - Mentzer not applicable,10000,Standard Clearance
a9e808cb-32ae-427a-a439-fdf66b76d207,12.2,94.6,3.92,24.13,Suspected Systemic Inflammation,C-Reactive Protein (CRP),WBC 11.7 > 11,20000,Enabled - ZainCash 15% Preventive Subsidy
05e67b0d-ddd2-4d2e-acb4-c110f64ef281,13.7,80.5,5.17,15.57,Within Reference Range,None,All evaluated indices within rule thresholds,10000,Standard Clearance
1c66311f-0105-45f7-8115-78fd20b6b434,13.1,96.0,4.5,21.33,Within Reference Range,None,All evaluated indices within rule thresholds,10000,Standard Clearance
e18239e3-ccd8-49eb-8b29-573ae4b89e76,10.2,102.8,3.58,28.72,Anemia (Non-Microcytic) - Clinician Review,None,Hb 10.2 below threshold; MCV 102.8 not microcytic - Mentzer not applicable,10000,Standard Clearance
2170be69-f322-4c84-bf64-b0a7dc48871a,13.8,89.8,4.79,18.75,Within Reference Range,None,All evaluated indices within rule thresholds,10000,Standard Clearance
2f9ed7c3-ff62-45d0-97fb-6d470b881861,11.5,84.1,4.22,19.93,Anemia (Non-Microcytic) - Clinician Review,None,Hb 11.5 below threshold; MCV 84.1 not microcytic - Mentzer not applicable,10000,Standard Clearance
cf2279d3-b7e4-4326-abdb-778d437ed941,15.1,91.3,5.19,17.59,Within Reference Range,None,All evaluated indices within rule thresholds,10000,Standard Clearance
249075d3-e962-49f1-8c4c-15b478e68b24,7.8,72.0,3.96,18.18,Suspected Iron Deficiency,Serum Ferritin Test,Hb 7.8 < 12.0; MCV 72.0 < 80; Mentzer 18.18 >= 13,25000,Enabled - ZainCash 15% Preventive Subsidy
cd9c93bf-470b-48d4-988a-60dacbb5a938,13.5,95.8,4.54,21.1,Within Reference Range,None,All evaluated indices within rule thresholds,10000,Standard Clearance
11c3a313-4ba8-45b1-99d4-666ec47b9ca5,10.3,117.3,2.77,42.35,Anemia (Non-Microcytic) - Clinician Review,None,Hb 10.3 below threshold; MCV 117.3 not microcytic - Mentzer not applicable,10000,Standard Clearance
69f97ed0-183d-49be-b351-cc52b993d115,13.0,81.5,4.86,16.77,Within Reference Range,None,All evaluated indices within rule thresholds,10000,Standard Clearance
b96a5afe-6ab2-40fe-a9eb-b7426ed7d203,12.9,87.6,4.74,18.48,Within Reference Range,None,All evaluated indices within rule thresholds,10000,Standard Clearance
de00fd6a-5394-4b4b-b43a-37c9245d0a56,11.8,94.9,4.1,23.15,Anemia (Non-Microcytic) - Clinician Review,None,Hb 11.8 below threshold; MCV 94.9 not microcytic - Mentzer not applicable,10000,Standard Clearance
aa270ba1-b5e0-4d31-b50b-b612872323fb,11.9,83.3,4.56,18.27,Anemia (Non-Microcytic) - Clinician Review,None,Hb 11.9 below threshold; MCV 83.3 not microcytic - Mentzer not applicable,10000,Standard Clearance
18c2739a-dfaa-4ba5-b313-0b41f57348ca,11.1,91.2,3.87,23.57,Anemia (Non-Microcytic) - Clinician Review,None,Hb 11.1 below threshold; MCV 91.2 not microcytic - Mentzer not applicable,10000,Standard Clearance
81e16ca2-dd32-4d40-984d-b9fff2b75474,10.8,79.8,4.45,17.93,Suspected Iron Deficiency,Serum Ferritin Test,Hb 10.8 < 12.0; MCV 79.8 < 80; Mentzer 17.93 >= 13,25000,Enabled - ZainCash 15% Preventive Subsidy
37123e3d-1da3-402f-a4c0-3b2d94526cde,13.3,87.3,4.64,18.81,Within Reference Range,None,All evaluated indices within rule thresholds,10000,Standard Clearance
02880c37-ed03-4cf8-ac5f-c9be206e7f53,11.9,93.4,4.12,22.67,Anemia (Non-Microcytic) - Clinician Review,C-Reactive Protein (CRP),Hb 11.9 below threshold; MCV 93.4 not microcytic - Mentzer not applicable,20000,Enabled - ZainCash 15% Preventive Subsidy
bf6ac69d-a99a-4aca-97dc-9455340580f4,8.6,77.5,3.73,20.78,Suspected Iron Deficiency,Serum Ferritin Test,Hb 8.6 < 12.0; MCV 77.5 < 80; Mentzer 20.78 >= 13,25000,Enabled - ZainCash 15% Preventive Subsidy
12e3f410-5da0-4eb5-a671-a599375a6894,9.9,94.8,3.47,27.32,Anemia (Non-Microcytic) - Clinician Review,C-Reactive Protein (CRP),Hb 9.9 below threshold; MCV 94.8 not microcytic - Mentzer not applicable,20000,Enabled - ZainCash 15% Preventive Subsidy
53baed9b-fee2-4510-bea1-130ca1aae532,10.8,82.3,4.53,18.17,Anemia (Non-Microcytic) - Clinician Review,None,Hb 10.8 below threshold; MCV 82.3 not microcytic - Mentzer not applicable,10000,Standard Clearance
6f2a6fbb-6d95-47a5-bf01-eab2e4dd6bd4,13.5,95.8,4.54,21.1,Within Reference Range,None,All evaluated indices within rule thresholds,10000,Standard Clearance
fbb9a64e-93db-4c22-90c8-869b8e0c2a5c,11.5,84.1,4.22,19.93,Anemia (Non-Microcytic) - Clinician Review,None,Hb 11.5 below threshold; MCV 84.1 not microcytic - Mentzer not applicable,10000,Standard Clearance
ef2a7fe8-6d60-4070-b142-a67adb486dcb,12.9,87.6,4.47,19.6,Within Reference Range,None,All evaluated indices within rule thresholds,10000,Standard Clearance
e537c73a-ff99-4694-b931-7908e21b4139,9.1,104.2,2.88,36.18,Anemia (Non-Microcytic) - Clinician Review,None,Hb 9.1 below threshold; MCV 104.2 not microcytic - Mentzer not applicable,10000,Standard Clearance
4f2557ff-d2ce-4887-bb16-d08ee5340715,10.9,91.4,3.96,23.08,Anemia (Non-Microcytic) - Clinician Review,None,Hb 10.9 below threshold; MCV 91.4 not microcytic - Mentzer not applicable,10000,Standard Clearance
05e86747-ea0e-42e1-b7c8-7901b31ee399,7.0,63.2,4.21,15.01,Suspected Iron Deficiency,Serum Ferritin Test,Hb 7.0 < 12.0; MCV 63.2 < 80; Mentzer 15.01 >= 13,25000,Enabled - ZainCash 15% Preventive Subsidy
55ee6dd1-5e47-4e46-883f-6046c4f1a8bb,11.3,84.4,4.1,20.59,Anemia (Non-Microcytic) - Clinician Review,None,Hb 11.3 below threshold; MCV 84.4 not microcytic - Mentzer not applicable,10000,Standard Clearance
6dd777c2-eb34-4fb7-93fa-4ec07e6768e0,14.1,86.3,5.39,16.01,Within Reference Range,None,All evaluated indices within rule thresholds,10000,Standard Clearance
71ada9c5-ce4a-4ca0-8312-784766951513,11.8,94.9,4.1,23.15,Anemia (Non-Microcytic) - Clinician Review,None,Hb 11.8 below threshold; MCV 94.9 not microcytic - Mentzer not applicable,10000,Standard Clearance
54e7f73e-5d92-4f93-9d6a-5e22a2a98b8f,13.3,88.1,4.95,17.8,Within Reference Range,None,All evaluated indices within rule thresholds,10000,Standard Clearance
43c58bda-c5aa-4215-9eaf-7de92d0a4606,13.4,113.8,3.85,29.56,Within Reference Range,None,All evaluated indices within rule thresholds,10000,Standard Clearance
efc1b1b6-3b17-4cc6-95bc-26e2a4dedb4e,9.3,119.0,2.26,52.65,Anemia (Non-Microcytic) - Clinician Review,None,Hb 9.3 below threshold; MCV 119.0 not microcytic - Mentzer not applicable,10000,Standard Clearance
e53029b4-1117-4011-9055-3f5d77ddd3f1,13.9,88.1,4.97,17.73,Within Reference Range,None,All evaluated indices within rule thresholds,10000,Standard Clearance
9787de94-92d3-4430-98d0-eb34d1748b3c,9.6,100.3,2.89,34.71,Anemia (Non-Microcytic) - Clinician Review,None,Hb 9.6 below threshold; MCV 100.3 not microcytic - Mentzer not applicable,10000,Standard Clearance
44c5a3fd-58c6-455a-861e-6152614ee22f,13.2,111.2,3.36,33.1,Within Reference Range,None,All evaluated indices within rule thresholds,10000,Standard Clearance
2488db24-3deb-497d-b1cc-940b4e9f46f4,8.1,84.5,2.96,28.55,Anemia (Non-Microcytic) - Clinician Review,C-Reactive Protein (CRP),Hb 8.1 below threshold; MCV 84.5 not microcytic - Mentzer not applicable,20000,Enabled - ZainCash 15% Preventive Subsidy
288c95dc-4057-4849-8c3a-a9224620a5fe,10.3,88.9,3.34,26.62,Anemia (Non-Microcytic) - Clinician Review,None,Hb 10.3 below threshold; MCV 88.9 not microcytic - Mentzer not applicable,10000,Standard Clearance
6f02f3c4-4b8d-4c55-b27d-a956c88998ab,8.1,94.1,2.55,36.9,Anemia (Non-Microcytic) - Clinician Review,None,Hb 8.1 below threshold; MCV 94.1 not microcytic - Mentzer not applicable,10000,Standard Clearance
3d5dbe93-787e-4b6e-bb65-290f03df4a60,12.7,87.8,4.19,20.95,Within Reference Range,None,All evaluated indices within rule thresholds,10000,Standard Clearance
bfe68854-a74c-4a01-9fc8-e1b3952bc937,11.0,88.8,3.74,23.74,Anemia (Non-Microcytic) - Clinician Review,None,Hb 11.0 below threshold; MCV 88.8 not microcytic - Mentzer not applicable,10000,Standard Clearance
3c80a6e8-38f6-4864-8bd2-a2edbfa3f810,9.7,94.0,3.18,29.56,Anemia (Non-Microcytic) - Clinician Review,None,Hb 9.7 below threshold; MCV 94.0 not microcytic - Mentzer not applicable,10000,Standard Clearance
99623c8d-a4a5-47a9-bf84-7a4318329267,8.0,87.8,2.71,32.4,Anemia (Non-Microcytic) - Clinician Review,None,Hb 8.0 below threshold; MCV 87.8 not microcytic - Mentzer not applicable,10000,Standard Clearance
4c41d74d-e058-4375-b57e-9300c9d4bf68,12.3,83.9,4.42,18.98,Within Reference Range,None,All evaluated indices within rule thresholds,10000,Standard Clearance
7374bf06-389c-45e4-a2e4-de9236bf5932,7.7,92.1,2.53,36.4,Anemia (Non-Microcytic) - Clinician Review,None,Hb 7.7 below threshold; MCV 92.1 not microcytic - Mentzer not applicable,10000,Standard Clearance
f555de0d-d8ed-495c-afd6-ce0e02153107,10.6,85.4,3.53,24.19,Anemia (Non-Microcytic) - Clinician Review,None,Hb 10.6 below threshold; MCV 85.4 not microcytic - Mentzer not applicable,10000,Standard Clearance
a53c6c0b-71fb-4064-8073-4e7a39e9597c,10.2,88.2,3.41,25.87,Anemia (Non-Microcytic) - Clinician Review,None,Hb 10.2 below threshold; MCV 88.2 not microcytic - Mentzer not applicable,10000,Standard Clearance
5224fbcb-82e4-4088-b768-a42718848f04,10.3,87.3,3.54,24.66,Anemia (Non-Microcytic) - Clinician Review,None,Hb 10.3 below threshold; MCV 87.3 not microcytic - Mentzer not applicable,10000,Standard Clearance
4ceff3e1-8fc5-4770-8572-a9a9a35e5746,9.9,92.3,3.33,27.72,Anemia (Non-Microcytic) - Clinician Review,None,Hb 9.9 below threshold; MCV 92.3 not microcytic - Mentzer not applicable,10000,Standard Clearance
7f21687f-7769-4190-8ee7-ee5ce33caf78,10.2,88.9,3.44,25.84,Anemia (Non-Microcytic) - Clinician Review,None,Hb 10.2 below threshold; MCV 88.9 not microcytic - Mentzer not applicable,10000,Standard Clearance
bf9949b7-347a-4532-9ca2-54a6a80f79eb,12.4,89.2,4.18,21.34,Within Reference Range,None,All evaluated indices within rule thresholds,10000,Standard Clearance
ac304103-589c-4001-ac9f-86671b3c6ebe,12.5,89.2,3.63,24.57,Within Reference Range,None,All evaluated indices within rule thresholds,10000,Standard Clearance
583e1a16-0d02-405f-9170-3a6901e81718,13.6,90.7,4.71,19.26,Within Reference Range,None,All evaluated indices within rule thresholds,10000,Standard Clearance
2858fec2-b985-4dfd-b2a4-a19b96f7ecbc,14.6,85.0,5.5,15.45,Within Reference Range,None,All evaluated indices within rule thresholds,10000,Standard Clearance
9af27c6c-ff3f-4492-9d28-0d800c618f57,11.2,73.3,3.7,19.81,Suspected Iron Deficiency,Serum Ferritin Test,Hb 11.2 < 12.0; MCV 73.3 < 80; Mentzer 19.81 >= 13,25000,Enabled - ZainCash 15% Preventive Subsidy
7a81fd0d-55be-405d-8c94-19ffd6a0b329,13.9,87.2,3.48,25.06,Within Reference Range,None,All evaluated indices within rule thresholds,10000,Standard Clearance
428f7cf0-7647-4397-b170-3a5a2509a7fe,11.0,74.7,4.86,15.37,Suspected Iron Deficiency,Serum Ferritin Test,Hb 11.0 < 12.0; MCV 74.7 < 80; Mentzer 15.37 >= 13,25000,Enabled - ZainCash 15% Preventive Subsidy
e4bb4c63-7974-471a-ab9b-ea7fe98851fb,13.2,89.2,4.75,18.78,Within Reference Range,None,All evaluated indices within rule thresholds,10000,Standard Clearance
c7613ca6-e52d-46b1-be27-a8f3c3ee88ba,13.0,88.3,4.73,18.67,Within Reference Range,None,All evaluated indices within rule thresholds,10000,Standard Clearance
fcdd287b-62d5-45ad-8db0-f3604c2b7871,14.2,100.7,4.68,21.52,Within Reference Range,None,All evaluated indices within rule thresholds,10000,Standard Clearance
afd7af05-c7e1-40dc-9e4d-be301ace4c44,11.5,103.5,3.48,29.74,Anemia (Non-Microcytic) - Clinician Review,None,Hb 11.5 below threshold; MCV 103.5 not microcytic - Mentzer not applicable,10000,Standard Clearance
997d5cc4-01f4-493e-87a8-0571bf93f82a,11.2,77.7,4.87,15.95,Suspected Iron Deficiency,Serum Ferritin Test,Hb 11.2 < 12.0; MCV 77.7 < 80; Mentzer 15.95 >= 13,25000,Enabled - ZainCash 15% Preventive Subsidy
24c9005d-df01-4a51-a8ea-5b6576e3d973,13.8,84.7,4.74,17.87,Within Reference Range,None,All evaluated indices within rule thresholds,10000,Standard Clearance
7cecf300-45e9-4d91-bde3-18babc39ef01,11.2,90.3,4.47,20.2,Anemia (Non-Microcytic) - Clinician Review,None,Hb 11.2 below threshold; MCV 90.3 not microcytic - Mentzer not applicable,10000,Standard Clearance
894d65f1-0643-4b66-b15a-9c0e4846c391,12.1,89.8,4.18,21.48,Within Reference Range,None,All evaluated indices within rule thresholds,10000,Standard Clearance
880e38be-67f2-4464-94d9-bc1fe95a7e7e,12.6,88.9,4.33,20.53,Within Reference Range,None,All evaluated indices within rule thresholds,10000,Standard Clearance
ac2294e4-e836-4065-92e4-d1ccf91b3130,12.5,82.2,4.86,16.91,Within Reference Range,None,All evaluated indices within rule thresholds,10000,Standard Clearance
4f03a14d-3be1-4f93-a26f-b23ba60491a4,13.9,80.8,5.59,14.45,Suspected Systemic Inflammation,C-Reactive Protein (CRP),WBC 12.2 > 11,20000,Enabled - ZainCash 15% Preventive Subsidy
dda9f42c-78cc-428c-8523-41d9b3803027,13.8,89.1,4.55,19.58,Within Reference Range,None,All evaluated indices within rule thresholds,10000,Standard Clearance
f37eed33-eed4-4aa9-841d-46f97aa85748,13.8,94.2,4.38,21.51,Within Reference Range,None,All evaluated indices within rule thresholds,10000,Standard Clearance
602324b0-900d-406a-999e-3ae41dfdf309,11.2,82.7,4.53,18.26,Anemia (Non-Microcytic) - Clinician Review,C-Reactive Protein (CRP),Hb 11.2 below threshold; MCV 82.7 not microcytic - Mentzer not applicable,20000,Enabled - ZainCash 15% Preventive Subsidy
3bd67eb8-fe84-4f98-a87e-0852b6c64dfe,11.3,89.2,4.18,21.34,Anemia (Non-Microcytic) - Clinician Review,C-Reactive Protein (CRP),Hb 11.3 below threshold; MCV 89.2 not microcytic - Mentzer not applicable,20000,Enabled - ZainCash 15% Preventive Subsidy
d1b8d6d4-20b7-4314-9234-54d02bda9356,12.6,88.3,4.52,19.54,Within Reference Range,None,All evaluated indices within rule thresholds,10000,Standard Clearance
c1b97748-8f2c-4155-8f8a-d49136a6bdb9,11.0,100.5,3.78,26.59,Anemia (Non-Microcytic) - Clinician Review,None,Hb 11.0 below threshold; MCV 100.5 not microcytic - Mentzer not applicable,10000,Standard Clearance
301a3827-f875-47ad-a754-c94aa46c15bd,11.9,85.6,4.65,18.41,Anemia (Non-Microcytic) - Clinician Review,C-Reactive Protein (CRP),Hb 11.9 below threshold; MCV 85.6 not microcytic - Mentzer not applicable,20000,Enabled - ZainCash 15% Preventive Subsidy
389fd30a-90fb-49e5-9041-c9e7b2db4dc7,9.5,77.1,4.11,18.76,Suspected Iron Deficiency,Serum Ferritin Test,Hb 9.5 < 12.0; MCV 77.1 < 80; Mentzer 18.76 >= 13,25000,Enabled - ZainCash 15% Preventive Subsidy
fab065be-d8e7-4399-874d-103652993bb0,15.0,100.7,4.46,22.58,Within Reference Range,None,All evaluated indices within rule thresholds,10000,Standard Clearance
84c5b9cd-fcc9-4ca3-8213-571550c38c0b,13.9,89.8,4.91,18.29,Within Reference Range,None,All evaluated indices within rule thresholds,10000,Standard Clearance
d1d92d8d-9b81-475d-9aa8-20b3c3885e3d,13.1,95.0,4.4,21.59,Within Reference Range,None,All evaluated indices within rule thresholds,10000,Standard Clearance
0b6a762c-f374-4b20-844f-20410fedc855,10.9,87.1,4.03,21.61,Anemia (Non-Microcytic) - Clinician Review,None,Hb 10.9 below threshold; MCV 87.1 not microcytic - Mentzer not applicable,10000,Standard Clearance
be91967e-ffc3-4272-9d4d-b93117884018,13.6,84.7,5.04,16.81,Within Reference Range,None,All evaluated indices within rule thresholds,10000,Standard Clearance
69a4b673-7a84-4841-998c-cd7e146dbb50,12.1,93.3,4.16,22.43,Within Reference Range,None,All evaluated indices within rule thresholds,10000,Standard Clearance
c82aadbd-4d7e-4b35-af6b-91e3430e0dba,12.3,84.8,4.61,18.39,Within Reference Range,None,All evaluated indices within rule thresholds,10000,Standard Clearance
6379e36a-ceea-47cf-87a8-e683ba47ebac,13.9,83.4,5.31,15.71,Suspected Systemic Inflammation,C-Reactive Protein (CRP),WBC 12.05 > 11,20000,Enabled - ZainCash 15% Preventive Subsidy
a75fec59-10e0-411a-a0db-fddf38c21a4c,14.2,88.1,5.13,17.17,Within Reference Range,None,All evaluated indices within rule thresholds,10000,Standard Clearance
93fc6cba-3785-4318-b234-f1defd2f4311,12.5,97.7,4.33,22.56,Suspected Systemic Inflammation,C-Reactive Protein (CRP),WBC 13.5 > 11,20000,Enabled - ZainCash 15% Preventive Subsidy
a4eea93b-1e8c-4949-88ef-114bf2e53559,13.1,88.8,4.55,19.52,Within Reference Range,None,All evaluated indices within rule thresholds,10000,Standard Clearance
19214c47-503f-437b-b4b3-95f9f03903e8,13.7,93.5,4.62,20.24,Within Reference Range,None,All evaluated indices within rule thresholds,10000,Standard Clearance
7fe4c69b-20c5-431e-9d69-0631340b9345,11.4,84.8,4.54,18.68,Anemia (Non-Microcytic) - Clinician Review,None,Hb 11.4 below threshold; MCV 84.8 not microcytic - Mentzer not applicable,10000,Standard Clearance
44817f94-e928-4fb1-97c1-dea7b43df8db,15.2,88.6,5.89,15.04,Suspected Systemic Inflammation,C-Reactive Protein (CRP),WBC 26.95 > 11,20000,Enabled - ZainCash 15% Preventive Subsidy
dada8428-3c04-499f-b47a-5c444757187f,13.1,89.5,4.78,18.72,Within Reference Range,None,All evaluated indices within rule thresholds,10000,Standard Clearance
52464e3f-5244-47c7-8f1d-a8bb6584bd1c,10.9,88.4,4.15,21.3,Anemia (Non-Microcytic) - Clinician Review,None,Hb 10.9 below threshold; MCV 88.4 not microcytic - Mentzer not applicable,10000,Standard Clearance
99899795-bf98-484b-916e-4fec8b9fb50c,12.4,87.3,4.57,19.1,Within Reference Range,None,All evaluated indices within rule thresholds,10000,Standard Clearance
4db68e5e-1c87-44d8-84b0-85dd0a0566c8,13.5,89.9,4.76,18.89,Within Reference Range,None,All evaluated indices within rule thresholds,10000,Standard Clearance
331c3837-f03d-4980-b74f-af83d83db895,13.3,85.4,4.93,17.32,Within Reference Range,None,All evaluated indices within rule thresholds,10000,Standard Clearance
073492cc-dbc9-42df-8f64-26dab332396f,9.4,98.0,2.97,33.0,Anemia (Non-Microcytic) - Clinician Review,None,Hb 9.4 below threshold; MCV 98.0 not microcytic - Mentzer not applicable,10000,Standard Clearance
867f0860-ac46-4963-b9f5-1febe895de01,10.4,77.3,4.58,16.88,Suspected Iron Deficiency,Serum Ferritin Test,Hb 10.4 < 12.0; MCV 77.3 < 80; Mentzer 16.88 >= 13,25000,Enabled - ZainCash 15% Preventive Subsidy
7db9f773-5b01-4350-bdd3-488ac43fb0a4,12.3,84.8,4.61,18.39,Within Reference Range,None,All evaluated indices within rule thresholds,10000,Standard Clearance
a8dc250e-93d7-46bf-93be-8afa7c6819a9,13.6,84.7,5.04,16.81,Within Reference Range,None,All evaluated indices within rule thresholds,10000,Standard Clearance
f906dafc-2c44-4ae6-a089-a684a40ba238,8.4,73.8,2.26,32.65,Suspected Iron Deficiency,Serum Ferritin Test + C-Reactive Protein (CRP),Hb 8.4 < 12.0; MCV 73.8 < 80; Mentzer 32.65 >= 13,35000,Enabled - ZainCash 15% Preventive Subsidy
99e562ff-44f7-4c05-9ea5-4cb61ae90b3a,12.0,83.5,3.78,22.09,Within Reference Range,None,All evaluated indices within rule thresholds,10000,Standard Clearance
8cd72aca-fe66-41a8-8198-606cd2006af0,12.7,82.6,4.05,20.4,Suspected Systemic Inflammation,C-Reactive Protein (CRP),WBC 13.0 > 11,20000,Enabled - ZainCash 15% Preventive Subsidy
ec753ec4-8c65-4cdd-988f-bd6e9bcafee4,4.2,68.4,1.91,35.81,Suspected Iron Deficiency,Serum Ferritin Test,Hb 4.2 < 12.0; MCV 68.4 < 80; Mentzer 35.81 >= 13,25000,Enabled - ZainCash 15% Preventive Subsidy
30569970-b089-41ea-a60a-2741cbdc1e6f,11.3,80.9,3.96,20.43,Anemia (Non-Microcytic) - Clinician Review,None,Hb 11.3 below threshold; MCV 80.9 not microcytic - Mentzer not applicable,10000,Standard Clearance
20cc1faa-eb75-41d6-b452-078db80b1e44,12.4,83.6,3.94,21.22,Suspected Systemic Inflammation,C-Reactive Protein (CRP),WBC 15.3 > 11,20000,Enabled - ZainCash 15% Preventive Subsidy
98aa1cab-e963-4f12-9515-89f39f5fb5bb,12.9,55.7,6.05,9.21,Within Reference Range,None,All evaluated indices within rule thresholds,10000,Standard Clearance
0f5f9160-3288-4a57-ba46-c6f94cb74c73,13.3,82.3,4.09,20.12,Within Reference Range,None,All evaluated indices within rule thresholds,10000,Standard Clearance
89eca5f7-519f-40fe-8e24-ebe6c97a8d93,13.0,82.8,4.14,20.0,Within Reference Range,None,All evaluated indices within rule thresholds,10000,Standard Clearance
9323a248-9fe5-491e-bc25-4f2a9584dd6a,12.2,86.0,3.65,23.56,Within Reference Range,None,All evaluated indices within rule thresholds,10000,Standard Clearance
1b93688b-e002-4d7c-9364-c34bbebd5f65,12.8,87.4,3.84,22.76,Within Reference Range,None,All evaluated indices within rule thresholds,10000,Standard Clearance
a41616c3-a9d6-4b03-a755-804f8617e5d5,11.9,73.4,4.29,17.11,Suspected Iron Deficiency,Serum Ferritin Test,Hb 11.9 < 12.0; MCV 73.4 < 80; Mentzer 17.11 >= 13,25000,Enabled - ZainCash 15% Preventive Subsidy
484b64ca-eae1-41fe-bf59-3373654907a0,15.1,82.0,4.8,17.08,Within Reference Range,None,All evaluated indices within rule thresholds,10000,Standard Clearance
8c2d3889-f5d9-47d2-b4ec-09297310f39d,4.2,68.4,1.91,35.81,Suspected Iron Deficiency,Serum Ferritin Test,Hb 4.2 < 12.0; MCV 68.4 < 80; Mentzer 35.81 >= 13,25000,Enabled - ZainCash 15% Preventive Subsidy
38d1ab12-55f5-4d78-979c-508ded2022d9,12.3,84.5,3.92,21.56,Within Reference Range,None,All evaluated indices within rule thresholds,10000,Standard Clearance
fc794f6b-8167-4dc7-a988-71d003af2a47,12.3,73.3,4.33,16.93,Within Reference Range,None,All evaluated indices within rule thresholds,10000,Standard Clearance
06b9fbf8-1d0b-4fb9-8ebc-0f99044685e7,9.7,88.5,2.83,31.27,Anemia (Non-Microcytic) - Clinician Review,C-Reactive Protein (CRP),Hb 9.7 below threshold; MCV 88.5 not microcytic - Mentzer not applicable,20000,Enabled - ZainCash 15% Preventive Subsidy
b5d3e238-84e9-4e90-b453-eee1ab5d669b,13.9,87.8,4.3,20.42,Suspected Systemic Inflammation,C-Reactive Protein (CRP),WBC 19.3 > 11,20000,Enabled - ZainCash 15% Preventive Subsidy
25bdaf65-041c-4231-9bfc-530902c4ecf9,12.9,87.9,4.7,18.7,Within Reference Range,None,All evaluated indices within rule thresholds,10000,Standard Clearance
42635418-256d-4c98-9e6e-28cf73ba9ff8,14.8,85.4,5.81,14.7,Within Reference Range,None,All evaluated indices within rule thresholds,10000,Standard Clearance
0dc6ead6-25b2-4e04-a024-121d3dbf4778,12.6,97.3,4.13,23.56,Within Reference Range,None,All evaluated indices within rule thresholds,10000,Standard Clearance
6baa2b94-9a8b-4a62-86c3-96812b77f42d,14.3,89.2,5.55,16.07,Suspected Systemic Inflammation,C-Reactive Protein (CRP),WBC 22.9 > 11,20000,Enabled - ZainCash 15% Preventive Subsidy
b841e694-b45d-4e97-b4e3-f993fcee3ceb,15.9,90.2,5.5,16.4,Suspected Systemic Inflammation,C-Reactive Protein (CRP),WBC 13.35 > 11,20000,Enabled - ZainCash 15% Preventive Subsidy
f13eab67-7d47-4b61-8efc-7d9b4699c470,13.4,87.8,4.76,18.45,Within Reference Range,None,All evaluated indices within rule thresholds,10000,Standard Clearance
4178ce6a-af80-4298-bef8-e59f0e323cb8,13.1,81.3,5.34,15.22,Within Reference Range,None,All evaluated indices within rule thresholds,10000,Standard Clearance
59b11e02-b8ee-474c-8329-4cf304847452,14.8,86.8,5.44,15.96,Suspected Systemic Inflammation,C-Reactive Protein (CRP),WBC 13.85 > 11,20000,Enabled - ZainCash 15% Preventive Subsidy
18b2f5ad-e921-4593-a477-9904127e8deb,14.4,109.0,4.34,25.12,Suspected Systemic Inflammation,C-Reactive Protein (CRP),WBC 14.83 > 11,20000,Enabled - ZainCash 15% Preventive Subsidy
dc7e7c48-f64b-48db-956c-a5ca45e93eeb,15.9,90.2,5.5,16.4,Suspected Systemic Inflammation,C-Reactive Protein (CRP),WBC 13.35 > 11,20000,Enabled - ZainCash 15% Preventive Subsidy
ba5e9635-e4d7-43db-9894-b26d844747f1,14.3,89.2,5.55,16.07,Suspected Systemic Inflammation,C-Reactive Protein (CRP),WBC 22.9 > 11,20000,Enabled - ZainCash 15% Preventive Subsidy
1ed8ff8f-4d73-442c-8f78-b09b9853838e,9.0,88.0,3.17,27.76,Anemia (Non-Microcytic) - Clinician Review,None,Hb 9.0 below threshold; MCV 88.0 not microcytic - Mentzer not applicable,10000,Standard Clearance
adcb4ce1-c836-4841-b38f-091fb71348b2,8.4,92.3,3.12,29.58,Anemia (Non-Microcytic) - Clinician Review,None,Hb 8.4 below threshold; MCV 92.3 not microcytic - Mentzer not applicable,10000,Standard Clearance
52904ca4-fbf4-4387-a528-4e0daa987c27,7.8,74.1,3.94,18.81,Suspected Iron Deficiency,Serum Ferritin Test,Hb 7.8 < 12.0; MCV 74.1 < 80; Mentzer 18.81 >= 13,25000,Enabled - ZainCash 15% Preventive Subsidy
5b2bb239-ee67-4496-8ceb-97c939490beb,9.2,83.5,3.75,22.27,Anemia (Non-Microcytic) - Clinician Review,None,Hb 9.2 below threshold; MCV 83.5 not microcytic - Mentzer not applicable,10000,Standard Clearance
6e8ec856-83a1-4b66-a699-a90dbf35d1e8,13.4,124.1,3.24,38.3,Within Reference Range,None,All evaluated indices within rule thresholds,10000,Standard Clearance
fb456b4b-48cf-4b5c-ab9b-10cb205f4bf8,8.4,58.5,5.33,10.98,Suspected Thalassemia Trait,Hemoglobin Electrophoresis,Hb 8.4 < 12.0; MCV 58.5 < 80; Mentzer 10.98 < 13,35000,Enabled - ZainCash 15% Preventive Subsidy
15512b2e-3000-47a7-a57f-f421f9db8038,9.5,91.8,3.41,26.92,Anemia (Non-Microcytic) - Clinician Review,None,Hb 9.5 below threshold; MCV 91.8 not microcytic - Mentzer not applicable,10000,Standard Clearance
e4428b85-eca4-4d18-adb7-435b27a06a55,11.5,81.8,4.77,17.15,Anemia (Non-Microcytic) - Clinician Review,None,Hb 11.5 below threshold; MCV 81.8 not microcytic - Mentzer not applicable,10000,Standard Clearance
8458e2a3-5dfb-419e-b61c-92a445d765a4,11.0,86.6,4.11,21.07,Anemia (Non-Microcytic) - Clinician Review,None,Hb 11.0 below threshold; MCV 86.6 not microcytic - Mentzer not applicable,10000,Standard Clearance
20b48aae-6637-45f8-8978-dfc2b047ddde,13.4,97.2,4.35,22.34,Suspected Systemic Inflammation,C-Reactive Protein (CRP),WBC 11.22 > 11,20000,Enabled - ZainCash 15% Preventive Subsidy
ea1b84d9-5d56-4ced-93d4-9d00b4da01d4,11.6,94.1,3.7,25.43,Anemia (Non-Microcytic) - Clinician Review,C-Reactive Protein (CRP),Hb 11.6 below threshold; MCV 94.1 not microcytic - Mentzer not applicable,20000,Enabled - ZainCash 15% Preventive Subsidy
a2fc0362-29f6-48eb-8050-26a5a80f4f7f,11.0,83.9,4.41,19.02,Anemia (Non-Microcytic) - Clinician Review,None,Hb 11.0 below threshold; MCV 83.9 not microcytic - Mentzer not applicable,10000,Standard Clearance
aed1f78c-403c-4597-88a9-2cb3c9c9a13f,13.3,90.4,4.92,18.37,Suspected Systemic Inflammation,C-Reactive Protein (CRP),WBC 11.06 > 11,20000,Enabled - ZainCash 15% Preventive Subsidy
ecc3d527-8e91-410c-bc60-6c3ad14369b3,14.8,96.1,4.92,19.53,Suspected Systemic Inflammation,C-Reactive Protein (CRP),WBC 13.41 > 11,20000,Enabled - ZainCash 15% Preventive Subsidy
505c984e-5441-46ea-9733-4bb8e87f7b72,13.0,94.9,4.54,20.9,Suspected Systemic Inflammation,C-Reactive Protein (CRP),WBC 23.57 > 11,20000,Enabled - ZainCash 15% Preventive Subsidy
1c6fab00-a4b4-4c07-a180-61017d6e924c,14.4,83.9,5.39,15.57,Suspected Systemic Inflammation,C-Reactive Protein (CRP),WBC 13.1 > 11,20000,Enabled - ZainCash 15% Preventive Subsidy
3a1b4b90-d213-4135-b295-0407b66d37a3,10.8,90.1,3.95,22.81,Anemia (Non-Microcytic) - Clinician Review,None,Hb 10.8 below threshold; MCV 90.1 not microcytic - Mentzer not applicable,10000,Standard Clearance
575b4616-0c86-4d0c-971a-e2207bbb1c08,9.0,91.3,3.34,27.34,Anemia (Non-Microcytic) - Clinician Review,None,Hb 9.0 below threshold; MCV 91.3 not microcytic - Mentzer not applicable,10000,Standard Clearance
63033971-ab2a-461d-8863-87fe0d2d9912,12.9,84.3,5.03,16.76,Within Reference Range,None,All evaluated indices within rule thresholds,10000,Standard Clearance
049114fa-6815-44bb-9cab-17b11552d4b5,15.5,93.2,5.55,16.79,Suspected Systemic Inflammation,C-Reactive Protein (CRP),WBC 12.8 > 11,20000,Enabled - ZainCash 15% Preventive Subsidy
6140e505-7474-401e-99cb-8edb28d710d4,12.8,79.3,5.46,14.52,Suspected Systemic Inflammation,C-Reactive Protein (CRP),WBC 11.57 > 11,20000,Enabled - ZainCash 15% Preventive Subsidy
45afcea8-8b51-4355-ac19-25b9ed99e92e,13.4,94.0,4.65,20.22,Suspected Systemic Inflammation,C-Reactive Protein (CRP),WBC 23.36 > 11,20000,Enabled - ZainCash 15% Preventive Subsidy
63c421e4-320f-48d8-bcc8-f70cc381dda9,12.9,94.0,4.48,20.98,Within Reference Range,None,All evaluated indices within rule thresholds,10000,Standard Clearance
5cd5959f-2a94-4184-932d-0d7ab7f2ff69,12.1,85.6,4.71,18.17,Within Reference Range,None,All evaluated indices within rule thresholds,10000,Standard Clearance
b9e27f23-210c-498b-9fb0-40585b58fb46,10.5,89.1,3.68,24.21,Anemia (Non-Microcytic) - Clinician Review,None,Hb 10.5 below threshold; MCV 89.1 not microcytic - Mentzer not applicable,10000,Standard Clearance
1666ef24-aaff-4fb2-92d3-9438c50759bb,11.8,85.3,4.34,19.65,Anemia (Non-Microcytic) - Clinician Review,C-Reactive Protein (CRP),Hb 11.8 below threshold; MCV 85.3 not microcytic - Mentzer not applicable,20000,Enabled - ZainCash 15% Preventive Subsidy
a23c487d-9dbe-4060-9e1b-b7b9bea7dd23,10.2,90.7,3.67,24.71,Anemia (Non-Microcytic) - Clinician Review,None,Hb 10.2 below threshold; MCV 90.7 not microcytic - Mentzer not applicable,10000,Standard Clearance
4acf9c9f-8fd6-44e8-82bd-6c73be2c782b,11.9,91.3,3.92,23.29,Anemia (Non-Microcytic) - Clinician Review,C-Reactive Protein (CRP),Hb 11.9 below threshold; MCV 91.3 not microcytic - Mentzer not applicable,20000,Enabled - ZainCash 15% Preventive Subsidy
746b1ddc-b64a-4946-bc11-aae862ce7c4d,13.9,83.5,5.53,15.1,Within Reference Range,None,All evaluated indices within rule thresholds,10000,Standard Clearance
42891841-841f-4dc6-a3be-a0d3112b46eb,8.5,75.3,4.05,18.59,Suspected Iron Deficiency,Serum Ferritin Test + C-Reactive Protein (CRP),Hb 8.5 < 12.0; MCV 75.3 < 80; Mentzer 18.59 >= 13,35000,Enabled - ZainCash 15% Preventive Subsidy
6fc908c6-625e-4f07-a216-6e16c970fd18,12.9,86.4,4.86,17.78,Within Reference Range,None,All evaluated indices within rule thresholds,10000,Standard Clearance
0009bce9-676e-4d2a-be41-27d80ea01218,11.4,91.1,4.36,20.89,Anemia (Non-Microcytic) - Clinician Review,C-Reactive Protein (CRP),Hb 11.4 below threshold; MCV 91.1 not microcytic - Mentzer not applicable,20000,Enabled - ZainCash 15% Preventive Subsidy
2079d97e-6ef8-41b7-a289-5da6a71e347c,14.6,91.7,5.17,17.74,Within Reference Range,None,All evaluated indices within rule thresholds,10000,Standard Clearance
aeed68b7-c321-479c-96a4-59801b5bdc8a,10.8,81.9,3.34,24.52,Anemia (Non-Microcytic) - Clinician Review,None,Hb 10.8 below threshold; MCV 81.9 not microcytic - Mentzer not applicable,10000,Standard Clearance
ae4cac8e-bb55-4ba9-983c-099a60e2592c,12.8,81.6,4.19,19.47,Within Reference Range,None,All evaluated indices within rule thresholds,10000,Standard Clearance
3078d4fd-5c95-4b3e-b7c1-2f2d29860bc6,12.9,88.4,3.68,24.02,Within Reference Range,None,All evaluated indices within rule thresholds,10000,Standard Clearance
344fb1b8-dd78-417d-a23b-e7e1b8db52bb,10.5,78.2,3.51,22.28,Suspected Iron Deficiency,Serum Ferritin Test + C-Reactive Protein (CRP),Hb 10.5 < 12.0; MCV 78.2 < 80; Mentzer 22.28 >= 13,35000,Enabled - ZainCash 15% Preventive Subsidy
84229e82-5cd1-41c5-8ea1-295549f8d429,13.0,81.5,4.12,19.78,Suspected Systemic Inflammation,C-Reactive Protein (CRP),WBC 11.6 > 11,20000,Enabled - ZainCash 15% Preventive Subsidy
c3b005a1-aa6b-40b9-b320-5956cbc4e30c,13.6,88.5,4.14,21.38,Within Reference Range,None,All evaluated indices within rule thresholds,10000,Standard Clearance
b2081412-fa02-4a0e-855c-b729c8bad008,15.1,88.4,5.8,15.24,Suspected Systemic Inflammation,C-Reactive Protein (CRP),WBC 11.31 > 11,20000,Enabled - ZainCash 15% Preventive Subsidy
4942bf5b-1c9e-4f35-aa62-dcaf4ce4bb35,13.8,90.4,4.8,18.83,Within Reference Range,None,All evaluated indices within rule thresholds,10000,Standard Clearance
a8a98d78-532e-44e4-ba63-53b654051dd0,11.1,87.8,4.1,21.41,Anemia (Non-Microcytic) - Clinician Review,C-Reactive Protein (CRP),Hb 11.1 below threshold; MCV 87.8 not microcytic - Mentzer not applicable,20000,Enabled - ZainCash 15% Preventive Subsidy
092b7ee1-5d01-4604-887d-d0b36101fdef,9.8,77.7,4.03,19.28,Suspected Iron Deficiency,Serum Ferritin Test,Hb 9.8 < 12.0; MCV 77.7 < 80; Mentzer 19.28 >= 13,25000,Enabled - ZainCash 15% Preventive Subsidy
de4b8c83-09d6-4019-9e0c-ae73a0f18b08,12.0,82.0,4.01,20.45,Within Reference Range,None,All evaluated indices within rule thresholds,10000,Standard Clearance
ee864e52-43d5-4f03-8404-789c8408fdf4,10.3,71.4,4.11,17.37,Suspected Iron Deficiency,Serum Ferritin Test,Hb 10.3 < 12.0; MCV 71.4 < 80; Mentzer 17.37 >= 13,25000,Enabled - ZainCash 15% Preventive Subsidy
66f6b288-7e46-4fb0-9d68-ed1f63e3e526,11.0,88.8,4.21,21.09,Anemia (Non-Microcytic) - Clinician Review,None,Hb 11.0 below threshold; MCV 88.8 not microcytic - Mentzer not applicable,10000,Standard Clearance
dbff69c3-96e6-4d00-8ca4-9b0c52618e3a,11.6,98.5,4.03,24.44,Anemia (Non-Microcytic) - Clinician Review,None,Hb 11.6 below threshold; MCV 98.5 not microcytic - Mentzer not applicable,10000,Standard Clearance
f209924a-a225-45d6-b13e-2f8c02115f30,12.1,89.2,5.0,17.84,Within Reference Range,None,All evaluated indices within rule thresholds,10000,Standard Clearance
d5433c03-3008-4c1a-a67d-74749db4fb26,12.1,85.2,4.79,17.79,Within Reference Range,None,All evaluated indices within rule thresholds,10000,Standard Clearance
6cae8c28-5e45-4ec2-b7f7-d0a85a5bc6bb,12.6,86.9,4.98,17.45,Suspected Systemic Inflammation,C-Reactive Protein (CRP),WBC 12.93 > 11,20000,Enabled - ZainCash 15% Preventive Subsidy
bb4031ad-3d1e-42ba-a444-d6a25d324b6a,9.8,85.1,4.02,21.17,Anemia (Non-Microcytic) - Clinician Review,None,Hb 9.8 below threshold; MCV 85.1 not microcytic - Mentzer not applicable,10000,Standard Clearance
24729810-4ae9-401a-89ef-9f4707bc8a42,11.8,95.6,2.94,32.52,Anemia (Non-Microcytic) - Clinician Review,None,Hb 11.8 below threshold; MCV 95.6 not microcytic - Mentzer not applicable,10000,Standard Clearance
e7d07591-106d-4be4-bd1a-9cd74b4d6912,10.6,93.5,3.71,25.2,Anemia (Non-Microcytic) - Clinician Review,C-Reactive Protein (CRP),Hb 10.6 below threshold; MCV 93.5 not microcytic - Mentzer not applicable,20000,Enabled - ZainCash 15% Preventive Subsidy
2e5d30c8-8c1f-4dbb-b7ec-c4d7eb2badee,16.0,83.9,5.33,15.74,Within Reference Range,None,All evaluated indices within rule thresholds,10000,Standard Clearance
28043a31-bb58-4bf3-9189-68c09274a6e0,7.4,74.9,3.66,20.46,Suspected Iron Deficiency,Serum Ferritin Test,Hb 7.4 < 12.0; MCV 74.9 < 80; Mentzer 20.46 >= 13,25000,Enabled - ZainCash 15% Preventive Subsidy
a06ea8d1-a2e2-41c8-99c2-94297ef328a8,13.5,89.4,5.0,17.88,Suspected Systemic Inflammation,C-Reactive Protein (CRP),WBC 17.7 > 11,20000,Enabled - ZainCash 15% Preventive Subsidy
dc0ec86c-1bc3-422d-9dcb-e195faddc770,11.1,82.6,3.51,23.53,Anemia (Non-Microcytic) - Clinician Review,None,Hb 11.1 below threshold; MCV 82.6 not microcytic - Mentzer not applicable,10000,Standard Clearance
ba2c7561-b593-4c76-84c3-3f4fdaf13841,8.1,93.6,2.25,41.6,Anemia (Non-Microcytic) - Clinician Review,None,Hb 8.1 below threshold; MCV 93.6 not microcytic - Mentzer not applicable,10000,Standard Clearance
6cf01c30-efee-4400-8d8b-3805c9d84a96,12.1,78.4,4.82,16.27,Suspected Systemic Inflammation,C-Reactive Protein (CRP),WBC 21.1 > 11,20000,Enabled - ZainCash 15% Preventive Subsidy
a9441db3-bc8a-4149-bba1-de3b7b687dcc,10.3,88.1,3.77,23.37,Anemia (Non-Microcytic) - Clinician Review,None,Hb 10.3 below threshold; MCV 88.1 not microcytic - Mentzer not applicable,10000,Standard Clearance
7f5e5e0a-5970-481a-a997-2efe09adcd81,11.2,92.1,3.94,23.38,Anemia (Non-Microcytic) - Clinician Review,C-Reactive Protein (CRP),Hb 11.2 below threshold; MCV 92.1 not microcytic - Mentzer not applicable,20000,Enabled - ZainCash 15% Preventive Subsidy
24811577-33f0-4f19-b7cf-7acdaa7f873c,14.6,77.1,4.73,16.3,Within Reference Range,None,All evaluated indices within rule thresholds,10000,Standard Clearance
642d6700-5bc1-4a9e-ba23-5e77b3fea53f,9.3,85.6,2.96,28.92,Anemia (Non-Microcytic) - Clinician Review,None,Hb 9.3 below threshold; MCV 85.6 not microcytic - Mentzer not applicable,10000,Standard Clearance
e8466220-d069-431c-96ae-cdd7fe426065,6.9,91.4,1.92,47.6,Anemia (Non-Microcytic) - Clinician Review,C-Reactive Protein (CRP),Hb 6.9 below threshold; MCV 91.4 not microcytic - Mentzer not applicable,20000,Enabled - ZainCash 15% Preventive Subsidy
b780874e-b681-4ee5-882c-d78429e437a1,8.5,89.2,3.16,28.23,Anemia (Non-Microcytic) - Clinician Review,None,Hb 8.5 below threshold; MCV 89.2 not microcytic - Mentzer not applicable,10000,Standard Clearance
a395a461-de50-4c07-98de-68f7799517fa,14.3,90.4,5.08,17.8,Within Reference Range,None,All evaluated indices within rule thresholds,10000,Standard Clearance
8f85f20a-f940-462a-b597-335468e109b5,14.3,87.8,5.57,15.76,Within Reference Range,None,All evaluated indices within rule thresholds,10000,Standard Clearance
472c6f68-f4e3-4e2d-942c-a28e26063d05,8.3,89.2,3.43,26.01,Anemia (Non-Microcytic) - Clinician Review,C-Reactive Protein (CRP),Hb 8.3 below threshold; MCV 89.2 not microcytic - Mentzer not applicable,20000,Enabled - ZainCash 15% Preventive Subsidy
90035bf2-08eb-455c-8577-093535cc731f,10.5,93.3,3.75,24.88,Anemia (Non-Microcytic) - Clinician Review,C-Reactive Protein (CRP),Hb 10.5 below threshold; MCV 93.3 not microcytic - Mentzer not applicable,20000,Enabled - ZainCash 15% Preventive Subsidy
3b8c9129-ff2f-4378-ab7c-f1a29dab3120,13.1,98.0,4.51,21.73,Within Reference Range,None,All evaluated indices within rule thresholds,10000,Standard Clearance
2fb6d694-06d4-4f70-ad3f-b081912658a6,11.3,90.1,4.16,21.66,Anemia (Non-Microcytic) - Clinician Review,C-Reactive Protein (CRP),Hb 11.3 below threshold; MCV 90.1 not microcytic - Mentzer not applicable,20000,Enabled - ZainCash 15% Preventive Subsidy
45aec6c3-098c-4308-8aba-0bfe813e8077,11.3,80.0,4.85,16.49,Anemia (Non-Microcytic) - Clinician Review,None,Hb 11.3 below threshold; MCV 80.0 not microcytic - Mentzer not applicable,10000,Standard Clearance
4a744b27-de4f-4455-976e-053612b432e4,9.9,78.2,4.41,17.73,Suspected Iron Deficiency,Serum Ferritin Test,Hb 9.9 < 12.0; MCV 78.2 < 80; Mentzer 17.73 >= 13,25000,Enabled - ZainCash 15% Preventive Subsidy
5aa7507a-3c2b-4338-b941-1d8bd8259bcb,5.2,122.1,1.36,89.78,Anemia (Non-Microcytic) - Clinician Review,None,Hb 5.2 below threshold; MCV 122.1 not microcytic - Mentzer not applicable,10000,Standard Clearance
01eeb6f8-c5d3-445b-98d8-d1a938e39dbb,11.1,95.6,3.85,24.83,Anemia (Non-Microcytic) - Clinician Review,None,Hb 11.1 below threshold; MCV 95.6 not microcytic - Mentzer not applicable,10000,Standard Clearance
651daf97-9a0c-4837-ac03-798123a73a31,11.2,80.8,4.12,19.61,Anemia (Non-Microcytic) - Clinician Review,None,Hb 11.2 below threshold; MCV 80.8 not microcytic - Mentzer not applicable,10000,Standard Clearance
9bf5b78b-acca-4da9-9036-9f20e090e415,10.8,87.17,3.82,22.82,Anemia (Non-Microcytic) - Clinician Review,None,Hb 10.8 below threshold; MCV 87.17 not microcytic - Mentzer not applicable,10000,Standard Clearance
a9399191-b156-4ffe-9fb8-2b89e6f2d872,8.4,77.5,3.24,23.92,Suspected Iron Deficiency,Serum Ferritin Test,Hb 8.4 < 12.0; MCV 77.5 < 80; Mentzer 23.92 >= 13,25000,Enabled - ZainCash 15% Preventive Subsidy
1a4dc466-3ff2-427e-a365-c932f30a7bb4,11.0,90.1,3.59,25.1,Anemia (Non-Microcytic) - Clinician Review,None,Hb 11.0 below threshold; MCV 90.1 not microcytic - Mentzer not applicable,10000,Standard Clearance
63db2763-f469-4534-b9fc-bd53ab2967dc,14.8,86.0,5.08,16.93,Within Reference Range,None,All evaluated indices within rule thresholds,10000,Standard Clearance
81573a0b-333d-45be-bfab-6b56a513a9b1,11.3,84.8,3.96,21.41,Anemia (Non-Microcytic) - Clinician Review,None,Hb 11.3 below threshold; MCV 84.8 not microcytic - Mentzer not applicable,10000,Standard Clearance
15d15084-9072-4c0d-9200-b7c927e72417,12.0,80.85,5.17,15.64,Within Reference Range,None,All evaluated indices within rule thresholds,10000,Standard Clearance
b3ac234d-96c4-4173-a3bd-0765cc0e2d1f,13.8,85.0,5.03,16.9,Within Reference Range,None,All evaluated indices within rule thresholds,10000,Standard Clearance
3c4a4619-4115-4bb9-b6d4-e184f0d2667c,11.2,81.2,4.22,19.24,Anemia (Non-Microcytic) - Clinician Review,None,Hb 11.2 below threshold; MCV 81.2 not microcytic - Mentzer not applicable,10000,Standard Clearance
730b0efa-a2cf-424d-8cff-2d8b8d908264,13.4,88.8,4.61,19.26,Within Reference Range,None,All evaluated indices within rule thresholds,10000,Standard Clearance
d7aa6f8f-d5e0-4961-adff-059fe703715e,11.7,85.2,4.06,20.99,Anemia (Non-Microcytic) - Clinician Review,None,Hb 11.7 below threshold; MCV 85.2 not microcytic - Mentzer not applicable,10000,Standard Clearance
f25b3cb8-bc67-4550-8dac-df713dd6bd56,15.6,88.7,5.27,16.83,Within Reference Range,None,All evaluated indices within rule thresholds,10000,Standard Clearance
62a51e71-0770-486a-8558-e7cb154aa3c4,12.9,87.4,4.36,20.05,Within Reference Range,None,All evaluated indices within rule thresholds,10000,Standard Clearance
06002ba4-955b-4a43-930a-98e281db1a9a,16.2,80.4,5.94,13.54,Within Reference Range,None,All evaluated indices within rule thresholds,10000,Standard Clearance
8e4d794d-9d31-47de-b44a-01ab005a0b43,12.6,95.0,4.08,23.28,Within Reference Range,None,All evaluated indices within rule thresholds,10000,Standard Clearance
87037aa8-7498-4bf9-8a86-240d420372e6,13.2,90.4,4.47,20.22,Within Reference Range,None,All evaluated indices within rule thresholds,10000,Standard Clearance
8b1ef1b7-ec6b-4471-b8a1-4d253bf17456,13.7,81.4,5.11,15.93,Within Reference Range,None,All evaluated indices within rule thresholds,10000,Standard Clearance
39ee02f8-964e-4eba-bfa8-c06d9ff97ffd,13.1,95.3,4.24,22.48,Within Reference Range,None,All evaluated indices within rule thresholds,10000,Standard Clearance
0c4fa250-760f-40ed-9768-cbe9a7dcbdce,13.9,94.8,4.33,21.89,Within Reference Range,None,All evaluated indices within rule thresholds,10000,Standard Clearance
4886798e-57df-4559-8a75-b0f61dbdfa44,14.7,93.4,4.62,20.22,Within Reference Range,None,All evaluated indices within rule thresholds,10000,Standard Clearance
3da00b40-a766-4d67-acfb-f00c8d7ba055,13.2,90.0,4.47,20.13,Within Reference Range,None,All evaluated indices within rule thresholds,10000,Standard Clearance
341b717a-5253-4b03-8f72-bb846e6cfea8,12.7,80.5,4.9,16.43,Within Reference Range,None,All evaluated indices within rule thresholds,10000,Standard Clearance
0651448f-ed36-48d7-8c8d-1863e8d8a647,13.3,88.9,4.63,19.2,Within Reference Range,None,All evaluated indices within rule thresholds,10000,Standard Clearance
48452597-f69b-46aa-b5f8-209f58ea78f2,11.1,97.5,3.5,27.86,Anemia (Non-Microcytic) - Clinician Review,None,Hb 11.1 below threshold; MCV 97.5 not microcytic - Mentzer not applicable,10000,Standard Clearance
675cea36-303b-49e0-82f9-1257ee104cfe,12.1,95.6,3.79,25.22,Within Reference Range,None,All evaluated indices within rule thresholds,10000,Standard Clearance
70550b02-a73f-4fe2-959e-94073c1d23a9,14.7,93.7,4.62,20.28,Suspected Systemic Inflammation,C-Reactive Protein (CRP),WBC 11.1 > 11,20000,Enabled - ZainCash 15% Preventive Subsidy
03b1f611-9260-4bc3-80f0-62527cdef661,13.1,85.9,4.1,20.95,Within Reference Range,None,All evaluated indices within rule thresholds,10000,Standard Clearance
d448d6ee-f85c-4f74-a44a-33f223255698,9.7,88.6,3.17,27.95,Anemia (Non-Microcytic) - Clinician Review,None,Hb 9.7 below threshold; MCV 88.6 not microcytic - Mentzer not applicable,10000,Standard Clearance
9a8e23f0-0007-438f-8456-660ab0aef8b1,12.1,87.0,3.47,25.07,Within Reference Range,None,All evaluated indices within rule thresholds,10000,Standard Clearance
fe7d998c-a1b2-45f2-a7fc-7f8f72edd5e1,14.7,92.4,4.52,20.44,Within Reference Range,None,All evaluated indices within rule thresholds,10000,Standard Clearance
3df6f865-f0c7-4989-af95-0a588c6e12b6,13.2,88.7,4.53,19.58,Within Reference Range,None,All evaluated indices within rule thresholds,10000,Standard Clearance
20b11467-011b-47fd-b154-d20932d5d5d0,12.5,86.0,3.45,24.93,Suspected Systemic Inflammation,C-Reactive Protein (CRP),WBC 11.5 > 11,20000,Enabled - ZainCash 15% Preventive Subsidy
c5c52c5e-8401-4b34-a75d-60b83fbc57c0,11.9,86.9,3.54,24.55,Anemia (Non-Microcytic) - Clinician Review,None,Hb 11.9 below threshold; MCV 86.9 not microcytic - Mentzer not applicable,10000,Standard Clearance
641b8513-e24c-46ff-8409-eb4fd00ba4e8,14.4,90.1,4.76,18.93,Within Reference Range,None,All evaluated indices within rule thresholds,10000,Standard Clearance
a0dd44ed-2cd7-49cf-8d97-1b0a347e4b8d,12.9,93.7,4.0,23.42,Within Reference Range,None,All evaluated indices within rule thresholds,10000,Standard Clearance
c868ea99-3f7f-4caf-9c25-04816480d0b5,12.2,76.6,4.66,16.44,Within Reference Range,None,All evaluated indices within rule thresholds,10000,Standard Clearance
fb661e1f-da2f-45ec-98fa-6c487b099aab,9.8,89.7,3.42,26.23,Anemia (Non-Microcytic) - Clinician Review,None,Hb 9.8 below threshold; MCV 89.7 not microcytic - Mentzer not applicable,10000,Standard Clearance
fb86088b-bd27-4407-80b4-c44684f2e921,9.5,62.6,4.65,13.46,Suspected Iron Deficiency,Serum Ferritin Test,Hb 9.5 < 12.0; MCV 62.6 < 80; Mentzer 13.46 >= 13,25000,Enabled - ZainCash 15% Preventive Subsidy
032d210d-bba7-4ab3-8b4b-54aff7edab56,13.5,80.7,4.86,16.6,Within Reference Range,None,All evaluated indices within rule thresholds,10000,Standard Clearance
60173ce5-d0d9-4809-9822-286c5689f628,15.0,91.7,4.85,18.91,Within Reference Range,None,All evaluated indices within rule thresholds,10000,Standard Clearance
f22f11d6-9eac-43cc-9d0d-433a2918ca52,13.1,88.7,4.47,19.84,Within Reference Range,None,All evaluated indices within rule thresholds,10000,Standard Clearance
737196b3-bded-49fa-8daa-8c427621266f,13.2,86.7,4.75,18.25,Within Reference Range,None,All evaluated indices within rule thresholds,10000,Standard Clearance
cc8476bc-ca3a-475c-9e6a-e025bd59458d,15.2,89.7,4.95,18.12,Within Reference Range,None,All evaluated indices within rule thresholds,10000,Standard Clearance
